tree
version=v4
num_class=1
num_tree_per_iteration=1
label_index=0
max_feature_idx=40
objective=regression
feature_names=ing_apple ing_banana ing_beef ing_bell_pepper ing_cabbage ing_carrot ing_cauliflower ing_chicken ing_cucumber ing_egg ing_eggplant ing_fish ing_garlic ing_ginger ing_grape ing_kiwi ing_kumquat ing_lemon ing_onion ing_orange ing_peach ing_pepper ing_pineapple ing_pork ing_potato ing_shrimp ing_small_pepper ing_strawberry ing_tofu ing_tomato ing_watermelon raw_weight_1 raw_weight_2 raw_weight_3 raw_weight_4 raw_weight_total raw_weight_mean n_ingredients has_fruit has_meat cooking_method_enc
feature_infos=[0:1] [0:1] [0:1] none [0:1] [0:1] [0:1] [0:1] [0:1] [0:1] [0:1] [0:1] [0:1] [0:1] [0:1] [0:1] [0:1] [0:1] [0:1] [0:1] [0:1] [0:1] [0:1] [0:1] [0:1] [0:1] none [0:1] [0:1] [0:1] [0:1] [50:500] [0:500] [0:500] [0:499.89999999999998] [50.100000000000001:1824.5999999999999] [25.050000000000001:499.89999999999998] [1:6] [0:1] [0:1] [0:6]
tree_sizes=5346 5422 5382 5451 5491 5437 5471 5457 5426 5447 5430 5685 5329 5381 5407 5566 5369 5311 5316 5317 5392 5538 5348 5335 5379 5325 5318 5284 5435 5284 5323 5273 5307 5409 5345 5324 5350 5304 5299 5344 5341 5336 5326 5300 5292 5318 5319 5280 5365 5301 5291 5318 5323 5323 5317 5288 5312 5270 5259 5272 5300 5267 5326 5281 5317 5237 5267 5257 5310 5257 5275 5291 5273 5238 5260 5288 5229 5283 5250 5316 5262 5271 5253 5282 5271 5247 5202 5242 5272 5246 5255 5280 5308 5239 5251 5313 5276 5274 5284 5322 5291 5263 5286 5262 5306 5305 5299 5334 5266 5254 5272 5323 5327 5340 5328 5307 5292 5261 5238 5274 5245 5248 5295 5241

Tree=0
num_leaves=63
num_cat=0
split_feature=9 36 25 7 36 2 36 36 36 31 25 21 36 36 31 36 34 7 31 36 35 31 35 31 31 36 31 2 40 31 32 32 35 36 36 32 36 40 35 35 35 32 36 35 36 33 36 36 35 33 2 2 31 36 31 36 31 32 31 36 32 35
split_gain=2.53647e+09 2.58831e+08 2.48744e+08 7.18367e+07 6.33809e+07 4.34311e+07 2.92375e+07 2.47702e+07 9.19357e+06 7.6625e+06 8.36594e+06 7.66629e+06 7.5096e+06 6.91172e+06 6.05834e+06 5.25949e+06 5.2299e+06 4.40064e+06 4.13164e+06 3.96476e+06 3.46157e+06 3.25199e+06 3.89081e+06 5.26862e+06 3.59736e+06 3.2085e+06 2.85297e+06 2.68597e+06 2.60444e+06 3.24957e+06 2.22246e+06 2.1571e+06 1.82794e+06 1.79105e+06 1.68902e+06 1.55241e+06 1.4655e+06 1.32624e+06 1.26485e+06 1.25938e+06 1.20521e+06 990631 983678 944530 1.38472e+06 880634 879411 852523 806913 805540 786046 696415 793502 655456 614152 602607 568870 543476 520700 475498 469021 469018
threshold=1.0000000180025095e-35 246.32500000000005 1.0000000180025095e-35 1.0000000180025095e-35 371.92500000000007 1.0000000180025095e-35 167.12500000000003 255.82916666666668 319.85000000000008 422.95000000000005 1.0000000180025095e-35 1.0000000180025095e-35 276.02500000000003 117.85000000000001 223.55000000000004 148.22500000000002 395.35000000000008 1.0000000180025095e-35 441.45000000000005 246.32500000000005 562.75000000000011 370.35000000000008 813.45000000000016 140.85000000000005 175.25000000000003 325.81666666666672 471.05000000000007 1.0000000180025095e-35 5.5000000000000009 124.45000000000002 254.95000000000002 137.45000000000002 675.1500000000002 190.465 292.81666666666672 204.65000000000001 316.95000000000005 1.0000000180025095e-35 856.40000000000009 1309.4500000000003 509.85000000000008 365.75000000000006 368.12500000000006 1118.0500000000002 274.85833333333341 136.45000000000002 415.47500000000008 213.81666666666669 385.75000000000006 391.25000000000006 1.0000000180025095e-35 1.0000000180025095e-35 454.65000000000003 373.83333333333337 89.950000000000017 164.22000000000003 266.65000000000003 174.95000000000002 198.45000000000002 178.41250000000005 303.10000000000008 644.05000000000018
decision_type=2 2 2 2 2 2 2 2 2 2 2 2 2 2 2 2 2 2 2 2 2 2 2 2 2 2 2 2 2 2 2 2 2 2 2 2 2 2 2 2 2 2 2 2 2 2 2 2 2 2 2 2 2 2 2 2 2 2 2 2 2 2
left_child=2 6 3 5 8 40 13 15 9 10 16 -11 33 54 28 -4 21 25 38 55 56 22 23 -3 -24 51 39 53 29 -8 -30 47 59 -5 57 48 -19 -31 -6 49 -1 -20 -21 44 -26 -33 -27 -22 -15 61 -35 52 -9 -14 -2 -7 -16 -25 -39 -17 -34 -10
right_child=1 4 7 12 18 19 14 17 26 11 -12 -13 27 35 20 32 -18 36 41 42 31 -23 24 34 43 46 -28 -29 30 37 -32 45 60 50 -36 -37 -38 58 -40 -41 -42 -43 -44 -45 -46 -47 -48 -49 -50 -51 -52 -53 -54 -55 -56 -57 -58 -59 -60 -61 -62 -63
leaf_value=247.0291490496852 267.85305752738321 306.94950447789108 257.27906312842765 255.35766420365158 365.45787779924109 252.34040753802134 287.02462267141959 274.75349147276762 347.72291655813569 338.87376006201339 356.34606780775175 379.40494067811966 264.98048699541528 287.52118646923702 314.63518940225015 263.14082984999249 306.34318709993363 287.46128002786639 382.60053418187442 260.34367700169088 308.70593764925007 315.18181877465872 360.41609796016871 324.71585549338658 340.80728839540484 282.5876079162453 334.23768836641312 279.64518625379748 303.89928754091267 316.65450530325285 324.98228812074666 336.46087022967777 271.36958326071709 260.56775366405645 344.16510295797218 304.57639152899498 302.97992839742528 296.4087741221345 378.17268947513645 362.79871875429154 248.24717955221351 395.06132653682886 265.17695280261478 345.60382600970706 323.15618758821489 324.0198884930611 288.85977506038211 323.30493895196918 297.35284358644486 343.22041605875711 270.5741152194114 284.85246899975903 284.74586818708076 269.3003614050732 277.82879751507443 256.44791780094459 304.44992917088808 333.88697502347406 307.04812223515307 268.17023940155224 276.57551238348174 356.23875514024985
leaf_weight=5196 27 22 109 219 53 136 31 205 22 28 37 20 275 60 26 70 20 32 58 399 20 23 22 30 25 191 20 42 25 22 25 33 116 300 29 27 29 23 31 34 3334 22 143 22 20 25 79 20 32 22 21 23 22 129 36 260 29 35 23 143 69 61
leaf_count=5196 27 22 109 219 53 136 31 205 22 28 37 20 275 60 26 70 20 32 58 399 20 23 22 30 25 191 20 42 25 22 25 33 116 300 29 27 29 23 31 34 3334 22 143 22 20 25 79 20 32 22 21 23 22 129 36 260 29 35 23 143 69 61
internal_value=259.361 330.512 252.334 249.966 350.976 248.628 302.775 275.086 342.003 337.28 334.168 355.762 262.81 286.945 312.315 267.01 330.859 282.134 377.895 258.84 319.304 333.009 335.009 328.976 342.874 280.644 351.895 267.611 305.139 300.441 314.441 324.938 269.675 258.844 334.131 294.035 294.839 306.557 370.15 354.435 247.505 386.027 261.619 337.113 332.962 331.098 284.423 316.005 290.941 351.727 261.222 276.562 275.722 266.36 273.553 255.037 309.265 329.654 301.728 266.517 273.311 353.982
internal_weight=12682 1140 11542 10454 656 9468 484 1088 492 333 285 48 986 182 302 507 248 581 164 938 153 228 205 116 89 520 159 446 149 99 50 98 398 540 94 119 61 68 84 139 8530 80 542 67 45 58 270 40 92 105 321 250 227 404 63 396 55 65 46 213 185 83
internal_count=12682 1140 11542 10454 656 9468 484 1088 492 333 285 48 986 182 302 507 248 581 164 938 153 228 205 116 89 520 159 446 149 99 50 98 398 540 94 119 61 68 84 139 8530 80 542 67 45 58 270 40 92 105 321 250 227 404 63 396 55 65 46 213 185 83
is_linear=0
shrinkage=1


Tree=1
num_leaves=63
num_cat=0
split_feature=9 25 31 39 35 31 31 32 31 32 39 35 33 35 35 32 33 39 23 33 21 31 32 35 33 35 31 32 32 33 31 33 32 32 35 33 40 31 32 35 35 39 31 31 35 32 31 31 40 32 32 32 31 32 35 31 32 31 35 35 31 37
split_gain=2.28916e+09 2.24491e+08 1.54158e+08 9.55629e+07 6.00687e+07 2.21076e+07 1.94152e+07 1.89836e+07 1.36745e+07 1.25111e+07 1.1742e+07 8.64706e+06 8.59006e+06 8.63506e+06 7.42092e+06 5.29222e+06 5.12141e+06 4.34823e+06 4.18343e+06 4.02853e+06 3.70951e+06 3.44728e+06 3.34591e+06 3.19391e+06 3.16567e+06 2.86409e+06 2.61602e+06 2.54157e+06 2.32642e+06 2.32541e+06 2.29925e+06 2.36287e+06 1.87781e+06 1.78093e+06 1.74091e+06 4.1059e+06 1.62573e+06 1.62431e+06 1.55659e+06 1.53547e+06 1.5153e+06 1.50096e+06 1.54243e+06 1.27685e+06 1.25126e+06 3.24946e+06 1.6219e+06 1.24731e+06 1.08767e+06 871574 780538 753585 735557 715265 692526 654624 939721 604908 758355 499038 485745 446432
threshold=1.0000000180025095e-35 1.0000000180025095e-35 300.55000000000007 1.0000000180025095e-35 536.6500000000002 416.15000000000003 160.55000000000004 264.45000000000005 312.35000000000008 324.55000000000007 1.0000000180025095e-35 515.45000000000016 67.550000000000011 1152.0500000000002 249.95000000000002 1.0000000180025095e-35 252.75000000000003 1.0000000180025095e-35 1.0000000180025095e-35 322.25000000000006 1.0000000180025095e-35 471.05000000000007 119.35000000000001 774.25000000000011 192.65000000000001 123.25000000000001 271.85000000000008 311.50000000000006 416.25000000000006 283.25000000000006 198.45000000000002 290.25000000000006 177.00000000000003 184.85000000000005 1327.2000000000003 54.250000000000007 4.5000000000000009 302.25000000000006 374.50000000000006 149.40000000000003 849.65000000000009 1.0000000180025095e-35 98.550000000000011 425.05000000000007 807.70000000000016 174.95000000000002 448.05000000000007 360.35000000000008 5.5000000000000009 362.55000000000007 367.75000000000006 142.45000000000002 263.25000000000006 192.55000000000004 1129.3500000000001 395.65000000000003 1.0000000180025095e-35 236.25000000000003 407.85000000000008 686.45000000000016 334.45000000000005 3.5000000000000004
decision_type=2 2 2 2 2 2 2 2 2 2 2 2 2 2 2 2 2 2 2 2 2 2 2 2 2 2 2 2 2 2 2 2 2 2 2 2 2 2 2 2 2 2 2 2 2 2 2 2 2 2 2 2 2 2 2 2 2 2 2 2 2 2
left_child=1 3 4 -1 6 9 25 17 11 15 20 39 44 29 -5 47 22 32 37 28 30 -15 -17 -19 -22 -2 57 59 -12 -14 31 -9 -6 -18 35 -11 -32 49 43 -3 60 42 -27 -10 45 46 -7 -4 53 -16 55 -44 -41 -24 61 -39 -57 58 -8 -13 -20 -29
right_child=2 8 5 14 7 12 26 10 38 34 19 27 13 21 18 16 33 23 40 -21 24 -23 48 -25 -26 41 -28 54 -30 -31 36 -33 -34 -35 -36 -37 -38 50 -40 52 -42 -43 51 -45 -46 -47 -48 -49 -50 -51 -52 -53 -54 -55 -56 56 -58 -59 -60 -61 -62 -63
leaf_value=-12.372584733772223 12.13790398574457 -4.3592416045757441 77.845567975725444 -8.1637859080738266 33.144728816522132 103.5048291247824 39.273692431816691 52.026612836664384 17.346204183669318 102.19501029349664 70.991343083101171 6.4436689816988437 69.637921230452406 117.28699509193157 -4.9416070366768867 40.98183406829834 70.335944702148439 46.411082733154302 -1.1947833829352716 100.28121883994655 43.073351573944095 91.039778726751152 53.70977207530629 70.609221700032549 66.64348189255287 14.582193338871003 61.201403299967446 19.407005870125513 91.858193068070847 90.382855467362845 90.272808685302735 75.200209591605457 50.88339855957031 89.841621676358315 106.6265613374256 78.795223844678787 70.354079037620906 -3.3270855684029428 26.610302835273316 3.7006535574447277 4.2045500445985651 37.58471587044852 24.956785867380542 23.497602410350286 121.33970655358355 91.668422907049006 120.24581956129808 94.881685846502137 74.098018493652347 -1.831497158795778 1.2606611436063595 36.704604644775394 10.818738401454429 66.774542160034187 25.237474166022409 2.5782443925446157 -2.2030392264346252 50.721650056278008 49.870622924804692 12.442697499291256 1.8511340569758763 13.855941742437858
leaf_weight=6898 41 52 21 466 37 23 52 22 210 37 34 52 35 29 729 20 25 25 356 38 28 22 22 30 29 28 33 110 22 22 20 22 25 22 21 38 21 437 111 172 327 28 43 141 23 22 39 22 20 326 242 20 46 20 36 153 313 34 25 104 207 54
leaf_count=6898 41 52 21 466 37 23 52 22 210 37 34 52 35 29 729 20 25 25 356 38 28 22 22 30 29 28 33 110 22 22 20 22 25 22 21 38 21 437 111 172 327 28 43 141 23 22 39 22 20 326 242 20 46 20 36 153 313 34 25 104 207 54
internal_value=-0.0144878 -6.69064 67.5786 -8.94023 51.8137 89.0228 35.5222 65.8438 14.9244 79.4417 74.0079 10.1089 100.966 91.018 -2.28207 71.3708 66.3071 49.376 -1.39505 87.7157 64.9338 105.965 58.7647 59.6101 55.0652 23.5348 48.8415 15.2266 79.189 77.6447 71.5516 63.6134 40.2974 79.4663 93.902 90.3391 80.0705 -2.5652 21.4494 3.36109 1.49745 27.4614 24.3465 19.8173 111.007 108.177 114.035 86.5617 64.5011 -3.98057 -1.26108 28.6863 5.20263 59.9311 18.9577 -1.9369 -0.633219 45.167 42.7143 10.443 -0.0748812 17.5792
internal_weight=12682 11542 1140 10454 657 483 304 353 1088 268 236 626 215 108 3556 172 129 117 3090 94 142 51 82 55 57 160 144 356 56 57 85 44 62 47 96 75 41 2200 462 270 890 119 91 351 107 84 62 43 62 1055 1145 63 218 42 200 903 466 111 77 156 563 164
internal_count=12682 11542 1140 10454 657 483 304 353 1088 268 236 626 215 108 3556 172 129 117 3090 94 142 51 82 55 57 160 144 356 56 57 85 44 62 47 96 75 41 2200 462 270 890 119 91 351 107 84 62 43 62 1055 1145 63 218 42 200 903 466 111 77 156 563 164
is_linear=0
shrinkage=0.05


Tree=2
num_leaves=63
num_cat=0
split_feature=9 36 39 36 36 36 39 36 36 39 36 21 39 36 36 34 35 36 33 35 21 36 39 35 21 32 34 34 36 40 32 36 34 35 32 32 32 33 35 28 35 12 34 40 24 35 32 36 36 36 36 33 40 35 38 28 32 33 5 34 38 21
split_gain=2.06597e+09 2.13236e+08 1.99808e+08 5.24898e+07 2.44117e+07 2.37906e+07 1.07159e+07 7.57622e+06 5.72859e+06 5.44065e+06 5.37306e+06 4.93825e+06 4.37484e+06 3.94408e+06 3.73541e+06 3.22582e+06 3.09967e+06 2.90156e+06 2.9193e+06 2.54365e+06 2.49671e+06 3.23754e+06 2.45839e+06 2.17972e+06 1.76088e+06 3.24901e+06 1.4845e+06 1.36413e+06 1.35708e+06 1.26653e+06 1.21146e+06 1.15992e+06 1.1012e+06 1.0166e+06 987543 816548 1.04613e+06 2.13945e+06 735846 635111 632463 585372 647616 757183 691279 575447 575433 536140 515677 485744 441141 433582 412501 404457 396344 476175 395396 393374 380085 501717 433534 463379
threshold=1.0000000180025095e-35 246.32500000000005 1.0000000180025095e-35 371.92500000000007 277.15833333333336 167.12500000000003 1.0000000180025095e-35 154.68750000000003 117.85000000000001 1.0000000180025095e-35 347.55833333333339 1.0000000180025095e-35 1.0000000180025095e-35 398.41666666666669 422.01666666666671 199.85000000000005 675.1500000000002 319.85000000000008 322.25000000000006 774.25000000000011 1.0000000180025095e-35 311.75833333333338 1.0000000180025095e-35 1241.4000000000003 1.0000000180025095e-35 171.65000000000001 206.60000000000005 304.50000000000006 210.33750000000003 2.5000000000000004 356.95000000000005 334.51666666666671 99.40000000000002 583.75000000000011 354.00000000000006 69.750000000000014 173.15000000000001 87.450000000000003 274.05000000000007 1.0000000180025095e-35 395.25000000000006 1.0000000180025095e-35 470.05000000000007 5.5000000000000009 1.0000000180025095e-35 215.05000000000004 262.55000000000007 270.65833333333336 467.15000000000003 206.81666666666669 91.737500000000011 295.45000000000005 4.5000000000000009 731.35000000000025 1.0000000180025095e-35 1.0000000180025095e-35 207.75000000000003 104.65000000000002 1.0000000180025095e-35 295.25000000000006 1.0000000180025095e-35 1.0000000180025095e-35
decision_type=2 2 2 2 2 2 2 2 2 2 2 2 2 2 2 2 2 2 2 2 2 2 2 2 2 2 2 2 2 2 2 2 2 2 2 2 2 2 2 2 2 2 2 2 2 2 2 2 2 2 2 2 2 2 2 2 2 2 2 2 2 2
left_child=2 5 -1 6 7 8 10 38 50 24 15 28 14 16 -5 20 -6 18 26 40 21 29 -10 -17 35 -26 30 -15 -11 -3 -8 -23 -20 47 -19 45 -37 -38 -4 41 -9 42 43 58 -45 -7 -21 -31 -16 -27 -2 -12 -14 -30 55 -42 -41 -48 60 -60 61 -18
right_child=1 3 4 12 13 9 17 19 22 11 51 -13 52 27 48 23 39 34 32 46 -22 31 -24 -25 25 49 -28 -29 53 33 -32 -33 -34 -35 -36 36 37 -39 -40 56 54 -43 -44 44 -46 -47 57 -49 -50 -51 -52 -53 -54 -55 -56 -57 -58 -59 59 -61 -62 -63
leaf_value=-11.753955776472305 8.022672146764295 51.292545623779304 -7.8088526197797385 92.487817580611619 1.6875566275502814 39.409349060058595 76.526265907287595 -3.0100191672690788 27.305760163846227 42.563938677752461 79.896285909016925 78.520966443148538 115.18481329055061 9.2435299409357121 106.86767791748048 43.295276956756908 8.4685370463278637 85.642464388333849 97.071393485691246 0.90003871074621233 80.330041334364154 82.1539430141449 44.464811650028935 65.645207748413085 62.933645016806466 35.349043598175051 82.645286665291621 22.296617469333469 52.153726486932669 53.294573757865216 60.948086107694195 66.80441360116005 82.421231079101574 69.617781962904814 98.587330986471741 31.128716466365717 34.211843928777512 54.003053764863445 -4.2256403102045477 -2.2401396444865638 0.12532459511254118 3.4146495898564662 14.173892486095429 10.203936416673436 1.8426062805312022 50.892960609992343 7.8352150374767833 63.645614966030784 116.13839772542318 46.003441818900733 16.417085501726937 89.400468597412114 124.69046069335937 62.088852844238289 -3.7688904959625669 -4.3187484771013258 4.4148976694453843 3.0853578012585641 -1.393014115722556 8.2369320994331741 3.8812734292562192 4.0908512060235189
leaf_weight=6898 29 25 380 54 596 20 24 416 92 27 30 22 21 427 40 24 230 26 23 345 36 32 27 20 28 20 29 21 21 22 26 20 29 43 34 39 36 22 230 28 695 117 32 211 28 24 51 29 24 23 34 20 25 20 90 66 110 300 38 21 130 82
leaf_count=6898 29 25 380 54 596 20 24 416 92 27 30 22 21 427 40 24 230 26 23 345 36 32 27 20 28 20 29 21 21 22 26 20 29 43 34 39 36 22 230 28 695 117 32 211 28 24 51 29 24 23 34 20 25 20 90 66 110 300 38 21 130 82
internal_value=-0.0137636 64.1997 -6.35611 82.7742 1.66163 39.0243 74.6085 -1.59069 24.7446 47.6299 68.7305 57.9299 107.271 5.70229 102.173 65.7489 4.5559 83.8719 79.7012 -0.0782416 68.3622 65.8427 31.199 53.4543 43.2572 49.6789 73.6455 9.85539 51.2681 61.2948 68.4256 76.2503 88.9011 63.955 92.9779 40.0236 37.461 41.7189 -6.45781 6.22048 -1.41224 6.71037 7.20985 6.90871 9.22437 45.6731 2.35017 59.1805 110.344 41.0479 12.553 83.698 120.351 57.0001 -0.631183 -0.260101 3.0646 3.77551 5.80403 2.03459 6.30719 7.31799
internal_weight=12682 1140 11542 656 4644 484 492 2573 182 302 301 90 164 2071 118 251 1623 191 131 1963 207 171 119 44 212 71 79 448 68 119 50 52 52 94 60 141 97 58 610 1027 1267 889 772 740 239 44 696 51 64 43 63 50 46 41 851 761 138 351 501 59 442 312
internal_count=12682 1140 11542 656 4644 484 492 2573 182 302 301 90 164 2071 118 251 1623 191 131 1963 207 171 119 44 212 71 79 448 68 119 50 52 52 94 60 141 97 58 610 1027 1267 889 772 740 239 44 696 51 64 43 63 50 46 41 851 761 138 351 501 59 442 312
is_linear=0
shrinkage=0.05


Tree=3
num_leaves=63
num_cat=0
split_feature=9 25 36 39 36 11 36 36 36 39 36 39 36 7 36 39 7 11 2 36 7 36 34 36 23 23 36 33 36 2 39 40 12 32 37 37 36 36 36 23 36 7 7 23 37 40 36 33 40 36 36 36 2 32 2 37 36 36 37 33 36 36
split_gain=1.86454e+09 1.94045e+08 1.92445e+08 7.47898e+07 4.7372e+07 3.0022e+07 2.1471e+07 1.95578e+07 1.01545e+07 9.67107e+06 5.17005e+06 4.91019e+06 4.84919e+06 4.38391e+06 4.07474e+06 3.94829e+06 3.86267e+06 3.60847e+06 3.46679e+06 3.37121e+06 3.23361e+06 3.08404e+06 2.91131e+06 2.8837e+06 2.87053e+06 2.75842e+06 2.66344e+06 2.66222e+06 2.5012e+06 2.33364e+06 2.2187e+06 2.14436e+06 1.62122e+06 1.61279e+06 1.57714e+06 1.47617e+06 1.74726e+06 1.41826e+06 1.86396e+06 1.3309e+06 1.23948e+06 1.162e+06 1.1085e+06 1.46993e+06 1.04855e+06 2.29745e+06 1.01002e+06 1.44692e+06 959650 953501 930400 907504 785987 753184 671587 626295 599685 588592 572381 550711 502030 485808
threshold=1.0000000180025095e-35 1.0000000180025095e-35 246.32500000000005 1.0000000180025095e-35 371.92500000000007 1.0000000180025095e-35 167.12500000000003 255.82916666666668 276.02500000000003 1.0000000180025095e-35 117.85000000000001 1.0000000180025095e-35 347.55833333333339 1.0000000180025095e-35 148.22500000000002 1.0000000180025095e-35 1.0000000180025095e-35 1.0000000180025095e-35 1.0000000180025095e-35 422.01666666666671 1.0000000180025095e-35 199.61000000000004 199.85000000000005 327.25000000000006 1.0000000180025095e-35 1.0000000180025095e-35 325.81666666666672 295.45000000000005 190.465 1.0000000180025095e-35 1.0000000180025095e-35 5.5000000000000009 1.0000000180025095e-35 402.15000000000003 3.5000000000000004 3.5000000000000004 270.65833333333336 282.87083333333339 311.75833333333338 1.0000000180025095e-35 316.95000000000005 1.0000000180025095e-35 1.0000000180025095e-35 1.0000000180025095e-35 2.5000000000000004 5.5000000000000009 299.01666666666671 361.30000000000001 2.5000000000000004 386.78333333333336 191.62500000000003 221.75000000000003 1.0000000180025095e-35 164.85000000000005 1.0000000180025095e-35 2.5000000000000004 393.56666666666672 425.18333333333339 4.5000000000000009 175.00000000000003 126.87500000000001 332.91666666666669
decision_type=2 2 2 2 2 2 2 2 2 2 2 2 2 2 2 2 2 2 2 2 2 2 2 2 2 2 2 2 2 2 2 2 2 2 2 2 2 2 2 2 2 2 2 2 2 2 2 2 2 2 2 2 2 2 2 2 2 2 2 2 2 2
left_child=1 3 6 -1 9 8 10 14 28 12 -2 32 22 18 -3 19 24 23 25 -6 49 -13 35 33 26 -7 54 -19 60 39 -12 34 44 46 -23 36 55 -38 53 56 -18 50 -30 -44 51 48 47 -11 -46 -10 -16 -8 58 -39 -9 -4 -22 -28 -52 -47 -5 -40
right_child=2 7 4 5 15 13 11 16 20 17 30 21 -14 -15 41 -17 40 27 -20 -21 29 31 -24 -25 -26 -27 57 -29 42 -31 -32 -33 -34 -35 -36 -37 37 38 61 -41 -42 -43 43 -45 45 59 -48 -49 -50 -51 52 -53 -54 -55 -56 -57 -58 -59 -60 -61 -62 -63
leaf_value=-11.166257676887458 11.925340888613746 -1.6839933070567772 50.864128980965454 -6.8907804339162766 87.863426208496094 -12.22701136465291 34.646833632673541 13.089378193593943 1.0218820559945736 80.666317930221567 25.940471893808116 39.236159751726234 79.513061462402348 3.1772599930328038 4.7506108782230276 114.33338025963825 25.438066816329957 54.099178532191686 -0.56259590946597826 104.8269871711731 4.3845705466288507 44.42990090506418 50.781619561802259 96.325048180782446 31.792411918640138 -1.8002951815508415 20.060245776803871 79.588569641113281 -1.8496990830494653 19.082277069091798 42.241570451524524 74.168812026977534 27.546876912117007 70.021936607360843 62.852785756037783 76.603424578905106 78.465295628138961 64.551081947658375 74.47018250858082 17.298864819453314 39.709930314688847 18.363980802893639 0.51510137515068055 10.425590904734351 46.26628617625083 61.047421684265139 73.968111627752123 96.404995395826262 34.01508696584991 5.0499475887165737 8.1824998244102769 45.309823128484908 17.893636821878371 52.60920210807555 22.275707799738104 61.663220626831063 9.150631773471833 25.740852940877279 15.955044968922934 49.454336293538411 -3.7429075688198772 64.649434890747074
leaf_weight=6898 63 109 29 186 54 786 56 208 546 40 92 23 50 63 117 46 32 21 81 64 264 21 44 33 40 69 190 20 515 40 27 20 20 32 26 24 21 23 34 26 29 32 250 44 31 20 22 23 33 201 193 31 29 31 22 25 88 60 27 21 397 20
leaf_count=6898 63 109 29 186 54 786 56 208 546 40 92 23 50 63 117 46 32 21 81 64 264 21 44 33 40 69 190 20 515 40 27 20 20 32 26 24 21 23 34 26 29 32 250 44 31 20 22 23 33 201 193 31 29 31 22 25 88 60 27 21 397 20
internal_value=-0.0130753 -6.0383 60.9897 -8.12979 78.6355 -2.23958 37.0731 14.0576 0.632037 70.8781 23.5074 45.2484 65.2939 -9.58964 6.88134 101.908 20.3199 79.6783 -10.449 97.064 4.07625 55.0334 62.4614 83.2713 18.9236 -11.3856 17.8512 66.533 -2.25051 7.59771 29.639 60.4564 41.0944 79.5895 54.6213 64.9441 63.415 66.576 64.2642 6.38241 32.2231 9.22712 -0.45129 1.9983 42.5056 45.869 83.1914 86.4122 39.9493 2.10574 8.42827 38.4463 10.1563 57.6956 13.9681 55.8637 5.57609 21.4236 9.1364 55.1095 -4.7472 70.8329
internal_weight=12682 11542 1140 10454 656 3556 484 1088 2557 492 182 302 301 999 507 164 581 191 936 118 1165 90 251 150 520 855 480 41 1392 418 119 67 212 117 47 207 183 129 108 378 61 398 809 294 192 105 85 63 64 747 366 87 249 54 230 54 352 250 220 41 583 54
internal_count=12682 11542 1140 10454 656 3556 484 1088 2557 492 182 302 301 999 507 164 581 191 936 118 1165 90 251 150 520 855 480 41 1392 418 119 67 212 117 47 207 183 129 108 378 61 398 809 294 192 105 85 63 64 747 366 87 249 54 230 54 352 250 220 41 583 54
is_linear=0
shrinkage=0.05


Tree=4
num_leaves=63
num_cat=0
split_feature=9 25 36 39 36 11 36 36 36 39 31 36 36 31 7 36 39 39 7 31 11 2 7 36 23 23 36 33 36 40 31 2 39 32 31 31 33 31 31 33 36 23 32 31 36 40 33 33 7 34 33 36 7 23 36 36 2 36 21 2 36 36
split_gain=1.68274e+09 1.75126e+08 1.73682e+08 6.74978e+07 4.27533e+07 2.70948e+07 1.93776e+07 1.76509e+07 9.16441e+06 8.72814e+06 4.73734e+06 4.70148e+06 4.37655e+06 6.0007e+06 3.95648e+06 3.67745e+06 3.59955e+06 3.56333e+06 3.48606e+06 3.33179e+06 3.25664e+06 3.12878e+06 2.91833e+06 2.60254e+06 2.59065e+06 2.48948e+06 2.40375e+06 2.40266e+06 2.25734e+06 2.13324e+06 2.86728e+06 2.10611e+06 1.97048e+06 1.78218e+06 1.77187e+06 1.67096e+06 1.6482e+06 1.41439e+06 1.96596e+06 1.33465e+06 1.2704e+06 1.20114e+06 1.19161e+06 1.16847e+06 1.11863e+06 1.10791e+06 1.07273e+06 1.53379e+06 1.0487e+06 1.00436e+06 1.25218e+06 1.4266e+06 1.00042e+06 1.32661e+06 861213 839686 709353 701917 666158 606107 541216 537931
threshold=1.0000000180025095e-35 1.0000000180025095e-35 246.32500000000005 1.0000000180025095e-35 371.92500000000007 1.0000000180025095e-35 167.12500000000003 255.82916666666668 276.02500000000003 1.0000000180025095e-35 223.55000000000004 108.52500000000002 324.15000000000009 445.15000000000003 1.0000000180025095e-35 148.22500000000002 1.0000000180025095e-35 1.0000000180025095e-35 1.0000000180025095e-35 453.05000000000007 1.0000000180025095e-35 1.0000000180025095e-35 1.0000000180025095e-35 327.25000000000006 1.0000000180025095e-35 1.0000000180025095e-35 325.81666666666672 295.45000000000005 190.465 5.5000000000000009 124.45000000000002 1.0000000180025095e-35 1.0000000180025095e-35 254.95000000000002 417.75000000000006 357.15000000000003 136.45000000000002 372.25000000000006 312.35000000000008 350.85000000000008 409.21666666666675 1.0000000180025095e-35 180.15000000000001 451.55000000000007 316.95000000000005 1.0000000180025095e-35 267.40000000000003 106.25000000000001 1.0000000180025095e-35 199.85000000000005 339.55000000000007 270.65833333333336 1.0000000180025095e-35 1.0000000180025095e-35 384.55000000000007 191.62500000000003 1.0000000180025095e-35 340.8250000000001 1.0000000180025095e-35 1.0000000180025095e-35 393.56666666666672 415.47500000000008
decision_type=2 2 2 2 2 2 2 2 2 2 2 2 2 2 2 2 2 2 2 2 2 2 2 2 2 2 2 2 2 2 2 2 2 2 2 2 2 2 2 2 2 2 2 2 2 2 2 2 2 2 2 2 2 2 2 2 2 2 2 2 2 2
left_child=1 3 6 -1 9 8 11 15 28 12 29 -2 13 37 21 -3 35 19 24 40 23 25 54 34 26 -7 59 -22 -5 30 -8 41 -13 -31 39 36 -12 38 49 46 -6 60 -18 57 -20 -32 47 -11 55 50 51 -4 -30 -54 -10 -17 58 -14 -57 -9 -24 -28
right_child=2 7 4 5 17 14 10 18 22 20 16 32 43 -15 -16 48 42 -19 44 -21 27 -23 31 -25 -26 -27 61 -29 52 33 45 -33 -34 -35 -36 -37 -38 -39 -40 -41 -42 -43 -44 -45 -46 -47 -48 -49 -50 -51 -52 -53 53 -55 -56 56 -58 -59 -60 -61 -62 -63
leaf_value=-10.607944688606208 10.120412469343705 -1.5997936996298101 44.901333534717565 -4.5098430442858621 77.540088161345466 -11.615660824181166 19.785818692176576 12.434909336297558 0.94230238340715422 62.883541564941403 45.094697295105647 24.232518275903196 66.264232490176241 81.512647954622906 3.0183969952757401 4.5130803194183571 53.436021331946051 108.61671089504075 24.166163265705109 102.00879724121094 51.394219571068177 -0.53446611224869156 4.165342022862399 91.508795350970658 30.202791385650638 -1.7102804390632589 18.862920281038448 75.609140624999995 -1.7572141154182768 35.618809539794924 47.362367872758348 18.128163223266604 39.069506704396218 54.498343368530278 88.765863255092086 56.171451021277392 29.198128214749428 42.717424597058979 68.065988566080733 80.693284786448771 91.261951673353053 16.433921579214243 69.7450569152832 60.338455452919007 37.724433372760643 33.720094493290652 58.835572452545172 82.015116844394001 17.445781636796891 45.081707616952748 66.37478485936704 58.319237760397108 0.48934630506038668 9.9043111947449773 4.7243015536601751 6.760548803612993 16.998954766372155 77.095091658372155 12.624263873034053 21.161922420154919 8.693100044944071 23.963919422724477
leaf_weight=6898 55 109 32 583 31 786 31 208 538 20 63 98 21 24 63 117 24 46 32 50 21 81 264 33 40 69 177 20 515 25 22 40 29 25 21 23 22 21 30 34 37 26 21 20 29 46 20 22 32 26 23 52 250 44 209 148 29 52 72 22 88 73
leaf_count=6898 55 109 32 583 31 786 31 208 538 20 63 98 21 24 63 117 24 46 32 50 21 81 264 33 40 69 177 20 515 25 22 40 29 25 21 23 22 21 30 34 37 26 21 20 29 46 20 22 32 26 23 52 250 44 209 148 29 52 72 22 88 73
internal_value=-0.0124214 -5.73639 57.9402 -7.7233 74.7038 -2.1276 35.2194 13.3547 0.600435 67.3342 42.986 22.332 62.0292 57.9978 -9.11016 6.53727 49.1659 96.8125 19.3039 92.2108 75.6944 -9.92651 3.87244 79.1077 17.9774 -10.8163 16.9586 63.2064 -2.13799 36.6402 32.3885 7.21783 27.6205 45.0586 75.61 44.2154 40.9803 54.9306 56.5041 72.7322 85.0064 6.06329 61.0469 71.0458 30.6119 38.1338 68.3664 72.9048 8.76576 53.8961 56.038 53.2077 -0.428726 1.89839 2.00045 8.00685 9.64851 73.9794 8.67958 13.2697 5.29728 20.3524
internal_weight=12682 11542 1140 10454 656 3556 484 1088 2557 492 302 182 301 208 999 507 153 164 581 118 191 936 1165 150 520 855 480 41 1392 149 99 418 127 50 117 108 85 184 163 96 68 378 45 93 61 68 62 42 398 133 107 84 809 294 747 366 249 73 220 230 352 250
internal_count=12682 11542 1140 10454 656 3556 484 1088 2557 492 302 182 301 208 999 507 153 164 581 118 191 936 1165 150 520 855 480 41 1392 149 99 418 127 50 117 108 85 184 163 96 68 378 45 93 61 68 62 42 398 133 107 84 809 294 747 366 249 73 220 230 352 250
is_linear=0
shrinkage=0.05


Tree=5
num_leaves=63
num_cat=0
split_feature=9 25 36 39 36 11 36 36 25 36 21 36 36 39 32 7 7 35 32 2 7 35 7 39 36 35 34 2 23 23 36 36 23 33 32 32 35 35 32 36 36 32 36 35 39 32 36 36 36 33 32 35 33 35 36 36 7 23 21 32 36 35
split_gain=1.49526e+09 1.55927e+08 1.4611e+08 6.21449e+07 4.21699e+07 2.54121e+07 1.76735e+07 1.70254e+07 9.03334e+06 8.52729e+06 6.58401e+06 5.45095e+06 4.26881e+06 3.67927e+06 3.44052e+06 3.42468e+06 3.38407e+06 3.26939e+06 3.2593e+06 3.00971e+06 2.97418e+06 2.86695e+06 2.74778e+06 2.72025e+06 3.67372e+06 2.65489e+06 2.57312e+06 2.34031e+06 2.33943e+06 2.06643e+06 2.02164e+06 1.84133e+06 1.58806e+06 1.5325e+06 1.69351e+06 1.46412e+06 1.46331e+06 1.45704e+06 1.36525e+06 1.25076e+06 1.19207e+06 1.09532e+06 1.08384e+06 988819 970585 904950 902243 849175 805668 674817 717633 643520 568871 509906 499558 494084 407669 545621 403540 402250 373484 339356
threshold=1.0000000180025095e-35 1.0000000180025095e-35 246.32500000000005 1.0000000180025095e-35 364.85833333333341 1.0000000180025095e-35 167.12500000000003 256.62500000000006 1.0000000180025095e-35 224.02500000000003 1.0000000180025095e-35 327.25000000000006 117.85000000000001 1.0000000180025095e-35 442.25000000000006 1.0000000180025095e-35 1.0000000180025095e-35 706.35000000000014 193.95000000000002 1.0000000180025095e-35 1.0000000180025095e-35 861.75000000000011 1.0000000180025095e-35 1.0000000180025095e-35 406.92500000000001 849.65000000000009 57.850000000000009 1.0000000180025095e-35 1.0000000180025095e-35 1.0000000180025095e-35 311.75833333333338 276.02500000000003 1.0000000180025095e-35 425.80000000000007 383.75000000000006 215.80000000000004 1009.4000000000001 379.85000000000008 69.750000000000014 111.17500000000003 364.85833333333341 193.95000000000002 262.35833333333341 328.15000000000003 1.0000000180025095e-35 315.15000000000003 336.08750000000003 336.08750000000003 460.35000000000008 104.65000000000002 270.45000000000005 727.25000000000011 185.75000000000003 211.65000000000003 412.12500000000006 182.42000000000004 1.0000000180025095e-35 1.0000000180025095e-35 1.0000000180025095e-35 173.15000000000001 404.10000000000008 1067.0500000000002
decision_type=2 2 2 2 2 2 2 2 2 2 2 2 2 2 2 2 2 2 2 2 2 2 2 2 2 2 2 2 2 2 2 2 2 2 2 2 2 2 2 2 2 2 2 2 2 2 2 2 2 2 2 2 2 2 2 2 2 2 2 2 2 2
left_child=1 3 6 -1 8 9 12 17 11 43 13 14 -2 38 15 18 28 39 21 22 40 31 29 24 -6 41 51 32 30 -7 58 -4 46 34 42 -28 -10 -14 53 -3 -11 -15 -20 -5 -13 52 -22 -18 -26 50 59 -12 -44 -8 -32 -41 -45 -58 -9 -40 -25 -19
right_child=2 7 4 5 23 19 10 16 36 20 26 44 37 25 -16 -17 47 61 33 -21 27 -23 -24 60 48 -27 35 -29 -30 -31 54 -33 -34 -35 -36 -37 -38 -39 49 55 -42 -43 45 56 -46 -47 -48 -49 -50 -51 -52 -53 -54 -55 -56 -57 57 -59 -60 -61 -62 -63
leaf_value=-10.077469497623051 10.349623232200498 -3.3335725533760199 45.365677310625713 -5.3575094854390182 76.52978385642723 -11.045923838609328 33.071970159357242 10.637814165221322 73.12967290463655 0.13567475347296348 53.727743965929214 66.059145129168471 21.468619680404665 33.341166182487243 42.33666220200368 75.116627191614228 25.409808368217654 10.846473806900413 45.770680717799976 0.088026785302436225 2.1429917787302086 34.319325462341311 1.2834880473437134 96.736922060210134 89.500347900390636 60.800315589904791 34.932174022992449 15.514072421811662 28.820766334533694 -1.5632269570904394 17.662607933323962 62.481119514234138 12.867084535268638 73.230110976809542 67.697561143573964 52.78966772339561 90.443185072678787 32.801887303478317 23.646560935974122 2.5284989509469189 3.9630653449898441 47.742172141697097 59.607094001770022 -3.033483161546334 76.231926750414303 65.508717289677378 6.4659246875810883 37.773918805803575 99.904412027994795 33.461044954642276 17.271188893318179 65.346878187472996 48.830054725646974 43.509135864257814 22.714998282155683 6.6368896591742317 -1.127754389514368 7.0284590099168867 16.662530408586775 33.444085554643117 105.6184976196289 17.490618662400678
leaf_weight=6886 61 59 30 351 54 783 22 135 23 790 22 81 61 31 39 27 41 152 23 87 334 25 54 29 49 20 24 53 40 62 232 33 52 21 38 22 26 53 20 142 274 23 24 342 33 27 189 21 30 39 20 26 25 25 62 151 189 23 35 22 20 22
leaf_count=6886 61 59 30 351 54 783 22 135 23 790 22 81 61 31 39 27 41 152 23 87 334 25 54 29 49 20 24 53 40 62 232 33 52 21 38 22 26 53 20 142 274 23 24 342 33 27 189 21 30 39 20 26 25 25 62 151 189 23 35 22 20 22
internal_value=-0.0188776 -5.42326 54.4063 -7.29865 69.8268 -1.95817 33.7724 12.5561 61.9856 0.636422 40.8318 59.6471 21.0252 36.1354 56.2283 58.2128 18.5746 6.07984 56.3575 -8.792 2.73181 48.6458 -9.65136 90.2912 86.5809 45.2385 51.9231 5.46044 17.2186 -10.3502 16.2184 54.3309 4.53375 60.6527 58.7247 43.4727 82.3164 26.7376 31.5839 3.30834 1.1213 39.4749 55.2806 -3.28114 69.0039 58.1586 3.7052 29.5977 93.4513 28.308 25.0665 60.0214 54.1086 38.6237 18.7281 4.64579 -1.9656 -0.242882 11.8782 28.7786 100.362 11.6865
internal_weight=12709 11561 1148 10469 657 3583 491 1092 475 2597 316 426 175 222 312 273 566 526 246 986 1692 88 899 182 133 74 94 628 504 845 464 63 575 158 137 46 49 114 148 352 1064 54 99 905 114 76 523 62 79 101 62 48 49 47 294 293 554 212 170 42 49 174
internal_count=12709 11561 1148 10469 657 3583 491 1092 475 2597 316 426 175 222 312 273 566 526 246 986 1692 88 899 182 133 74 94 628 504 845 464 63 575 158 137 46 49 114 148 352 1064 54 99 905 114 76 523 62 79 101 62 48 49 47 294 293 554 212 170 42 49 174
is_linear=0
shrinkage=0.05


Tree=6
num_leaves=63
num_cat=0
split_feature=9 25 36 39 36 36 36 7 21 25 2 23 36 36 36 33 36 25 7 39 32 36 39 36 36 2 32 33 36 36 33 23 23 36 23 37 40 33 39 32 33 32 7 2 36 21 23 36 36 36 36 32 36 33 23 36 33 36 36 36 36 40
split_gain=1.34947e+09 1.40724e+08 1.32022e+08 5.60858e+07 3.04691e+07 2.27914e+07 1.54137e+07 1.20072e+07 9.79314e+06 7.369e+06 6.6711e+06 1.43356e+07 4.42559e+06 4.18482e+06 3.78785e+06 3.7527e+06 3.73579e+06 3.46368e+06 3.05152e+06 2.90762e+06 3.31898e+06 2.6475e+06 2.45502e+06 3.31553e+06 2.29395e+06 2.17597e+06 2.0645e+06 3.03809e+06 1.99293e+06 1.95813e+06 1.92886e+06 1.70037e+06 1.64135e+06 1.63382e+06 1.4856e+06 1.47369e+06 1.37203e+06 1.21144e+06 1.43874e+06 1.20426e+06 1.73773e+06 1.199e+06 1.10512e+06 1.08246e+06 1.16697e+06 1.02345e+06 939238 871720 868257 840829 834789 778024 727116 595975 563222 555000 1.39402e+06 531309 518503 493604 481526 468651
threshold=1.0000000180025095e-35 1.0000000180025095e-35 265.81666666666672 1.0000000180025095e-35 364.85833333333341 172.42500000000004 283.94500000000005 1.0000000180025095e-35 1.0000000180025095e-35 1.0000000180025095e-35 1.0000000180025095e-35 1.0000000180025095e-35 120.62500000000001 230.82500000000005 244.52666666666667 458.60000000000008 191.62500000000003 1.0000000180025095e-35 1.0000000180025095e-35 1.0000000180025095e-35 442.25000000000006 231.85000000000005 1.0000000180025095e-35 406.92500000000001 226.31000000000003 1.0000000180025095e-35 322.65000000000003 171.75000000000003 282.87083333333339 304.74166666666673 201.15000000000001 1.0000000180025095e-35 1.0000000180025095e-35 299.01666666666671 1.0000000180025095e-35 2.5000000000000004 1.0000000180025095e-35 273.40000000000003 1.0000000180025095e-35 230.55000000000004 324.60000000000008 180.15000000000001 1.0000000180025095e-35 1.0000000180025095e-35 386.78333333333336 1.0000000180025095e-35 1.0000000180025095e-35 111.17500000000003 292.81666666666672 299.01666666666671 336.08750000000003 69.750000000000014 460.35000000000008 192.65000000000001 1.0000000180025095e-35 247.31666666666669 93.600000000000009 211.74500000000003 364.85833333333341 168.58333333333334 257.88000000000005 4.5000000000000009
decision_type=2 2 2 2 2 2 2 2 2 2 2 2 2 2 2 2 2 2 2 2 2 2 2 2 2 2 2 2 2 2 2 2 2 2 2 2 2 2 2 2 2 2 2 2 2 2 2 2 2 2 2 2 2 2 2 2 2 2 2 2 2 2
left_child=1 3 5 -1 9 12 16 10 17 15 11 -5 -2 46 39 19 47 21 31 20 26 37 23 -6 -12 34 27 41 59 61 -31 43 58 -28 50 -14 -23 38 51 40 -10 48 45 44 -8 54 -9 -3 -4 -11 -15 -7 -25 -41 -18 56 -38 -53 -26 -13 -57 -21
right_child=2 6 4 7 22 8 18 13 14 49 24 28 35 25 -16 -17 42 -19 -20 29 -22 36 -24 52 32 -27 33 -29 -30 30 -32 -33 -34 -35 -36 -37 55 -39 -40 53 -42 -43 -44 -45 -46 -47 -48 -49 -50 -51 -52 57 -54 -55 -56 60 -58 -59 -60 -61 -62 -63
leaf_value=-9.5735960540195357 10.298330816970422 -3.166893911412207 53.537246627807626 -10.493627629578494 72.703294485586667 35.498495330810549 13.836081563352005 -2.1495126639306545 54.262591466036717 73.95810190836589 -3.5738599562054052 -5.7610215124377504 20.825098240760067 2.0352040228238724 74.516678237915045 75.714820809199892 6.7281904666588224 56.185540979558766 31.190215127364453 51.818143415451054 38.740231348946693 29.737091018936852 95.343952163384884 85.02532958984375 -0.061129244139804931 14.928705309022149 74.290672302246094 40.305328102575409 1.7269958661362115 82.403194027855292 62.645566711425786 28.308237098245058 11.449296322847026 57.230503124660913 12.409730221674993 31.600230874831865 30.524128653786399 19.54604187488556 41.93912590220571 49.963259010314943 34.154321829477951 49.218119757516043 18.327670828501383 25.905057604559541 20.065376498248128 13.358373915272601 6.6745007933992326 3.7906399367357562 66.530622863769537 88.282982482910157 6.1523438300306985 30.771006899866563 94.909191080729173 61.764818738854444 15.473016738891602 50.828142669796947 48.763201915025718 21.114877713578089 3.4131721320645561 -2.1904414689906311 41.459144917130473 61.507329764732951
leaf_weight=6886 65 59 20 783 54 35 233 350 22 21 348 135 62 334 20 29 232 22 46 24 32 22 49 49 414 53 23 36 360 21 30 34 39 36 52 65 22 20 32 20 21 28 36 29 111 102 33 190 36 20 195 29 30 23 20 32 20 28 145 342 24 26
leaf_count=6886 65 59 20 783 54 35 233 350 22 21 348 135 62 334 20 29 232 22 46 24 32 22 49 49 414 53 23 36 360 21 30 34 39 36 52 65 22 20 32 20 21 28 36 29 111 102 33 190 36 20 195 29 30 23 20 32 20 28 145 342 24 26
internal_value=-0.0179337 -5.1521 51.686 -6.93372 68.94 35.0229 11.9283 -1.86026 41.9358 60.9183 -3.68248 -5.63065 20.9092 2.73739 54.9171 58.5103 6.92664 37.1245 18.9835 56.9111 53.5716 35.5361 85.7766 82.2518 -0.346277 5.23027 56.2231 52.4579 -1.08142 63.8877 70.7811 17.6039 1.53198 63.8811 4.34556 26.3399 41.0211 30.9652 32.8071 50.359 44.4423 57.6661 9.98141 16.6282 15.8461 9.13264 -1.38922 2.14207 61.8901 80.9458 3.55286 29.6307 88.7787 56.2757 7.42222 43.5542 39.2094 26.0276 0.840076 -3.20098 46.8129 56.8565
internal_weight=12709 11561 1148 10469 564 584 1092 3583 392 382 2566 1620 192 1017 106 341 639 286 453 312 211 264 182 133 946 634 179 120 837 101 51 407 598 59 581 127 120 144 124 86 43 84 390 373 344 354 383 249 56 41 529 92 79 43 252 98 42 57 559 477 56 50
internal_count=12709 11561 1148 10469 564 584 1092 3583 392 382 2566 1620 192 1017 106 341 639 286 453 312 211 264 182 133 946 634 179 120 837 101 51 407 598 59 581 127 120 144 124 86 43 84 390 373 344 354 383 249 56 41 529 92 79 43 252 98 42 57 559 477 56 50
is_linear=0
shrinkage=0.05


Tree=7
num_leaves=63
num_cat=0
split_feature=9 25 36 39 36 36 36 7 21 25 2 23 36 36 36 33 31 25 7 35 34 7 33 35 23 31 39 2 36 23 36 36 36 31 36 35 40 33 31 23 23 32 32 33 35 34 36 32 36 36 32 36 32 32 32 36 36 36 35 36 32 31
split_gain=1.2179e+09 1.27003e+08 1.1915e+08 5.06174e+07 2.74984e+07 2.05693e+07 1.39844e+07 1.08365e+07 8.83831e+06 6.65053e+06 6.02066e+06 1.29379e+07 3.9941e+06 3.8186e+06 3.41854e+06 3.38681e+06 5.35149e+06 3.12597e+06 2.75051e+06 2.73475e+06 2.56106e+06 2.46264e+06 2.96521e+06 3.18533e+06 2.4398e+06 2.21998e+06 2.58238e+06 2.2007e+06 2.0809e+06 1.91579e+06 1.79862e+06 1.74698e+06 1.67803e+06 1.5807e+06 1.56497e+06 2.26639e+06 1.53175e+06 2.19163e+06 1.70073e+06 1.50169e+06 1.48116e+06 1.47036e+06 1.37699e+06 1.22613e+06 1.19174e+06 1.47277e+06 1.1781e+06 1.08847e+06 1.01446e+06 951260 887158 758848 757476 559718 1.15189e+06 495351 450107 444904 438829 414266 398676 347778
threshold=1.0000000180025095e-35 1.0000000180025095e-35 265.81666666666672 1.0000000180025095e-35 364.85833333333341 172.42500000000004 256.62500000000006 1.0000000180025095e-35 1.0000000180025095e-35 1.0000000180025095e-35 1.0000000180025095e-35 1.0000000180025095e-35 120.62500000000001 211.74500000000003 244.52666666666667 458.60000000000008 142.15000000000001 1.0000000180025095e-35 1.0000000180025095e-35 706.35000000000014 162.55000000000004 1.0000000180025095e-35 107.85000000000001 716.85000000000002 1.0000000180025095e-35 459.95000000000005 1.0000000180025095e-35 1.0000000180025095e-35 220.71250000000001 1.0000000180025095e-35 282.87083333333339 292.81666666666672 311.75833333333338 175.25000000000003 247.31666666666669 774.25000000000011 4.5000000000000009 153.85000000000005 179.05000000000004 1.0000000180025095e-35 1.0000000180025095e-35 193.95000000000002 423.30000000000001 243.75000000000003 946.45000000000016 222.35000000000005 406.92500000000001 119.35000000000001 156.18750000000003 336.08750000000003 94.15000000000002 299.01666666666671 405.75000000000006 324.55000000000007 183.65000000000001 364.85833333333341 159.68333333333337 101.08333333333334 297.45000000000005 412.12500000000006 84.350000000000009 198.45000000000002
decision_type=2 2 2 2 2 2 2 2 2 2 2 2 2 2 2 2 2 2 2 2 2 2 2 2 2 2 2 2 2 2 2 2 2 2 2 2 2 2 2 2 2 2 2 2 2 2 2 2 2 2 2 2 2 2 2 2 2 2 2 2 2 2
left_child=1 3 5 -1 9 12 19 10 17 15 11 -5 57 58 20 16 -4 24 29 48 43 22 23 31 34 26 46 40 -12 32 56 -18 -8 -14 36 -36 37 50 -38 55 49 -24 44 -10 -43 -46 -6 -40 60 -15 -7 -11 -20 54 -33 -30 -13 -2 -9 -34 -3 -50
right_child=2 6 4 7 25 8 18 13 14 51 28 30 33 27 -16 -17 21 -19 52 -21 -22 -23 41 -25 -26 -27 -28 -29 39 -31 -32 53 59 -35 35 -37 38 -39 47 -41 -42 42 -44 -45 45 -47 -48 -49 61 -51 -52 -53 -54 -55 -56 -57 -58 -59 -60 -61 -62 -63
leaf_value=-9.0949163970371139 7.025662979284923 -2.8600145147605378 32.790539720323352 -9.9689462615460123 67.877389538541749 35.921899778946589 10.704675851350324 -4.6705594572256199 64.306701011657722 70.260196504138761 -3.5781319512629217 -5.8136556325613391 21.446311253574162 1.5730871798882959 70.790845117568978 71.929079766109069 46.388599248086251 53.376264260031967 22.181384413951154 10.590230145947686 36.632406498491768 70.750469677264874 37.912461022535965 78.152651519775404 50.110068421136766 90.219113863431502 88.759858194986975 13.94427134908479 -0.13103856272790412 26.063223571777343 1.640646061980062 63.204090923733183 15.97507045926719 33.722826519527949 46.04375096763053 25.844686408269975 15.774087683359781 44.947622461029979 23.3903178891828 10.611798916793452 10.943653212327224 46.255331643422444 42.285110686506549 48.704677783741673 67.625218765823931 49.970241292317709 79.261714033647024 36.344656329996447 3.000693556748399 5.8447266421868251 22.869695701599124 83.868833541870117 33.44763403320313 66.54672900390625 48.87937708315642 3.2425134452047022 -2.1901260517598833 15.98835503578186 -0.69122645580023523 20.57597936814831 2.713645941804756 6.9767996451876186
leaf_weight=6886 45 77 27 783 47 23 170 106 20 21 324 112 90 393 20 29 31 22 37 174 32 26 24 20 21 52 39 58 436 40 360 36 232 37 41 21 30 33 31 41 65 24 28 34 27 21 44 34 109 195 30 20 25 25 23 145 365 20 200 62 55 111
leaf_count=6886 45 77 27 783 47 23 170 106 20 21 324 112 90 393 20 29 31 22 37 174 32 26 24 20 21 52 39 58 436 40 360 36 232 37 41 21 30 33 31 41 65 24 28 34 27 21 44 34 109 195 30 20 25 25 23 145 365 20 200 62 55 111
internal_value=-0.0170371 -4.8945 49.1017 -6.58703 65.493 33.2718 11.3319 -1.76725 39.839 57.8724 -3.49835 -5.34912 19.8637 2.60052 52.1712 55.5848 54.0656 35.2683 16.7865 5.46241 47.841 56.0811 54.6085 59.7359 33.7593 81.4878 77.9953 4.61048 -0.328963 15.564 -1.02735 56.5329 14.6589 25.0229 32.3463 39.2021 29.9978 34.8322 25.6215 1.36353 3.78144 49.0263 51.6937 54.4832 55.3526 59.9012 73.3819 30.1664 2.92764 2.9897 28.5339 76.8986 26.7242 60.2767 57.6199 0.710898 -3.04093 9.78341 -2.06969 16.9453 -0.537656 5.00682
internal_weight=12709 11561 1148 10469 564 584 1092 3583 392 382 2566 1620 192 1017 106 341 312 286 566 526 86 285 259 135 264 182 130 711 946 504 837 115 464 127 243 62 181 86 95 622 653 124 100 54 72 48 91 65 352 588 53 41 62 84 59 581 477 65 306 294 132 220
internal_count=12709 11561 1148 10469 564 584 1092 3583 392 382 2566 1620 192 1017 106 341 312 286 566 526 86 285 259 135 264 182 130 711 946 504 837 115 464 127 243 62 181 86 95 622 653 124 100 54 72 48 91 65 352 588 53 41 62 84 59 581 477 65 306 294 132 220
is_linear=0
shrinkage=0.05


Tree=8
num_leaves=63
num_cat=0
split_feature=9 25 31 39 32 11 35 32 32 31 35 31 31 35 37 35 33 39 34 35 39 33 7 33 23 7 31 33 35 34 31 31 7 23 34 31 7 23 31 31 40 31 31 31 32 40 31 32 31 31 32 32 31 32 35 31 32 31 32 32 32 35
split_gain=1.09916e+09 1.1462e+08 7.44461e+07 4.56822e+07 2.70659e+07 1.87365e+07 1.22771e+07 1.06895e+07 1.1182e+07 7.6469e+06 6.58067e+06 6.52627e+06 5.89263e+06 4.8098e+06 4.56495e+06 4.39142e+06 4.03598e+06 4.01245e+06 5.57132e+06 3.96262e+06 3.22684e+06 2.41306e+06 2.31225e+06 2.10428e+06 2.0314e+06 1.80671e+06 1.78172e+06 1.75447e+06 3.02009e+06 2.03244e+06 1.59347e+06 1.56569e+06 1.55295e+06 1.49558e+06 1.4303e+06 2.59413e+06 1.31376e+06 1.3079e+06 1.30302e+06 1.28416e+06 1.24012e+06 1.18903e+06 1.16953e+06 1.06458e+06 970067 1.18565e+06 960203 928598 871931 799908 702596 678624 674282 662955 1.20537e+06 867248 645104 641781 487263 942533 457015 445822
threshold=1.0000000180025095e-35 1.0000000180025095e-35 279.05000000000007 1.0000000180025095e-35 193.95000000000002 1.0000000180025095e-35 583.75000000000011 324.55000000000007 1.0000000180025095e-35 340.05000000000007 495.15000000000003 160.55000000000004 390.80000000000001 1018.5500000000001 3.5000000000000004 531.55000000000007 393.00000000000006 1.0000000180025095e-35 79.550000000000011 297.45000000000005 1.0000000180025095e-35 241.45000000000002 1.0000000180025095e-35 263.55000000000007 1.0000000180025095e-35 1.0000000180025095e-35 448.05000000000007 1.0000000180025095e-35 801.70000000000016 330.80000000000001 412.55000000000007 140.85000000000005 1.0000000180025095e-35 1.0000000180025095e-35 73.500000000000014 417.75000000000006 1.0000000180025095e-35 1.0000000180025095e-35 100.25000000000001 209.75000000000003 3.5000000000000004 182.85000000000005 139.15000000000001 216.75000000000003 242.65000000000001 4.5000000000000009 363.75000000000006 307.30000000000001 328.65000000000003 456.35000000000008 407.65000000000003 389.15000000000003 177.15000000000001 55.20000000000001 736.45000000000016 209.75000000000003 367.75000000000006 332.65000000000003 53.150000000000013 301.65000000000003 330.65000000000003 334.65000000000003
decision_type=2 2 2 2 2 2 2 2 2 2 2 2 2 2 2 2 2 2 2 2 2 2 2 2 2 2 2 2 2 2 2 2 2 2 2 2 2 2 2 2 2 2 2 2 2 2 2 2 2 2 2 2 2 2 2 2 2 2 2 2 2 2
left_child=1 3 4 -1 11 19 31 8 12 15 -10 23 57 14 20 41 39 18 26 52 43 40 48 38 32 47 44 28 -9 34 -23 -6 -7 46 35 -29 37 58 -2 -15 -19 61 -16 50 45 -12 51 -17 56 -14 -8 -24 -5 55 -55 -13 -21 -4 -11 -60 -38 -3
right_child=2 9 7 5 6 24 13 27 10 36 17 53 49 16 42 25 -18 21 -20 22 -22 30 33 -25 -26 -27 -28 29 -30 -31 -32 -33 -34 -35 -36 -37 60 -39 -40 -41 -42 -43 -44 -45 -46 -47 -48 -49 -50 -51 -52 -53 -54 54 -56 -57 -58 -59 59 -61 -62 -63
leaf_value=-8.6401706499448192 6.9227018046350981 -1.7786641496833011 49.648723436438523 -5.3609392951731483 22.197856926302549 -8.6955146115762147 46.647385804549515 66.207421798706065 24.029106782830283 17.508570817969311 33.2071838259697 27.05318437659222 73.623320922851562 44.416881957420941 24.49929919924055 7.0275340571403504 75.56387515890188 59.960030346825015 25.508063641591715 -2.0379373571154038 64.055294145856593 59.687751052114699 0.42888848783972372 27.514606825510665 0.36280649820963545 21.209032886028293 61.190262365341191 56.953134666170392 86.026999973606422 78.813496597953474 76.767977003617716 35.816084348238434 0.36851553010940552 9.9538137250966052 53.090591733209024 79.896665261008536 19.718342420329222 24.756953527349417 17.768353412891255 60.635976119663411 43.623686966529263 6.5847808163235158 39.684773039817813 54.650519409179687 53.342591291315422 50.217641794113888 5.2746763217057966 12.26615001190569 1.5411611919834465 85.268771257071663 33.833579983711239 4.9176607848297467 -1.4454849054154597 23.66952717644828 36.228285019973235 39.294869134364987 1.1901814196753291 61.336793518066408 10.019961498975753 16.326759617858464 30.052870969772343 3.4355629620344743
leaf_weight=6886 53 101 23 261 46 861 23 40 23 87 20 23 30 26 21 150 29 21 26 491 35 36 359 30 75 40 32 28 37 23 22 39 50 82 29 22 23 33 58 23 26 138 32 20 34 21 259 194 619 29 20 110 190 56 29 39 226 24 120 117 20 69
leaf_count=6886 53 101 23 261 46 861 23 40 23 87 20 23 30 26 21 150 29 21 26 491 35 36 359 30 75 40 32 28 37 23 22 39 50 82 29 22 23 33 58 23 26 138 32 20 34 21 259 194 619 29 20 110 190 56 29 39 226 24 120 117 20 69
internal_value=-0.0161853 -4.64977 46.6466 -6.25768 34.5206 -1.67889 44.6741 60.0163 55.1304 10.7653 49.5684 23.4505 68.8254 50.6975 45.4894 7.58415 60.7797 52.0365 46.2681 0.549 51.8827 59.3432 1.44436 15.7653 -7.54686 11.1514 51.3126 70.0338 75.7311 65.7329 66.1665 28.4462 -8.19804 3.55218 61.9246 67.0483 16.2686 15.2741 12.5898 52.0299 50.9229 3.13672 33.6679 45.1202 47.0982 41.9199 2.83112 9.98187 0.166417 79.3474 40.6875 1.48169 -3.71141 30.822 27.9543 34.7536 -1.02043 55.6171 14.3082 13.1334 24.5251 0.337699
internal_weight=12709 11561 1148 10469 602 3583 314 546 367 1092 261 288 106 229 151 692 78 238 133 2597 98 105 2146 141 986 384 107 179 77 102 58 85 911 810 79 50 400 357 111 49 47 308 53 63 75 41 728 344 1336 59 43 469 451 147 85 62 717 47 324 237 43 170
internal_count=12709 11561 1148 10469 602 3583 314 546 367 1092 261 288 106 229 151 692 78 238 133 2597 98 105 2146 141 986 384 107 179 77 102 58 85 911 810 79 50 400 357 111 49 47 308 53 63 75 41 728 344 1336 59 43 469 451 147 85 62 717 47 324 237 43 170
is_linear=0
shrinkage=0.05


Tree=9
num_leaves=63
num_cat=0
split_feature=9 25 35 39 11 37 35 25 37 35 34 35 35 34 35 37 35 35 35 35 35 7 39 2 21 7 35 2 7 39 35 35 37 35 34 21 40 23 34 23 39 39 35 35 35 35 21 37 35 35 37 35 35 37 35 23 2 34 35 40 35 37
split_gain=9.91988e+08 1.03445e+08 4.27843e+07 4.12282e+07 1.69097e+07 1.59767e+07 3.1134e+07 1.09932e+07 9.9962e+06 1.0525e+07 8.18679e+06 6.22166e+06 4.91243e+06 4.69387e+06 5.21409e+06 4.24785e+06 4.11075e+06 3.57626e+06 3.55682e+06 3.39439e+06 2.9595e+06 2.77133e+06 2.46546e+06 2.22155e+06 2.12094e+06 2.08681e+06 2.05578e+06 1.8738e+06 1.81578e+06 1.73282e+06 1.71312e+06 1.64177e+06 1.59794e+06 1.821e+06 1.69773e+06 1.36529e+06 1.54892e+06 1.33788e+06 1.33264e+06 1.25129e+06 1.19947e+06 1.09781e+06 1.02563e+06 1.00392e+06 966360 945143 764104 693365 684364 652340 649412 659673 648666 644436 640918 637955 734074 635751 633839 548208 470587 443999
threshold=1.0000000180025095e-35 1.0000000180025095e-35 310.55000000000007 1.0000000180025095e-35 1.0000000180025095e-35 1.5000000000000002 583.75000000000011 1.0000000180025095e-35 2.5000000000000004 1055.3000000000004 64.750000000000014 320.75000000000006 145.10000000000002 56.050000000000004 1227.5000000000002 1.5000000000000002 741.95000000000016 297.45000000000005 813.45000000000016 395.25000000000006 1009.4000000000001 1.0000000180025095e-35 1.0000000180025095e-35 1.0000000180025095e-35 1.0000000180025095e-35 1.0000000180025095e-35 495.15000000000003 1.0000000180025095e-35 1.0000000180025095e-35 1.0000000180025095e-35 227.95000000000002 1129.3500000000001 1.5000000000000002 706.35000000000014 1.0000000180025095e-35 1.0000000180025095e-35 3.5000000000000004 1.0000000180025095e-35 281.55000000000007 1.0000000180025095e-35 1.0000000180025095e-35 1.0000000180025095e-35 680.80000000000007 557.85000000000002 886.1500000000002 680.80000000000007 1.0000000180025095e-35 1.5000000000000002 466.05000000000007 129.15000000000001 2.5000000000000004 568.95000000000016 562.75000000000011 1.5000000000000002 583.75000000000011 1.0000000180025095e-35 1.0000000180025095e-35 427.85000000000008 1118.0500000000002 4.5000000000000009 183.15000000000001 1.5000000000000002
decision_type=2 2 2 2 2 2 2 2 2 2 2 2 2 2 2 2 2 2 2 2 2 2 2 2 2 2 2 2 2 2 2 2 2 2 2 2 2 2 2 2 2 2 2 2 2 2 2 2 2 2 2 2 2 2 2 2 2 2 2 2 2 2
left_child=1 3 12 -1 17 19 26 8 18 10 16 49 -2 58 40 30 24 60 29 -4 -9 31 46 28 59 53 41 39 37 42 -14 32 -13 50 55 36 -18 -6 -16 47 -15 -7 -8 -28 -38 -23 -12 -27 -21 -3 51 -34 -49 -19 -55 56 -35 -33 -11 -10 -5 -51
right_child=2 11 5 4 23 6 7 20 9 13 22 21 15 14 38 -17 35 25 -20 48 -22 45 -24 -25 -26 27 43 -29 -30 -31 -32 57 33 34 -36 -37 44 -39 -40 -41 -42 -43 -44 -45 -46 -47 -48 52 -50 61 -52 -53 -54 54 -56 -57 -58 -59 -60 -61 -62 -63
leaf_value=-8.2081617888828173 9.984791274056219 -3.893993238040379 55.857885306222101 -5.1881960093702908 -9.0357232163235608 20.738289821578796 47.729413370404927 60.697424975308508 36.503400885540508 63.422525928638599 13.131685775259266 16.181595329616382 26.74873195741235 32.939171361923222 48.694424836531937 13.566782852121301 37.39553373336792 2.7226895243865279 79.454661095660668 71.011879416073072 80.681529146432879 12.109617730549404 37.26653462578269 0.45970671642785788 47.945753537691559 5.7431530838012703 37.96921904761836 10.794427898642304 0.98118142551845977 69.690793642790425 41.202694404415972 14.424287384222536 5.8072226973595447 12.188368578563191 6.6748063668994035 56.965601463317881 57.007266408746901 -1.4056239886629966 62.917434185948871 8.8068008246487146 46.629216432571411 32.690166648864746 59.318555305117656 24.822200362682345 43.974801818847659 23.001455529530844 25.431210715430126 -1.8258678974177607 82.039521280924475 5.0588491153089628 3.2030234417029186 12.418152284622193 2.1729786592498597 -2.376743808695188 0.37527852662022032 22.018945478356404 22.069774482363748 23.231350029839412 75.00465727306549 26.383294486999514 -1.9566378968671481 -1.4616904939214388
leaf_weight=6886 59 42 35 219 783 83 35 44 23 27 23 92 41 32 23 37 30 207 23 34 32 28 34 87 26 100 53 77 54 23 41 85 108 179 116 50 33 62 58 73 32 25 42 20 25 69 28 133 24 95 113 58 427 282 847 23 21 27 21 32 232 36
leaf_count=6886 59 42 35 219 783 83 35 44 23 27 23 92 41 32 23 37 30 207 23 34 32 28 34 87 26 100 53 77 54 23 41 85 108 179 116 50 33 62 58 73 32 25 42 20 25 69 28 133 24 95 113 58 427 282 847 23 21 27 21 32 232 36
internal_value=-0.0153758 -4.41728 44.3143 -5.9448 -1.59494 48.4492 46.3596 51.1638 48.9637 45.8053 40.0077 10.227 21.7814 54.9372 50.4508 27.6301 45.1196 0.52155 61.7256 68.1546 69.1118 11.8645 26.8372 -7.16951 36.1782 1.37214 27.8859 3.37457 -7.90783 57.648 33.9757 10.9213 10.0338 9.11856 11.5808 50.3678 46.619 -8.47588 58.8788 2.59513 39.7842 23.5049 54.0508 34.3673 51.3898 19.8574 19.8844 1.90809 75.575 1.52845 6.12679 8.11707 1.22325 0.158096 -0.312118 14.1328 13.2259 16.5474 68.4897 30.6153 -3.52584 3.26695
internal_weight=12709 11561 1148 10469 3583 970 877 696 620 497 304 1092 178 193 145 119 219 2597 123 93 76 919 85 986 81 2146 181 810 899 100 82 822 710 618 339 138 88 845 81 733 64 108 77 73 58 97 51 660 58 173 279 166 560 1336 1129 223 200 112 48 55 451 131
internal_count=12709 11561 1148 10469 3583 970 877 696 620 497 304 1092 178 193 145 119 219 2597 123 93 76 919 85 986 81 2146 181 810 899 100 82 822 710 618 339 138 88 845 81 733 64 108 77 73 58 97 51 660 58 173 279 166 560 1336 1129 223 200 112 48 55 451 131
is_linear=0
shrinkage=0.05


Tree=10
num_leaves=63
num_cat=0
split_feature=9 36 25 39 36 36 11 36 21 36 32 39 36 36 39 36 7 23 37 36 33 2 7 13 36 7 32 35 35 11 33 23 36 2 2 7 35 33 33 38 36 35 7 23 23 36 23 32 35 32 33 40 32 32 36 32 36 32 35 35 36 36
split_gain=9.37638e+08 9.92531e+07 8.92687e+07 3.74435e+07 1.84718e+07 1.70179e+07 1.48563e+07 9.02046e+06 5.56126e+06 5.39493e+06 4.11072e+06 3.5126e+06 3.44744e+06 2.90799e+06 2.85114e+06 2.80363e+06 2.56639e+06 2.12992e+06 2.07146e+06 1.9843e+06 1.81836e+06 1.80759e+06 1.76126e+06 1.73705e+06 1.82694e+06 1.67658e+06 1.57215e+06 1.52238e+06 1.54256e+06 2.24853e+06 1.66972e+06 1.45413e+06 1.44866e+06 1.28174e+06 1.17112e+06 1.11115e+06 1.09574e+06 1.40135e+06 1.07551e+06 965144 1.3002e+06 936714 829825 797151 791160 709128 694231 683788 1.07567e+06 892400 671671 634570 626318 602759 577839 536083 487408 459400 431784 419911 382773 376414
threshold=1.0000000180025095e-35 269.52000000000004 1.0000000180025095e-35 1.0000000180025095e-35 179.51250000000002 349.01666666666671 1.0000000180025095e-35 204.23333333333338 1.0000000180025095e-35 276.02500000000003 416.25000000000006 1.0000000180025095e-35 126.87500000000001 342.55000000000007 1.0000000180025095e-35 406.92500000000001 1.0000000180025095e-35 1.0000000180025095e-35 4.5000000000000009 224.02500000000003 213.90000000000003 1.0000000180025095e-35 1.0000000180025095e-35 1.0000000180025095e-35 285.21250000000003 1.0000000180025095e-35 413.85000000000008 1309.4500000000003 1186.7000000000003 1.0000000180025095e-35 179.05000000000004 1.0000000180025095e-35 158.12500000000003 1.0000000180025095e-35 1.0000000180025095e-35 1.0000000180025095e-35 344.05000000000001 69.350000000000009 389.75000000000006 1.0000000180025095e-35 247.31666666666669 324.65000000000003 1.0000000180025095e-35 1.0000000180025095e-35 1.0000000180025095e-35 364.85833333333341 1.0000000180025095e-35 119.35000000000001 574.1500000000002 51.95000000000001 153.85000000000005 5.5000000000000009 164.85000000000005 345.15000000000003 88.850000000000023 316.55000000000007 460.35000000000008 450.50000000000006 1175.5000000000002 536.6500000000002 406.92500000000001 295.35833333333341
decision_type=2 2 2 2 2 2 2 2 2 2 2 2 2 2 2 2 2 2 2 2 2 2 2 2 2 2 2 2 2 2 2 2 2 2 2 2 2 2 2 2 2 2 2 2 2 2 2 2 2 2 2 2 2 2 2 2 2 2 2 2 2 2
left_child=2 4 3 -1 12 11 9 41 17 32 18 23 54 22 15 -7 21 19 20 47 -10 31 34 24 -3 45 52 28 29 30 -13 -8 -5 43 44 57 -14 -38 -16 40 50 -4 -34 60 58 -11 -44 49 -49 -6 -21 -39 -26 -54 -2 59 -17 -15 -9 -42 -27 -18
right_child=1 5 7 6 8 14 16 13 10 25 -12 27 36 35 38 56 61 -19 -20 39 -22 -23 -24 -25 26 33 -28 -29 -30 -31 -32 -33 42 -35 -36 -37 37 51 -40 -41 55 -43 46 -45 -46 -47 -48 48 -50 -51 -52 -53 53 -55 -56 -57 -58 -59 -60 -61 -62 -63
leaf_value=-7.7980905137404326 3.2664115271634531 54.580806777056523 -1.4063978655071097 -4.3824957277880641 27.526308579878375 59.339503281839782 -8.5896941633224486 7.5388141029784768 57.80349877357483 0.45172398587811957 62.186648072136769 51.42740582057408 16.974949309743685 15.086545022328696 72.416578443122646 69.09448489782946 0.027750554409894074 45.398097144232857 30.01558102694425 26.865748889822711 38.064003723008291 -0.48632946550176381 19.408713362168296 58.795760854085295 49.527703581915965 3.0848189141021836 30.004969790577888 69.781691894531249 43.871532516479498 44.286550370129675 68.76487784036776 -1.3085534003575645 -1.6989586865063089 13.839327823548089 16.806728604375099 28.35224464416504 36.425712121051298 17.711409533851675 86.165361083984379 25.979911231994631 39.546245193481447 4.349107551904015 0.36258985813265515 12.582679649879193 16.236323127150538 3.6461909952858722 6.6320606054044235 21.831534683704376 34.200440743030647 12.933186492919923 38.185987901687625 28.207522900899249 37.609991159439083 48.070843396868028 12.282191732296578 35.55092508174755 76.909193992614746 21.971195166451594 12.945296450359066 49.792106895446778 7.187856801350911 7.8121597806612657
leaf_weight=6994 27 34 116 349 22 89 800 372 20 484 27 21 58 180 33 53 44 27 33 38 28 89 49 24 36 270 24 20 25 22 41 75 699 42 49 20 23 36 25 28 20 181 329 29 32 271 51 32 39 20 20 24 40 21 52 27 32 28 41 20 72 24
leaf_count=6994 27 34 116 349 22 89 800 372 20 484 27 21 58 180 33 53 44 27 33 38 28 89 49 24 36 270 24 20 25 22 41 75 699 42 49 20 23 36 25 28 20 181 329 29 32 271 51 32 39 20 20 24 40 21 52 27 32 28 41 20 72 24
internal_value=-0.0182791 42.8376 -4.27454 -5.66 29.205 58.515 -1.53822 9.50485 35.5923 0.479119 45.2909 50.8114 17.5627 12.3569 68.7422 65.5421 -6.61286 32.0175 39.659 30.6593 46.2888 -7.27508 10.3671 46.2785 44.3403 2.99943 41.4628 57.1013 54.7746 58.0195 62.8925 -7.9656 -1.58231 5.56072 9.47022 17.0957 22.2477 25.9323 78.3428 34.3706 36.2501 2.10117 -0.676594 4.62352 8.66238 1.59835 1.20402 25.6342 28.6257 20.5772 30.7693 21.9099 44.2978 41.2113 9.20085 40.9947 72.0365 16.0133 8.07554 44.6692 3.94862 2.77519
internal_weight=12851 1161 11690 10622 621 540 3628 1068 401 2596 108 308 220 771 232 174 1032 293 81 266 48 964 543 179 155 1168 121 129 109 84 62 875 1428 413 494 228 141 83 58 153 125 297 1079 371 445 755 380 113 71 42 58 60 97 61 79 67 85 208 413 40 342 68
internal_count=12851 1161 11690 10622 621 540 3628 1068 401 2596 108 308 220 771 232 174 1032 293 81 266 48 964 543 179 155 1168 121 129 109 84 62 875 1428 413 494 228 141 83 58 153 125 297 1079 371 445 755 380 113 71 42 58 60 97 61 79 67 85 208 413 40 342 68
is_linear=0
shrinkage=0.05


Tree=11
num_leaves=63
num_cat=0
split_feature=25 35 35 38 35 35 6 24 5 11 10 4 29 28 8 5 28 4 35 18 8 12 37 33 31 32 40 35 24 32 35 4 33 32 32 24 31 32 12 31 32 8 23 4 18 5 24 12 29 38 11 10 28 37 6 32 35 37 35 2 35 12
split_gain=8.2684e+07 4.50738e+07 1.73868e+07 1.2178e+07 1.00921e+07 5.83544e+06 4.37184e+06 4.87541e+06 4.32882e+06 5.02685e+06 4.72286e+06 4.99559e+06 4.82122e+06 3.80553e+06 4.40655e+06 3.72862e+06 4.48472e+06 3.49808e+06 3.4841e+06 3.30876e+06 3.10778e+06 3.05134e+06 3.26059e+06 4.89703e+06 3.01867e+06 2.9206e+06 2.72695e+06 2.61218e+06 2.64627e+06 4.34183e+06 2.54084e+06 2.4662e+06 2.30307e+06 3.13062e+06 2.29155e+06 2.16112e+06 1.90897e+06 1.81067e+06 1.94788e+06 1.78488e+06 1.71218e+06 1.68268e+06 1.66974e+06 1.64998e+06 1.78581e+06 1.78939e+06 1.85435e+06 2.16116e+06 2.30848e+06 2.53724e+06 3.30736e+06 3.1207e+06 3.44811e+06 3.85008e+06 7.79548e+06 6.5539e+06 2.67958e+06 2.0715e+06 2.37761e+06 1.45771e+06 1.41017e+06 1.38718e+06
threshold=1.0000000180025095e-35 583.75000000000011 706.35000000000014 1.0000000180025095e-35 1055.3000000000004 395.25000000000006 1.0000000180025095e-35 1.0000000180025095e-35 1.0000000180025095e-35 1.0000000180025095e-35 1.0000000180025095e-35 1.0000000180025095e-35 1.0000000180025095e-35 1.0000000180025095e-35 1.0000000180025095e-35 1.0000000180025095e-35 1.0000000180025095e-35 1.0000000180025095e-35 1522.8500000000001 1.0000000180025095e-35 1.0000000180025095e-35 1.0000000180025095e-35 2.5000000000000004 73.750000000000014 230.75000000000003 462.05000000000007 3.5000000000000004 1437.45 1.0000000180025095e-35 429.25000000000006 1474.1500000000003 1.0000000180025095e-35 213.90000000000003 313.35000000000008 354.00000000000006 1.0000000180025095e-35 426.55000000000007 316.55000000000007 1.0000000180025095e-35 304.15000000000003 352.75000000000006 1.0000000180025095e-35 1.0000000180025095e-35 1.0000000180025095e-35 1.0000000180025095e-35 1.0000000180025095e-35 1.0000000180025095e-35 1.0000000180025095e-35 1.0000000180025095e-35 1.0000000180025095e-35 1.0000000180025095e-35 1.0000000180025095e-35 1.0000000180025095e-35 1.5000000000000002 1.0000000180025095e-35 51.95000000000001 476.45000000000005 2.5000000000000004 480.95000000000005 1.0000000180025095e-35 361.85000000000008 1.0000000180025095e-35
decision_type=2 2 2 2 2 2 2 2 2 2 2 2 2 2 2 2 2 2 2 2 2 2 2 2 2 2 2 2 2 2 2 2 2 2 2 2 2 2 2 2 2 2 2 2 2 2 2 2 2 2 2 2 2 2 2 2 2 2 2 2 2 2
left_child=1 5 24 4 6 -1 7 8 9 10 11 12 13 14 19 16 17 20 59 21 25 22 26 -24 60 27 -3 28 29 32 35 -17 -6 36 -28 37 -34 -4 -39 -23 -25 43 -12 44 45 46 47 48 49 50 51 52 53 54 56 -55 -7 58 -57 -5 -2 -15
right_child=2 3 30 18 15 41 -8 -9 -10 -11 42 -13 -14 61 -16 31 -18 -19 -20 -21 -22 39 23 40 -26 -27 34 -29 -30 -31 -32 -33 33 -35 -36 -37 -38 38 -40 -41 -42 -43 -44 -45 -46 -47 -48 -49 -50 -51 -52 -53 -54 55 -56 57 -58 -59 -60 -61 -62 -63
leaf_value=-4.9152385708580582 -0.26448077123898728 39.415709736767944 16.311627640159784 -2.797979534899818 33.07171468280611 9.7074541632584701 -2.4446751697540283 -1.9038689409611658 -1.0215071635821105 -0.8045542594212205 -1.0393602844189715 0.79987833580204859 1.9158965929888372 6.6096879671959989 5.7130353509962974 -0.62454719616256593 2.0318953152625792 4.5219531676061804 15.028491102854412 7.8832105562239896 7.3275981586288523 17.710218136375016 7.8500280980765824 20.978886111577353 10.407278696985436 6.9210398176260162 7.853536834716798 35.137731639544171 8.1119990924994152 40.529948043823246 36.193907081513181 18.225904192924499 16.998847099749938 7.5058251308220809 27.997883950173858 9.170974488769259 34.90631590756503 23.925334574532723 8.9436213374137878 2.6489242468561449 38.391488666534421 -6.1451502431970129 12.862330056230228 -5.7487253954477406 -5.4332179571395596 -5.4272705556617851 -5.1995023602531072 -5.3384273185839071 -4.8886707566001206 -3.5774645548055668 -5.368874379566738 -3.9076556243593732 -3.3251651395450943 -7.3868003845214849 -7.3868003845214849 5.3683371336563779 20.3026333295382 2.1422394063513157 19.526488856283521 3.2241529070042279 6.5683296609669926 -6.1977673492431649
leaf_weight=4411 143 34 226 1061 21 254 375 366 309 268 216 193 164 137 143 131 124 107 30 100 108 37 80 48 302 57 20 24 54 24 21 20 46 66 48 56 22 226 24 42 20 218 24 214 219 180 168 153 154 202 119 126 121 122 60 69 78 118 52 111 160 25
leaf_count=4411 143 34 226 1061 21 254 375 366 309 268 216 193 164 137 143 131 124 107 30 100 108 37 80 48 302 57 20 24 54 24 21 20 46 66 48 56 22 226 24 42 20 218 24 214 219 180 168 153 154 202 119 126 121 122 60 69 78 118 52 111 160 25
internal_value=-0.0173652 -1.27949 12.7271 2.53761 4.04648 -3.80416 2.55729 3.38215 4.39614 5.44308 6.70105 8.09799 9.66651 11.3983 13.3142 8.95303 10.5904 12.5966 -1.79694 15.848 14.6439 18.2689 20.9757 16.2353 6.8696 17.1603 27.854 19.4313 17.8135 20.7402 19.1353 1.8722 17.676 15.2632 22.0731 18.462 22.7924 19.555 22.4871 9.70295 26.1002 -1.93855 0.350809 -1.55788 -1.1493 -0.674512 -0.198177 0.31793 0.904657 1.58003 2.51106 3.44877 4.50931 5.76823 9.19921 2.04262 12.1967 6.85597 11.4528 -2.22762 3.3436 4.63323
internal_weight=12851 11693 1158 4655 3453 7038 2649 2274 1908 1599 1331 1091 898 734 572 804 653 529 1202 429 422 329 250 148 605 314 102 257 233 179 553 151 155 134 68 532 68 476 250 79 68 2627 240 2409 2195 1976 1796 1628 1475 1321 1119 1000 874 753 392 361 332 239 121 1172 303 162
internal_count=12851 11693 1158 4655 3453 7038 2649 2274 1908 1599 1331 1091 898 734 572 804 653 529 1202 429 422 329 250 148 605 314 102 257 233 179 553 151 155 134 68 532 68 476 250 79 68 2627 240 2409 2195 1976 1796 1628 1475 1321 1119 1000 874 753 392 361 332 239 121 1172 303 162
is_linear=0
shrinkage=0.05


Tree=12
num_leaves=63
num_cat=0
split_feature=9 36 39 36 36 36 31 32 36 7 31 39 36 39 34 32 31 31 39 40 40 31 2 7 36 36 32 23 32 31 31 31 40 40 34 23 31 31 36 36 39 36 32 33 40 31 2 33 2 23 36 32 31 32 36 37 36 31 36 33 31 31
split_gain=8.34403e+08 8.69171e+07 7.21032e+07 1.60816e+07 1.49189e+07 8.45483e+06 5.73187e+06 3.5609e+06 3.0178e+06 2.96313e+06 2.82994e+06 2.8231e+06 2.74614e+06 2.28653e+06 2.24473e+06 2.66486e+06 2.2933e+06 1.62555e+06 1.54347e+06 1.50588e+06 1.47408e+06 2.86923e+06 1.4196e+06 1.35084e+06 1.08642e+06 1.07918e+06 939173 931086 925076 914172 900550 899034 1.49006e+06 881184 681826 678052 602647 2.12229e+06 552394 550198 537076 522005 479542 471906 452549 437999 423922 386049 385062 567938 381275 308432 284809 255444 245718 243923 241983 224879 223194 220627 217187 286847
threshold=1.0000000180025095e-35 269.52000000000004 1.0000000180025095e-35 179.51250000000002 349.01666666666671 286.35833333333341 223.55000000000004 282.95000000000005 126.87500000000001 1.0000000180025095e-35 456.35000000000008 1.0000000180025095e-35 154.68750000000003 1.0000000180025095e-35 314.75000000000006 321.25000000000006 126.95000000000002 412.55000000000007 1.0000000180025095e-35 5.5000000000000009 2.5000000000000004 381.95000000000005 1.0000000180025095e-35 1.0000000180025095e-35 379.92500000000013 391.65000000000003 387.35000000000008 1.0000000180025095e-35 69.750000000000014 332.65000000000003 180.85000000000005 208.05000000000004 4.5000000000000009 2.5000000000000004 472.60000000000008 1.0000000180025095e-35 100.25000000000001 150.75000000000003 361.21666666666675 218.3366666666667 1.0000000180025095e-35 88.850000000000023 223.45000000000002 464.15000000000003 4.5000000000000009 312.35000000000008 1.0000000180025095e-35 425.80000000000007 1.0000000180025095e-35 1.0000000180025095e-35 409.21666666666675 80.65000000000002 377.55000000000007 61.150000000000013 290.52500000000003 3.5000000000000004 198.32500000000005 137.35000000000005 422.01666666666671 146.90000000000003 430.25000000000006 397.25000000000006
decision_type=2 2 2 2 2 2 2 2 2 2 2 2 2 2 2 2 2 2 2 2 2 2 2 2 2 2 2 2 2 2 2 2 2 2 2 2 2 2 2 2 2 2 2 2 2 2 2 2 2 2 2 2 2 2 2 2 2 2 2 2 2 2
left_child=2 3 -1 8 11 12 14 18 41 25 13 20 51 24 15 36 -17 31 19 28 29 26 35 42 38 34 45 46 -8 -3 40 -13 -33 -30 48 50 -5 -38 -6 -20 57 -2 -14 60 -39 54 56 -27 -7 -50 55 -4 -15 -43 -22 -11 -25 -10 -26 -9 61 -44
right_child=1 4 5 6 10 9 7 59 30 22 -12 17 23 52 -16 16 -18 -19 39 -21 21 -23 -24 27 58 47 -28 -29 33 -31 -32 32 -34 -35 -36 -37 37 44 -40 -41 -42 53 43 -45 -46 -47 -48 -49 49 -51 -52 -53 -54 -55 -56 -57 -58 -59 -60 -61 -62 -63
leaf_value=-7.2492829401083334 3.3271710413473623 42.436904780069995 -4.9472731614216219 32.590642166137698 58.561796442667642 0.57619079432548614 37.82966541108631 56.684920425415044 13.397596840320094 3.8260832663609627 73.145541116465694 59.412349423495215 -1.5969994968354959 75.042378304221415 11.780525715351105 45.974298295709822 27.081033755993019 63.93072747690924 37.768199043273931 41.089536295181667 32.291267490386964 58.259022192052896 15.087987144957197 -1.2437151664211639 59.648360527886283 3.9970122184584049 49.286268364588423 7.5709219283917379 32.792640586521316 27.962866935729984 27.753177356719974 40.50332941479153 54.365880920773463 19.784455032348632 9.72509258389473 13.884130301415921 10.363354134559632 32.222295875549314 48.713051452636719 48.798987689385051 25.124801185607911 8.8953084627787273 -0.11038470993007757 7.6748763966560363 24.181779752458848 44.099289544423421 6.7105011304219566 9.8082043155547112 2.1053202635188866 10.626539514178322 8.5770501658121745 -2.6706792442963043 66.798248443603526 15.988594421473417 39.795298919677741 7.1885938818114141 1.5628372609823735 18.883671345609301 65.727884145883408 49.258154821395877 3.7352921049935475 -5.6723984718322757
leaf_weight=6994 27 24 346 21 24 729 21 20 31 235 69 22 932 22 20 36 29 29 20 39 24 37 47 105 36 366 30 68 23 20 38 36 42 30 24 25 24 30 35 26 25 30 679 20 42 24 33 31 284 21 75 261 20 22 20 70 286 47 26 20 35 24
leaf_count=6994 27 24 346 21 24 729 21 20 31 235 69 22 932 22 20 36 29 29 20 39 24 37 47 105 36 366 30 68 23 20 38 36 42 30 24 25 24 30 35 26 25 30 679 20 42 24 33 31 284 21 75 261 20 22 20 70 286 47 26 20 35 24
internal_value=-0.016497 40.4113 -4.03161 27.6541 55.0822 0.760628 33.6138 39.6366 16.7911 3.32634 64.658 47.8693 -0.993694 61.0651 27.6805 29.4278 37.545 53.5081 36.2819 33.1388 43.8056 46.3959 6.8625 -0.166182 57.5761 2.22782 41.917 2.13953 28.9485 35.8578 21.1745 50.4856 47.9678 25.4295 1.39368 5.90793 24.9182 23.2398 52.7193 44.003 18.7474 8.96762 -0.837432 0.096496 27.532 38.6659 1.26846 4.45078 1.2003 2.69203 5.38318 -3.96838 71.1166 11.8963 35.7022 4.59781 0.809159 16.7033 62.1978 52.9715 -0.10888 -0.300269
internal_weight=12851 1161 11690 621 540 4696 401 199 220 1907 232 308 2789 163 202 182 65 129 159 113 179 135 452 2182 121 1455 98 492 74 44 141 100 78 53 1058 405 117 96 59 46 103 79 1690 758 72 68 424 397 1034 305 380 607 42 52 44 305 391 78 62 40 738 703
internal_count=12851 1161 11690 621 540 4696 401 199 220 1907 232 308 2789 163 202 182 65 129 159 113 179 135 452 2182 121 1455 98 492 74 44 141 100 78 53 1058 405 117 96 59 46 103 79 1690 758 72 68 424 397 1034 305 380 607 42 52 44 305 391 78 62 40 738 703
is_linear=0
shrinkage=0.05


Tree=13
num_leaves=63
num_cat=0
split_feature=9 36 25 39 36 36 11 36 31 36 32 36 25 31 31 31 36 32 33 7 39 35 35 7 7 39 40 35 32 23 32 32 31 36 35 33 23 23 35 31 36 35 36 36 35 36 7 35 39 36 36 36 7 31 36 31 32 23 32 33 31 35
split_gain=7.53049e+08 7.84427e+07 7.02599e+07 2.73597e+07 1.45136e+07 1.34643e+07 1.24761e+07 7.35888e+06 5.17302e+06 3.8879e+06 3.21371e+06 2.72792e+06 2.56731e+06 2.55403e+06 2.28643e+06 3.3021e+06 2.18642e+06 2.14742e+06 2.16352e+06 2.10918e+06 2.0636e+06 1.97485e+06 1.81433e+06 1.77734e+06 1.58733e+06 1.39298e+06 1.35906e+06 1.28462e+06 1.27291e+06 1.18896e+06 1.01325e+06 2.07629e+06 2.1861e+06 980497 942305 1.11471e+06 935188 898160 841571 839971 835044 1.935e+06 770712 673872 669737 669446 605333 619180 533282 498536 496553 433425 430605 381084 377941 369961 359137 346386 310653 260878 257040 234491
threshold=1.0000000180025095e-35 269.52000000000004 1.0000000180025095e-35 1.0000000180025095e-35 179.51250000000002 349.01666666666671 1.0000000180025095e-35 281.71250000000003 223.55000000000004 243.56250000000003 282.95000000000005 108.52500000000002 1.0000000180025095e-35 456.35000000000008 425.05000000000007 472.45000000000005 204.23333333333338 140.45000000000002 381.90000000000003 1.0000000180025095e-35 1.0000000180025095e-35 1241.4000000000003 837.70000000000016 1.0000000180025095e-35 1.0000000180025095e-35 1.0000000180025095e-35 5.5000000000000009 628.55000000000007 387.35000000000008 1.0000000180025095e-35 321.25000000000006 405.75000000000006 126.95000000000002 379.92500000000013 344.05000000000001 69.350000000000009 1.0000000180025095e-35 1.0000000180025095e-35 721.20000000000016 150.75000000000003 299.01666666666671 1099.0500000000002 391.65000000000003 158.12500000000003 324.65000000000003 362.92500000000007 1.0000000180025095e-35 1107.4500000000003 1.0000000180025095e-35 361.21666666666675 218.3366666666667 388.85000000000008 1.0000000180025095e-35 316.15000000000003 290.52500000000003 83.050000000000011 73.15000000000002 1.0000000180025095e-35 318.05000000000007 457.15000000000003 377.55000000000007 856.40000000000009
decision_type=2 2 2 2 2 2 2 2 2 2 2 2 2 2 2 2 2 2 2 2 2 2 2 2 2 2 2 2 2 2 2 2 2 2 2 2 2 2 2 2 2 2 2 2 2 2 2 2 2 2 2 2 2 2 2 2 2 2 2 2 2 2
left_child=2 4 3 -1 11 12 9 16 17 43 25 55 14 20 21 -16 44 27 30 29 33 22 28 36 45 26 38 -6 53 -8 39 32 -32 49 -13 -36 42 51 56 -19 41 -24 59 -5 -4 -11 47 -18 -37 -7 -27 -26 -45 -3 -39 -2 -10 -54 -21 -9 -22 -35
right_child=1 5 7 6 8 13 19 23 10 24 -12 34 -14 -15 15 -17 46 18 -20 58 60 -23 40 -25 37 50 -28 -29 -30 -31 31 -33 -34 61 35 48 -38 54 -40 -41 -42 -43 -44 52 -46 -47 -48 -49 -50 -51 -52 -53 57 -55 -56 -57 -58 -59 -60 -61 -62 -63
leaf_value=-6.886818449300188 0.97109889179468167 38.36643060178173 -1.1554329705007118 -3.7563126384016439 23.975523819242206 55.63370685577393 -7.3075793585039968 9.7815525929789899 35.938182721819196 -0.059238483445394952 50.322960939407352 14.813042281695775 57.46468290671325 69.488264973958337 62.458884564568024 37.241666348775226 6.4070765160662795 14.645436714172362 41.746385727609912 -0.012546538270038108 71.290258372913712 54.316570927546572 28.649726220835813 23.410574150085452 2.723115775750296 35.879789394140246 39.035059823134013 7.3841026878356928 54.708329361135306 -0.86844595013520665 49.343314117193223 19.179910415649413 26.502911619706591 56.966034952799475 31.052777449289962 15.122261368287239 21.523805475234987 6.2212548408508299 19.030189750308082 26.71853371227489 28.794058653024525 49.39129311821678 15.299685636859074 -1.9923720975763186 3.7112396327130379 2.8358347069485337 14.616519250540899 14.94116245974665 24.125421172174914 46.277399183000838 46.359038485013521 6.3903446698651729 -0.19034874731872944 45.317192435987067 14.915404312133788 9.4526574346754284 27.523193418979645 5.1413306760787965 7.2113576022061441 15.246881930033366 63.458335876464844 63.543958892822268
leaf_weight=6994 20 49 116 349 28 24 886 242 21 690 40 70 39 69 34 21 280 25 28 46 22 26 23 40 370 20 39 20 22 78 20 25 22 42 27 38 26 25 21 34 39 22 107 483 181 281 29 23 29 35 26 103 235 33 25 36 32 35 22 24 20 20
leaf_count=6994 20 49 116 349 28 24 886 242 21 690 40 70 39 69 34 21 280 25 28 46 22 26 23 40 370 20 39 20 22 78 20 25 22 42 27 38 26 25 21 34 39 22 107 483 181 281 29 23 29 35 26 103 235 33 25 36 32 35 22 24 20 20
internal_value=-0.015672 38.3908 -3.83003 -5.05917 26.2714 52.3281 -1.53585 8.39455 31.9331 0.312833 37.6547 15.9515 45.4758 61.4251 43.7377 52.8305 4.9272 26.2965 29.1746 -6.18622 58.0118 41.4007 39.6145 13.3626 1.97468 34.4678 31.4818 17.0624 44.0289 -6.78657 26.3809 30.5885 37.3793 54.6973 19.205 22.4756 12.3553 4.19536 27.5011 21.6028 34.1491 38.79 11.7162 -1.94016 1.81045 0.778574 7.71538 7.05488 19.0192 50.0834 41.8028 3.52169 -1.09841 41.1637 10.5683 6.42353 30.8574 0.500795 2.3246 10.2747 67.5608 59.0879
internal_weight=12851 1161 11690 10622 621 540 3628 1068 401 2596 199 220 308 232 269 55 629 202 154 1032 163 214 188 439 1494 159 113 48 104 964 126 67 42 121 164 94 399 523 74 59 84 45 373 1102 297 971 332 303 67 59 46 473 753 82 50 56 53 270 68 266 42 62
internal_count=12851 1161 11690 10622 621 540 3628 1068 401 2596 199 220 308 232 269 55 629 202 154 1032 163 214 188 439 1494 159 113 48 104 964 126 67 42 121 164 94 399 523 74 59 84 45 373 1102 297 971 332 303 67 59 46 473 753 82 50 56 53 270 68 266 42 62
is_linear=0
shrinkage=0.05


Tree=14
num_leaves=63
num_cat=0
split_feature=9 36 25 7 36 36 2 23 36 31 21 36 25 31 36 35 36 31 31 36 32 33 35 31 7 31 35 23 33 35 33 2 33 36 36 36 35 31 32 36 23 35 33 2 36 35 36 32 32 23 35 40 7 35 36 35 35 36 11 2 2 36
split_gain=6.79626e+08 7.07945e+07 6.34096e+07 2.02438e+07 1.30985e+07 1.21515e+07 1.16201e+07 9.98776e+06 6.64139e+06 4.66865e+06 3.34204e+06 2.51587e+06 2.317e+06 2.30503e+06 2.21424e+06 2.79586e+06 2.12914e+06 2.0635e+06 2.98014e+06 1.97324e+06 1.93804e+06 1.95257e+06 1.7823e+06 1.65852e+06 1.60405e+06 1.53669e+06 2.72149e+06 1.37664e+06 1.34157e+06 1.1613e+06 1.15251e+06 1.09346e+06 1.09195e+06 1.17078e+06 1.02694e+06 1.00809e+06 976225 1.84815e+06 1.50362e+06 907221 844007 780937 1.16088e+06 748187 1.04218e+06 723029 715764 684952 676846 629409 604438 553294 546313 558810 523387 566021 466138 417064 342041 326729 319341 310580
threshold=1.0000000180025095e-35 269.52000000000004 1.0000000180025095e-35 1.0000000180025095e-35 179.51250000000002 349.01666666666671 1.0000000180025095e-35 1.0000000180025095e-35 281.71250000000003 223.55000000000004 1.0000000180025095e-35 126.87500000000001 1.0000000180025095e-35 454.65000000000003 245.32500000000002 932.50000000000011 276.02500000000003 425.05000000000007 472.45000000000005 204.23333333333338 140.45000000000002 381.90000000000003 1241.4000000000003 370.35000000000008 1.0000000180025095e-35 363.75000000000006 769.55000000000007 1.0000000180025095e-35 403.40000000000003 588.85000000000002 301.35000000000008 1.0000000180025095e-35 423.25000000000006 379.92500000000013 302.01666666666671 325.81666666666672 495.15000000000003 124.45000000000002 362.55000000000007 245.32500000000002 1.0000000180025095e-35 344.05000000000001 69.350000000000009 1.0000000180025095e-35 377.65000000000009 628.55000000000007 282.87083333333339 433.35000000000008 379.75000000000006 1.0000000180025095e-35 324.65000000000003 5.5000000000000009 1.0000000180025095e-35 1107.4500000000003 247.31666666666669 466.05000000000007 753.35000000000014 83.350000000000009 1.0000000180025095e-35 1.0000000180025095e-35 1.0000000180025095e-35 297.71666666666675
decision_type=2 2 2 2 2 2 2 2 2 2 2 2 2 2 2 2 2 2 2 2 2 2 2 2 2 2 2 2 2 2 2 2 2 2 2 2 2 2 2 2 2 2 2 2 2 2 2 2 2 2 2 2 2 2 2 2 2 2 2 2 2 2
left_child=2 4 3 6 11 12 7 58 19 20 25 57 17 32 15 -12 45 22 -19 50 29 36 23 28 40 26 54 39 30 -6 35 49 33 56 -9 46 -22 -38 -39 -8 43 -13 -43 44 -10 -5 -3 -35 -48 -18 -4 -44 53 59 55 -11 -7 -2 -1 -21 -47 -29
right_child=1 5 8 16 9 13 27 34 24 10 14 41 -14 -15 -16 -17 31 18 -20 52 21 -23 -24 -25 -26 -27 -28 61 -30 -31 -32 -33 -34 47 -36 -37 37 38 -40 -41 -42 42 51 -45 -46 60 48 -49 -50 -51 -52 -53 -54 -55 -56 -57 -58 -59 -60 -61 -62 -63
leaf_value=-6.5424776778140687 1.9730882091181621 44.410078369140628 -1.0976613751773177 -1.5665587291759495 23.986491775512697 51.224580774551782 -2.7342702696219883 -2.2615091230763489 8.2746871882987829 31.308220243453981 51.75430748980979 14.704870346085778 54.591449170234881 65.858753924302661 58.628772430419922 28.031472403914844 3.1512450036855597 59.335940116994522 35.379582635845459 5.575768584824722 17.51878150701523 39.659066288811822 51.600742721557623 25.357452853520712 22.240045447349548 20.392022316544146 48.139965057373047 4.3605959404546484 29.011757425161512 8.4321283181508377 52.178604561941967 11.949519460466174 63.153899129231775 53.861047155206862 1.3437305715408514 48.840086596945063 36.331551675538762 28.183560409810809 11.348469198317757 0.54292873019781296 20.447615227332484 31.817556455860966 14.685356269942389 18.440443128347397 13.965905452508194 1.5077938478153488 37.810885524749757 64.508536430027178 27.048483349028089 10.685283927917482 3.5256776562876468 24.486272553602856 13.885693359375001 14.194104270313098 35.88451672508603 21.228860613015982 42.122333595969465 10.196677750554578 -7.6338717432022101 11.796079498788586 8.1226155233383182 11.692322006225588
leaf_weight=6994 21 25 116 333 24 39 357 582 211 30 23 58 39 71 20 27 365 34 21 257 32 28 26 24 40 27 25 52 26 24 21 45 33 44 299 23 37 36 21 517 26 23 36 32 130 208 48 23 21 30 181 24 29 23 21 26 22 58 800 23 20 20
leaf_count=6994 21 25 116 333 24 39 357 582 211 30 23 58 39 71 20 27 365 34 21 257 32 28 26 24 40 27 25 52 26 24 21 45 33 44 299 23 37 36 21 517 26 23 36 32 130 208 48 23 21 30 181 24 29 23 21 26 22 58 800 23 20 20
internal_value=-0.0148885 36.4712 -3.63853 -4.80621 24.9578 49.7117 -5.51029 -6.0841 7.97482 30.3365 35.772 15.154 43.202 58.3538 44.5682 38.944 1.96094 41.5508 50.189 4.68084 24.9817 27.7159 39.3307 37.6338 12.6944 30.9989 33.8066 -0.248248 39.4303 16.2093 41.3932 4.56475 55.0442 52.9534 -1.03794 39.4574 25.0619 27.6297 21.9812 -0.795698 11.7375 19.1562 22.2668 11.1304 10.4444 -0.0812667 37.1616 57.5162 34.5354 3.72345 1.71993 18.6057 7.32961 6.70213 29.1529 26.6285 47.9418 8.01066 -6.6545 6.08672 2.08804 6.39719
internal_weight=12851 1161 11690 10622 621 540 9621 8675 1068 401 199 220 308 232 70 50 1001 269 55 629 202 154 214 188 439 129 102 946 164 48 138 440 161 128 881 117 126 94 57 874 399 141 83 373 341 561 94 67 69 395 297 60 332 303 77 56 61 79 7794 280 228 72
internal_count=12851 1161 11690 10622 621 540 9621 8675 1068 401 199 220 308 232 70 50 1001 269 55 629 202 154 214 188 439 129 102 946 164 48 138 440 161 128 881 117 126 94 57 874 399 141 83 373 341 561 94 67 69 395 297 60 332 303 77 56 61 79 7794 280 228 72
is_linear=0
shrinkage=0.05


Tree=15
num_leaves=63
num_cat=0
split_feature=25 32 36 36 7 33 7 33 7 34 38 32 32 33 38 36 36 33 18 34 36 36 23 2 37 5 40 32 36 24 28 29 31 31 31 33 36 28 13 32 32 32 21 32 4 36 33 32 24 29 34 38 34 33 36 32 36 33 34 31 33 36
split_gain=5.99195e+07 2.22235e+07 1.539e+07 1.02532e+07 5.70611e+06 4.17334e+06 4.15152e+06 4.0878e+06 4.08526e+06 3.51126e+06 3.28358e+06 2.46127e+06 3.20244e+06 2.42395e+06 3.7279e+06 2.39113e+06 2.34742e+06 2.2495e+06 2.24838e+06 2.22716e+06 2.19071e+06 1.91475e+06 1.83989e+06 1.70492e+06 2.16813e+06 1.73591e+06 1.61461e+06 1.58249e+06 1.53848e+06 1.32527e+06 1.46921e+06 1.39357e+06 1.32286e+06 1.2951e+06 2.42676e+06 1.60649e+06 1.29903e+06 1.4443e+06 1.27432e+06 1.26215e+06 2.13793e+06 1.23533e+06 1.1848e+06 1.18276e+06 1.1757e+06 2.42121e+06 1.29666e+06 1.13889e+06 1.01699e+06 997249 1.91936e+06 2.16836e+06 961803 940675 1.08894e+06 937067 1.14924e+06 842755 830404 954630 1.01899e+06 1.05227e+06
threshold=1.0000000180025095e-35 119.35000000000001 248.28750000000005 311.75833333333338 1.0000000180025095e-35 134.50000000000003 1.0000000180025095e-35 458.60000000000008 1.0000000180025095e-35 470.05000000000007 1.0000000180025095e-35 450.50000000000006 397.75000000000006 82.40000000000002 1.0000000180025095e-35 406.92500000000001 339.34166666666675 153.85000000000005 1.0000000180025095e-35 164.90000000000003 240.34333333333339 196.92000000000004 1.0000000180025095e-35 1.0000000180025095e-35 3.5000000000000004 1.0000000180025095e-35 4.5000000000000009 339.65000000000003 140.81666666666669 1.0000000180025095e-35 1.0000000180025095e-35 1.0000000180025095e-35 175.25000000000003 77.250000000000014 64.950000000000017 109.55000000000001 255.82916666666668 1.0000000180025095e-35 1.0000000180025095e-35 470.95000000000005 448.55000000000007 462.05000000000007 1.0000000180025095e-35 104.75000000000001 1.0000000180025095e-35 398.41666666666669 284.85000000000008 200.40000000000003 1.0000000180025095e-35 1.0000000180025095e-35 127.80000000000003 1.0000000180025095e-35 183.65000000000003 121.65000000000002 250.32500000000002 140.45000000000002 264.71666666666675 302.85000000000008 307.10000000000008 435.95000000000005 379.65000000000003 271.56250000000006
decision_type=2 2 2 2 2 2 2 2 2 2 2 2 2 2 2 2 2 2 2 2 2 2 2 2 2 2 2 2 2 2 2 2 2 2 2 2 2 2 2 2 2 2 2 2 2 2 2 2 2 2 2 2 2 2 2 2 2 2 2 2 2 2
left_child=1 8 28 4 13 16 7 10 15 22 18 12 -9 55 21 17 -4 42 23 -8 -6 -15 38 25 41 29 -21 -18 -2 30 31 39 -10 34 -23 -35 -37 58 48 40 44 -25 -1 -34 45 46 -5 -22 49 50 57 -52 -30 -49 -55 56 -3 -7 59 60 -38 -62
right_child=2 3 5 6 20 9 19 11 32 -11 -12 -13 -14 14 -16 -17 27 -19 -20 26 47 33 -24 24 -26 -27 -28 -29 52 -31 -32 -33 43 35 -36 36 37 -39 -40 -41 -42 -43 -44 -45 -46 -47 -48 53 -50 -51 51 -53 -54 54 -56 -57 -58 -59 -60 -61 61 -63
leaf_value=-3.9286990497536212 -0.94791631447934666 -0.70269111850397381 8.2833719674883213 6.136595651105786 1.597006261110073 25.482031996433552 7.8986092870352698 10.281787336704344 -2.8986704046909626 40.724935569763183 -1.7663891185471354 -4.2795840740203861 30.938060009479525 -1.7184929142103476 -3.0485394409905986 -1.1663010307740238 13.09940981446651 -0.31483525267984502 -1.7117513319262032 26.623068481683731 16.599096695355009 0.066057716369628913 31.656987762451173 4.5004022659167005 25.208058242797854 -1.6208186294498117 9.0270716986872923 23.244095447967794 4.5659014227189081 0.042835616062734727 0.44057891289393103 1.084730362892151 2.7496382791332561 11.311553214550019 22.325072340170543 0.020817969388599637 3.316478458439049 -1.5558779795091233 8.8355723033632554 0.8403900237310501 22.297061303257944 15.776669225909494 -6.0080707707455465 14.860561643947257 1.7992987352259018 23.655880737304688 18.492040496826174 2.0949355840682986 10.624457605679829 11.518722180678296 36.826475964652168 16.609693154834567 10.707076284661889 18.932633642852306 7.1581684385184889 -2.5722320867639379 9.9341890811920166 14.940089056832448 0.55108302325913405 14.917745089530946 18.106950954028541 6.0004882893562321
leaf_weight=3496 107 123 174 141 256 26 183 86 104 20 329 20 24 272 540 873 114 378 147 32 35 25 26 92 20 116 22 58 314 107 90 69 241 50 24 395 152 91 35 42 32 33 852 22 51 29 25 69 30 26 36 21 80 24 108 1656 32 70 66 32 28 50
leaf_count=3496 107 123 174 141 256 26 183 86 104 20 329 20 24 272 540 873 114 378 147 32 35 25 26 92 20 116 22 58 314 107 90 69 241 50 24 395 152 91 35 42 32 33 852 22 51 29 25 69 30 26 36 21 80 24 108 1656 32 70 66 32 28 50
internal_value=-0.0343287 -1.10062 10.9231 1.12679 -0.244649 16.0861 4.39551 3.39465 -3.23544 20.5101 2.56332 11.855 14.7886 -0.946624 0.394719 -3.57042 12.378 -4.01452 3.99639 10.5316 4.80044 1.9638 19.0128 4.98706 9.92295 3.96754 19.4543 16.5203 4.36893 5.07377 6.19759 7.52955 1.87502 3.06082 10.9684 2.61236 2.07801 4.01737 17.6654 8.91921 10.1398 7.47734 -4.33616 3.76272 8.55832 10.3261 7.99736 8.27536 19.1441 20.572 22.1104 29.3782 5.81284 6.82595 9.29898 -2.22427 1.49331 17.7952 5.56361 6.8263 5.70054 10.3464
internal_weight=12821 11684 1137 5718 4028 636 1690 1453 5966 290 1323 130 110 3536 1725 5599 346 4726 994 237 492 1185 270 847 145 702 54 172 501 586 479 389 367 913 49 864 814 419 244 320 278 125 4348 263 246 195 166 236 209 179 153 57 394 201 132 1811 155 96 328 262 230 78
internal_count=12821 11684 1137 5718 4028 636 1690 1453 5966 290 1323 130 110 3536 1725 5599 346 4726 994 237 492 1185 270 847 145 702 54 172 501 586 479 389 367 913 49 864 814 419 244 320 278 125 4348 263 246 195 166 236 209 179 153 57 394 201 132 1811 155 96 328 262 230 78
is_linear=0
shrinkage=0.05


Tree=16
num_leaves=63
num_cat=0
split_feature=9 36 25 39 36 11 36 36 36 31 36 39 31 39 31 39 36 32 32 7 36 36 33 33 32 36 31 7 7 36 31 23 31 35 33 35 32 23 36 35 23 7 32 36 36 40 36 35 36 31 31 23 36 35 36 36 36 35 36 36 36 32
split_gain=5.95977e+08 6.26378e+07 5.28336e+07 2.05019e+07 1.55307e+07 9.88408e+06 6.63028e+06 6.31503e+06 3.74268e+06 4.50124e+06 3.05538e+06 2.89585e+06 2.49628e+06 2.37895e+06 2.19597e+06 1.93163e+06 1.70017e+06 4.74576e+06 4.33623e+06 1.54504e+06 1.44147e+06 1.37646e+06 1.31798e+06 1.18787e+06 2.23636e+06 1.13748e+06 1.12354e+06 1.07024e+06 1.05705e+06 1.02869e+06 1.02388e+06 967219 899697 1.12686e+06 893306 1.01636e+06 875822 805437 802657 677528 619900 604824 601550 546529 539556 537300 526998 519586 720979 514246 522209 457733 429492 402661 483489 563593 376123 374019 460495 354748 312406 421137
threshold=1.0000000180025095e-35 246.32500000000005 1.0000000180025095e-35 1.0000000180025095e-35 377.65000000000009 1.0000000180025095e-35 296.61250000000007 133.45000000000002 311.75833333333338 412.55000000000007 214.7416666666667 1.0000000180025095e-35 471.05000000000007 1.0000000180025095e-35 164.25000000000003 1.0000000180025095e-35 282.87083333333339 390.85000000000008 385.45000000000005 1.0000000180025095e-35 140.81666666666669 199.61000000000004 173.30000000000004 153.85000000000005 308.65000000000003 428.75000000000006 223.55000000000004 1.0000000180025095e-35 1.0000000180025095e-35 264.71666666666675 421.15000000000003 1.0000000180025095e-35 284.05000000000007 500.15000000000003 407.25000000000006 521.55000000000007 178.55000000000004 1.0000000180025095e-35 299.01666666666671 867.15000000000009 1.0000000180025095e-35 1.0000000180025095e-35 164.85000000000005 359.37500000000006 379.92500000000013 1.0000000180025095e-35 101.08333333333334 486.05000000000007 196.92000000000004 401.25000000000006 300.55000000000007 1.0000000180025095e-35 211.74500000000003 634.45000000000016 337.55000000000007 357.87500000000006 437.15000000000003 1000.2500000000001 262.35833333333341 126.87500000000001 211.74500000000003 318.05000000000007
decision_type=2 2 2 2 2 2 2 2 2 2 2 2 2 2 2 2 2 2 2 2 2 2 2 2 2 2 2 2 2 2 2 2 2 2 2 2 2 2 2 2 2 2 2 2 2 2 2 2 2 2 2 2 2 2 2 2 2 2 2 2 2 2
left_child=2 7 3 -1 8 10 20 46 9 16 59 14 15 25 23 30 18 38 34 31 -4 42 -11 24 -9 -6 -23 40 43 -20 53 -7 45 -34 35 -3 -35 44 39 -18 56 51 -13 -12 -30 -16 -2 48 -47 50 -17 60 -49 -10 -55 -56 -8 58 -37 -5 61 -22
right_child=1 4 6 5 13 19 27 11 12 22 28 21 -14 -15 32 49 17 -19 29 -21 41 26 -24 -25 -26 -27 -28 -29 37 -31 -32 -33 33 36 -36 57 -38 -39 -40 -41 -42 -43 -44 -45 -46 47 -48 52 -50 -51 -52 -53 -54 54 55 -57 -58 -59 -60 -61 -62 -63
leaf_value=-6.0811899913441056 4.7277112504674328 26.790956174966063 -1.2115551446636137 -4.1236748770174421 49.448108836582733 -6.6033077001163409 10.260648702964346 17.256710245254194 45.199063275311445 41.676908467032696 -0.21147536089455779 16.739700350761414 28.578058926264447 68.819588842147439 28.707075862884523 56.924181838035594 33.841955057779948 10.719668989269822 42.934054496071553 1.8839023999869824 1.6703358909273458 28.066545049232595 58.456881965637209 22.896605555216471 -1.770600690012393 59.57155251242898 40.920570693296547 19.844733200516814 1.5571943095999812 58.405299813406806 53.095617893763951 -0.6129606485366822 18.535795027017596 39.957982081716715 22.629786520912536 29.323717656135557 26.146513589223225 8.0095129358936372 27.979771257483442 46.302562770843508 19.237104495366417 10.389850169069627 28.480880943934125 2.2964251688143023 5.3087430809364946 16.591234694994412 12.379858712057272 20.14869324763616 27.724274930087002 60.152402935028078 46.493769989013678 9.9564339838529889 10.227740790843965 33.522112443712025 48.145839519500733 36.417944335937499 15.384801036555594 43.237908029109242 39.333723167136867 -1.7194038965368532 5.2351247942407531 9.3854789400100724
leaf_weight=6985 45 33 104 202 56 876 283 47 37 22 832 20 21 39 20 20 24 27 22 64 153 34 25 30 23 55 34 43 447 21 21 73 20 22 21 20 24 71 23 20 24 51 24 294 122 26 45 24 33 20 30 38 20 27 20 21 41 20 27 638 297 20
leaf_count=6985 45 33 104 202 56 876 283 47 37 22 832 20 21 39 20 20 24 27 22 64 153 34 25 30 23 55 34 43 447 21 21 73 20 22 21 20 24 71 23 20 24 51 24 294 122 26 45 24 33 20 30 38 20 27 20 21 41 20 27 638 297 20
internal_value=-0.0326123 34.0981 -3.43749 -4.49869 44.0168 -1.44433 7.23898 20.5231 39.9422 36.371 0.184822 23.2094 44.9615 58.1966 20.5643 46.7169 33.7785 28.4173 36.8514 -5.63541 4.19356 30.0348 50.6024 14.5724 11.0049 54.4642 34.4936 12.403 1.36558 50.4898 43.0172 -6.14251 23.7346 28.4441 32.0047 33.9734 32.752 2.98814 35.5491 39.5059 11.4834 5.19916 23.144 0.443341 2.36157 21.2076 8.55378 19.7514 22.8182 53.3764 50.6659 4.67805 15.6392 41.0015 38.7175 42.1389 10.9091 37.5111 35.0741 -2.29757 4.25128 2.56226
internal_weight=12821 1163 11658 10604 672 3619 1054 491 522 305 2606 401 217 150 289 196 258 94 164 1013 663 112 47 100 70 111 68 391 1766 43 126 949 189 66 121 100 46 640 67 44 348 559 44 1126 569 123 90 103 59 70 50 508 44 105 68 41 324 67 47 840 470 173
internal_count=12821 1163 11658 10604 672 3619 1054 491 522 305 2606 401 217 150 289 196 258 94 164 1013 663 112 47 100 70 111 68 391 1766 43 126 949 189 66 121 100 46 640 67 44 348 559 44 1126 569 123 90 103 59 70 50 508 44 105 68 41 324 67 47 840 470 173
is_linear=0
shrinkage=0.05


Tree=17
num_leaves=63
num_cat=0
split_feature=9 36 25 39 36 11 36 36 36 31 36 21 39 31 39 31 36 32 32 39 2 31 40 36 33 32 36 23 36 31 2 34 37 36 33 33 36 32 2 33 33 31 36 31 31 40 36 31 36 32 35 36 36 23 23 36 36 32 31 31 31 31
split_gain=5.37869e+08 5.65306e+07 4.76823e+07 1.85029e+07 1.40164e+07 8.92039e+06 6.00211e+06 5.69932e+06 3.37777e+06 4.06248e+06 2.80745e+06 2.72463e+06 2.6135e+06 2.2529e+06 2.147e+06 1.98187e+06 1.8056e+06 3.95132e+06 3.93638e+06 1.74329e+06 1.45858e+06 1.24863e+06 1.27966e+06 1.16241e+06 1.07205e+06 2.01832e+06 1.02658e+06 985869 928392 924048 880656 847441 2.4555e+06 781674 780268 1.01497e+06 768749 707267 658684 606803 585196 536066 475616 464107 471293 436632 434411 411205 533760 466968 363401 436349 508643 309308 285837 243398 240193 319570 238679 229210 223183 215851
threshold=1.0000000180025095e-35 246.32500000000005 1.0000000180025095e-35 1.0000000180025095e-35 377.65000000000009 1.0000000180025095e-35 281.71250000000003 133.45000000000002 311.75833333333338 397.25000000000006 276.02500000000003 1.0000000180025095e-35 1.0000000180025095e-35 471.05000000000007 1.0000000180025095e-35 164.25000000000003 282.87083333333339 385.45000000000005 390.85000000000008 1.0000000180025095e-35 1.0000000180025095e-35 220.15000000000001 5.5000000000000009 140.81666666666669 153.85000000000005 308.65000000000003 428.75000000000006 1.0000000180025095e-35 264.71666666666675 421.15000000000003 1.0000000180025095e-35 102.75000000000001 3.5000000000000004 419.08333333333343 407.25000000000006 312.30000000000001 190.465 284.55000000000007 1.0000000180025095e-35 175.00000000000003 235.25000000000003 431.55000000000007 101.08333333333334 401.25000000000006 300.55000000000007 3.5000000000000004 373.83333333333337 204.45000000000002 221.75000000000003 124.75000000000001 634.45000000000016 337.55000000000007 357.87500000000006 1.0000000180025095e-35 1.0000000180025095e-35 321.17500000000001 308.02500000000003 472.25000000000006 279.05000000000007 405.35000000000008 476.05000000000007 122.10000000000001
decision_type=2 2 2 2 2 2 2 2 2 2 2 2 2 2 2 2 2 2 2 2 2 2 2 2 2 2 2 2 2 2 2 2 2 2 2 2 2 2 2 2 2 2 2 2 2 2 2 2 2 2 2 2 2 2 2 2 2 2 2 2 2 2
left_child=2 7 3 -1 8 10 23 42 9 16 36 -11 15 19 26 24 17 34 40 29 27 22 45 -4 25 -9 59 -7 -19 50 33 32 47 53 35 37 -5 58 41 -23 -18 54 -2 44 -21 -14 61 -17 49 -49 -10 -52 -53 56 -25 -22 -8 -58 -3 -6 -28 -12
right_child=1 4 6 5 14 20 30 12 13 11 46 -13 21 -15 -16 31 18 28 -20 43 55 39 -24 38 -26 -27 60 -29 -30 -31 -32 -33 -34 -35 -36 -37 -38 -39 -40 -41 -42 -43 -44 -45 -46 -47 -48 48 -50 -51 51 52 -54 -55 -56 -57 57 -59 -60 -61 -62 -63
leaf_value=-5.7771304645688524 4.4913257046540584 29.944934209187824 -1.1509773848721616 -2.6535657473855472 42.99902329878374 -6.4040407282846026 6.5510011249513767 16.393874756833341 42.939109596046244 38.177641647883824 5.0037973265898863 60.958720833914619 23.948322373357687 27.149155659902664 65.378609368739987 17.026048493934308 27.784385957389045 40.787351070750844 10.183685548217209 54.077973177433016 -0.56883755243741552 40.071048755645755 33.851906145160847 3.3333762259465725 21.751775229771933 -1.6820706129074097 54.18528703962054 -0.35050401050750524 55.485035087948759 50.440836552211216 18.69292667749766 15.761887632169433 38.523281692504888 15.32099224769906 21.498296942029683 41.562545326623052 -0.31198886669358439 23.248964148554307 10.357238377695499 28.685300688310107 37.45273682650398 11.523178258149521 11.760865858925714 57.144782280921937 44.169081700642906 13.86877847853161 3.3860367270531477 15.472274578942194 28.048858686174665 24.771500700491448 31.846007022151241 45.738547887802127 34.597046929314025 15.337458333102141 8.2416439950466156 5.7387903714179993 9.3331984482976527 15.409383606910707 37.340689353942871 49.548849621941059 60.806423034667972 1.1418687917420236
leaf_weight=6985 45 24 104 610 22 855 67 47 37 35 38 21 22 21 39 38 29 22 27 20 65 25 22 406 30 23 35 73 21 21 37 37 25 73 21 22 824 29 46 22 34 23 45 20 30 21 378 27 35 27 27 20 21 22 32 20 220 24 20 34 20 756
leaf_count=6985 45 24 104 610 22 855 67 47 37 35 38 21 22 21 39 38 29 22 27 20 65 25 22 406 30 23 35 73 21 21 37 37 25 73 21 22 824 29 46 22 34 23 45 20 30 21 378 27 35 27 27 20 21 22 32 20 220 24 20 34 20 756
internal_value=-0.0309817 32.3932 -3.26562 -4.27376 41.816 -1.37211 6.87703 19.4969 37.9451 34.5525 0.175581 46.7205 22.049 42.7134 55.2868 19.5361 31.8159 35.0192 26.1567 44.381 -5.35364 28.5331 24.0438 3.66424 13.8438 10.4546 51.741 -5.92785 47.9653 40.8663 11.3082 22.5479 24.1998 10.6352 30.2203 32.1483 -1.30806 29.3111 4.65197 34.7415 33.0022 4.08268 8.1261 50.7075 48.1326 19.0258 1.99089 21.3802 23.2392 20.1219 38.9514 36.7816 40.0319 9.60802 3.69197 0.91531 9.20272 9.93086 33.3066 46.9757 56.593 1.3267
internal_weight=12821 1163 11658 10604 672 3619 1054 491 522 305 2606 56 401 217 150 289 249 159 90 196 1013 112 65 611 100 70 111 928 43 126 443 189 152 406 116 95 1434 73 507 47 63 461 90 70 50 43 1172 127 89 54 105 68 41 333 438 85 311 244 44 56 55 794
internal_count=12821 1163 11658 10604 672 3619 1054 491 522 305 2606 56 401 217 150 289 249 159 90 196 1013 112 65 611 100 70 111 928 43 126 443 189 152 406 116 95 1434 73 507 47 63 461 90 70 50 43 1172 127 89 54 105 68 41 333 438 85 311 244 44 56 55 794
is_linear=0
shrinkage=0.05


Tree=18
num_leaves=63
num_cat=0
split_feature=9 36 25 39 36 11 36 36 36 31 36 39 31 39 31 39 31 31 2 36 36 13 36 31 36 32 36 23 2 40 34 37 31 36 2 36 32 31 39 32 36 32 39 32 31 31 36 31 36 32 40 40 23 36 32 32 31 36 31 31 36 36
split_gain=4.85427e+08 5.10189e+07 4.30333e+07 1.66989e+07 1.26498e+07 8.05065e+06 5.42131e+06 5.14363e+06 3.04844e+06 3.69976e+06 2.53372e+06 2.35869e+06 2.03324e+06 1.93767e+06 1.78863e+06 1.57332e+06 1.50268e+06 2.46649e+06 1.31637e+06 1.21722e+06 1.17774e+06 1.11401e+06 926485 922222 909924 1.67803e+06 1.00648e+06 889747 856695 787336 764816 2.21609e+06 702461 693796 659617 589520 560372 522272 507571 468879 441001 439167 434010 426666 418857 425342 392056 371113 481719 421439 352515 417674 346359 301894 279418 227213 248614 219666 211897 206862 204636 203866
threshold=1.0000000180025095e-35 246.32500000000005 1.0000000180025095e-35 1.0000000180025095e-35 377.65000000000009 1.0000000180025095e-35 296.61250000000007 133.45000000000002 311.75833333333338 412.55000000000007 276.02500000000003 1.0000000180025095e-35 471.05000000000007 1.0000000180025095e-35 164.25000000000003 1.0000000180025095e-35 110.95000000000002 156.25000000000003 1.0000000180025095e-35 199.61000000000004 195.71666666666673 1.0000000180025095e-35 428.75000000000006 223.55000000000004 276.02500000000003 371.05000000000007 253.75833333333335 1.0000000180025095e-35 1.0000000180025095e-35 4.5000000000000009 102.75000000000001 3.5000000000000004 279.05000000000007 190.465 1.0000000180025095e-35 419.08333333333343 164.85000000000005 449.65000000000003 1.0000000180025095e-35 308.65000000000003 91.737500000000011 196.15000000000001 1.0000000180025095e-35 252.95000000000002 401.25000000000006 300.55000000000007 373.83333333333337 204.45000000000002 221.75000000000003 124.75000000000001 5.5000000000000009 2.5000000000000004 1.0000000180025095e-35 96.950000000000017 84.350000000000009 443.85000000000008 431.55000000000007 321.17500000000001 298.75000000000006 405.35000000000008 96.950000000000017 250.32500000000002
decision_type=2 2 2 2 2 2 2 2 2 2 2 2 2 2 2 2 2 2 2 2 2 2 2 2 2 2 2 2 2 2 2 2 2 2 2 2 2 2 2 2 2 2 2 2 2 2 2 2 2 2 2 2 2 2 2 2 2 2 2 2 2 2
left_child=2 7 3 -1 8 10 20 40 9 16 33 14 15 22 39 21 -3 -18 27 36 43 32 59 -21 25 26 -19 -7 35 58 31 47 -10 60 52 -8 -13 -11 -28 41 -2 54 -31 53 45 -17 -12 -16 49 -49 51 -34 55 -4 -9 56 61 -20 -26 -6 -5 -22
right_child=1 4 6 5 13 18 28 11 12 37 46 19 -14 -15 30 44 17 24 57 23 34 -23 -24 -25 29 -27 38 -29 -30 42 -32 -33 50 -35 -36 -37 -38 -39 -40 -41 -42 -43 -44 -45 -46 -47 -48 48 -50 -51 -52 -53 -54 -55 -56 -57 -58 -59 -60 -61 -62 -63
leaf_value=-5.4882739558182365 2.891273167056422 40.800285019413117 -3.6795696882101208 -4.6665301109882114 40.84907198819247 -6.0838386883373152 9.5261543096400878 16.716162938657018 28.776915448362178 40.343115930971891 1.2603617749179268 14.445238223075869 25.791698133377807 62.109678454276846 16.174746062881066 51.374074096679692 15.708519519170125 21.787726614588784 -0.54039570368253276 25.476504381965189 3.1599656585940705 49.335713268461689 53.763324473987929 37.122145585452806 26.029792867388046 47.381019859313966 31.254195547103883 -0.33297877703627499 19.471619671788712 27.889368146657944 14.973793266914988 36.597117256164552 36.10243758360545 -0.29638941974370081 11.058650511244069 14.554942718923909 25.777425829569502 50.886926945050561 41.009683914184571 8.2731494865634225 10.256808794959118 21.545644224825363 37.012213013388894 6.7627436868075668 54.287542848587037 41.960627695719403 3.2167348978301842 14.698660956488716 26.646415596008303 23.532925521002877 34.133175955878365 44.828174555301672 10.159431099008632 1.1703741979039177 8.9223765622014586 -0.52264774934105251 9.6304120602815058 5.4518509411811831 18.926859723953974 47.071406914206115 -2.1300145848083867 5.8429963298773364
leaf_weight=6985 31 31 39 94 22 855 289 23 22 23 794 20 21 39 38 20 30 21 65 34 177 21 55 34 21 20 40 73 29 32 37 25 24 824 46 73 24 24 20 33 59 21 22 29 20 30 378 27 35 27 27 32 27 181 23 23 23 20 21 34 516 118
leaf_count=6985 31 31 39 94 22 855 289 23 22 23 794 20 21 39 38 20 30 21 65 34 177 21 55 34 21 20 40 73 29 32 37 25 24 824 46 73 24 24 20 33 59 21 22 29 20 30 378 27 35 27 27 32 27 181 23 23 23 20 21 34 516 118
internal_value=-0.0294326 30.7736 -3.10233 -4.06007 39.7252 -1.30351 6.53318 18.5221 36.0478 32.8249 0.166802 20.9465 40.5778 52.5225 18.5593 42.162 30.4744 29.0643 -5.08596 27.1064 3.77937 38.823 49.154 31.2993 31.0982 34.4111 31.2087 -5.63145 11.2027 27.6127 21.4205 22.9898 36.7205 -1.24265 5.41369 10.5402 20.6264 45.7272 34.506 13.1516 7.71979 15.5544 31.6061 1.06206 48.1722 45.726 1.89134 20.3112 22.0773 19.1158 38.826 41.0886 4.70807 0.310611 12.8193 4.27644 4.62354 0.869545 22.4783 44.6269 -2.52089 4.23318
internal_weight=12821 1163 11658 10604 672 3619 1054 491 522 305 2606 401 217 150 289 196 258 227 1013 112 663 126 111 68 197 101 81 928 391 96 189 152 105 1434 414 362 44 47 60 100 90 67 54 249 70 50 1172 127 89 54 83 56 368 220 46 341 318 85 42 56 610 295
internal_count=12821 1163 11658 10604 672 3619 1054 491 522 305 2606 401 217 150 289 196 258 227 1013 112 663 126 111 68 197 101 81 928 391 96 189 152 105 1434 414 362 44 47 60 100 90 67 54 249 70 50 1172 127 89 54 83 56 368 220 46 341 318 85 42 56 610 295
is_linear=0
shrinkage=0.05


Tree=19
num_leaves=63
num_cat=0
split_feature=9 36 25 7 36 23 36 36 36 31 21 31 31 31 33 31 32 36 31 32 31 34 37 34 7 36 32 33 33 33 36 23 34 36 31 36 36 31 23 7 23 31 31 33 33 36 32 36 31 31 36 11 36 31 36 36 23 36 32 32 34 33
split_gain=4.38098e+08 4.60445e+07 3.88375e+07 1.31614e+07 1.14165e+07 6.63259e+06 4.90129e+06 4.64213e+06 2.80961e+06 2.84107e+06 3.27616e+06 1.93441e+06 1.51791e+06 2.71434e+06 1.42451e+06 1.76655e+06 1.53431e+06 1.37218e+06 1.20025e+06 1.50246e+06 1.14249e+06 1.07146e+06 2.71329e+06 1.05616e+06 1.04208e+06 957236 931487 919544 917159 907519 1.17226e+06 848081 691196 675411 670708 649990 642302 633609 600654 597920 561753 561638 499663 449725 399900 398285 342280 331811 325009 312041 308878 281915 263182 255492 240452 228247 212685 220864 381601 210719 204099 201325
threshold=1.0000000180025095e-35 246.32500000000005 1.0000000180025095e-35 1.0000000180025095e-35 377.65000000000009 1.0000000180025095e-35 281.71250000000003 133.45000000000002 327.25000000000006 412.55000000000007 1.0000000180025095e-35 218.35000000000005 110.95000000000002 152.45000000000002 210.15000000000001 100.25000000000001 293.95000000000005 280.54166666666674 370.35000000000008 396.15000000000003 321.95000000000005 119.65000000000002 3.5000000000000004 99.40000000000002 1.0000000180025095e-35 140.81666666666669 232.55000000000004 460.75000000000006 76.350000000000009 400.35000000000008 337.55000000000007 1.0000000180025095e-35 240.75000000000003 276.02500000000003 443.05000000000007 359.37500000000006 292.81666666666672 175.25000000000003 1.0000000180025095e-35 1.0000000180025095e-35 1.0000000180025095e-35 164.25000000000003 291.30000000000001 171.75000000000003 405.35000000000008 101.08333333333334 365.75000000000006 437.15000000000003 431.55000000000007 83.050000000000011 409.21666666666675 1.0000000180025095e-35 388.85000000000008 383.55000000000007 214.7416666666667 350.67500000000001 1.0000000180025095e-35 211.74500000000003 318.05000000000007 362.55000000000007 422.30000000000007 150.85000000000002
decision_type=2 2 2 2 2 2 2 2 2 2 2 2 2 2 2 2 2 2 2 2 2 2 2 2 2 2 2 2 2 2 2 2 2 2 2 2 2 2 2 2 2 2 2 2 2 2 2 2 2 2 2 2 2 2 2 2 2 2 2 2 2 2
left_child=2 7 3 5 8 51 25 45 9 12 36 14 -3 -14 16 -16 26 31 19 20 44 22 28 -21 40 -4 37 29 42 30 -10 49 -23 59 43 -32 -11 -9 52 48 47 -17 54 50 61 -2 -36 60 53 -5 -6 -1 -19 56 -13 -26 57 58 -27 -7 -8 -15
right_child=1 4 6 17 34 33 24 11 27 10 -12 21 13 18 15 41 -18 38 -20 23 -22 32 -24 -25 55 39 -28 -29 -30 -31 35 -33 -34 -35 46 -37 -38 -39 -40 -41 -42 -43 -44 -45 -46 -47 -48 -49 -50 -51 -52 -53 -54 -55 -56 -57 -58 -59 -60 -61 -62 -63
leaf_value=-4.7626524927880221 4.0076207092073224 39.907140182726316 -1.0663880290320287 -3.9096769766374067 39.798418592370076 -2.0369326296390606 8.0182981678251348 11.794357128353681 48.282801117435582 26.922895812988283 57.595273231324704 17.954924335479738 14.630440696593254 27.022405393358685 31.466138947010041 10.377458570762116 6.9617200360298161 2.4197377648686067 20.233597395511776 48.040072477431522 37.440769317415025 11.618945473432541 39.495009601910908 31.985360794067386 14.226004521052042 1.0106377932760451 27.312107028961179 49.276710094105113 29.726788231198277 28.421548504829406 32.388004626297366 5.3203176013448026 23.618910841147105 1.0803431098872707 51.133342714662909 41.091115491655138 39.303393520821231 20.606173649956201 10.412342090756002 9.3907113180160522 16.106772429367592 21.67547248178585 12.555265113285611 52.973563995361332 21.241685243086383 10.659982149336074 58.656230090913326 13.121763945788871 9.7072924841017958 -0.22819787005583447 47.394786262512213 -5.7086910546370291 5.3359297543480286 -2.0415858738479158 25.451096244480301 21.458339290618898 7.7408885988695877 4.3289977688375894 8.3811962241306901 0.97485956643054728 13.003789260170677 31.457683045864105
leaf_weight=7793 45 33 104 66 23 436 307 51 31 20 21 20 31 71 32 22 50 294 26 21 36 24 30 20 24 144 20 22 28 20 41 66 24 420 54 45 22 34 31 50 29 22 21 20 22 45 21 41 21 450 32 876 105 21 23 20 29 222 20 67 22 40
leaf_count=7793 45 33 104 66 23 436 307 51 31 20 21 20 31 71 32 22 50 294 26 21 36 24 30 20 24 144 20 22 28 20 41 66 24 420 54 45 22 34 31 50 29 22 21 20 22 45 21 41 21 450 32 876 105 21 23 20 29 222 20 67 22 40
internal_value=-0.027961 29.2349 -2.94722 -3.85707 37.7389 -4.42923 6.20652 17.596 34.2454 31.8177 41.4704 19.8992 29.7906 28.5403 16.92 22.5274 14.1706 1.56608 30.3674 31.6221 29.539 23.9473 26.4372 40.2085 10.2108 3.30326 17.6035 39.788 22.1792 38.2643 39.9468 -0.0164721 17.6189 -0.39983 49.8963 36.942 33.4079 15.3191 3.70804 4.19959 9.40549 16.0265 18.8771 46.5529 27.4001 7.3338 53.2398 8.88025 3.63164 -0.699085 44.2181 -4.85825 3.18716 3.339 21.9645 17.5134 3.61127 3.30102 1.90949 -1.63576 8.35167 28.6207
internal_weight=12821 1163 11658 10604 672 9592 1054 491 522 363 63 401 300 267 231 76 155 1012 236 210 169 170 122 41 443 611 105 159 92 137 117 582 48 923 150 86 42 85 430 507 399 44 64 75 133 90 75 370 457 516 55 8669 399 436 43 44 415 386 164 503 329 111
internal_count=12821 1163 11658 10604 672 9592 1054 491 522 363 63 401 300 267 231 76 155 1012 236 210 169 170 122 41 443 611 105 159 92 137 117 582 48 923 150 86 42 85 430 507 399 44 64 75 133 90 75 370 457 516 55 8669 399 436 43 44 415 386 164 503 329 111
is_linear=0
shrinkage=0.05


Tree=20
num_leaves=63
num_cat=0
split_feature=9 36 25 39 36 11 36 21 32 36 12 36 39 35 13 29 32 36 35 7 39 2 33 33 35 7 36 38 36 32 35 36 36 32 32 36 7 2 35 39 2 36 32 33 32 36 32 32 36 32 36 32 21 32 2 33 36 35 35 36 32 11
split_gain=3.79582e+08 4.83074e+07 3.51431e+07 1.41053e+07 8.88173e+06 6.48546e+06 6.16758e+06 5.66461e+06 4.14795e+06 4.00188e+06 2.36353e+06 2.2745e+06 2.21496e+06 2.49268e+06 2.17914e+06 2.66068e+06 1.90609e+06 1.55548e+06 1.47094e+06 1.30045e+06 1.21785e+06 1.16718e+06 1.15101e+06 1.74784e+06 1.12132e+06 914105 910079 857193 1.20164e+06 830643 1.95979e+06 822892 1.42476e+06 2.25153e+06 1.19686e+06 819146 796134 976617 745014 724650 660952 820471 631099 527205 486067 468645 411629 1.21267e+06 367751 344643 329698 287364 254584 225619 225139 223715 214910 261221 207440 197048 180935 160503
threshold=1.0000000180025095e-35 269.52000000000004 1.0000000180025095e-35 1.0000000180025095e-35 356.22500000000008 1.0000000180025095e-35 179.51250000000002 1.0000000180025095e-35 407.65000000000003 256.62500000000006 1.0000000180025095e-35 214.7416666666667 1.0000000180025095e-35 813.45000000000016 1.0000000180025095e-35 1.0000000180025095e-35 355.75000000000006 221.75000000000003 1309.4500000000003 1.0000000180025095e-35 1.0000000180025095e-35 1.0000000180025095e-35 403.40000000000003 283.25000000000006 588.85000000000002 1.0000000180025095e-35 133.45000000000002 1.0000000180025095e-35 262.35833333333341 130.25000000000003 373.25000000000006 281.71250000000003 309.27500000000003 385.45000000000005 379.75000000000006 428.75000000000006 1.0000000180025095e-35 1.0000000180025095e-35 648.85000000000002 1.0000000180025095e-35 1.0000000180025095e-35 401.08333333333343 445.35000000000008 362.55000000000007 235.55000000000004 364.85833333333341 173.15000000000001 71.300000000000026 105.95000000000002 405.75000000000006 83.350000000000009 275.60000000000008 1.0000000180025095e-35 124.75000000000001 1.0000000180025095e-35 329.30000000000001 373.83333333333337 1009.4000000000001 1067.0500000000002 295.35833333333341 258.95000000000005 1.0000000180025095e-35
decision_type=2 2 2 2 2 2 2 2 2 2 2 2 2 2 2 2 2 2 2 2 2 2 2 2 2 2 2 2 2 2 2 2 2 2 2 2 2 2 2 2 2 2 2 2 2 2 2 2 2 2 2 2 2 2 2 2 2 2 2 2 2 2
left_child=2 6 3 -1 10 11 26 8 16 24 14 52 13 -9 15 18 17 29 22 21 35 -7 23 31 48 40 50 28 46 30 -8 -3 34 38 -33 55 45 56 -34 -28 41 61 -22 -15 -31 -13 47 -19 -4 -27 -2 -48 -5 -52 58 -6 57 -38 -26 -21 -54 -11
right_child=1 4 9 5 20 19 7 12 -10 25 -12 36 -14 43 -16 -17 -18 27 -20 59 42 -23 -24 -25 54 49 39 -29 -30 44 -32 32 33 -35 -36 -37 37 -39 -40 -41 -42 -43 -44 -45 -46 -47 51 -49 -50 -51 53 -53 60 -55 -56 -57 -58 -59 -60 -61 -62 -63
leaf_value=-4.9777173998167825 2.0046339421045212 40.407501746868263 -3.2904489318529766 -2.5551697513761478 42.38872286652866 -5.5522073120575088 19.917360229492189 39.128196745652417 -4.0464818823337554 6.7620170034903886 20.653878977719476 -0.18333534366828352 42.739090574941329 15.064631359393781 47.116641678348664 16.028436034066338 34.016088285900302 25.311699275787063 46.608867081351903 0.43460259543997903 48.707339322889176 0.72735845041863723 23.848524979182656 46.250092438289101 4.1426166935679838 11.313157965290932 11.901871700286867 12.571631595066616 34.075575650822032 21.603305605295546 0.96228611946105969 30.800445356601621 35.428705167770389 50.197834444046023 16.550075652288353 48.759476198468889 0.82065081209030211 9.0372057499708962 23.476096803491767 21.054501502854485 14.641019021442958 11.543825305938721 59.731371612548834 25.862470827102666 12.079261607215519 2.1890518288897431 27.828023956440116 9.5505008635313615 1.3780574472468408 19.294021685918175 7.5109746193885805 19.92053852081299 -1.6755313135023358 13.643122749328615 9.8773535666258443 36.419988327026367 3.8215800873877472 3.5269586072365442 9.1646712842194926 6.3664783636728925 1.1041694903886448 3.0589666813611984
leaf_weight=6948 21 29 51 573 73 856 25 26 20 342 34 847 31 26 31 21 21 26 23 42 37 81 28 28 194 31 95 21 22 37 30 41 32 20 23 56 347 54 22 28 35 100 20 20 21 276 27 23 244 24 60 20 158 20 23 20 129 120 23 21 93 32
leaf_count=6948 21 29 51 573 73 856 25 26 20 342 34 847 31 26 31 21 21 26 23 42 37 81 28 28 194 31 95 21 22 37 30 41 32 20 23 56 347 54 22 28 35 100 20 20 21 276 27 23 244 24 60 20 158 20 23 20 129 120 23 21 93 32
internal_value=-0.0600673 27.2411 -2.77517 -3.66195 38.204 -1.1204 17.7281 21.4787 17.9331 5.73353 33.1435 0.197046 31.5648 26.7537 34.5685 33.1116 19.5433 18.3373 34.5699 -4.54182 46.3597 -5.00936 33.3282 34.6894 2.63564 8.67213 11.0974 21.8791 23.5356 13.9804 9.57823 32.7511 31.1422 35.8669 25.6792 43.9819 1.2058 2.59845 30.5591 13.9854 8.01044 7.52084 52.5754 19.7593 18.1549 0.399727 21.1201 17.9136 0.57096 14.7957 7.58038 24.4631 -1.97349 9.04401 5.17348 41.1051 2.01507 1.51606 4.67491 2.41189 -0.645602 6.44518
internal_weight=12802 1158 11644 10545 538 3597 620 396 293 1099 332 2597 103 72 298 267 273 252 246 1000 206 937 223 195 535 564 224 139 118 113 55 167 138 74 64 149 1773 650 54 123 509 474 57 46 58 1123 96 49 295 55 101 47 824 80 240 93 596 467 217 63 251 374
internal_count=12802 1158 11644 10545 538 3597 620 396 293 1099 332 2597 103 72 298 267 273 252 246 1000 206 937 223 195 535 564 224 139 118 113 55 167 138 74 64 149 1773 650 54 123 509 474 57 46 58 1123 96 49 295 55 101 47 824 80 240 93 596 467 217 63 251 374
is_linear=0
shrinkage=0.05


Tree=21
num_leaves=63
num_cat=0
split_feature=25 7 36 36 2 37 36 38 37 24 5 11 24 6 36 36 29 40 13 4 12 36 37 8 10 40 36 37 37 36 10 28 12 37 2 36 4 36 11 24 23 36 36 40 36 13 36 37 21 23 40 36 18 40 37 36 36 8 21 2 29 12
split_gain=3.38947e+07 9.58194e+06 8.37584e+06 5.73987e+06 4.63202e+06 2.82615e+06 2.77791e+06 2.77066e+06 2.51657e+06 2.56622e+06 1.71215e+06 1.77888e+06 1.63152e+06 1.67386e+06 2.91002e+06 1.58586e+06 1.56484e+06 1.52099e+06 1.48427e+06 1.41851e+06 1.59709e+06 1.40332e+06 1.37392e+06 1.34174e+06 1.71458e+06 1.68446e+06 1.34715e+06 1.25104e+06 1.19707e+06 1.16732e+06 1.15777e+06 1.27585e+06 1.47884e+06 1.15225e+06 1.05032e+06 953413 934244 1.05833e+06 831578 813788 782809 765400 761767 756352 676891 672671 673518 642321 625071 624619 585994 574148 565420 611643 978690 583583 626344 547805 540707 538249 513894 485501
threshold=1.0000000180025095e-35 1.0000000180025095e-35 246.32500000000005 236.23333333333338 1.0000000180025095e-35 1.5000000000000002 215.85833333333338 1.0000000180025095e-35 2.5000000000000004 1.0000000180025095e-35 1.0000000180025095e-35 1.0000000180025095e-35 1.0000000180025095e-35 1.0000000180025095e-35 311.75833333333338 339.34166666666675 1.0000000180025095e-35 4.5000000000000009 1.0000000180025095e-35 1.0000000180025095e-35 1.0000000180025095e-35 354.05000000000007 3.5000000000000004 1.0000000180025095e-35 1.0000000180025095e-35 4.5000000000000009 350.67500000000001 3.5000000000000004 2.5000000000000004 195.71666666666673 1.0000000180025095e-35 1.0000000180025095e-35 1.0000000180025095e-35 3.5000000000000004 1.0000000180025095e-35 308.02500000000003 1.0000000180025095e-35 262.35833333333341 1.0000000180025095e-35 1.0000000180025095e-35 1.0000000180025095e-35 331.58333333333343 316.95000000000005 5.5000000000000009 318.41250000000008 1.0000000180025095e-35 467.15000000000003 1.5000000000000002 1.0000000180025095e-35 1.0000000180025095e-35 5.5000000000000009 255.82916666666668 1.0000000180025095e-35 5.5000000000000009 2.5000000000000004 362.92500000000007 386.78333333333336 1.0000000180025095e-35 1.0000000180025095e-35 1.0000000180025095e-35 1.0000000180025095e-35 1.0000000180025095e-35
decision_type=2 2 2 2 2 2 2 2 2 2 2 2 2 2 2 2 2 2 2 2 2 2 2 2 2 2 2 2 2 2 2 2 2 2 2 2 2 2 2 2 2 2 2 2 2 2 2 2 2 2 2 2 2 2 2 2 2 2 2 2 2 2
left_child=1 3 29 34 5 38 59 10 15 17 11 12 13 14 28 -4 19 -10 41 20 23 -21 42 24 25 26 -16 -13 57 -2 31 32 33 36 40 -29 37 -30 45 48 -1 -19 -8 -18 -6 46 -5 -46 50 -31 -24 -35 53 55 -55 -49 -57 58 61 -3 -15 -7
right_child=2 6 8 4 44 7 22 -9 9 -11 -12 27 -14 60 16 -17 43 18 -20 21 -22 -23 39 -25 -26 -27 -28 35 30 49 -32 -33 -34 51 -36 -37 -38 -39 -40 -41 -42 -43 -44 -45 47 -47 -48 52 -50 -51 -52 -53 -54 54 -56 56 -58 -59 -60 -61 -62 -63
leaf_value=-3.1113218002562788 0.92121670326700922 -0.75930122046615367 4.8474923946011454 -1.953539896109685 2.2227917776224606 3.9139003066789537 2.1339476132691977 -2.3608465175521283 12.366215945953547 4.2837643895663469 -2.0060741422738841 -3.5836473034979477 -1.0981772101366962 0.40577495247845485 15.533250404440839 11.811355611604419 -3.8614286143605305 19.347332546859981 8.6484801925145671 11.840553710937501 3.6079134611051473 -2.9342372413476312 10.012472210301983 5.879242421899523 6.357679371677694 12.201297393866948 31.617124419212345 -0.53336971324423088 4.0879815275328495 4.8527670900917919 -1.4967948859078544 -0.71713650961007391 -0.085802670412285398 11.217208694985935 -0.18985412700776882 11.16885428088052 -2.2174987030029296 16.668813209235669 -5.7553928454168917 0.47190856199998121 -0.6281968718836074 27.605609458532086 5.8772549957711746 6.3957130867987875 2.0683866118336773 -4.9175430783358491 0.72282999890316901 2.0486151702702045 13.631822146177292 13.341993878781796 2.1312547834480511 22.652166677557904 -0.23317702956821607 6.6170782275059654 19.503786766529085 16.257758399418421 5.72304850442465 -4.8636854271094005 -2.3899374561925089 6.4765160935265689 -6.0667435116238071 -2.2935029574802943
leaf_weight=3839 270 313 155 1773 324 126 279 766 129 51 364 229 270 207 23 173 41 100 26 25 67 45 77 56 42 56 30 46 35 223 70 56 43 21 389 28 20 32 145 26 346 39 265 32 91 165 271 52 70 24 34 23 23 34 26 21 43 54 93 28 36 42
leaf_count=3839 270 313 155 1773 324 126 279 766 129 51 364 229 270 207 23 173 41 100 26 25 67 45 77 56 42 56 30 46 35 223 70 56 43 21 389 28 20 32 145 26 346 39 265 32 91 165 271 52 70 24 34 23 23 34 26 21 43 54 93 28 36 42
internal_value=-0.0570639 -0.880665 7.97963 -1.34342 -0.319065 -0.792632 3.57733 0.23081 11.6562 14.6375 1.12828 1.74565 2.43264 3.18035 4.05945 8.52051 7.28383 16.4335 19.6134 8.69481 10.3177 2.34247 5.27665 12.4894 14.9409 18.2482 24.6373 -1.7573 1.87315 3.19362 4.13356 5.84715 7.95979 10.6007 -2.67503 3.8945 7.26588 10.0967 -2.08737 8.74358 -2.90603 21.6644 3.95743 0.634853 3.79341 -1.8466 -1.5987 5.54818 9.93177 5.67763 7.59841 17.1946 7.13944 8.1029 12.2013 5.98303 9.17975 -0.279615 0.668813 -0.165158 -0.553117 2.36205
internal_weight=12802 11612 1190 10520 5946 5332 1092 2978 673 345 2212 1848 1545 1275 1032 328 417 294 165 344 274 70 751 207 151 109 53 303 615 517 300 230 174 131 4574 74 87 67 2354 207 4185 139 544 73 614 2209 2044 290 181 247 111 44 199 176 60 116 64 315 261 341 243 168
internal_count=12802 11612 1190 10520 5946 5332 1092 2978 673 345 2212 1848 1545 1275 1032 328 417 294 165 344 274 70 751 207 151 109 53 303 615 517 300 230 174 131 4574 74 87 67 2354 207 4185 139 544 73 614 2209 2044 290 181 247 111 44 199 176 60 116 64 315 261 341 243 168
is_linear=0
shrinkage=0.05


Tree=22
num_leaves=63
num_cat=0
split_feature=9 36 25 7 36 2 36 21 23 32 36 33 34 32 7 36 2 13 25 35 33 33 23 36 34 35 36 36 7 32 35 36 36 36 36 36 23 36 23 36 36 2 36 33 32 32 35 36 32 32 36 36 23 35 35 36 35 2 32 32 32 32
split_gain=3.39682e+08 4.22231e+07 2.87202e+07 9.34236e+06 7.95464e+06 6.03259e+06 5.40628e+06 5.02592e+06 4.76562e+06 3.78786e+06 3.14386e+06 2.03589e+06 2.17723e+06 1.70627e+06 1.59652e+06 1.36021e+06 1.28709e+06 1.20249e+06 1.35788e+06 1.99425e+06 1.2799e+06 2.50799e+06 1.16395e+06 1.03143e+06 1.02233e+06 945035 882901 818031 776650 738680 1.80122e+06 667206 861268 661531 754468 594002 589573 571107 569032 541122 534500 490750 615794 481240 472205 437996 382597 319657 301154 300074 298632 297733 275379 269524 263812 238504 225973 203097 201814 198863 356086 185150
threshold=1.0000000180025095e-35 269.52000000000004 1.0000000180025095e-35 1.0000000180025095e-35 356.22500000000008 1.0000000180025095e-35 179.51250000000002 1.0000000180025095e-35 1.0000000180025095e-35 407.65000000000003 256.62500000000006 292.00000000000006 216.95000000000002 355.75000000000006 1.0000000180025095e-35 221.75000000000003 1.0000000180025095e-35 1.0000000180025095e-35 1.0000000180025095e-35 873.05000000000007 327.85000000000008 409.85000000000008 1.0000000180025095e-35 246.32500000000005 64.750000000000014 588.85000000000002 282.87083333333339 133.45000000000002 1.0000000180025095e-35 130.25000000000003 385.75000000000006 263.54166666666674 242.6166666666667 377.65000000000009 391.65000000000003 290.52500000000003 1.0000000180025095e-35 428.75000000000006 1.0000000180025095e-35 327.25000000000006 215.85833333333338 1.0000000180025095e-35 401.08333333333343 284.85000000000008 173.15000000000001 235.55000000000004 1099.0500000000002 105.95000000000002 183.65000000000001 405.75000000000006 328.7166666666667 83.350000000000009 1.0000000180025095e-35 583.75000000000011 521.55000000000007 227.41666666666669 654.95000000000016 1.0000000180025095e-35 124.75000000000001 252.95000000000002 167.95000000000002 258.95000000000005
decision_type=2 2 2 2 2 2 2 2 2 2 2 2 2 2 2 2 2 2 2 2 2 2 2 2 2 2 2 2 2 2 2 2 2 2 2 2 2 2 2 2 2 2 2 2 2 2 2 2 2 2 2 2 2 2 2 2 2 2 2 2 2 2
left_child=2 6 3 5 14 8 27 9 53 13 25 12 -9 15 17 29 23 18 19 26 46 -22 40 52 -13 47 -3 51 36 30 -8 32 44 43 -35 -28 41 -36 -25 61 -7 42 -12 -6 -17 -31 -21 -4 -37 -30 -18 -2 -5 -1 -34 -24 -50 -27 -53 60 -29 -10
right_child=1 4 10 16 33 22 7 11 39 -11 28 24 -14 -15 -16 31 50 -19 -20 20 21 -23 55 38 -26 57 35 59 49 45 -32 -33 54 34 37 48 -38 -39 -40 -41 -42 -43 -44 -45 -46 -47 -48 -49 56 -51 -52 58 -54 -55 -56 -57 -58 -59 -60 -61 -62 -63
leaf_value=-4.5180845720891103 2.0374989350636801 39.974971177842889 -3.1719873267645933 -1.6258585427640853 43.223125375283729 -2.4107059871558758 18.107683154514856 45.272839417765219 -2.2053190894257697 -3.9536302161216739 5.1709035648259132 30.011638809204101 24.421508643740701 32.282123919895717 44.247859816117725 19.385927146247454 5.3612929869563359 39.18123536951402 37.861228532057545 12.016559860923074 42.109353208541876 19.913855078560967 2.7696408161410577 1.5739636817265767 15.85066273395832 4.179816096536987 22.083255665302278 12.498156112670898 10.06875724946299 20.583755343669171 0.0078939190617314092 28.748649237372661 19.553085692032525 54.643513412475592 40.513293403491645 35.301745897180894 13.054981563593211 47.369986666165865 7.3991852344378195 1.2670298128910684 0.26412307202156587 12.460540541735563 9.7733946551447346 34.443857814647536 28.743566813835731 11.542915924390158 20.760671487347835 1.1805546205563349 26.222935186113631 17.51571240822474 12.260065541948592 7.2770291741689057 3.3496003484725954 -5.1551827568319908 12.832708756327628 8.9157528685896033 32.994556512615894 9.1210316201914914 13.076653704643249 8.8460837554931651 19.105952320780073 -0.42329942066076021
leaf_weight=5325 21 27 51 381 37 272 28 31 401 20 346 25 21 21 22 28 62 34 39 22 20 35 27 473 26 217 20 75 31 37 27 22 23 20 57 34 38 65 46 232 596 33 92 27 26 21 29 244 28 24 21 60 30 2412 40 38 22 23 20 20 28 229
leaf_count=5325 21 27 51 381 37 272 28 31 401 20 346 25 21 21 22 28 62 34 39 22 20 35 27 473 26 217 20 75 31 37 27 22 23 20 57 34 38 65 46 232 596 33 92 27 26 21 29 244 28 24 21 60 30 2412 40 38 22 23 20 20 28 229
internal_value=-0.0542107 25.7722 -2.62266 -3.42431 36.0215 -3.90948 16.8784 20.39 -4.32381 17.0502 5.06931 29.8905 36.8521 18.589 31.2324 17.4479 1.14091 30.3088 29.2158 27.7931 22.6943 27.9849 -0.0907993 0.608477 22.7923 2.32353 31.9189 10.6705 7.6739 13.3737 9.22233 20.76 19.2578 43.7399 45.6421 29.8274 7.06399 44.1664 2.09026 -0.797352 -0.574072 6.58064 6.13764 39.5194 23.8915 17.3103 16.9887 0.428081 31.6712 13.3183 7.10677 7.33606 -1.26269 -4.7167 15.2862 6.36275 29.2024 4.65335 8.72694 13.4085 14.2945 -1.55757
internal_weight=12802 1158 11644 10545 538 9532 620 396 8599 293 1099 103 52 273 332 252 1013 310 276 237 106 55 933 930 51 535 131 224 564 113 55 139 117 206 142 104 509 122 519 862 868 471 438 64 54 58 51 295 84 55 83 101 411 7737 63 65 50 240 80 123 103 630
internal_count=12802 1158 11644 10545 538 9532 620 396 8599 293 1099 103 52 273 332 252 1013 310 276 237 106 55 933 930 51 535 131 224 564 113 55 139 117 206 142 104 509 122 519 862 868 471 438 64 54 58 51 295 84 55 83 101 411 7737 63 65 50 240 80 123 103 630
is_linear=0
shrinkage=0.05


Tree=23
num_leaves=63
num_cat=0
split_feature=9 36 25 7 36 2 31 21 36 31 36 36 12 29 35 31 31 36 21 34 36 40 35 2 31 33 36 35 40 35 7 40 36 2 36 33 31 33 35 31 36 35 38 36 31 31 31 35 31 31 36 35 36 11 31 21 35 36 21 36 35 35
split_gain=3.06563e+08 3.81063e+07 2.592e+07 8.43148e+06 7.17906e+06 5.44441e+06 5.21704e+06 3.52108e+06 2.83733e+06 2.75531e+06 2.50395e+06 2.00032e+06 1.9846e+06 1.84137e+06 1.73619e+06 1.32633e+06 1.31537e+06 1.43493e+06 1.36708e+06 2.00253e+06 2.09734e+06 1.19339e+06 1.57282e+06 1.1616e+06 1.0892e+06 1.06216e+06 930867 852894 792073 710343 700926 575865 567399 539006 656132 496477 1.03117e+06 998456 1.76507e+06 914958 585809 595637 433786 499930 387323 346846 327249 698425 282282 346872 269515 260440 238651 235391 190654 190485 189574 170561 164080 160851 161013 154231
threshold=1.0000000180025095e-35 269.52000000000004 1.0000000180025095e-35 1.0000000180025095e-35 356.22500000000008 1.0000000180025095e-35 223.55000000000004 1.0000000180025095e-35 256.62500000000006 390.80000000000001 209.31250000000003 144.53750000000005 1.0000000180025095e-35 1.0000000180025095e-35 1309.4500000000003 363.75000000000006 412.55000000000007 318.41250000000008 1.0000000180025095e-35 262.00000000000006 324.15000000000009 4.5000000000000009 639.80000000000007 1.0000000180025095e-35 437.35000000000008 237.55000000000004 246.32500000000005 588.85000000000002 4.5000000000000009 1000.2500000000001 1.0000000180025095e-35 1.5000000000000002 215.85833333333338 1.0000000180025095e-35 401.08333333333343 320.95000000000005 100.25000000000001 193.85000000000005 623.70000000000005 98.550000000000011 195.71666666666673 452.25000000000006 1.0000000180025095e-35 221.75000000000003 79.15000000000002 107.15000000000002 388.75000000000006 1077.8500000000001 416.15000000000003 83.050000000000011 328.7166666666667 861.75000000000011 342.55000000000007 1.0000000180025095e-35 214.85000000000005 1.0000000180025095e-35 856.40000000000009 369.95000000000005 1.0000000180025095e-35 373.83333333333337 1009.4000000000001 953.35000000000014
decision_type=2 2 2 2 2 2 2 2 2 2 2 2 2 2 2 2 2 2 2 2 2 2 2 2 2 2 2 2 2 2 2 2 2 2 2 2 2 2 2 2 2 2 2 2 2 2 2 2 2 2 2 2 2 2 2 2 2 2 2 2 2 2
left_child=2 6 3 5 12 53 11 15 27 10 -9 45 13 14 16 42 18 -18 19 20 21 22 -3 26 31 -23 55 44 -22 35 33 -6 58 34 54 37 -37 38 39 -13 -41 -42 43 -8 -4 -2 47 -33 49 -29 -25 -26 -32 -1 56 -5 -10 -34 -7 60 -28 -51
right_child=1 4 8 23 24 32 7 9 30 -11 -12 29 -14 -15 -16 -17 17 -19 -20 -21 28 25 -24 50 51 -27 59 48 -30 -31 52 46 57 -35 -36 36 -38 -39 -40 40 41 -43 -44 -45 -46 -47 -48 -49 -50 61 -52 -53 -54 -55 -56 -57 -58 -59 -60 -61 -62 -63
leaf_value=-4.0206361791627279 4.6210345283883525 26.748735668041089 -3.863630470501052 -1.8907828735373275 44.868036024911063 -2.6965667893335521 16.500644654196662 13.885415036102822 5.2676858202616375 44.867222222037938 34.023704008622609 6.780124091534387 18.22607977250043 17.98856597709656 44.201732437698929 7.7063309735265282 44.226757608760494 27.254021682739257 17.196926645799117 44.163926617995557 44.703047398158482 23.828399778093612 8.5039517130170559 5.0932284118667726 43.816277503967285 37.485291453202564 0.75397377976119295 9.3112486986013572 30.799680376052859 23.588091359355232 10.162697511400495 38.421938175625272 0.32332131999359287 12.698536073820932 9.8662538909912119 18.413124067133122 4.4382564140088636 22.436264729499818 2.4746549145928749 14.445417087905263 17.093626739428597 28.272125712308021 12.962533415853978 23.914319417436246 1.1753325722306966 9.8703421306610117 40.225425739777393 26.768400135040281 9.9582379295712435 2.346086287251834 11.647062138148717 49.60629949262065 17.009436114728452 -4.8944067521630048 5.7754879579275009 0.47668269601960978 -0.62767652893066417 2.3046341568445992 -0.17692980720808632 3.485318459379942 2.9273890797782136 5.6159512172142669
leaf_weight=7743 61 27 45 291 28 202 37 29 30 23 33 21 34 25 27 29 33 20 22 23 21 35 21 62 52 24 259 26 20 22 35 36 497 35 100 22 33 40 29 49 26 22 20 59 250 65 39 20 21 145 21 31 20 856 319 120 25 139 95 133 127 48
leaf_count=7743 61 27 45 291 28 202 37 29 30 23 33 21 34 25 27 29 33 20 22 23 21 35 21 62 52 24 259 26 20 22 35 36 497 35 100 22 33 40 29 49 26 22 20 59 250 65 39 20 21 145 21 31 20 856 319 120 25 139 95 133 127 48
internal_value=-0.0515002 24.4836 -2.49152 -3.2531 34.2205 -3.714 16.0345 22.007 4.81584 30.0871 24.6042 12.5123 29.6708 30.9766 32.166 17.2704 30.845 37.822 28.929 30.4384 28.3054 24.6209 18.7666 1.08387 41.5529 29.3837 0.578053 2.20735 37.9209 14.9861 7.29021 38.5663 -0.0862594 6.71079 6.26866 14.2041 10.0282 15.4323 13.5265 16.2426 18.2912 22.2171 19.6614 21.057 0.406677 7.32901 36.7089 34.26 4.42068 3.88968 6.75143 45.9788 12.6524 -4.10762 5.30674 -1.19955 2.58798 0.756344 -1.89062 1.98575 1.46906 3.15932
internal_weight=12802 1158 11644 10545 538 9532 620 230 1099 85 62 390 332 298 273 145 246 53 193 171 148 107 48 1013 206 59 930 535 41 264 564 123 933 509 474 242 55 187 147 118 97 48 116 96 295 126 95 56 240 219 83 83 55 8599 374 411 55 636 297 519 386 193
internal_count=12802 1158 11644 10545 538 9532 620 230 1099 85 62 390 332 298 273 145 246 53 193 171 148 107 48 1013 206 59 930 535 41 264 564 123 933 509 474 242 55 187 147 118 97 48 116 96 295 126 95 56 240 219 83 83 55 8599 374 411 55 636 297 519 386 193
is_linear=0
shrinkage=0.05


Tree=24
num_leaves=63
num_cat=0
split_feature=9 36 25 39 36 31 21 36 31 36 7 32 33 29 31 2 23 21 35 21 31 23 2 32 32 34 36 40 40 39 31 31 32 39 32 31 36 35 35 7 32 23 23 31 35 36 36 36 36 32 31 36 33 36 2 31 32 31 31 23 36 32
split_gain=2.76673e+08 3.4391e+07 2.33928e+07 9.81228e+06 6.4791e+06 4.70838e+06 3.17777e+06 2.56069e+06 2.48666e+06 2.25981e+06 2.25695e+06 2.19097e+06 1.92858e+06 1.80354e+06 1.81065e+06 1.63466e+06 3.32636e+06 1.52786e+06 1.51954e+06 2.13691e+06 1.19701e+06 1.05623e+06 1.04834e+06 1.04552e+06 1.17896e+06 1.01874e+06 1.23062e+06 1.17496e+06 1.08537e+06 995138 1.31734e+06 962731 1.99054e+06 953826 942686 918620 840108 769737 732835 632586 581099 531451 511760 504118 500087 487890 464733 440136 407134 370885 349559 329620 323528 675429 288016 270657 260697 254759 313052 249318 243238 235279
threshold=1.0000000180025095e-35 269.52000000000004 1.0000000180025095e-35 1.0000000180025095e-35 356.22500000000008 223.55000000000004 1.0000000180025095e-35 256.62500000000006 390.80000000000001 209.31250000000003 1.0000000180025095e-35 181.85000000000005 359.45000000000005 1.0000000180025095e-35 412.55000000000007 1.0000000180025095e-35 1.0000000180025095e-35 1.0000000180025095e-35 1257.3500000000001 1.0000000180025095e-35 363.75000000000006 1.0000000180025095e-35 1.0000000180025095e-35 407.65000000000003 360.55000000000007 262.00000000000006 311.75833333333338 4.5000000000000009 4.5000000000000009 1.0000000180025095e-35 394.15000000000003 148.75000000000003 293.95000000000005 1.0000000180025095e-35 225.35000000000005 96.850000000000009 246.32500000000005 588.85000000000002 614.25000000000011 1.0000000180025095e-35 445.35000000000008 1.0000000180025095e-35 1.0000000180025095e-35 193.35000000000005 531.55000000000007 327.25000000000006 286.35833333333341 245.32500000000002 359.37500000000006 446.75000000000006 79.15000000000002 221.75000000000003 320.95000000000005 150.0291666666667 1.0000000180025095e-35 469.35000000000008 405.75000000000006 416.15000000000003 83.050000000000011 1.0000000180025095e-35 328.7166666666667 305.05000000000007
decision_type=2 2 2 2 2 2 2 2 2 2 2 2 2 2 2 2 2 2 2 2 2 2 2 2 2 2 2 2 2 2 2 2 2 2 2 2 2 2 2 2 2 2 2 2 2 2 2 2 2 2 2 2 2 2 2 2 2 2 2 2 2 2
left_child=2 5 3 -1 13 11 20 37 9 -8 15 35 23 14 18 16 -5 34 19 25 33 47 36 24 31 26 27 38 -28 30 -6 32 -13 44 -16 -2 59 50 -3 41 -31 48 -38 -33 51 -18 -29 -17 49 54 -4 -7 53 -37 -9 -32 -41 58 -39 -12 -24 -60
right_child=1 4 7 10 29 6 8 39 -10 -11 22 12 -14 -15 17 21 45 -19 -20 -21 -22 -23 60 -25 -26 -27 28 46 -30 40 55 43 -34 -35 -36 52 42 57 -40 56 -42 -43 -44 -45 -46 -47 -48 -49 -50 -51 -52 -53 -54 -55 -56 -57 -58 -59 61 -61 -62 -63
leaf_value=-4.1878612070297745 2.9050036109780724 22.705729784284319 -3.6704488907919988 -5.0460496643801314 30.609571616503658 13.454659190773965 13.191144374321247 4.8811216854429871 42.623861408233644 32.322518909338747 -1.4851345755736738 17.754592746303928 29.175566597779593 16.044384815011707 37.418718437048106 -1.8640409478586015 -1.2749140796438969 46.560270245869958 39.376558320418653 11.798079584042233 7.3210144634904539 6.0657500002934386 4.8385669418400337 5.197605427673885 27.013005542755128 37.754206258600412 38.077556347846986 32.809391842717709 25.65300481258295 41.382232315475875 38.665861856937411 23.655859881180987 -1.2080542297363284 26.716118420873372 23.175568199157716 8.3417020785181162 1.3968341084413751 8.8456862596365138 9.3323710346221933 8.9909257304283887 51.960548133850104 12.063276755182367 6.9211346999458643 13.49375810208528 10.603248603854862 1.4071582094027564 23.292164139912046 0.41678968737516126 7.8195406656373638 0.099353427500338168 1.1165659582823515 21.316198947429658 5.3097340473761925 15.578493834499803 10.338701543984591 44.08509798049927 15.932095200816789 9.4603259132021957 1.7573110261932017 3.2490390968322758 11.064709082103912 5.4511530656080982
leaf_weight=6948 55 21 45 789 49 20 29 231 23 33 381 31 24 28 26 365 630 24 23 24 29 65 62 28 20 22 32 23 39 37 64 26 25 28 21 76 473 26 20 31 20 38 46 23 28 232 29 503 176 37 250 40 26 56 27 36 24 21 128 30 21 65
leaf_count=6948 55 21 45 789 49 20 29 231 23 33 381 31 24 28 26 365 630 24 23 24 29 65 62 28 20 22 32 23 39 37 64 26 25 28 21 76 473 26 20 31 20 38 46 23 28 232 29 503 176 37 250 40 26 56 27 36 24 21 128 30 21 65
internal_value=-0.0489252 23.2594 -2.36695 -3.09044 32.5094 15.2328 20.9066 4.57505 28.5828 23.374 -0.97066 11.8867 15.9978 28.1873 29.3057 -1.75485 -2.70022 36.2961 27.1756 25.8393 16.4068 -0.0819464 1.02967 13.9307 15.8869 27.6511 26.2958 22.5114 31.2528 39.4752 37.3258 13.7676 9.28913 18.6783 31.0548 8.47039 0.54915 2.09698 16.1821 6.9257 45.0939 6.37525 1.88646 18.8859 16.1208 -0.553057 27.5017 -0.542315 5.91635 4.78088 0.386343 18.6957 10.4077 11.4119 5.45226 40.6168 12.0198 4.19965 3.6952 -1.13957 6.41386 3.00135
internal_weight=12802 1158 11644 10545 538 620 230 1099 85 62 3597 390 177 332 304 2584 1651 71 233 210 145 933 1013 153 125 186 164 93 71 206 149 105 56 116 47 213 930 535 41 564 57 509 519 49 88 862 52 868 471 295 295 60 158 132 258 100 55 240 219 411 83 193
internal_count=12802 1158 11644 10545 538 620 230 1099 85 62 3597 390 177 332 304 2584 1651 71 233 210 145 933 1013 153 125 186 164 93 71 206 149 105 56 116 47 213 930 535 41 564 57 509 519 49 88 862 52 868 471 295 295 60 158 132 258 100 55 240 219 411 83 193
is_linear=0
shrinkage=0.05


Tree=25
num_leaves=63
num_cat=0
split_feature=9 36 25 39 36 36 21 11 34 36 23 39 32 33 39 32 36 36 33 32 32 7 33 40 36 34 32 33 33 39 40 7 36 40 36 36 23 23 32 36 23 40 32 7 32 33 36 36 33 36 23 23 32 36 32 36 36 36 33 21 36 33
split_gain=2.72572e+08 2.61824e+07 2.09216e+07 8.99251e+06 5.54741e+06 5.03422e+06 6.33073e+06 3.96139e+06 2.56266e+06 2.51072e+06 2.34603e+06 1.81286e+06 1.71063e+06 1.69013e+06 1.49696e+06 1.34557e+06 1.3327e+06 1.26985e+06 1.05134e+06 1.43253e+06 914559 837739 708156 1.64619e+06 1.51074e+06 1.20604e+06 683181 633757 791518 631252 610893 600163 598375 572094 571622 570698 677694 545566 528316 985261 447175 432351 504613 422609 408509 398405 336836 331936 321614 317221 316811 302946 302278 296654 288241 229375 213308 191392 190534 186048 183209 181692
threshold=1.0000000180025095e-35 263.54166666666674 1.0000000180025095e-35 1.0000000180025095e-35 377.65000000000009 178.41250000000005 1.0000000180025095e-35 1.0000000180025095e-35 445.90000000000003 281.71250000000003 1.0000000180025095e-35 1.0000000180025095e-35 416.25000000000006 458.60000000000008 1.0000000180025095e-35 171.65000000000001 246.32500000000005 327.25000000000006 185.75000000000003 429.25000000000006 407.65000000000003 1.0000000180025095e-35 280.95000000000005 5.5000000000000009 221.75000000000003 119.65000000000002 73.15000000000002 299.85000000000008 396.05000000000007 1.0000000180025095e-35 5.5000000000000009 1.0000000180025095e-35 192.87500000000003 4.5000000000000009 239.38333333333335 279.31666666666672 1.0000000180025095e-35 1.0000000180025095e-35 99.800000000000026 315.3250000000001 1.0000000180025095e-35 2.5000000000000004 345.15000000000003 1.0000000180025095e-35 252.95000000000002 352.55000000000007 129.42000000000004 359.37500000000006 299.85000000000008 120.62500000000001 1.0000000180025095e-35 1.0000000180025095e-35 192.55000000000004 384.55000000000007 448.55000000000007 334.51666666666671 388.85000000000008 295.35833333333341 458.60000000000008 1.0000000180025095e-35 306.96250000000003 134.50000000000003
decision_type=2 2 2 2 2 2 2 2 2 2 2 2 2 2 2 2 2 2 2 2 2 2 2 2 2 2 2 2 2 2 2 2 2 2 2 2 2 2 2 2 2 2 2 2 2 2 2 2 2 2 2 2 2 2 2 2 2 2 2 2 2 2
left_child=2 5 3 -1 8 14 10 16 11 32 22 13 15 18 49 -8 46 20 19 38 35 37 23 25 -25 26 -7 -20 -29 41 -24 40 44 34 -28 -13 -37 -9 55 -40 47 -6 -43 53 -4 -31 -5 58 -17 -2 56 54 61 -18 -34 -3 -45 -23 -11 -48 -52 -51
right_child=1 4 9 7 29 6 12 21 -10 31 -12 17 -14 -15 -16 48 43 -19 27 -21 -22 57 30 24 -26 -27 33 28 -30 45 -32 -33 51 -35 -36 36 -38 -39 39 -41 -42 42 -44 50 -46 -47 59 -49 -50 52 60 -53 -54 -55 -56 -57 -58 -59 -60 -61 -62 -63
leaf_value=-3.9814651145808875 4.5661465068444098 23.314193598429362 -0.2539997463602589 -3.085563020376449 41.865375025132124 19.623198406512923 35.46987401522123 -4.2926688600203091 10.466342287063599 4.388207040798096 30.253491179148359 40.517911047935485 41.497021942138673 40.120486397743228 18.54603022776152 17.576863818902236 0.019958487202260095 40.807610054016116 13.427113353729249 16.706293247364187 22.959896176656088 -0.21212773058149548 13.504609298706056 14.948421886563303 31.174646588472218 1.4569183858958157 19.062137965361277 29.764039644987687 16.163509001731875 49.398942642211921 1.6726032352447513 13.808126853592695 3.5547306706042345 5.4604189285865203 8.5851186503534738 26.537228502167597 37.839441363016768 0.046972042151219862 37.910793541573192 26.372014888557228 12.47812874932443 38.217263337677601 30.128348442815962 1.3446376797297728 5.696405344298392 39.418902282714846 -1.2943576533092382 7.8672863921453784 25.8962207090287 11.681522903722875 3.5787458847308984 8.5050357226667739 3.8807889743284747 2.1095677032831825 -2.3528354276310313 29.889555867513021 4.002171888727891 5.2442548694014555 9.2080102257106624 0.17560090702151815 9.799283739328386 6.3608220696449287
leaf_weight=6953 58 36 229 188 34 39 26 870 20 189 24 20 25 20 38 26 723 40 25 27 30 45 24 32 26 22 30 23 20 20 20 32 336 26 23 36 21 79 37 37 31 51 31 368 33 20 599 172 21 68 29 29 22 222 22 21 95 25 23 336 20 21
leaf_count=6953 58 36 229 188 34 39 26 870 20 189 24 20 25 20 38 26 723 40 25 27 30 45 24 32 26 22 30 23 20 20 20 32 336 26 23 36 21 79 37 37 31 51 31 368 33 20 599 172 21 68 29 29 22 222 22 21 95 25 23 336 20 21
internal_value=0.0352952 23.3689 -2.24839 -2.93132 30.9597 15.8048 19.3452 -0.902528 27.9255 4.32673 15.3428 28.814 30.2088 26.1888 9.57915 26.343 0.139981 33.207 24.956 27.1932 30.3656 -3.54205 13.8641 15.1391 22.2222 12.2046 14.2085 19.7577 23.4382 38.9926 8.12642 7.21031 2.34066 11.5354 14.5155 33.251 30.7012 -3.93141 29.3546 32.1414 6.70157 37.1248 35.1593 1.13765 0.495479 44.4089 -1.15441 6.23523 21.294 7.56293 2.29454 3.58985 9.12881 0.510851 3.1917 25.7367 1.88992 1.73658 4.91111 -0.766116 6.11774 10.4261
internal_weight=12788 1140 11648 10552 569 571 364 3599 413 1096 266 393 98 246 207 73 2580 147 226 158 107 1019 242 198 58 140 118 68 43 156 44 447 649 79 53 77 57 949 131 74 415 116 82 1457 262 40 1123 384 47 169 512 387 111 945 358 57 463 70 212 935 49 89
internal_count=12788 1140 11648 10552 569 571 364 3599 413 1096 266 393 98 246 207 73 2580 147 226 158 107 1019 242 198 58 140 118 68 43 156 44 447 649 79 53 77 57 949 131 74 415 116 82 1457 262 40 1123 384 47 169 512 387 111 945 358 57 463 70 212 935 49 89
is_linear=0
shrinkage=0.05


Tree=26
num_leaves=63
num_cat=0
split_feature=9 36 25 39 36 36 21 11 34 36 23 39 32 33 39 32 36 36 35 35 32 2 32 32 32 34 33 7 40 39 7 36 34 33 35 32 35 23 40 23 40 36 7 2 32 33 32 35 36 36 33 36 2 7 32 2 36 35 36 23 40 36
split_gain=2.45996e+08 2.36296e+07 1.88817e+07 8.11574e+06 5.00654e+06 4.54339e+06 5.71348e+06 3.57515e+06 2.3128e+06 2.26592e+06 2.11729e+06 1.63611e+06 1.54384e+06 1.52535e+06 1.35101e+06 1.21438e+06 1.20276e+06 1.14604e+06 995893 873057 825390 793516 724554 2.92545e+06 822103 1.27989e+06 805628 650223 595380 569704 541647 540033 538617 696085 509778 966828 1.40198e+06 476882 432495 403575 390197 455736 381404 615386 368679 359560 325328 316184 308573 299572 290256 286292 277025 288446 272806 272783 267730 235646 233607 214480 211944 193513
threshold=1.0000000180025095e-35 263.54166666666674 1.0000000180025095e-35 1.0000000180025095e-35 377.65000000000009 178.41250000000005 1.0000000180025095e-35 1.0000000180025095e-35 445.90000000000003 281.71250000000003 1.0000000180025095e-35 1.0000000180025095e-35 416.25000000000006 458.60000000000008 1.0000000180025095e-35 171.65000000000001 246.32500000000005 327.25000000000006 856.40000000000009 969.95000000000016 407.65000000000003 1.0000000180025095e-35 119.35000000000001 68.15000000000002 184.85000000000005 71.050000000000026 180.40000000000003 1.0000000180025095e-35 5.5000000000000009 1.0000000180025095e-35 1.0000000180025095e-35 192.87500000000003 262.00000000000006 265.65000000000003 680.80000000000007 174.95000000000002 359.15000000000009 1.0000000180025095e-35 2.5000000000000004 1.0000000180025095e-35 2.5000000000000004 422.01666666666671 1.0000000180025095e-35 1.0000000180025095e-35 252.95000000000002 352.55000000000007 351.00000000000006 623.70000000000005 113.62500000000001 359.37500000000006 299.85000000000008 120.62500000000001 1.0000000180025095e-35 1.0000000180025095e-35 192.55000000000004 1.0000000180025095e-35 384.55000000000007 1107.4500000000003 342.55000000000007 1.0000000180025095e-35 4.5000000000000009 283.94500000000005
decision_type=2 2 2 2 2 2 2 2 2 2 2 2 2 2 2 2 2 2 2 2 2 2 2 2 2 2 2 2 2 2 2 2 2 2 2 2 2 2 2 2 2 2 2 2 2 2 2 2 2 2 2 2 2 2 2 2 2 2 2 2 2 2
left_child=2 5 3 -1 8 14 10 16 11 31 22 13 15 18 51 -8 48 20 34 -20 32 27 23 60 -24 26 28 37 38 40 39 44 33 -13 35 36 -3 -9 -26 49 -6 -42 56 59 -4 -31 -21 -37 -5 55 -17 -2 53 57 -53 -11 -18 -33 -36 -44 -7 -23
right_child=1 4 9 7 29 6 12 21 -10 30 -12 17 -14 -15 -16 50 42 -19 19 46 -22 61 24 -25 25 -27 -28 -29 -30 45 -32 52 -34 -35 58 47 -38 -39 -40 -41 41 -43 43 -45 -46 -47 -48 -49 -50 -51 -52 54 -54 -55 -56 -57 -58 -59 -60 -61 -62 -63
leaf_value=-3.7823919041421146 4.3378391831085601 23.327776237156083 -0.24129976119406879 -3.3483628105761398 39.772106754078585 19.175293121337891 33.696380600562463 -4.5423515456063406 9.9430256757140167 3.980371410693671 28.740816720326741 22.142097968404943 39.422171203613289 38.114461984634396 17.618728695417705 16.698020817683297 0.018960562442270925 38.76722948074341 10.001729907989503 17.955869172016779 21.811901111602783 -1.0605783345564357 21.574896649310464 -3.1001578394571943 15.458306584358215 2.5316737505404845 22.987581493236402 1.0066237829281734 19.864385473160517 46.928994216918944 13.117720483243467 2.0967040565905388 38.648161392211918 33.492028111049109 34.638327515125276 14.544716468064681 39.184701004028319 -0.34335841146373269 5.9008048879689188 11.854222137697283 29.081783251762392 36.617955341744931 1.3140667191989284 7.978543719223568 5.41158504486084 37.4479568862915 25.825677944051808 22.835410972263503 -0.79161107023788058 7.4739220740490184 24.601409455140434 9.9047728040245158 7.5874766879611544 7.0360290093299671 3.6867496165362272 9.3603293194814974 2.0040893360368304 7.464137588847767 27.087752079963686 4.94411096043057 12.871361573537193 3.4537035454151246
leaf_weight=6953 58 46 229 134 34 30 26 784 20 185 24 22 25 20 38 26 723 40 20 24 30 53 38 30 20 23 27 65 21 20 32 290 20 35 20 23 20 74 29 31 35 47 425 42 33 20 29 23 989 172 21 89 36 39 22 27 222 22 21 45 24 43
leaf_count=6953 58 46 229 134 34 30 26 784 20 185 24 22 25 20 38 26 723 40 20 24 30 53 38 30 20 23 27 65 21 20 32 290 20 35 20 23 20 74 29 31 35 47 425 42 33 20 29 23 989 172 21 89 36 39 22 27 222 22 21 45 24 43
internal_value=0.0335305 22.2005 -2.13597 -2.78476 29.4117 15.0145 18.3779 -0.857402 26.5292 4.1104 14.5757 27.3733 28.6984 24.8794 9.10019 25.0258 0.132982 31.5466 23.7082 18.903 28.8474 -3.36495 13.1709 9.41865 15.1657 13.1361 15.6506 -3.81493 12.8206 37.0429 6.8498 2.22363 31.5884 29.1114 26.0008 24.2546 28.1329 -4.1802 9.80183 6.36649 35.2686 33.4013 1.08077 2.17981 0.470705 42.1885 22.262 18.6901 -1.09669 5.92347 20.2293 7.18478 3.41036 2.98194 8.67237 4.66555 0.485308 2.47518 30.771 1.66162 16.3735 0.961444
internal_weight=12788 1140 11648 10552 569 571 364 3599 413 1096 266 393 98 246 207 73 2580 147 226 73 107 1019 242 84 158 120 97 923 70 156 447 649 77 57 153 112 66 858 49 415 116 82 1457 512 262 40 53 46 1123 384 47 169 387 351 111 212 945 312 41 470 54 96
internal_count=12788 1140 11648 10552 569 571 364 3599 413 1096 266 393 98 246 207 73 2580 147 226 73 107 1019 242 84 158 120 97 923 70 156 447 649 77 57 153 112 66 858 49 415 116 82 1457 512 262 40 53 46 1123 384 47 169 387 351 111 212 945 312 41 470 54 96
is_linear=0
shrinkage=0.05


Tree=27
num_leaves=63
num_cat=0
split_feature=9 36 25 39 36 36 21 31 35 34 36 31 31 33 8 25 39 25 31 36 36 31 36 32 32 33 40 35 35 40 31 31 35 40 31 36 36 40 40 32 32 32 32 35 31 32 33 36 34 24 32 31 33 36 21 31 32 36 35 32 32 35
split_gain=2.22011e+08 2.13257e+07 1.70408e+07 7.32446e+06 4.5184e+06 4.10041e+06 5.15642e+06 3.46493e+06 2.36115e+06 2.08731e+06 2.045e+06 1.57743e+06 2.01999e+06 2.50764e+06 1.98384e+06 1.5597e+06 1.21928e+06 1.194e+06 992916 983133 913966 704107 675266 631793 912778 611178 1.42573e+06 1.85294e+06 1.06897e+06 654482 588162 576192 571863 553926 550516 487380 388049 358178 364902 339118 332733 305725 288947 286982 342987 276465 268550 250066 238154 237008 208637 206396 205492 190244 180597 170859 177966 151915 138659 136189 135784 133518
threshold=1.0000000180025095e-35 263.54166666666674 1.0000000180025095e-35 1.0000000180025095e-35 377.65000000000009 178.41250000000005 1.0000000180025095e-35 293.05000000000007 992.6500000000002 445.90000000000003 281.71250000000003 472.45000000000005 456.35000000000008 457.15000000000003 1.0000000180025095e-35 1.0000000180025095e-35 1.0000000180025095e-35 1.0000000180025095e-35 365.45000000000005 327.25000000000006 276.02500000000003 387.25000000000006 198.32500000000005 442.25000000000006 329.05000000000007 280.95000000000005 5.5000000000000009 497.55000000000007 763.75000000000011 3.5000000000000004 275.05000000000007 445.15000000000003 505.05000000000007 4.5000000000000009 118.05000000000001 192.87500000000003 440.43333333333334 2.5000000000000004 5.5000000000000009 469.55000000000007 252.95000000000002 218.05000000000004 163.15000000000001 648.85000000000002 321.95000000000005 448.55000000000007 82.40000000000002 240.34333333333339 439.35000000000008 1.0000000180025095e-35 332.15000000000003 360.35000000000008 220.95000000000002 388.85000000000008 1.0000000180025095e-35 405.35000000000008 429.25000000000006 229.83333333333337 93.850000000000009 69.750000000000014 146.55000000000004 583.75000000000011
decision_type=2 2 2 2 2 2 2 2 2 2 2 2 2 2 2 2 2 2 2 2 2 2 2 2 2 2 2 2 2 2 2 2 2 2 2 2 2 2 2 2 2 2 2 2 2 2 2 2 2 2 2 2 2 2 2 2 2 2 2 2 2 2
left_child=2 5 3 61 9 16 17 8 -8 11 35 12 13 14 15 19 34 18 22 23 42 33 -7 24 30 26 29 -28 -27 47 -3 37 -31 -21 -2 40 39 -6 -39 48 58 -9 -5 44 -32 51 59 -24 49 55 -33 -37 -26 -22 -44 56 -12 -53 -4 -36 -59 -1
right_child=1 4 10 20 31 6 7 41 -10 -11 36 -13 -14 -15 -16 -17 -18 -19 -20 21 53 -23 25 -25 52 28 27 -29 -30 32 43 50 -34 -35 46 45 -38 38 -40 -41 -42 -43 54 -45 -46 -47 -48 -49 -50 -51 -52 57 -54 -55 -56 -57 -58 60 -60 -61 -62 -63
leaf_value=-3.4502218150212216 3.4728371015736759 13.58141400245103 -3.7437974090576169 -2.1266157160447241 37.539846992492677 7.2177968314199736 11.569410115025111 42.955762786865236 32.360768008232121 9.4458743238449099 5.3043021438311948 12.32451849937439 41.802528908139188 38.74579685435576 10.637218197186789 36.195302375381992 16.737792328156925 25.003024604103786 2.4472061702183314 30.407071842866788 -0.24206343388646287 35.605651988983155 19.936398130847564 14.705334503173829 33.314681301116948 1.6541708083379838 14.423014469941458 34.760220364161903 17.42543342330239 14.438940703868866 21.762568511962893 36.32588211406361 3.5239018194377425 21.507808664109973 9.6820063370924743 2.9845574136057946 10.612392971562405 26.281039739477222 34.08390266664567 10.831443462949812 5.1410058252739184 34.213272333145142 -1.5196703314179674 19.020692299258325 30.215712399482726 -2.0765999856202497 13.61015041791476 13.055433982351552 10.461490107878396 0.059221276782807857 41.84699396405901 9.3257399134013976 26.147177410125735 1.0187310124888567 -0.14279443832999425 7.003797878652084 1.2779136686614068 1.2305415827035906 0.20147143377392901 5.3176652229193486 6.5857662595551592 -3.9288693775914973
leaf_weight=4875 71 22 25 1011 24 33 36 20 22 20 163 20 21 34 24 31 38 22 21 34 1224 25 31 25 20 21 24 21 22 24 30 44 24 36 39 292 51 29 31 33 33 20 545 31 20 23 26 23 23 21 28 23 20 396 423 123 33 20 204 33 29 2078
leaf_count=4875 71 22 25 1011 24 33 36 20 22 20 163 20 21 34 24 31 38 22 21 34 1224 25 31 25 20 21 24 21 22 24 30 44 24 36 39 292 51 29 31 33 33 20 545 31 20 23 26 23 23 21 28 23 20 396 423 123 33 20 204 33 29 2078
internal_value=0.031854 21.0905 -2.02917 -2.64552 27.9411 14.2638 17.459 27.2634 19.4558 25.2027 3.90488 26.0046 26.7381 25.8394 24.4594 25.5878 8.64518 13.8469 12.841 24.3375 -0.814532 28.4028 13.8198 22.0387 23.3207 14.9665 16.5002 23.9137 9.72319 13.2295 20.8313 35.1908 8.98142 25.8303 6.82554 2.11245 6.50731 32.3775 30.3125 5.97862 0.44717 38.5845 -1.53544 22.8004 25.1438 3.23984 9.25454 17.0056 5.53746 5.20436 38.473 3.57577 29.7309 0.0661308 -0.917998 5.54307 4.62639 5.97347 -0.229235 7.68168 4.39996 -3.59327
internal_weight=12788 1140 11648 10552 569 571 364 98 58 413 1096 393 373 352 318 294 207 266 244 263 3599 95 223 168 143 190 147 45 43 102 103 156 48 70 169 649 447 84 60 396 262 40 1979 81 50 387 98 54 363 340 72 364 40 1620 968 319 196 72 229 72 49 6953
internal_count=12788 1140 11648 10552 569 571 364 98 58 413 1096 393 373 352 318 294 207 266 244 263 3599 95 223 168 143 190 147 45 43 102 103 156 48 70 169 649 447 84 60 396 262 40 1979 81 50 387 98 54 363 340 72 364 40 1620 968 319 196 72 229 72 49 6953
is_linear=0
shrinkage=0.05


Tree=28
num_leaves=63
num_cat=0
split_feature=25 35 35 7 38 35 35 5 6 11 24 28 21 31 24 32 31 35 31 35 35 33 35 35 34 31 34 34 8 29 4 40 31 35 35 24 5 35 28 38 34 2 38 8 28 29 40 21 21 33 31 32 21 8 32 33 8 35 5 32 32 32
split_gain=1.6989e+07 7.711e+06 4.66641e+06 3.6978e+06 1.82466e+06 1.33394e+06 1.25418e+06 1.1675e+06 1.2591e+06 1.25731e+06 1.37555e+06 1.16971e+06 1.43789e+06 1.33412e+06 1.05383e+06 927697 915350 890926 957754 941831 888238 879045 1.43772e+06 869426 797164 765399 763370 1.11323e+06 738125 925183 1.0453e+06 1.01384e+06 650832 639367 633251 629343 761309 700055 622158 726589 1.18343e+06 614088 607073 711937 876174 692629 724716 586924 552939 673811 525141 519209 514077 636079 718137 496902 487517 479632 474945 533641 624901 468485
threshold=1.0000000180025095e-35 583.75000000000011 769.55000000000007 1.0000000180025095e-35 1.0000000180025095e-35 1211.5500000000002 856.40000000000009 1.0000000180025095e-35 1.0000000180025095e-35 1.0000000180025095e-35 1.0000000180025095e-35 1.0000000180025095e-35 1.0000000180025095e-35 184.85000000000005 1.0000000180025095e-35 465.85000000000008 223.55000000000004 786.30000000000007 422.95000000000005 609.55000000000007 395.25000000000006 315.85000000000008 886.1500000000002 1118.0500000000002 119.65000000000002 158.40000000000003 233.65000000000001 316.05000000000007 1.0000000180025095e-35 1.0000000180025095e-35 1.0000000180025095e-35 3.5000000000000004 107.15000000000002 813.45000000000016 1522.8500000000001 1.0000000180025095e-35 1.0000000180025095e-35 1401.7500000000002 1.0000000180025095e-35 1.0000000180025095e-35 431.80000000000001 1.0000000180025095e-35 1.0000000180025095e-35 1.0000000180025095e-35 1.0000000180025095e-35 1.0000000180025095e-35 5.5000000000000009 1.0000000180025095e-35 1.0000000180025095e-35 263.55000000000007 477.45000000000005 421.65000000000003 1.0000000180025095e-35 1.0000000180025095e-35 459.15000000000003 378.25000000000006 1.0000000180025095e-35 696.05000000000007 1.0000000180025095e-35 410.75000000000006 385.45000000000005 232.55000000000004
decision_type=2 2 2 2 2 2 2 2 2 2 2 2 2 2 2 2 2 2 2 2 2 2 2 2 2 2 2 2 2 2 2 2 2 2 2 2 2 2 2 2 2 2 2 2 2 2 2 2 2 2 2 2 2 2 2 2 2 2 2 2 2 2
left_child=1 20 16 4 7 14 -5 8 9 10 11 12 13 25 42 35 -2 19 -19 -14 -1 22 -20 41 -10 32 -12 -28 29 30 31 57 -3 -9 -6 36 37 -8 39 40 -7 -11 43 44 45 46 -4 56 49 -48 55 -26 53 54 58 -13 -35 -15 59 60 -22 -57
right_child=2 3 5 6 34 38 15 33 24 23 26 50 17 28 -16 -17 -18 18 21 -21 52 -23 -24 -25 51 -27 27 -29 -30 -31 -32 -33 -34 47 -36 -37 -38 -39 -40 -41 -42 -43 -44 -45 -46 -47 48 -49 -50 -51 -52 -53 -54 -55 -56 61 -58 -59 -60 -61 -62 -63
leaf_value=-2.0304551683399148 1.0154868005225524 15.704279937744142 10.628535354622576 2.0867400093859199 -1.4793228146354509 14.069485618309542 6.6984816976480701 -3.260474148029235 -2.3711446391393061 -2.9944141615992006 -1.5865149130934313 -1.3817875032424929 7.8563399112585817 8.0975632020018331 0.80161794683207632 13.73353530943394 4.7321494515373317 2.42906228549937 14.498093629837037 -1.2360144034601177 -0.012473736755851041 17.005233896296957 -1.3981347951022061 4.1091771580077507 0.99952691826555462 20.443502407982237 13.933559494926818 0.29363159766564001 1.5916877792662936 2.0642765938019267 2.4489276531970865 6.6142773946512099 3.7070348116067744 3.7302196267992258 6.4196887107995835 0.028981748985689743 -0.45314519054749436 16.263004075913202 6.6454539765482368 9.0960577930722923 28.496003199758988 3.7908252013035311 3.9557728118366668 4.0507124502608116 3.2668485066469977 3.8595663547515873 24.934303098065513 -2.3720873770890414 10.159266376495362 13.086209092821395 7.4978561878204353 9.8319898700714106 -2.1132118966076496 -3.3274856297468598 9.0155291784377329 -1.3053894955178966 -3.5533321712698256 16.90454220863489 -2.9282417034333754 -6.0473551220364046 8.2906854546588402 8.1794729582468673
leaf_weight=4416 317 20 129 281 1052 44 215 205 292 230 253 200 33 22 46 40 347 235 25 208 1534 23 33 74 99 21 21 52 119 98 66 103 26 128 26 43 34 21 23 28 21 39 54 47 34 24 28 108 21 21 24 20 621 176 21 23 28 52 155 36 23 30
leaf_count=4416 317 20 129 281 1052 44 215 205 292 230 253 200 33 22 46 40 347 235 25 208 1534 23 33 74 99 21 21 52 119 98 66 103 26 128 26 43 34 21 23 28 21 39 54 47 34 24 28 108 21 21 24 20 621 176 21 23 28 52 155 36 23 30
internal_value=0.0302612 -0.551875 5.73559 1.03228 0.468386 9.28265 4.57926 1.11933 1.55832 2.06929 2.63038 3.32914 4.07012 5.94227 7.92566 6.56339 2.95778 2.2988 4.04514 0.00899677 -1.60056 8.73376 5.45369 -0.690361 -0.965405 12.5341 -0.286855 4.21745 4.98216 6.16534 7.81927 9.82177 8.92323 -1.16548 -1.28881 5.64708 6.54181 7.54956 14.0087 15.8297 18.7304 -2.01068 8.84105 9.70882 10.7436 11.8835 12.8512 0.461323 16.9474 19.8565 0.429427 2.48397 -0.860735 -0.460845 -0.175639 -0.241096 2.42292 14.2863 -0.286059 -0.0289728 0.110181 4.0634
internal_weight=12788 11604 1184 4622 3988 520 634 2910 2441 2030 1687 1361 1084 527 404 353 664 557 316 241 6982 81 58 343 411 67 326 73 460 341 243 177 46 469 1078 313 270 236 116 93 65 269 358 304 257 223 199 264 70 49 277 119 2566 1945 1769 253 156 74 1748 1593 1557 53
internal_count=12788 11604 1184 4622 3988 520 634 2910 2441 2030 1687 1361 1084 527 404 353 664 557 316 241 6982 81 58 343 411 67 326 73 460 341 243 177 46 469 1078 313 270 236 116 93 65 269 358 304 257 223 199 264 70 49 277 119 2566 1945 1769 253 156 74 1748 1593 1557 53
is_linear=0
shrinkage=0.05


Tree=29
num_leaves=63
num_cat=0
split_feature=9 36 39 25 36 36 21 34 23 36 32 8 33 32 39 32 23 33 40 35 39 33 40 35 34 32 40 36 39 36 35 40 36 36 36 39 32 36 36 36 32 40 32 33 32 33 23 32 36 32 35 34 24 33 35 36 35 33 33 33 34 36
split_gain=1.98105e+08 1.87335e+07 1.41383e+07 6.00417e+06 4.05767e+06 3.57133e+06 4.60073e+06 1.88614e+06 1.83908e+06 1.67544e+06 1.42095e+06 1.34294e+06 1.54745e+06 1.3305e+06 1.08137e+06 1.01763e+06 855588 627138 1.9304e+06 1.18938e+06 893248 626777 1.30332e+06 2.38055e+06 1.03168e+06 569037 554805 550232 513169 574715 519640 458733 470426 457032 452617 438615 411773 402791 394952 357848 341162 328456 449216 315625 292558 266078 261117 232708 231487 234050 223100 199967 209658 176845 268729 165547 159949 154161 181947 166938 159088 171012
threshold=1.0000000180025095e-35 263.54166666666674 1.0000000180025095e-35 1.0000000180025095e-35 377.65000000000009 178.41250000000005 1.0000000180025095e-35 445.90000000000003 1.0000000180025095e-35 281.71250000000003 416.25000000000006 1.0000000180025095e-35 296.75000000000006 436.85000000000008 1.0000000180025095e-35 171.65000000000001 1.0000000180025095e-35 107.85000000000001 4.5000000000000009 680.80000000000007 1.0000000180025095e-35 280.95000000000005 5.5000000000000009 495.15000000000003 119.65000000000002 73.15000000000002 5.5000000000000009 352.18333333333339 1.0000000180025095e-35 305.71000000000004 1186.7000000000003 4.5000000000000009 239.38333333333335 190.465 277.15833333333336 1.0000000180025095e-35 413.85000000000008 285.21250000000003 192.87500000000003 452.87500000000006 469.55000000000007 2.5000000000000004 349.05000000000007 352.55000000000007 252.95000000000002 299.85000000000008 1.0000000180025095e-35 438.45000000000005 120.62500000000001 192.55000000000004 1107.4500000000003 439.35000000000008 1.0000000180025095e-35 134.50000000000003 287.35000000000008 362.92500000000007 583.75000000000011 271.65000000000003 111.85000000000001 175.00000000000003 142.35000000000002 249.31250000000003
decision_type=2 2 2 2 2 2 2 2 2 2 2 2 2 2 2 2 2 2 2 2 2 2 2 2 2 2 2 2 2 2 2 2 2 2 2 2 2 2 2 2 2 2 2 2 2 2 2 2 2 2 2 2 2 2 2 2 2 2 2 2 2 2
left_child=2 5 56 16 7 14 8 11 21 38 15 12 17 28 48 -8 34 19 -19 36 -20 22 24 -24 25 -7 -23 -21 29 -14 -30 32 -27 -18 -4 41 37 -3 44 40 51 -6 -43 -37 -5 -17 47 50 -2 53 57 52 -11 54 -50 -35 -1 58 -40 -60 61 -59
right_child=1 4 3 9 35 6 10 -9 -10 39 -12 -13 13 -15 -16 45 33 18 20 27 -22 26 23 -25 -26 31 -28 -29 30 -31 -32 -33 -34 55 -36 43 -38 -39 46 -41 -42 42 -44 -45 -46 -47 -48 -49 49 -51 -52 -53 -54 -55 -56 -57 -58 60 59 -61 -62 -63
leaf_value=-3.1930221320519081 4.0056801130031721 29.697453377463603 -1.8822153759495661 -0.31386857392941503 35.787192759794344 17.167225881723258 30.179763925992525 8.7687139129638663 26.294703801472981 4.9622255099428312 36.054121988296508 15.161507255009244 17.281478748321533 40.92028782056726 15.900532283281027 14.470814239061795 -1.5687848268174811 9.5379906654357907 19.191956619782882 37.503720300847839 33.79200867652893 11.511110244194668 10.154959958791734 30.523558403895453 0.4316586494445801 16.57908848921458 0.23534987926483156 26.188681802295505 35.470166516304019 28.870631076978601 25.327239418029787 4.3460278944327282 7.0745893975962764 0.61033383128233254 -0.54145002360933192 42.168549232482917 16.29836305535358 22.068328890388397 2.147835744470358 10.892108893394472 9.9867833421037009 32.75303481908945 25.069829845428469 33.285623788833618 4.7217407089291203 22.037872686840242 7.3975982781114258 -1.9116568616458349 8.1096837209618613 3.2853920156305487 7.5857451895008925 9.372801471749943 -0.18882528486705963 5.0341655277070547 14.828475479646162 2.3930366192702897 -3.7169086115766419 -0.71199273329514723 7.654247297218868 2.9258463680744171 -2.9745294570922853 5.2067718381467074
leaf_weight=4875 58 22 1404 229 34 39 26 20 24 333 25 35 20 23 38 26 228 30 22 22 20 24 32 26 22 30 20 21 28 23 23 26 23 664 1141 20 23 81 160 32 37 52 30 20 33 21 29 28 46 22 23 24 21 21 22 162 2078 26 35 40 23 23
leaf_count=4875 58 22 1404 229 34 39 26 20 24 333 25 35 20 23 38 26 228 30 22 22 20 24 32 26 22 30 20 21 28 23 23 26 23 664 1141 20 23 81 160 32 37 52 30 20 33 21 29 28 46 22 23 24 21 21 22 162 2078 26 35 40 23 23
internal_value=0.0287482 19.9213 -1.91815 0.20173 26.3421 13.5229 16.5049 23.747 13.0929 3.44188 25.766 24.5093 25.4232 30.1411 8.27931 22.2426 -0.784989 23.1327 19.225 24.7975 26.1444 11.7837 12.9832 19.2857 10.3722 12.2255 6.38576 31.9778 27.5037 23.4803 30.8959 9.78589 12.4545 0.412951 -1.28111 33.2122 22.3472 23.6979 1.81947 5.79745 5.40461 31.6553 29.9421 37.7271 0.320388 17.8518 2.83435 2.4647 6.56567 7.90332 2.83602 4.95609 4.65665 9.04482 10.2834 0.959968 -3.34959 2.48018 3.10037 5.13243 0.455969 2.0662
internal_weight=12788 1140 11648 4695 569 571 364 413 266 1096 98 393 358 117 207 73 3599 241 72 169 42 242 198 58 140 118 44 43 94 43 51 79 53 1054 2545 156 126 103 649 447 415 116 82 40 262 47 387 358 169 111 330 378 354 89 68 826 6953 307 235 75 72 49
internal_count=12788 1140 11648 4695 569 571 364 413 266 1096 98 393 358 117 207 73 3599 241 72 169 42 242 198 58 140 118 44 43 94 43 51 79 53 1054 2545 156 126 103 649 447 415 116 82 40 262 47 387 358 169 111 330 378 354 89 68 826 6953 307 235 75 72 49
is_linear=0
shrinkage=0.05


Tree=30
num_leaves=63
num_cat=0
split_feature=9 36 39 11 36 31 2 36 32 31 35 31 36 32 31 31 31 31 36 31 34 31 35 36 39 31 31 39 7 36 36 35 40 31 31 35 2 34 35 36 32 32 36 21 31 12 32 36 36 31 36 31 35 24 32 35 40 29 31 31 31 13
split_gain=1.75967e+08 1.77792e+07 1.29935e+07 5.6942e+06 4.28026e+06 3.89968e+06 2.41415e+06 2.0096e+06 2.0003e+06 2.02677e+06 1.54218e+06 2.22966e+06 2.56654e+06 1.5119e+06 1.33131e+06 1.21097e+06 1.64834e+06 1.34938e+06 1.20895e+06 1.20343e+06 1.08792e+06 2.37925e+06 1.34572e+06 1.0307e+06 872350 779052 760918 711059 681223 595877 520285 478224 461513 693249 420280 419863 379461 365928 355338 318145 376401 317126 276617 269594 235185 228620 226820 206506 198097 196254 195761 195165 191922 183828 178660 153828 140588 121294 120713 120440 112374 109983
threshold=1.0000000180025095e-35 264.71666666666675 1.0000000180025095e-35 1.0000000180025095e-35 364.85833333333341 220.15000000000001 1.0000000180025095e-35 211.74500000000003 108.25000000000001 330.95000000000005 455.25000000000006 101.90000000000002 231.85000000000005 469.55000000000007 137.35000000000005 477.45000000000005 416.15000000000003 175.25000000000003 303.53750000000008 154.35000000000005 117.80000000000001 357.15000000000003 741.95000000000016 226.31000000000003 1.0000000180025095e-35 186.55000000000004 456.35000000000008 1.0000000180025095e-35 1.0000000180025095e-35 316.95000000000005 304.74166666666673 837.70000000000016 3.5000000000000004 387.25000000000006 70.850000000000009 334.65000000000003 1.0000000180025095e-35 203.50000000000003 1067.0500000000002 324.15000000000009 311.50000000000006 128.35000000000005 440.43333333333334 1.0000000180025095e-35 273.45000000000005 1.0000000180025095e-35 158.95000000000002 319.85000000000008 236.23333333333338 114.15000000000002 164.22000000000003 373.85000000000008 711.55000000000007 1.0000000180025095e-35 446.75000000000006 583.75000000000011 4.5000000000000009 1.0000000180025095e-35 397.25000000000006 132.35000000000005 414.05000000000007 1.0000000180025095e-35
decision_type=2 2 2 2 2 2 2 2 2 2 2 2 2 2 2 2 2 2 2 2 2 2 2 2 2 2 2 2 2 2 2 2 2 2 2 2 2 2 2 2 2 2 2 2 2 2 2 2 2 2 2 2 2 2 2 2 2 2 2 2 2 2
left_child=2 5 55 7 6 10 13 35 9 48 14 12 -12 15 34 16 17 -3 31 23 21 22 44 -13 26 -21 32 39 36 -18 43 56 -6 -34 -2 49 -5 -29 -33 -20 -41 50 45 -9 -10 52 -45 -30 -7 -4 -16 59 54 61 -32 -1 -19 -37 -53 -48 -26 -54
right_child=1 4 3 28 24 8 -8 30 20 -11 11 19 -14 -15 41 -17 29 18 27 25 -22 -23 -24 -25 60 -27 -28 37 47 -31 42 38 33 -35 -36 57 -38 -39 -40 40 -42 -43 -44 46 -46 -47 51 -49 -50 -51 -52 58 53 -55 -56 -57 -58 -59 -60 -61 -62 -63
leaf_value=-3.0321785186118069 -2.501194988191128 29.58432384882218 -2.8920760303881825 -3.578698837386975 31.49224358262687 14.546530094853154 35.607213761011757 0.82376609436746806 12.072567275718406 0.55303092002868659 12.158831287199453 10.310076790054639 34.488893127441408 7.8227178414662681 6.5360241665984651 10.033172238440741 37.551777975899832 21.873548001828404 15.81484615121569 18.544577963692802 14.094829219426865 36.373357009887698 30.256108293079194 -4.3435729573170345 39.967277665571736 8.0685417731602982 34.039376406399711 23.580967821393696 0.0047602280703457926 25.776760734211315 2.0986528827395383 7.1196921802702411 16.271196853518486 27.940557839529859 4.5828718028872855 0.46152785166229027 -0.031217038340684844 33.031038513183596 15.490054137259722 26.213350079854333 18.224913412949135 15.947621313730876 4.6005432117204732 -1.0560642590889564 18.455579365453413 0.074927199194111768 4.9428261089324952 5.8332009622028904 20.938198089599609 -0.84052077478948339 12.116686019897461 8.0985963588411156 3.8902492193424183 0.87397563629586927 -2.1003870222303607 -3.5472639487499764 16.507035149060766 -1.8646350855428366 3.8735114569533362 1.472377376606067 34.913607068495317 1.5827729142318339
leaf_weight=4863 28 39 204 934 29 27 30 956 27 28 31 24 22 21 33 21 21 23 28 35 39 28 21 24 22 36 53 21 55 22 410 21 20 35 83 583 82 20 32 30 29 24 163 39 31 97 30 21 22 272 30 22 414 71 27 2065 26 62 73 150 22 59
leaf_count=4863 28 39 204 934 29 27 30 956 27 28 31 24 22 21 33 21 21 23 28 35 39 28 21 24 22 36 53 21 55 22 410 21 20 35 83 583 82 20 32 30 29 24 163 39 31 97 30 21 22 272 30 22 414 71 27 2065 26 62 73 150 22 59
internal_value=0.040454 18.6295 -1.80696 0.215042 24.9766 12.5821 21.9888 1.16689 17.8049 11.2842 9.43427 12.8977 21.4279 20.8347 6.42564 21.6552 22.4375 20.9845 19.5262 9.09852 21.2439 23.8497 19.4109 2.98325 31.3154 13.2328 29.3482 22.7622 -2.95083 31.5274 1.95273 15.4654 26.3883 23.6972 2.7959 -0.593347 -3.29239 28.1908 12.1735 20.2039 22.2868 11.0567 2.68082 1.24127 15.4842 2.39054 2.51239 1.61525 17.4163 -1.71976 9.19348 3.01846 2.61951 3.24632 1.83922 -3.18571 19.026 0.237928 4.85195 2.05079 37.4404 3.60242
internal_weight=12810 1158 11652 4724 565 593 384 3632 223 77 370 172 53 354 198 333 312 269 230 119 146 107 79 48 181 71 137 128 1092 43 2511 102 84 55 111 1121 1016 41 53 87 59 87 1241 1270 58 1078 314 76 49 476 63 275 981 544 437 6928 49 645 95 180 44 473
internal_count=12810 1158 11652 4724 565 593 384 3632 223 77 370 172 53 354 198 333 312 269 230 119 146 107 79 48 181 71 137 128 1092 43 2511 102 84 55 111 1121 1016 41 53 87 59 87 1241 1270 58 1078 314 76 49 476 63 275 981 544 437 6928 49 645 95 180 44 473
is_linear=0
shrinkage=0.05


Tree=31
num_leaves=63
num_cat=0
split_feature=9 36 25 7 36 31 2 2 32 31 33 33 32 31 31 36 32 34 31 35 2 35 32 36 36 31 31 35 36 40 36 33 2 35 40 33 31 7 33 35 35 36 36 2 7 31 36 36 36 36 36 36 31 32 31 33 40 21 32 31 37 35
split_gain=1.5881e+08 1.60457e+07 1.33191e+07 4.51565e+06 3.86294e+06 3.51946e+06 2.52822e+06 2.17877e+06 1.80527e+06 1.82916e+06 1.72508e+06 1.67835e+06 1.89484e+06 3.31652e+06 1.34692e+06 1.24215e+06 1.1858e+06 981845 2.14727e+06 1.21451e+06 975422 925282 1.35207e+06 1.09341e+06 1.38353e+06 647001 644396 573731 984203 722207 521533 517544 490524 490267 486194 405431 366609 336674 331432 321703 490204 314439 253832 233040 269151 307110 222614 212570 255387 193591 186201 178783 168976 227942 163830 193327 256202 363065 211569 184582 156476 148541
threshold=1.0000000180025095e-35 264.71666666666675 1.0000000180025095e-35 1.0000000180025095e-35 364.85833333333341 220.15000000000001 1.0000000180025095e-35 1.0000000180025095e-35 108.25000000000001 330.95000000000005 468.85000000000008 192.65000000000001 181.85000000000005 101.90000000000002 70.850000000000009 281.71250000000003 442.25000000000006 117.80000000000001 357.15000000000003 741.95000000000016 1.0000000180025095e-35 960.80000000000007 383.75000000000006 334.51666666666671 299.01666666666671 456.35000000000008 397.25000000000006 634.45000000000016 192.87500000000003 5.5000000000000009 258.81250000000006 121.65000000000002 1.0000000180025095e-35 334.65000000000003 2.5000000000000004 77.950000000000017 305.65000000000003 1.0000000180025095e-35 369.25000000000006 1140.5000000000002 747.65000000000009 291.72500000000008 440.43333333333334 1.0000000180025095e-35 1.0000000180025095e-35 431.55000000000007 277.15833333333336 151.65000000000001 176.91250000000005 328.7166666666667 126.87500000000001 236.23333333333338 105.65000000000002 124.75000000000001 73.050000000000011 64.65000000000002 1.5000000000000002 1.0000000180025095e-35 227.20000000000002 195.05000000000004 3.5000000000000004 831.35000000000025
decision_type=2 2 2 2 2 2 2 2 2 2 2 2 2 2 2 2 2 2 2 2 2 2 2 2 2 2 2 2 2 2 2 2 2 2 2 2 2 2 2 2 2 2 2 2 2 2 2 2 2 2 2 2 2 2 2 2 2 2 2 2 2 2
left_child=2 5 3 6 7 11 -1 10 9 51 16 14 38 -14 -2 33 21 18 19 35 30 22 26 24 -23 34 41 28 47 -30 -5 -18 37 50 -6 -10 -8 42 -13 40 -36 46 -17 44 45 54 -3 52 -49 -22 -4 -7 -16 -54 -35 -56 60 59 -59 -58 -57 -27
right_child=1 4 15 20 25 8 36 -9 17 -11 -12 12 13 -15 27 32 31 -19 -20 -21 49 23 -24 -25 -26 61 -28 -29 29 -31 -32 -33 -34 43 39 -37 -38 -39 -40 -41 -42 -43 -44 -45 -46 -47 -48 48 -50 -51 -52 -53 53 -55 55 56 57 58 -60 -61 -62 -63
leaf_value=-2.8608663026087835 -2.1477054410510594 19.418137320228247 -2.4319040811830952 -0.72831516533446061 33.457452562120231 13.819203157778141 -1.0119746333660764 33.826853505770366 17.859334429534709 0.52537947382245753 32.735605996350451 10.427807101836571 35.074267279583474 10.767778511842092 3.0850068463219538 4.221669275755132 6.8410446533790008 13.390087675436948 34.554689271109446 28.743302935645694 4.6556930523070079 19.87337452173233 33.610373011879304 24.050386381451972 6.0112989127635963 32.185061539051148 26.806990507877238 0.9417903741200766 10.353548982066494 22.54036211371422 1.6604178780408607 17.137583829009014 11.068295859035693 5.7252712860107424 28.494266285615812 9.1610850197928286 0.96164024924631597 10.039423644542694 1.8664155030250549 31.244803548143025 20.122503025001951 21.027315163612368 8.3973332800516278 6.1377396985596304 6.1901198319766841 7.8924439863725144 12.665182363069974 13.234179438077488 5.9144973928278146 10.103731224753641 1.1626668445419435 19.891288341175425 5.495850820362568 11.811685767173769 3.0753842720689701 6.8481128141993572 -4.9743510662184818 -1.0029818773269654 4.1146997568400012 0.039646487851296708 1.5826123616723127 37.400787544250491
leaf_weight=8618 36 23 62 457 27 27 540 30 37 28 24 26 23 36 36 324 26 39 28 21 63 36 23 32 36 43 33 24 31 20 457 23 38 25 34 21 417 32 20 21 36 72 41 51 46 22 26 26 22 22 86 22 50 20 129 21 45 36 46 31 43 20
leaf_count=8618 36 23 62 457 27 27 540 30 37 28 24 26 23 36 36 324 26 39 28 21 63 36 23 32 36 43 33 24 31 20 457 23 38 25 34 21 417 32 20 21 36 72 41 51 46 22 26 26 22 22 86 22 50 20 129 21 45 36 46 31 43 20
internal_value=0.0384313 17.698 -1.71661 -2.25637 23.7278 11.953 -2.59012 20.8893 16.9147 10.72 19.7929 8.96256 14.3124 20.2432 6.84282 3.57779 18.8516 20.1817 22.6572 18.4403 0.942504 20.1032 22.3025 16.3602 12.9423 29.7496 20.6137 8.25618 9.11249 15.1327 0.466051 11.6741 5.64131 2.18178 27.5653 14.71 -0.151998 5.12185 6.70546 25.8171 24.1888 18.9246 4.69072 2.93672 2.56903 2.15051 15.8349 7.11879 9.87933 6.06577 -0.343167 16.5454 5.86874 7.30038 1.81455 1.53601 0.641508 -0.439544 1.86791 -2.92917 3.31035 33.8408
internal_weight=12810 1158 11652 10574 565 593 9575 384 223 77 354 370 105 59 265 1078 330 146 107 79 999 281 177 104 72 181 154 229 205 51 914 49 435 643 118 58 957 397 46 91 70 121 365 495 444 398 49 154 48 85 148 49 106 70 376 351 222 158 82 76 64 63
internal_count=12810 1158 11652 10574 565 593 9575 384 223 77 354 370 105 59 265 1078 330 146 107 79 999 281 177 104 72 181 154 229 205 51 914 49 435 643 118 58 957 397 46 91 70 121 365 495 444 398 49 154 48 85 148 49 106 70 376 351 222 158 82 76 64 63
is_linear=0
shrinkage=0.05


Tree=32
num_leaves=63
num_cat=0
split_feature=9 36 39 11 36 31 2 36 32 32 31 31 35 31 31 8 31 31 36 34 31 35 31 31 39 31 31 31 36 7 39 35 35 36 35 35 36 32 31 2 24 35 32 31 36 32 36 7 2 32 36 10 35 35 32 36 21 35 32 31 32 36
split_gain=1.43326e+08 1.44813e+07 1.07246e+07 4.80467e+06 3.4863e+06 3.17631e+06 1.96634e+06 1.69497e+06 1.62926e+06 1.67087e+06 1.39009e+06 1.87926e+06 1.28943e+06 1.85205e+06 2.32683e+06 1.14792e+06 1.11446e+06 1.08844e+06 947465 886115 1.93791e+06 1.0961e+06 840631 1.32187e+06 792274 701972 692335 641187 580830 568824 507614 504983 451811 438896 436332 434583 365190 334294 326130 318202 301121 471197 269380 213894 204641 182463 163516 162805 228484 152867 139059 143233 138830 137497 135672 152473 124303 201213 166158 116342 122072 240068
threshold=1.0000000180025095e-35 264.71666666666675 1.0000000180025095e-35 1.0000000180025095e-35 364.85833333333341 220.15000000000001 1.0000000180025095e-35 211.74500000000003 108.25000000000001 79.050000000000011 477.45000000000005 416.15000000000003 455.25000000000006 101.90000000000002 68.450000000000017 1.0000000180025095e-35 137.35000000000005 154.35000000000005 226.31000000000003 117.80000000000001 357.15000000000003 741.95000000000016 175.25000000000003 225.55000000000004 1.0000000180025095e-35 186.55000000000004 263.25000000000006 370.35000000000008 303.53750000000008 1.0000000180025095e-35 1.0000000180025095e-35 892.35000000000002 992.6500000000002 425.18333333333339 837.70000000000016 376.4500000000001 101.08333333333334 55.20000000000001 457.95000000000005 1.0000000180025095e-35 1.0000000180025095e-35 926.15000000000009 128.35000000000005 273.45000000000005 347.55833333333339 227.20000000000002 164.22000000000003 1.0000000180025095e-35 1.0000000180025095e-35 247.80000000000004 216.95833333333334 1.0000000180025095e-35 583.75000000000011 93.850000000000009 275.60000000000008 330.47500000000008 1.0000000180025095e-35 1026.7 262.55000000000007 485.85000000000008 407.65000000000003 306.96250000000003
decision_type=2 2 2 2 2 2 2 2 2 2 2 2 2 2 2 2 2 2 2 2 2 2 2 2 2 2 2 2 2 2 2 2 2 2 2 2 2 2 2 2 2 2 2 2 2 2 2 2 2 2 2 2 2 2 2 2 2 2 2 2 2 2
left_child=2 5 52 7 6 12 10 36 9 37 11 15 16 14 -14 22 35 18 -15 20 21 43 31 -24 27 -19 -25 -6 34 39 54 -3 -13 40 -28 53 -4 -7 -29 -5 41 44 46 -10 50 -31 -18 56 -49 -38 -9 59 -1 -2 55 -30 57 -43 -59 60 -52 -62
right_child=1 4 3 29 24 8 -8 33 19 -11 -12 32 13 17 -16 -17 42 25 -20 -21 -22 -23 23 26 -26 -27 28 38 30 45 -32 -33 -34 -35 -36 -37 49 -39 -40 -41 -42 47 -44 -45 -46 -47 -48 48 -50 -51 51 -53 -54 -55 -56 -57 -58 58 -60 -61 61 -63
leaf_value=-2.7375262957601767 0.81436256368954985 20.529436604181925 -2.8146147050747796 -3.2761749641064406 18.114103345870973 12.056028060913086 32.135510292053219 3.2421188118957702 10.720943020008228 -0.13162454458383413 6.6316931464455351 34.30067102258856 5.9985057067871104 9.4277845829725262 27.611666023369992 7.9009557552337641 5.8545125544974299 17.192762205260141 -4.6217163858314363 12.720583160106953 32.826954759870254 27.306137811569943 6.772942121125137 27.562976759130308 34.099307641116056 7.2484686894549277 18.196080689430239 25.481144499056271 17.196819058656693 -1.40224206764251 26.177385474895608 31.287006673812868 24.167346659573642 3.889003468028323 10.362866520881653 -3.6772164676500405 -0.50993324056595479 20.28128443218413 30.804695578182447 -0.027635074824821661 -0.1611224733731326 3.691300067606937 14.508222389221192 16.808186835627403 2.3905358802361092 3.5598291164094755 10.954903004964194 3.2995358978802303 7.7619136040551329 1.011709293525366 0.66611197004860123 -1.3153464888398714 -3.226857429578287 5.2521054573357109 15.915870761871339 23.370811023712161 3.412060283049104 -1.8821710380640899 1.6147816037796687 4.4809887015301255 3.8335592304367618 -1.2080654664473101
leaf_weight=4863 24 24 152 934 20 30 30 62 27 26 22 22 20 24 33 25 33 35 24 39 28 21 24 22 44 36 40 66 20 32 29 20 22 229 32 23 758 21 51 82 221 89 24 31 314 44 30 159 35 211 818 74 2065 64 32 20 178 44 149 23 83 33
leaf_count=4863 24 24 152 934 20 30 30 62 27 26 22 22 20 24 33 25 33 35 24 39 28 21 24 22 44 36 40 66 20 32 29 20 22 229 32 23 758 21 51 82 221 89 24 31 314 44 30 159 35 211 818 74 2065 64 32 20 178 44 149 23 83 33
internal_value=0.0365098 16.8131 -1.63078 0.206215 22.5414 11.3553 19.8449 1.08056 16.0689 10.184 18.8033 19.6098 8.51443 11.6814 19.4558 18.1395 5.76337 8.2188 2.40303 19.1726 21.5243 17.5183 19.1127 17.8456 28.2621 12.1506 19.2084 26.3874 18.146 -2.70188 20.5921 25.4192 29.234 1.80227 14.7147 2.44237 -0.536022 15.4429 27.8017 -3.01399 1.59286 1.78094 10.0005 13.9745 1.26551 1.47054 8.28327 2.88984 4.1046 -0.178595 0.942303 0.804002 -2.88338 4.04181 18.3425 20.2838 2.37752 1.72451 0.817549 0.96788 0.881369 2.3993
internal_weight=12810 1158 11652 4724 565 593 384 3632 223 77 354 332 370 172 53 288 198 119 48 146 107 79 263 219 181 71 195 137 173 1092 101 44 44 2511 72 111 1121 51 117 1016 2282 2061 87 58 1407 76 63 654 194 969 1093 1031 6928 88 72 40 460 282 193 957 934 116
internal_count=12810 1158 11652 4724 565 593 384 3632 223 77 354 332 370 172 53 288 198 119 48 146 107 79 263 219 181 71 195 137 173 1092 101 44 44 2511 72 111 1121 51 117 1016 2282 2061 87 58 1407 76 63 654 194 969 1093 1031 6928 88 72 40 460 282 193 957 934 116
is_linear=0
shrinkage=0.05


Tree=33
num_leaves=63
num_cat=0
split_feature=25 35 35 7 2 24 36 28 12 13 36 11 35 2 11 31 36 21 8 38 31 7 32 18 35 35 32 32 35 21 32 32 12 13 4 35 8 28 35 18 38 28 35 12 24 36 36 32 35 40 36 35 32 32 38 12 10 40 18 35 36 11
split_gain=1.21973e+07 4.35119e+06 2.73621e+06 2.34965e+06 1.07742e+06 929985 1.25062e+06 850122 1.05837e+06 922100 815930 803660 1.12892e+06 759569 696270 714971 1.15567e+06 1.14058e+06 652349 628835 716606 612866 558909 743749 731800 523067 512736 492395 624692 601026 726346 801895 519075 489760 480519 474511 468288 475128 447091 445694 502714 494094 432021 504640 502217 428018 564224 411646 402405 385584 378465 375514 374654 368568 364501 395796 359129 547909 576510 631219 362271 344390
threshold=1.0000000180025095e-35 623.70000000000005 736.45000000000016 1.0000000180025095e-35 1.0000000180025095e-35 1.0000000180025095e-35 211.74500000000003 1.0000000180025095e-35 1.0000000180025095e-35 1.0000000180025095e-35 339.34166666666675 1.0000000180025095e-35 1327.2000000000003 1.0000000180025095e-35 1.0000000180025095e-35 107.15000000000002 231.85000000000005 1.0000000180025095e-35 1.0000000180025095e-35 1.0000000180025095e-35 152.45000000000002 1.0000000180025095e-35 316.55000000000007 1.0000000180025095e-35 1077.8500000000001 1067.0500000000002 183.65000000000001 120.85000000000001 1036.0000000000002 1.0000000180025095e-35 198.45000000000002 177.00000000000003 1.0000000180025095e-35 1.0000000180025095e-35 1.0000000180025095e-35 428.65000000000009 1.0000000180025095e-35 1.0000000180025095e-35 1036.0000000000002 1.0000000180025095e-35 1.0000000180025095e-35 1.0000000180025095e-35 790.95000000000016 1.0000000180025095e-35 1.0000000180025095e-35 240.34333333333339 249.31250000000003 469.55000000000007 1198.6500000000003 3.5000000000000004 138.91250000000005 1067.0500000000002 445.35000000000008 389.15000000000003 1.0000000180025095e-35 1.0000000180025095e-35 1.0000000180025095e-35 1.0000000180025095e-35 1.0000000180025095e-35 969.95000000000016 328.7166666666667 1.0000000180025095e-35
decision_type=2 2 2 2 2 2 2 2 2 2 2 2 2 2 2 2 2 2 2 2 2 2 2 2 2 2 2 2 2 2 2 2 2 2 2 2 2 2 2 2 2 2 2 2 2 2 2 2 2 2 2 2 2 2 2 2 2 2 2 2 2 2
left_child=1 21 10 4 14 6 -4 8 9 11 50 12 18 45 15 16 -3 -18 22 20 51 35 26 24 -24 -16 -8 28 -22 30 31 32 -29 34 38 -1 37 47 52 40 41 48 -31 44 56 -5 -47 -32 -40 -27 -2 -17 -6 -15 55 61 57 -44 59 -59 -61 -37
right_child=2 3 5 13 33 -7 7 -9 -10 -11 -12 -13 -14 53 25 19 17 -19 -20 -21 27 -23 23 -25 -26 49 -28 29 -30 42 36 -33 -34 -35 -36 54 -38 -39 39 -41 -42 -43 43 -45 -46 46 -48 -49 -50 -51 -52 -53 -54 -55 -56 -57 -58 58 -60 60 -62 -63
leaf_value=-1.5891225395297321 -0.78874923864809376 -0.4210699724880132 1.2827456387877465 0.7211184863690977 1.626033447936363 1.8414686218384775 15.515681323298702 3.2051756014823916 2.9001419067382814 4.2817099633670992 6.759474735076612 4.6600955909298314 22.847493093985101 5.7272275550243181 -2.8733441956935488 -4.6869534680578449 11.815337477597325 -1.655190886150707 5.8591628419028394 -1.1164070704062781 -0.59490220031495822 0.50557652150267762 14.582314496040347 7.4830371076410476 24.762149421985335 -3.3517310554916797 6.9345644386447205 6.5190743250005383 -10.151127977371218 -1.7171218506113413 3.6047353575392345 12.848572064984232 -3.6323611545562744 -1.6750011045199173 -1.2406192994024605 0.0095156918006535935 -0.81538115844682424 -0.63042114641355429 16.349030249207111 -0.092553781509399413 2.1565040866533915 2.8011021304130557 9.5364930689334866 -2.6468616716655688 -1.7696557619767945 10.831085632528577 3.4541739656752704 -0.67238135915814023 7.8667100355542949 2.7316114878112621 2.5771450065937387 2.600226358392022 6.4220184462411076 13.326759212767636 -2.3751387747564081 -2.5942933183355432 -1.1766723015729119 0.75692999979083464 -2.9777198889316661 8.7056578978896137 1.6078943617343904 -2.4608519374747431
leaf_weight=4704 104 88 55 135 241 62 27 50 44 42 104 31 27 39 326 90 55 22 36 750 118 501 55 22 26 37 49 34 20 229 381 31 20 65 60 1571 162 115 27 25 33 20 32 81 82 28 349 66 29 88 424 22 49 27 283 194 51 89 39 64 25 155
leaf_count=4704 104 88 55 135 241 62 27 50 44 42 104 31 27 39 326 90 55 22 36 750 118 501 55 22 26 37 49 34 20 229 381 31 20 65 60 1571 162 115 27 25 33 20 32 81 82 28 349 66 29 88 424 22 49 27 283 194 51 89 39 64 25 155
internal_value=0.0346843 -0.451703 4.9288 0.824844 0.357699 7.59293 8.36144 9.31335 10.1641 11.1787 2.7115 12.2398 13.2107 3.78774 -0.00203605 0.305325 3.49318 7.96662 12.0005 0.0950103 0.613893 -1.18303 13.2357 15.6356 17.8499 -1.81894 9.98312 0.878308 -1.97986 1.14108 2.06643 6.43891 2.75928 2.40013 2.94741 -1.30551 1.55309 2.23582 3.54006 5.92859 7.30959 9.54711 0.0592835 0.937894 1.69801 3.13697 4.00206 2.97321 11.9564 0.930942 1.91417 -3.25554 2.43639 8.83613 -0.699927 -0.453008 2.64584 3.42877 2.52809 3.73442 6.7119 -0.212331
internal_weight=12810 11652 1158 4244 3666 526 464 409 359 315 632 273 242 578 3117 2666 165 77 215 2501 1751 7408 179 103 81 451 76 1639 138 1501 809 85 54 549 484 6907 724 562 424 134 109 76 692 463 382 512 377 447 56 125 528 112 290 66 2203 1920 300 249 217 178 89 1726
internal_count=12810 11652 1158 4244 3666 526 464 409 359 315 632 273 242 578 3117 2666 165 77 215 2501 1751 7408 179 103 81 451 76 1639 138 1501 809 85 54 549 484 6907 724 562 424 134 109 76 692 463 382 512 377 447 56 125 528 112 290 66 2203 1920 300 249 217 178 89 1726
is_linear=0
shrinkage=0.05


Tree=34
num_leaves=63
num_cat=0
split_feature=9 36 36 31 23 32 33 6 31 31 31 33 32 31 31 31 34 31 32 12 31 40 32 36 33 31 36 40 36 31 32 11 36 31 32 33 36 36 34 33 32 36 31 32 36 31 40 8 34 24 38 12 10 28 21 6 18 5 4 24 29 32
split_gain=1.28225e+08 1.27969e+07 3.16784e+06 2.82492e+06 2.77872e+06 1.44669e+06 1.41537e+06 1.53441e+06 2.55037e+06 1.63799e+06 1.5452e+06 1.34813e+06 1.63523e+06 2.74545e+06 1.16372e+06 1.08305e+06 1.0569e+06 1.87461e+06 686690 633531 831070 1.6005e+06 616815 554160 638296 539360 499871 426853 411374 701794 1.70856e+06 388111 333706 313296 295033 285810 220638 167154 161110 153564 138915 136151 133510 147741 133155 147565 174318 123245 156072 149605 134284 175932 175248 135431 179921 182082 188818 206047 275740 202586 165210 111762
threshold=1.0000000180025095e-35 264.71666666666675 364.85833333333341 220.15000000000001 1.0000000180025095e-35 119.35000000000001 457.15000000000003 1.0000000180025095e-35 419.55000000000007 471.05000000000007 135.75000000000003 192.65000000000001 181.85000000000005 101.90000000000002 70.850000000000009 330.95000000000005 117.80000000000001 357.15000000000003 282.95000000000005 1.0000000180025095e-35 249.25000000000003 4.5000000000000009 69.750000000000014 290.52500000000003 62.850000000000001 456.35000000000008 189.25416666666669 2.5000000000000004 151.65000000000001 124.45000000000002 329.05000000000007 1.0000000180025095e-35 203.00416666666669 377.55000000000007 251.65000000000001 369.25000000000006 205.51666666666668 304.74166666666673 451.2000000000001 455.7000000000001 349.05000000000007 371.92500000000007 124.45000000000002 110.05000000000001 171.15833333333333 118.05000000000001 4.5000000000000009 1.0000000180025095e-35 304.50000000000006 1.0000000180025095e-35 1.0000000180025095e-35 1.0000000180025095e-35 1.0000000180025095e-35 1.0000000180025095e-35 1.0000000180025095e-35 1.0000000180025095e-35 1.0000000180025095e-35 1.0000000180025095e-35 1.0000000180025095e-35 1.0000000180025095e-35 1.0000000180025095e-35 341.65000000000003
decision_type=2 2 2 2 2 2 2 2 2 2 2 2 2 2 2 2 2 2 2 2 2 2 2 2 2 2 2 2 2 2 2 2 2 2 2 2 2 2 2 2 2 2 2 2 2 2 2 2 2 2 2 2 2 2 2 2 2 2 2 2 2 2
left_child=4 3 6 11 31 15 7 8 10 -10 -3 14 35 -14 -2 22 17 18 32 20 21 -12 -5 24 -22 27 -6 -4 42 -30 36 34 -7 37 44 -13 -31 -25 -33 47 -39 -28 -16 -44 -1 46 -46 48 50 -50 51 52 53 54 55 56 57 58 59 60 -36 -29
right_child=1 2 25 5 26 16 -8 -9 9 -11 19 12 13 -15 28 -17 -18 -19 -20 -21 23 -23 -24 33 -26 -27 41 61 29 30 -32 38 -34 -35 39 -37 -38 40 -40 -41 -42 -43 43 -45 45 -47 -48 -49 49 -51 -52 -53 -54 -55 -56 -57 -58 -59 -60 -61 -62 -63
leaf_value=-2.2164072364419085 -2.1650994151830676 4.025633361122825 30.265727092601637 18.68576862110811 -1.1862336692018587 9.2611528015136724 28.153510159916348 7.4815469395030636 35.877292728424074 18.796117279589179 35.310509823560714 9.276198632900531 31.889657924486244 9.7746137877305355 3.5042734890072431 3.0667165409434927 11.130839207437305 33.6420166409534 25.041677865527927 9.8009343789382424 17.689378152070223 17.05022053082784 7.7869435809907461 24.236606750488281 6.216142134232955 30.474633867778479 1.1021202410199 25.27264565361871 17.367652461839761 9.1044688373141831 -4.2589422557664953 -2.8357849306044352 17.357410460880825 13.668467558985171 6.0194389020695409 1.3258499109745028 14.640183846155802 17.564888335247428 1.0106948920658656 0.31744293512969185 22.275199848672621 2.8070739435635028 4.8517421834170822 10.174438530748541 3.2619115829467775 -1.7673072858261596 -1.588146920129657 -2.2001832396839118 1.0658120110405214 -2.1938420166261494 -2.0530028082013128 -2.3486630179930708 -2.1687571324275599 -1.8233036562204363 -1.1046375015279748 -1.5523312861064698 -1.382888530477693 -0.82706438533112969 -0.44590216338634492 0.53973435295952699 1.9032508067345544 21.689165098016915
leaf_weight=2026 36 22 27 34 244 20 36 33 32 25 20 26 23 36 54 33 36 23 21 22 27 30 21 20 22 63 743 36 23 45 23 981 35 23 68 20 30 49 28 145 23 139 32 22 32 4610 44 370 132 48 500 245 225 200 455 106 79 79 70 45 38 55
leaf_count=2026 36 22 27 34 244 20 36 33 32 25 20 26 23 36 54 33 36 23 21 22 27 30 21 20 22 63 743 36 23 45 23 981 35 23 68 20 30 49 28 145 23 139 32 22 32 4610 44 370 132 48 500 245 225 200 455 106 79 79 70 45 38 55
internal_value=0.0329501 15.9012 21.286 10.7706 -1.54407 15.2158 18.7156 17.7392 18.8138 28.3855 16.6992 8.09144 12.8862 18.3957 6.19165 10.2278 18.4673 21.1351 17.3501 17.8806 18.7112 24.3543 14.5244 16.9908 12.5381 26.7392 0.816712 24.7449 7.50538 9.5075 7.66276 -1.79661 14.4133 18.888 -1.69775 5.81953 11.3188 20.1928 -2.72904 -1.26711 19.0696 1.37081 5.26226 7.02025 -1.87772 -1.73128 0.453983 -1.35348 -1.21668 0.196571 -1.33724 -1.11495 -0.89352 -0.641828 -0.39045 0.279561 0.79191 1.36461 2.14806 3.35055 4.54382 23.1068
internal_weight=12810 1158 565 593 11652 223 384 348 315 57 258 370 105 59 265 88 135 99 76 236 214 50 55 164 49 181 1126 118 229 121 98 10526 55 115 9517 46 75 92 1009 2805 72 882 108 54 6712 4686 76 2660 2290 180 2110 1610 1365 1140 940 485 379 300 221 151 106 91
internal_count=12810 1158 565 593 11652 223 384 348 315 57 258 370 105 59 265 88 135 99 76 236 214 50 55 164 49 181 1126 118 229 121 98 10526 55 115 9517 46 75 92 1009 2805 72 882 108 54 6712 4686 76 2660 2290 180 2110 1610 1365 1140 940 485 379 300 221 151 106 91
is_linear=0
shrinkage=0.05


Tree=35
num_leaves=63
num_cat=0
split_feature=9 36 25 39 25 36 31 11 36 31 36 33 31 13 36 5 36 38 39 31 37 10 33 36 33 36 36 31 36 36 31 36 31 31 33 35 36 35 33 35 35 35 35 35 35 36 36 35 31 31 33 31 36 36 36 35 36 31 35 34 36 31
split_gain=1.22118e+08 1.26986e+07 9.9482e+06 3.40732e+06 3.28854e+06 2.93419e+06 2.2086e+06 1.76837e+06 1.74163e+06 1.63775e+06 1.68353e+06 1.59044e+06 1.97749e+06 1.31538e+06 1.2891e+06 1.43242e+06 1.11922e+06 1.00118e+06 1.12704e+06 1.15551e+06 792349 1.33252e+06 1.37684e+06 1.2362e+06 1.77493e+06 661720 643404 1.05727e+06 699013 637999 626600 584706 534068 506047 455561 380487 336963 1.12021e+06 316561 297172 306544 275938 315095 255688 313699 245376 243097 234873 233248 227222 220786 214824 205901 193523 191741 174270 157102 132583 118400 114746 114485 114477
threshold=1.0000000180025095e-35 236.23333333333338 1.0000000180025095e-35 1.0000000180025095e-35 1.0000000180025095e-35 324.15000000000009 416.15000000000003 1.0000000180025095e-35 296.61250000000007 86.450000000000017 291.72500000000008 155.45000000000002 477.45000000000005 1.0000000180025095e-35 133.45000000000002 1.0000000180025095e-35 304.74166666666673 1.0000000180025095e-35 1.0000000180025095e-35 179.05000000000004 2.5000000000000004 1.0000000180025095e-35 324.60000000000008 213.81666666666669 120.15000000000002 179.51250000000002 382.25000000000006 370.35000000000008 306.96250000000003 209.31250000000003 302.25000000000006 258.81250000000006 453.05000000000007 137.35000000000005 265.65000000000003 763.75000000000011 265.81666666666672 509.85000000000008 452.65000000000003 675.1500000000002 483.4500000000001 867.15000000000009 1140.5000000000002 992.6500000000002 680.80000000000007 373.83333333333337 277.15833333333336 960.80000000000007 79.15000000000002 469.35000000000008 394.35000000000008 332.65000000000003 171.15833333333333 105.95000000000002 162.62916666666669 458.45000000000005 324.15000000000009 385.35000000000008 892.35000000000002 324.45000000000005 98.925000000000026 105.65000000000002
decision_type=2 2 2 2 2 2 2 2 2 2 2 2 2 2 2 2 2 2 2 2 2 2 2 2 2 2 2 2 2 2 2 2 2 2 2 2 2 2 2 2 2 2 2 2 2 2 2 2 2 2 2 2 2 2 2 2 2 2 2 2 2 2
left_child=2 14 3 55 6 34 9 29 -8 -3 17 32 50 26 53 20 35 18 19 -11 33 22 23 24 -22 -26 27 28 -12 60 -25 -20 -10 -16 -6 48 37 -21 47 40 -34 -37 -43 44 51 58 -38 49 -4 -18 -13 -30 -50 -2 -35 -1 -49 -28 -31 -9 -5 -54
right_child=1 4 16 7 5 -7 8 59 11 10 13 12 -14 -15 15 -17 38 -19 31 36 21 -23 -24 30 25 -27 57 -29 43 45 -32 -33 39 54 -36 41 46 -39 -40 -41 -42 42 -44 -45 -46 -47 -48 56 52 -51 -52 -53 61 -55 -56 -57 -58 -59 -60 -61 -62 -63
leaf_value=-2.3785000215105465 1.3104280032051934 30.599842681884766 -2.0513855049243341 -2.7869819507598876 17.216025257110598 44.037524223327637 34.751441588225184 -2.6571688650395671 19.935940933227542 2.747383466260187 26.612927808761597 17.27942586541176 1.7385238933563234 28.901117589555941 1.3706543880960216 -0.42208901931499621 5.1137209278828388 2.7148063009435481 13.960679856213657 9.778817060689132 28.297632352929369 0.95864229202270512 5.7225828906467981 15.657904815673829 8.6873250669075386 19.171898451973412 25.931442546844483 7.6025878238677977 12.298616600036622 -0.12469115464107411 3.1419135046005251 24.618894706233856 25.696514511108401 5.9817599119963472 27.391320757432421 6.1222369440727764 6.8847525823683968 23.559958482610767 9.734437274932862 23.210205718994143 34.345870027087983 1.3040474788631713 6.1136160649193663 13.132036617555116 22.59635126774128 1.6829841780998338 13.689475618089951 -1.0859629362821579 -0.18012742970604451 9.6768689751625061 24.708869075775148 19.06086333592733 5.6893767443570233 5.7690957960092799 10.904310945642962 -2.8841569858014409 3.8449040174484255 20.365112918356189 0.81202633777552635 -0.82194719853553377 -0.97472514857079262 1.941116960438815
leaf_weight=3932 45 20 52 100 22 24 27 907 36 29 20 20 20 29 23 29 185 22 22 30 38 20 35 20 27 34 20 30 23 925 20 31 20 27 22 72 21 29 37 25 21 140 45 38 26 355 35 20 128 32 20 24 22 53 74 3007 84 23 531 94 678 275
leaf_count=3932 45 20 52 100 22 24 27 907 36 29 20 20 20 29 23 29 185 22 22 30 38 20 35 20 27 34 20 30 23 925 20 31 20 27 22 72 21 29 37 25 21 140 45 38 26 355 35 20 128 32 20 24 22 53 74 3007 84 23 531 94 678 275
internal_value=0.0730426 15.4414 -1.47953 -1.95066 19.5043 29.9744 18.4272 -0.700159 22.9945 16.5983 15.9787 21.0351 14.5756 18.9371 8.78565 10.2158 3.06305 12.8312 13.961 11.6666 11.1859 13.1813 14.5862 16.818 19.8153 14.5312 17.5207 16.0695 18.0085 -0.0101413 9.39991 20.1947 24.8347 8.06413 22.3037 1.94513 13.9158 16.5526 5.3551 27.5068 30.1267 3.49603 2.47394 16.4581 18.1895 0.50431 11.1377 4.85031 1.10953 5.78663 20.9941 15.7517 1.49628 3.72175 9.58838 -2.59763 2.89666 22.9541 0.216928 -2.48483 -1.20766 2.21877
internal_weight=12795 1174 11621 10529 729 68 661 3590 189 472 452 162 60 233 445 347 1092 219 197 144 318 194 174 139 99 61 204 161 131 2589 40 53 102 124 44 734 115 59 358 66 41 257 185 111 73 1811 56 321 477 217 40 47 425 98 101 6939 104 43 1456 1001 778 297
internal_count=12795 1174 11621 10529 729 68 661 3590 189 472 452 162 60 233 445 347 1092 219 197 144 318 194 174 139 99 61 204 161 131 2589 40 53 102 124 44 734 115 59 358 66 41 257 185 111 73 1811 56 321 477 217 40 47 425 98 101 6939 104 43 1456 1001 778 297
is_linear=0
shrinkage=0.05


Tree=36
num_leaves=63
num_cat=0
split_feature=25 7 35 35 35 23 28 35 31 38 35 33 11 33 32 35 24 33 33 31 32 8 29 34 37 13 40 6 37 31 8 28 37 10 21 29 5 8 12 32 35 32 6 35 31 31 13 28 24 33 40 5 35 32 11 33 32 28 32 32 32 35
split_gain=1.01658e+07 3.48018e+06 2.81766e+06 2.10962e+06 1.73581e+06 1.03239e+06 969133 820803 673590 648532 738363 919670 850539 728365 631375 632490 624620 623722 1.06946e+06 617211 597373 567947 564524 683723 626807 571762 519227 498917 543261 584948 697896 592128 1.06152e+06 484381 543404 547087 550316 641373 716780 729540 450645 450161 437151 455554 716851 580184 513925 586807 659279 505869 476037 422732 534746 528197 415261 400737 387520 379468 377276 358486 338004 314252
threshold=1.0000000180025095e-35 1.0000000180025095e-35 711.55000000000007 455.25000000000006 849.65000000000009 1.0000000180025095e-35 1.0000000180025095e-35 1327.2000000000003 101.90000000000002 1.0000000180025095e-35 1000.2500000000001 107.85000000000001 1.0000000180025095e-35 487.65000000000003 413.85000000000008 1140.5000000000002 1.0000000180025095e-35 405.35000000000008 393.00000000000006 179.05000000000004 184.85000000000005 1.0000000180025095e-35 1.0000000180025095e-35 325.25000000000006 3.5000000000000004 1.0000000180025095e-35 4.5000000000000009 1.0000000180025095e-35 4.5000000000000009 388.75000000000006 1.0000000180025095e-35 1.0000000180025095e-35 3.5000000000000004 1.0000000180025095e-35 1.0000000180025095e-35 1.0000000180025095e-35 1.0000000180025095e-35 1.0000000180025095e-35 1.0000000180025095e-35 462.05000000000007 1274.3500000000001 480.35000000000008 1.0000000180025095e-35 526.80000000000007 451.55000000000007 202.65000000000001 1.0000000180025095e-35 1.0000000180025095e-35 1.0000000180025095e-35 54.250000000000007 2.5000000000000004 1.0000000180025095e-35 1186.7000000000003 271.95000000000005 1.0000000180025095e-35 409.85000000000008 416.25000000000006 1.0000000180025095e-35 452.15000000000003 448.55000000000007 382.00000000000006 1009.4000000000001
decision_type=2 2 2 2 2 2 2 2 2 2 2 2 2 2 2 2 2 2 2 2 2 2 2 2 2 2 2 2 2 2 2 2 2 2 2 2 2 2 2 2 2 2 2 2 2 2 2 2 2 2 2 2 2 2 2 2 2 2 2 2 2 2
left_child=1 3 19 -1 -3 9 7 16 26 10 12 -12 17 20 51 -16 21 18 33 -2 -13 22 23 24 25 54 -7 28 29 -22 31 32 -31 34 35 36 37 38 39 42 -17 -41 43 46 45 -45 47 48 50 57 -5 52 -6 -54 55 -4 -9 -47 -30 -40 -23 -18
right_child=2 4 6 5 14 8 -8 56 -10 -11 11 13 -14 -15 15 40 61 -19 -20 -21 27 60 -24 -25 -26 -27 -28 -29 58 30 -32 -33 -34 -35 -36 -37 -38 -39 59 41 -42 -43 -44 44 -46 49 -48 -49 -50 -51 -52 -53 53 -55 -56 -57 -58 -59 -60 -61 -62 -63
leaf_value=-1.3846977071160489 0.077094217405948809 0.91711695900829815 13.486819402945157 11.857378952843803 3.2042560838787502 3.3172538177387132 1.5282311471415237 17.143221196916794 1.3515661256981151 -1.2818818496397926 9.6715648495975657 -3.3783059477806092 -2.5056833121585056 10.582289867401123 12.709073368211588 -0.87954704193841848 5.631918563842774 -3.8710102369387949 11.471765363784066 3.3642685653850997 1.5432117925749886 6.076453386334812 3.0159492038017097 14.978674119017846 4.8809438760562607 2.2798885629290626 13.017045959559354 -1.581385725910224 -2.3161350971714447 5.0500635398061657 -2.3024284267425537 1.9958658415695716 17.752310937026451 -1.5862477324241213 -0.58241467910824407 -1.387949144167778 -1.0921584304486003 -0.60850176919309584 -1.4323680498966804 14.202397004763284 9.3604703767733142 4.1783046222868423 0.083222059770063916 11.453289380280868 12.577379010518392 6.0402832380389873 -2.8106084128220878 -2.3178083517612555 -1.4783766205246385 -4.2680762790498283 4.568406077793667 -1.2679374119814706 2.2482054665684701 11.773517307015354 4.7652452355081385 5.9145106758390158 9.1021701264098791 -0.48740899485926481 5.352227478027344 5.6082851954868866 -1.8773406809026545 -3.1254976862952826
leaf_weight=5127 231 733 104 28 167 37 71 31 642 1126 34 72 361 20 48 21 20 96 21 374 162 34 43 43 93 21 22 103 81 38 20 29 29 349 825 195 175 193 130 24 22 21 110 23 30 79 42 39 37 21 112 34 22 43 22 21 29 31 20 21 22 21
leaf_count=5127 231 733 104 28 167 37 71 31 642 1126 34 72 361 20 48 21 20 96 21 374 162 34 43 43 93 21 22 103 81 38 20 29 29 349 825 195 175 193 130 24 22 21 110 23 30 79 42 39 37 21 112 34 22 43 22 21 29 31 20 21 22 21
internal_value=0.0693905 -0.379823 4.4911 -0.658348 2.3096 0.0315367 6.99731 7.76775 1.82142 -0.235594 0.0943195 1.68149 -0.231364 1.20821 5.16868 8.76369 7.026 0.0841735 0.235689 2.10917 0.869798 7.62417 8.37822 9.1367 8.17423 9.9973 6.93413 1.50437 2.34298 3.484 6.1944 7.96458 10.5481 0.140736 0.422907 1.05555 1.4825 1.96132 2.62439 3.4028 4.35953 9.52449 2.90375 3.6057 5.50647 4.12902 2.25011 3.23414 4.45745 2.84308 6.0262 3.93881 4.70186 8.54957 11.0998 12.2147 13.2567 4.20066 -0.797647 -0.453204 2.95175 1.14641
internal_weight=12795 11615 1180 10525 1090 5398 575 504 701 4697 3571 608 2963 574 357 91 444 2602 2506 605 554 403 347 304 261 168 59 482 379 278 116 96 67 2485 2136 1311 1116 941 748 597 43 45 552 442 184 154 258 216 177 131 140 266 232 65 147 125 60 110 101 151 56 41
internal_count=12795 11615 1180 10525 1090 5398 575 504 701 4697 3571 608 2963 574 357 91 444 2602 2506 605 554 403 347 304 261 168 59 482 379 278 116 96 67 2485 2136 1311 1116 941 748 597 43 45 552 442 184 154 258 216 177 131 140 266 232 65 147 125 60 110 101 151 56 41
is_linear=0
shrinkage=0.05


Tree=37
num_leaves=63
num_cat=0
split_feature=9 36 25 39 25 36 36 32 11 11 39 34 34 36 24 33 2 36 36 5 36 29 32 32 13 2 2 10 37 33 32 36 32 36 33 36 32 32 33 36 32 40 32 32 36 36 32 40 36 36 32 32 36 28 36 32 40 34 34 40 32 34
split_gain=1.08972e+08 1.10805e+07 8.11024e+06 2.83233e+06 2.7701e+06 2.60796e+06 1.88216e+06 1.59568e+06 1.47017e+06 1.12655e+06 2.11339e+06 1.88992e+06 1.38692e+06 1.13867e+06 1.20476e+06 1.01361e+06 999284 964935 883402 834743 818620 729126 1.0781e+06 893551 568807 591894 555267 538141 580301 1.18325e+06 1.01777e+06 753947 698991 534263 511126 443808 352554 924541 348439 317826 307413 380890 302316 317315 267886 252136 235222 234217 228292 224831 219884 219591 218825 212965 159528 140678 127005 119540 113296 106653 107802 183459
threshold=1.0000000180025095e-35 236.23333333333338 1.0000000180025095e-35 1.0000000180025095e-35 1.0000000180025095e-35 315.3250000000001 406.92500000000001 419.85000000000008 1.0000000180025095e-35 1.0000000180025095e-35 1.0000000180025095e-35 104.20000000000002 56.050000000000004 247.31666666666669 1.0000000180025095e-35 391.25000000000006 1.0000000180025095e-35 314.11666666666673 113.62500000000001 1.0000000180025095e-35 308.02500000000003 1.0000000180025095e-35 383.75000000000006 457.45000000000005 1.0000000180025095e-35 1.0000000180025095e-35 1.0000000180025095e-35 1.0000000180025095e-35 2.5000000000000004 176.45000000000002 206.25000000000003 151.65000000000001 134.05000000000004 209.31250000000003 265.65000000000003 328.7166666666667 228.75000000000003 99.800000000000026 307.90000000000003 347.55833333333339 324.55000000000007 4.5000000000000009 436.85000000000008 311.50000000000006 186.45000000000002 431.45000000000005 469.55000000000007 5.5000000000000009 409.21666666666675 165.62500000000003 429.25000000000006 232.55000000000004 373.83333333333337 1.0000000180025095e-35 234.04166666666669 215.80000000000004 4.5000000000000009 62.550000000000004 352.05000000000007 5.5000000000000009 332.15000000000003 153.55000000000004
decision_type=2 2 2 2 2 2 2 2 2 2 2 2 2 2 2 2 2 2 2 2 2 2 2 2 2 2 2 2 2 2 2 2 2 2 2 2 2 2 2 2 2 2 2 2 2 2 2 2 2 2 2 2 2 2 2 2 2 2 2 2 2 2
left_child=2 7 3 55 6 34 9 18 33 10 13 -11 17 51 21 -14 20 -12 -2 24 42 22 36 35 25 27 -10 28 49 31 32 -30 -31 -5 -6 -24 37 39 57 56 41 -38 43 44 -4 -8 48 53 50 -20 -22 -3 -35 58 -28 -1 -15 -18 -46 60 -45 -62
right_child=1 4 16 8 5 -7 45 -9 26 11 12 -13 15 14 -16 -17 38 -19 19 -21 46 -23 23 -25 -26 -27 54 -29 29 30 -32 -33 -34 52 -36 -37 40 -39 -40 -41 -42 -43 -44 59 47 -47 -48 -49 -50 -51 -52 -53 -54 -55 -56 -57 -58 -59 -60 -61 61 -63
leaf_value=-2.2715308543625063 1.7884479514035314 10.782570686340334 -0.45657578304558255 -1.1526682556432057 14.498969156742096 40.433455628615164 20.78201218518344 21.819810322352822 -2.6833715539928589 -0.94866589705149329 32.860743825303182 19.339998754588041 11.346522799900601 10.186763440645658 6.5886923513104838 25.042646208676427 7.7427155688002305 21.284096325768367 5.3745185945854814 0.2819662468773978 3.699150490907372 9.7709837764501586 30.913135719299319 15.581463445935931 2.1545810736142674 17.571824815998905 -1.8693016886711122 2.3752888826223519 11.085085503260295 9.1115062713623054 17.466505123426519 22.808492220938206 -2.628248164767311 0.14256515958954727 25.543118823658336 21.423227119445801 15.363939636403865 25.442808572177231 12.927040597128993 19.603955650329592 17.350719240549449 7.6456326161661456 -3.0634125003689214 5.8482033093770349 2.9875661067036265 25.801363254415577 8.2014340795789451 -0.084634286924904475 6.2943050328228214 9.4621503651936845 -0.85457850194746454 3.3732653355598452 1.5270338456710462 -1.4992708663940431 2.7751319241244348 -2.7668989524709313 15.287438798987347 3.41255610542638 6.9710715579986573 6.292214590503324 3.5914109715875591 -1.8401098056273029
leaf_weight=4916 55 20 201 778 20 26 44 21 911 24 36 22 35 26 31 22 37 36 61 28 183 32 28 28 26 23 26 26 24 32 21 32 21 1456 22 22 33 29 24 24 37 31 38 24 166 58 35 102 72 75 31 20 355 25 64 2023 23 28 20 31 53 22
leaf_count=4916 55 20 201 778 20 26 44 21 911 24 36 22 35 26 31 22 37 36 61 28 183 32 28 28 26 23 26 26 24 32 21 32 21 1456 22 22 33 29 24 24 37 31 38 24 166 58 35 102 72 75 31 20 355 25 64 2023 23 28 20 31 53 22
internal_value=0.065921 14.5835 -1.40071 -1.82609 18.3787 27.9882 17.3901 8.36628 -0.685975 16.2504 16.9226 8.75461 22.4595 15.0625 15.9909 16.6327 2.70084 27.0724 7.69995 8.58107 2.25028 16.9222 17.7365 22.7328 9.26252 9.84921 -2.31323 9.24092 9.912 12.3007 8.15097 17.7842 4.45991 -0.0568189 20.284 26.7376 15.8168 17.8902 7.77844 14.8899 13.7228 11.6254 1.27029 1.52601 0.967843 23.6362 4.33238 1.88257 3.85889 7.62873 3.0395 7.07792 0.413955 2.83353 1.43341 -2.41595 12.581 5.87742 3.4159 3.73291 2.93151 1.99816
internal_weight=12795 1174 11621 10529 729 68 661 445 3590 559 513 46 129 384 344 57 1092 72 424 369 1003 313 281 78 341 315 1001 292 266 130 74 56 53 2589 42 50 203 102 89 73 101 64 682 644 514 102 321 313 286 136 214 40 1811 211 90 6939 49 65 186 130 99 75
internal_count=12795 1174 11621 10529 729 68 661 445 3590 559 513 46 129 384 344 57 1092 72 424 369 1003 313 281 78 341 315 1001 292 266 130 74 56 53 2589 42 50 203 102 89 73 101 64 682 644 514 102 321 313 286 136 214 40 1811 211 90 6939 49 65 186 130 99 75
is_linear=0
shrinkage=0.05


Tree=38
num_leaves=63
num_cat=0
split_feature=9 36 25 39 25 36 31 21 31 31 36 6 32 31 31 31 32 36 31 32 32 36 32 13 32 36 31 31 34 32 31 31 40 31 33 23 23 33 32 32 33 21 36 34 36 32 40 31 36 40 40 33 32 36 31 31 36 32 32 31 32 40
split_gain=9.83474e+07 1.00001e+07 7.31949e+06 2.55618e+06 2.50002e+06 2.36287e+06 1.76269e+06 1.58561e+06 1.73618e+06 1.47709e+06 1.49142e+06 1.83659e+06 1.4401e+06 1.33725e+06 1.14944e+06 1.48431e+06 1.07814e+06 1.13052e+06 1.03648e+06 900017 1.49493e+06 857222 834607 786614 906736 743021 1.56153e+06 1.14306e+06 727524 1.02171e+06 712175 663624 653594 961436 926336 422516 420505 366089 355552 463344 264399 247571 245633 221493 211883 234873 210137 337135 219106 205886 203438 384135 201315 198216 185686 181156 173931 169266 154438 152105 151987 142132
threshold=1.0000000180025095e-35 236.23333333333338 1.0000000180025095e-35 1.0000000180025095e-35 1.0000000180025095e-35 324.15000000000009 416.15000000000003 1.0000000180025095e-35 488.85000000000008 86.450000000000017 311.75833333333338 1.0000000180025095e-35 419.85000000000008 142.15000000000001 366.75000000000006 334.45000000000005 225.35000000000005 359.37500000000006 148.75000000000003 181.85000000000005 293.95000000000005 304.74166666666673 79.050000000000011 1.0000000180025095e-35 460.60000000000008 212.8666666666667 353.50000000000006 284.05000000000007 99.40000000000002 379.75000000000006 223.55000000000004 218.35000000000005 4.5000000000000009 377.55000000000007 230.25000000000003 1.0000000180025095e-35 1.0000000180025095e-35 265.65000000000003 438.45000000000005 213.35000000000005 452.65000000000003 1.0000000180025095e-35 190.465 83.15000000000002 283.94500000000005 180.15000000000001 4.5000000000000009 397.25000000000006 159.68333333333337 1.0000000180025095e-35 2.5000000000000004 104.65000000000002 177.00000000000003 231.85000000000005 401.25000000000006 323.85000000000008 302.01666666666671 284.55000000000007 240.75000000000003 469.35000000000008 470.95000000000005 4.5000000000000009
decision_type=2 2 2 2 2 2 2 2 2 2 2 2 2 2 2 2 2 2 2 2 2 2 2 2 2 2 2 2 2 2 2 2 2 2 2 2 2 2 2 2 2 2 2 2 2 2 2 2 2 2 2 2 2 2 2 2 2 2 2 2 2 2
left_child=2 12 3 -1 6 37 9 8 16 -3 11 13 18 -11 15 28 22 -18 19 50 -21 35 -8 24 32 27 31 49 29 44 -30 -27 33 55 58 38 56 -6 39 46 43 -41 -38 59 45 -15 48 -48 -4 -20 -2 -52 54 -37 -50 -12 -5 -47 -34 60 -23 -51
right_child=1 4 21 36 5 -7 7 -9 -10 10 23 -13 -14 14 -16 -17 17 -19 25 20 -22 40 -24 -25 -26 26 -28 -29 30 -31 -32 -33 34 -35 -36 53 42 -39 -40 41 -42 -43 -44 -45 -46 57 47 -49 52 61 51 -53 -54 -55 -56 -57 -58 -59 -60 -61 -62 -63
leaf_value=-2.2951532156361956 4.9056233080422009 28.183844470977785 -0.98497150488067098 -1.2921341820533314 15.144453074715356 39.208699798583986 21.256858673095707 31.582722139358523 5.2848308018275674 -0.72394568125406911 25.946925935745242 24.980368156234423 20.728819710867747 6.842190301418305 1.4366038640340171 25.258544557744809 6.9925946062261408 20.593867309570314 13.467369508743287 17.312208693822225 1.0950228002336291 3.7605174954076421 32.965198981243631 26.512856791236189 23.785730586332434 2.2503649759292603 -6.2211535748981293 18.966421257822137 -0.45617384477095169 23.714741687774662 12.580347385406496 13.452733220809547 18.00094616699219 9.6459507768804382 3.0767198396765671 2.1129750319889613 -1.2332698880580435 24.265963057767262 -3.6555199119022919 1.9116645016010452 8.5740107790843876 5.0676980392605655 0.63102928395246627 1.1231316754451164 15.700943270596591 15.467901341811469 0.0064383905637880852 -6.5627805189652877 2.6150240416546446 5.5480210699353902 2.7287256709599901 -4.8890647784523349 -1.7648155632473175 8.3645991355180751 7.9359336090087895 19.562556419372559 -0.43071253857721103 9.5244068756103513 12.32376004923945 7.5326563119888306 8.045942517985468 9.4598012067269597
leaf_weight=6939 41 20 57 1676 22 24 45 28 21 24 20 24 21 32 24 22 22 50 22 30 27 206 23 22 34 20 21 38 22 20 20 39 25 22 23 21 228 22 35 159 37 102 785 52 22 23 174 22 91 35 59 23 21 32 20 25 901 25 23 40 23 69
leaf_count=6939 41 20 57 1676 22 24 45 28 21 24 20 24 21 32 24 22 22 50 22 30 27 206 23 22 34 20 21 38 22 20 20 39 25 22 23 21 228 22 35 159 37 102 785 52 22 23 174 22 91 35 59 23 21 32 20 25 901 25 23 40 23 69
internal_value=0.0626249 13.8544 -1.33067 -1.73479 17.4598 26.5888 16.5206 20.601 18.6911 14.8868 14.2984 11.8079 7.94797 10.4568 11.7346 13.0634 20.7021 16.4379 7.31496 4.43672 9.63038 2.56579 25.217 17.6105 16.4719 9.43825 5.48775 11.3653 11.4275 13.3815 5.75169 9.65532 14.6699 18.2121 11.3272 1.58743 -0.651676 19.7052 1.25277 1.5187 4.57171 3.14506 0.211424 4.11038 11.3553 10.1603 0.416157 -0.730923 1.60572 9.07293 2.02989 0.592028 2.72443 5.88754 3.57375 22.4001 -0.990954 12.3723 15.2806 4.68784 4.19093 8.14334
internal_weight=12795 1174 11621 10529 729 68 661 189 161 472 452 258 445 234 210 186 140 72 424 180 57 1092 68 194 172 244 80 164 164 122 42 59 138 67 71 734 3590 44 681 646 358 261 1013 321 102 80 385 196 189 126 123 82 132 53 111 45 2577 48 48 269 229 104
internal_count=12795 1174 11621 10529 729 68 661 189 161 472 452 258 445 234 210 186 140 72 424 180 57 1092 68 194 172 244 80 164 164 122 42 59 138 67 71 734 3590 44 681 646 358 261 1013 321 102 80 385 196 189 126 123 82 132 53 111 45 2577 48 48 269 229 104
is_linear=0
shrinkage=0.05


Tree=39
num_leaves=63
num_cat=0
split_feature=25 7 35 35 35 2 24 23 11 33 24 4 32 35 35 32 38 35 23 21 31 6 35 8 35 32 24 31 2 7 31 2 32 8 32 33 33 18 12 4 31 32 40 35 35 32 32 32 33 31 35 35 32 31 35 33 40 33 33 32 21 35
split_gain=7.46088e+06 2.87757e+06 2.12287e+06 1.44807e+06 1.41795e+06 858866 732798 692462 681146 619528 544196 694336 753304 648060 557663 537413 488867 485562 563388 468225 808750 780812 721990 500930 759653 646708 500335 419751 405506 421391 459023 397687 389024 570059 551791 389076 379065 341761 409598 366875 364474 337886 328076 326280 322513 320490 861650 713340 317670 315550 466035 400737 305767 435012 301526 479906 301095 297630 365059 276557 310581 271000
threshold=1.0000000180025095e-35 1.0000000180025095e-35 790.95000000000016 455.25000000000006 849.65000000000009 1.0000000180025095e-35 1.0000000180025095e-35 1.0000000180025095e-35 1.0000000180025095e-35 493.55000000000007 1.0000000180025095e-35 1.0000000180025095e-35 413.85000000000008 1140.5000000000002 1227.5000000000002 252.95000000000002 1.0000000180025095e-35 1474.1500000000003 1.0000000180025095e-35 1.0000000180025095e-35 109.05000000000001 1.0000000180025095e-35 886.1500000000002 1.0000000180025095e-35 939.55000000000018 225.35000000000005 1.0000000180025095e-35 451.55000000000007 1.0000000180025095e-35 1.0000000180025095e-35 223.55000000000004 1.0000000180025095e-35 305.05000000000007 1.0000000180025095e-35 192.55000000000004 276.2000000000001 401.75000000000006 1.0000000180025095e-35 1.0000000180025095e-35 1.0000000180025095e-35 318.15000000000003 83.050000000000011 4.5000000000000009 769.55000000000007 831.35000000000025 403.85000000000008 347.05000000000007 457.45000000000005 405.35000000000008 256.05000000000007 969.95000000000016 1067.0500000000002 225.35000000000005 300.55000000000007 1067.0500000000002 175.00000000000003 5.5000000000000009 467.05000000000007 435.95000000000005 319.55000000000007 1.0000000180025095e-35 983.85000000000002
decision_type=2 2 2 2 2 2 2 2 2 2 2 2 2 2 2 2 2 2 2 2 2 2 2 2 2 2 2 2 2 2 2 2 2 2 2 2 2 2 2 2 2 2 2 2 2 2 2 2 2 2 2 2 2 2 2 2 2 2 2 2 2 2
left_child=1 3 27 -1 31 8 17 52 9 16 11 12 14 -14 15 48 19 18 32 20 22 23 45 24 26 -26 37 28 29 30 -2 -3 34 49 35 -4 -16 38 39 43 56 44 -20 -22 -21 46 -5 -47 -6 51 -51 -34 -7 -54 -10 -56 -39 58 61 60 -32 -43
right_child=2 4 6 5 10 7 -8 -9 54 -11 -12 -13 13 -15 36 -17 -18 -19 42 41 21 -23 -24 -25 25 -27 -28 -29 -30 -31 59 -33 33 -35 -36 -37 -38 40 -40 -41 -42 57 -44 -45 -46 47 -48 -49 -50 50 -52 -53 53 -55 55 -57 -58 -59 -60 -61 -62 -63
leaf_value=-1.1803883625558551 -0.30393314260307336 0.56026808982484555 12.661394786316416 0.23473949761226259 4.4714114586667471 -0.41994973175087069 1.0246477846513715 6.6264236378054777 -2.484510148538126 8.1571494682975452 -0.57101483289585564 -0.39766569083387204 15.541875643200346 5.5915412243207294 13.308396609340395 0.71381002918762326 -1.0300544637945754 13.818916744232178 7.3560145786830367 -1.8509558942234308 2.5764560684676354 -1.9830771343074602 13.485875570774079 -1.0133489885659361 12.189340488115947 3.2614509688078908 -1.6157756977452491 7.024948539733888 7.0625541210174561 6.7805738340105339 2.4527740788786381 5.3624152587807705 7.4983875169565808 0.95048149426778172 1.2748263593127089 4.6365890082987873 4.6453797153804617 4.7513002709644594 -0.60424894699151965 0.023717378368300776 -2.6348193670056532 -0.56714428585654941 15.91353956858317 6.5958259015247735 -8.7347588253021247 -7.0454489326477052 13.72497723579407 6.001728820800782 11.971687842160463 10.803023803742095 4.2540586866123578 15.029864236080286 0.44969917090665634 3.6594306401329337 7.3779898262023922 -1.0419373731179673 -2.7317638683319094 4.250879091024399 -4.3016484507492612 5.9424309000676994 -3.2307925626083662 1.4461645070356983
leaf_weight=5127 284 687 23 29 48 212 57 63 444 23 43 44 36 30 28 85 1005 25 21 114 390 271 20 268 24 131 167 40 34 35 219 46 38 30 82 44 23 41 138 124 97 819 24 58 20 20 20 22 20 44 71 33 233 193 20 110 20 36 56 49 27 210
leaf_count=5127 284 687 23 29 48 212 57 63 444 23 43 44 36 30 28 85 1005 25 21 114 390 271 20 268 24 131 167 40 34 35 219 46 38 30 82 44 23 41 138 124 97 819 24 58 20 20 20 22 20 44 71 33 233 193 20 110 20 36 56 49 27 210
internal_value=0.0594937 -0.325343 3.84753 -0.578608 2.12018 -0.00703954 6.35538 1.62551 -0.250689 -0.0260269 4.70425 5.42666 6.37581 11.019 4.8736 3.36428 -0.0719325 7.05389 6.64139 0.239186 0.747088 0.481486 4.88427 0.939577 1.3794 4.64383 0.890518 2.05412 1.74728 1.45295 1.1309 0.861631 5.9906 7.34634 4.02522 7.39137 9.40155 1.37272 1.84075 2.43062 -0.73044 -0.505467 11.92 3.09682 -2.87839 2.9938 5.74096 -0.211213 6.67738 8.37793 6.75975 10.9989 1.13169 1.90387 -1.86442 0.253436 2.29784 -0.221817 -0.37022 2.51222 1.82897 -0.156265
internal_weight=12795 11615 1180 10525 1090 5398 492 701 4697 4123 357 314 270 66 204 153 4100 435 410 3095 1840 1729 111 1458 1190 155 1035 688 648 614 579 733 365 216 149 67 51 868 710 572 158 1255 45 448 134 91 49 42 68 186 115 71 638 426 574 130 61 1121 1085 295 246 1029
internal_count=12795 11615 1180 10525 1090 5398 492 701 4697 4123 357 314 270 66 204 153 4100 435 410 3095 1840 1729 111 1458 1190 155 1035 688 648 614 579 733 365 216 149 67 51 868 710 572 158 1255 45 448 134 91 49 42 68 186 115 71 638 426 574 130 61 1121 1085 295 246 1029
is_linear=0
shrinkage=0.05


Tree=40
num_leaves=63
num_cat=0
split_feature=9 36 25 7 39 34 34 33 36 31 31 33 33 33 23 36 36 34 34 31 31 2 36 2 31 33 2 36 31 36 23 31 2 32 23 7 23 31 31 31 37 36 31 39 31 34 7 31 33 32 5 31 31 31 32 31 32 33 23 33 34 12
split_gain=7.7051e+07 9.79017e+06 5.39155e+06 2.37109e+06 1.9254e+06 3.18992e+06 1.88211e+06 1.62888e+06 1.60156e+06 2.35878e+06 1.92958e+06 2.04004e+06 1.41299e+06 1.84865e+06 1.33144e+06 1.16028e+06 1.54597e+06 1.0789e+06 2.25859e+06 2.04932e+06 1.21072e+06 978472 846081 724007 709258 684248 658946 622613 751964 595006 658645 559713 533487 517905 378028 376984 373049 329595 294793 272078 292990 390029 376001 271747 301548 265838 309015 231013 219494 219194 196288 235234 338389 195655 422452 189753 188324 166796 160700 164076 155149 151139
threshold=1.0000000180025095e-35 265.81666666666672 1.0000000180025095e-35 1.0000000180025095e-35 1.0000000180025095e-35 309.05000000000001 179.55000000000004 344.35000000000008 377.65000000000009 477.45000000000005 414.05000000000007 155.45000000000002 458.60000000000008 403.40000000000003 1.0000000180025095e-35 303.53750000000008 289.61666666666673 208.15000000000001 79.550000000000011 179.05000000000004 379.65000000000003 1.0000000180025095e-35 304.74166666666673 1.0000000180025095e-35 275.05000000000007 283.25000000000006 1.0000000180025095e-35 247.31666666666669 309.25000000000006 154.68750000000003 1.0000000180025095e-35 249.25000000000003 1.0000000180025095e-35 374.50000000000006 1.0000000180025095e-35 1.0000000180025095e-35 1.0000000180025095e-35 243.95000000000002 221.95000000000002 68.450000000000017 2.5000000000000004 144.53750000000005 115.95000000000002 1.0000000180025095e-35 469.35000000000008 426.50000000000006 1.0000000180025095e-35 432.95000000000005 146.90000000000003 260.95000000000005 1.0000000180025095e-35 431.55000000000007 385.35000000000008 338.05000000000007 354.00000000000006 186.55000000000004 69.750000000000014 131.25000000000003 1.0000000180025095e-35 299.85000000000008 64.750000000000014 1.0000000180025095e-35
decision_type=2 2 2 2 2 2 2 2 2 2 2 2 2 2 2 2 2 2 2 2 2 2 2 2 2 2 2 2 2 2 2 2 2 2 2 2 2 2 2 2 2 2 2 2 2 2 2 2 2 2 2 2 2 2 2 2 2 2 2 2 2 2
left_child=2 4 3 14 5 17 7 29 9 10 12 -12 13 15 21 16 33 18 19 39 27 49 34 -16 -17 -13 35 28 37 -6 31 -31 36 48 45 38 47 56 -24 -2 41 -41 -42 44 -10 46 50 -5 -3 -1 51 52 55 -26 -55 -4 -21 -36 59 -40 -57 -23
right_child=1 8 22 32 6 -7 -8 -9 43 -11 11 25 -14 -15 23 24 -18 -19 -20 20 -22 61 26 -25 53 -27 -28 -29 -30 30 -32 -33 -34 -35 57 -37 -38 -39 58 40 42 -43 -44 -45 -46 -47 -48 -49 -50 -51 -52 -53 -54 54 -56 60 -58 -59 -60 -61 -62 -63
leaf_value=-2.0641857429166972 -1.6701220807575046 15.560755689938865 -0.5361730477648744 -0.33475303568604287 5.3834525263309487 -13.352138576507569 22.064940300965922 -2.5305236899334456 18.684195954286601 0.88131548074575583 35.718766180674237 11.095977092924572 25.22417749865302 1.4427245412554059 -0.41961051570573499 24.196252212259505 2.2028464808608548 17.86299578818408 -9.0849581111561175 10.449639975058068 22.359872445606051 -0.26233160600814942 -2.9565751111507419 5.0193106752227656 12.98680998325348 23.129860673127354 11.693572394664471 16.050052798947981 -0.046040501801863962 15.288905373537865 21.595233128287575 5.356293893897015 4.3874680059009732 20.104979828865297 1.5539922123863583 8.5339025685281467 3.5777737090617054 13.45661075260581 3.6097644103271471 3.5274551284145303 6.7723941421508789 9.5614889832430112 -1.8674702735508193 25.328838386800555 24.503225314232612 6.0179350106612501 4.3979030559460321 1.9070266121495381 9.1455232747395847 -2.6783566050019907 -3.1120190946067252 4.7051241551676108 -5.9956811269124355 14.661685976982117 23.419268303825746 2.0398025223774279 5.4700161897219148 7.2215445378247427 7.5308763867332829 0.6024370590420931 -1.2052102000183531 -2.733829091556037
leaf_weight=5811 21 24 233 713 25 20 39 23 79 26 24 21 29 28 839 36 33 22 22 37 21 806 20 66 35 27 26 31 23 37 22 23 89 31 21 33 81 41 222 71 20 43 34 36 31 23 48 137 30 1937 41 31 21 40 21 203 39 34 21 57 45 67
leaf_count=5811 21 24 233 713 25 20 39 23 79 26 24 21 29 28 839 36 33 22 22 37 21 806 20 66 35 27 26 31 23 37 22 23 89 31 21 33 81 41 222 71 20 43 34 36 31 23 48 137 30 1937 41 31 21 40 21 203 39 34 21 57 45 67
internal_value=-0.0291044 12.23 -1.25765 -1.60207 7.88792 6.16244 12.4313 9.54126 17.0685 15.45 16.4494 23.8163 14.7216 13.6261 -1.8474 14.9906 11.3879 7.08078 6.49217 7.39164 11.0299 -2.03892 2.10874 -0.0229599 18.2112 17.865 4.01154 9.63849 8.21878 12.1361 14.1949 11.4814 0.689086 14.9539 1.0785 3.44573 0.335535 9.84349 2.92101 3.69563 4.36635 5.80345 1.33248 21.5581 20.3241 0.739203 0.544008 0.0265691 11.9967 -2.21773 0.221732 0.478174 0.217147 15.9668 17.6766 0.488393 7.89431 5.05757 3.31285 2.99536 1.45099 -0.452011
internal_weight=12790 1165 11625 10546 614 445 169 130 551 405 379 72 307 278 9526 250 118 425 403 381 192 8621 1079 905 132 48 379 171 140 107 82 60 1020 85 700 353 931 117 320 189 168 114 54 146 110 645 622 850 54 7748 574 533 502 96 61 481 76 55 300 279 248 873
internal_count=12790 1165 11625 10546 614 445 169 130 551 405 379 72 307 278 9526 250 118 425 403 381 192 8621 1079 905 132 48 379 171 140 107 82 60 1020 85 700 353 931 117 320 189 168 114 54 146 110 645 622 850 54 7748 574 533 502 96 61 481 76 55 300 279 248 873
is_linear=0
shrinkage=0.05


Tree=41
num_leaves=63
num_cat=0
split_feature=25 7 36 23 34 2 36 33 2 23 34 33 40 7 31 31 39 36 31 34 34 31 36 36 33 31 6 2 33 33 36 31 33 33 34 24 37 38 13 31 31 33 5 36 34 12 12 34 33 33 36 36 34 29 38 34 2 36 36 31 31 36
split_gain=5.45288e+06 2.28762e+06 1.64386e+06 1.20363e+06 966471 919424 717158 699768 727695 654800 729375 574786 652246 567914 491930 424552 417774 427677 896223 420888 495422 610975 364590 477199 353072 420533 322939 291298 290995 392700 279180 345368 277608 473315 271799 261692 357842 445139 449660 556470 626964 467206 391122 426946 258003 256449 244529 236478 235787 301990 299577 233603 231065 227153 222925 220115 219494 216651 334426 212118 270564 244850
threshold=1.0000000180025095e-35 1.0000000180025095e-35 315.3250000000001 1.0000000180025095e-35 431.80000000000001 1.0000000180025095e-35 235.01250000000002 495.00000000000006 1.0000000180025095e-35 1.0000000180025095e-35 402.40000000000003 419.85000000000008 5.5000000000000009 1.0000000180025095e-35 431.55000000000007 321.95000000000005 1.0000000180025095e-35 270.65833333333336 107.15000000000002 309.05000000000001 233.65000000000001 187.95000000000002 208.12500000000003 219.51666666666668 465.55000000000007 140.85000000000005 1.0000000180025095e-35 1.0000000180025095e-35 121.65000000000002 206.35000000000005 249.31250000000003 454.65000000000003 180.40000000000003 299.85000000000008 164.90000000000003 1.0000000180025095e-35 1.5000000000000002 1.0000000180025095e-35 1.0000000180025095e-35 449.65000000000003 490.65000000000003 381.90000000000003 1.0000000180025095e-35 342.55000000000007 79.550000000000011 1.0000000180025095e-35 1.0000000180025095e-35 259.15000000000003 350.85000000000008 391.25000000000006 274.85833333333341 288.28333333333336 287.05000000000007 1.0000000180025095e-35 1.0000000180025095e-35 179.55000000000004 1.0000000180025095e-35 259.93333333333334 268.44166666666678 187.95000000000002 395.65000000000003 276.02500000000003
decision_type=2 2 2 2 2 2 2 2 2 2 2 2 2 2 2 2 2 2 2 2 2 2 2 2 2 2 2 2 2 2 2 2 2 2 2 2 2 2 2 2 2 2 2 2 2 2 2 2 2 2 2 2 2 2 2 2 2 2 2 2 2 2
left_child=1 3 9 7 32 6 -3 8 16 10 13 22 47 14 56 -11 17 19 51 20 44 -22 -5 -24 25 -20 35 -25 -8 -30 -31 48 -4 -34 -7 36 -27 38 39 41 42 46 43 -41 -1 57 53 -13 50 -50 -32 -19 -35 -38 -26 -18 59 -10 -59 61 -61 -2
right_child=2 5 4 11 -6 34 28 -9 45 15 -12 12 -14 -15 -16 -17 55 18 24 -21 21 -23 23 27 54 26 -28 -29 29 30 31 -33 33 52 -36 -37 37 -39 -40 40 -42 -43 -44 -45 -46 -47 -48 -49 49 -51 -52 -53 -54 -55 -56 -57 -58 58 -60 60 -62 -63
leaf_value=-1.0224846181213085 -0.41073717365351819 -0.2812362345383761 4.4251407409997263 -0.77643312558057875 16.757748643159868 4.8350630761945954 1.5050510170142777 8.5915996026992811 -0.053563256487988015 4.0005235118228333 8.4182006236669178 -0.256344902676505 12.170977312067281 6.0473114860909334 5.7833741504213094 12.673770223345075 -2.2504801938408301 10.052959467017132 -6.6421446663992745 -3.8881895420246559 9.0480180245858648 -0.73650158246358233 7.6551449037831407 0.78537534876569914 5.7258828859071471 -0.61264655540386848 -1.940059040998084 5.3142256743029543 8.3444806957856201 8.3867840244656531 -5.3162045687437063 7.0007195920655221 12.97555131254525 7.0511106720855157 10.764578373785373 -1.6827988306681316 2.006615246859464 -0.85542392014741186 -0.8843296590841041 12.580621188395732 -2.1190809996231743 7.6613940605750459 0.96448995590209963 4.7580873084790785 -3.0753078256763007 -2.334717875278332 -2.1285472285362981 5.7739318613348338 7.5124022607450129 1.2622378498315812 1.5254960196713607 3.0707000503540041 0.87047212600708024 -2.0061472393217543 -0.12904814358415276 0.24490472793579104 3.5916460264921195 7.1569071800708777 1.2100961698266284 1.5390415996256652 -3.9032558646202093 -5.7075002988179531
leaf_weight=4097 240 396 223 283 20 68 346 20 404 43 37 37 23 56 46 21 760 23 28 133 27 39 29 541 37 1536 341 38 39 21 24 33 29 62 27 309 220 333 159 37 23 26 20 33 159 71 62 29 27 68 48 25 20 42 29 100 50 25 435 264 25 24
leaf_count=4097 240 396 223 283 20 68 346 20 404 43 37 37 23 56 46 21 760 23 28 133 27 39 29 541 37 1536 341 38 39 21 24 33 29 62 27 309 220 333 159 37 23 26 20 33 159 71 62 29 27 68 48 25 20 42 29 100 50 25 435 264 25 24
internal_value=-0.0276491 -0.353701 3.2413 -0.580009 6.08144 1.81922 1.37351 -0.751201 -0.770802 1.9939 1.57535 1.08876 4.92013 1.21622 0.799362 6.84643 -0.91486 -0.798668 -0.365653 -1.11777 -1.03251 3.26626 0.706058 1.3961 -0.466283 -0.541666 -0.487284 1.08261 2.45484 3.71878 2.90248 2.32663 5.44214 7.48531 6.52029 -0.310357 -0.140111 0.619905 1.40975 2.19757 5.24824 1.21264 7.131 8.89286 -1.09918 0.553914 0.695146 2.39332 1.40301 3.0386 -0.755071 6.41637 5.54364 1.36335 3.15326 -1.96032 0.419156 0.79129 1.53329 0.132312 1.06825 -0.892261
internal_weight=12790 11630 1160 10533 354 1097 1002 9553 9533 806 742 980 89 705 649 64 8598 7738 3283 4455 4322 66 891 608 3235 3169 3141 579 606 260 221 200 334 111 95 2800 2491 955 622 463 113 350 90 70 4256 935 324 66 167 95 72 48 82 262 66 860 603 864 460 553 289 264
internal_count=12790 11630 1160 10533 354 1097 1002 9553 9533 806 742 980 89 705 649 64 8598 7738 3283 4455 4322 66 891 608 3235 3169 3141 579 606 260 221 200 334 111 95 2800 2491 955 622 463 113 350 90 70 4256 935 324 66 167 95 72 48 82 262 66 860 603 864 460 553 289 264
is_linear=0
shrinkage=0.05


Tree=42
num_leaves=63
num_cat=0
split_feature=9 31 39 39 11 34 35 33 33 33 31 34 35 33 32 23 40 32 32 32 32 31 32 32 31 13 32 31 32 35 32 31 33 33 40 35 31 35 32 31 31 23 2 32 32 13 35 2 5 35 35 32 32 32 31 33 31 32 31 23 31 34
split_gain=6.91283e+07 4.86034e+06 4.30009e+06 3.0599e+06 1.98227e+06 1.9512e+06 4.72498e+06 1.45806e+06 3.05858e+06 1.96907e+06 1.49099e+06 1.29442e+06 1.23026e+06 1.35776e+06 1.19512e+06 1.21372e+06 922952 816749 760084 1.69863e+06 2.40556e+06 685275 591947 565649 943818 555834 539892 494267 450891 445169 438493 434620 394537 1.39763e+06 925557 813945 540080 333674 938525 307498 296994 265298 250300 226405 225656 224198 216472 208687 223179 190486 187364 170985 159702 170570 155208 142165 160128 140684 272569 138216 129482 128520
threshold=1.0000000180025095e-35 379.65000000000003 1.0000000180025095e-35 1.0000000180025095e-35 1.0000000180025095e-35 62.550000000000004 1327.2000000000003 458.60000000000008 405.35000000000008 381.90000000000003 158.40000000000003 352.05000000000007 873.05000000000007 237.55000000000004 92.350000000000009 1.0000000180025095e-35 1.0000000180025095e-35 214.65000000000001 365.75000000000006 183.65000000000001 84.350000000000009 196.45000000000002 419.85000000000008 355.75000000000006 107.15000000000002 1.0000000180025095e-35 278.85000000000008 245.75000000000003 282.95000000000005 976.85000000000002 327.65000000000003 98.550000000000011 1.0000000180025095e-35 191.10000000000002 4.5000000000000009 983.85000000000002 202.65000000000001 425.85000000000008 161.05000000000004 437.35000000000008 430.25000000000006 1.0000000180025095e-35 1.0000000180025095e-35 438.45000000000005 117.55000000000001 1.0000000180025095e-35 344.05000000000001 1.0000000180025095e-35 1.0000000180025095e-35 455.25000000000006 114.05000000000001 234.05000000000004 301.65000000000003 51.95000000000001 421.15000000000003 350.85000000000008 370.35000000000008 69.750000000000014 193.35000000000005 1.0000000180025095e-35 492.30000000000001 441.80000000000001
decision_type=2 2 2 2 2 2 2 2 2 2 2 2 2 2 2 2 2 2 2 2 2 2 2 2 2 2 2 2 2 2 2 2 2 2 2 2 2 2 2 2 2 2 2 2 2 2 2 2 2 2 2 2 2 2 2 2 2 2 2 2 2 2
left_child=2 3 49 7 21 16 17 8 9 10 23 14 22 -14 -5 32 -3 -7 19 20 39 50 25 26 -25 27 31 57 -17 -20 51 -2 36 -34 -35 -36 -16 46 -39 -18 52 42 -6 45 -33 47 -29 48 59 -1 -4 -21 53 -23 61 56 -55 -12 -59 60 -42 -54
right_child=1 5 4 11 41 6 -8 -9 -10 -11 12 -13 13 -15 15 28 18 -19 29 30 -22 40 -24 24 -26 -27 -28 37 -30 -31 -32 44 33 34 35 -37 -38 38 -40 -41 43 -43 -44 -45 -46 -47 -48 -49 -50 -51 -52 -53 54 55 -56 -57 -58 58 -60 -61 -62 -63
leaf_value=-1.7497571850967313 -0.028274299621582035 11.214529576794854 -2.3096771119038264 2.3071804369489355 -2.3374344224763175 -7.9260815847487684 23.4984044712943 19.830055522918702 -9.5077475786209114 23.05610860642933 9.6836018800735477 23.189903033120292 -7.6334088756924592 10.569834566116334 10.43495617389679 16.500398916006088 14.680799130031042 5.8595769741318442 21.640309696197512 13.517097663879396 37.220755386352543 1.1176260609514057 17.018176072643652 15.505902137358985 0.79904769897460948 2.2894348196361376 -5.2798566699028022 12.468339166408633 26.41026664538817 32.189825668334962 18.814807922189885 4.2681391913935824 0.77815566148076742 20.908525583661838 14.936040095668851 2.683088543104089 22.054766750335695 1.4899074222730553 13.369252207279207 21.804740674567945 3.2086291884240654 0.87575531914646243 0.46709262142493124 5.0518566005880183 10.392520018986295 -1.9173419535160066 18.171610110146659 0.28516270028220281 -2.4291649614061632 -2.2780136952324521 -0.22513391548521677 7.1958198630291479 1.3796884316439466 -0.0018103814830026284 -2.6617299455663432 1.3095503277761837 -1.9785496220552834 9.9349398930867512 2.7860436896483107 1.5064647438358669 7.2404234105890453 5.2745870710773906
leaf_weight=3917 50 29 120 24 930 21 37 24 26 21 48 35 21 20 20 24 28 22 20 20 24 468 31 24 20 23 20 41 22 20 22 53 28 29 33 23 20 23 60 33 210 81 87 55 21 40 28 135 21 3024 1060 23 568 446 23 142 133 24 30 121 22 22
leaf_count=3917 50 29 120 24 930 21 37 24 26 21 48 35 21 20 20 24 28 22 20 20 24 468 31 24 20 23 20 41 22 20 22 53 28 29 33 23 20 23 60 33 210 81 87 55 21 40 28 135 21 3024 1060 23 568 446 23 142 133 24 30 121 22 22
internal_value=-0.0262667 11.5854 -1.18994 9.68779 -0.0193174 17.0817 10.3988 7.75171 7.25534 8.03642 7.44906 14.2503 9.38275 1.24622 12.8473 14.1184 19.5229 -0.872954 20.791 19.1579 23.8108 0.549849 10.4659 3.85939 8.82097 9.73256 2.34336 10.4065 21.2399 26.9151 13.0734 3.57291 11.9773 10.4667 13.6582 9.90358 16.2449 12.2134 10.0774 18.5347 1.0339 -1.87818 -2.09752 1.99342 6.00614 1.68702 14.7827 1.97027 2.57853 -1.9799 -0.437121 10.1359 0.712283 0.374307 1.36784 -0.108181 -0.45588 7.71405 5.96333 2.87644 3.59095 1.52492
internal_weight=12790 1165 11625 866 4684 299 80 608 584 558 537 258 349 41 223 199 219 43 190 150 85 3586 308 188 44 277 144 254 46 40 65 124 153 113 85 56 40 152 83 61 2406 1098 1017 604 74 549 69 509 374 6941 1180 43 1802 1189 613 721 579 102 54 353 232 590
internal_count=12790 1165 11625 866 4684 299 80 608 584 558 537 258 349 41 223 199 219 43 190 150 85 3586 308 188 44 277 144 254 46 40 65 124 153 113 85 56 40 152 83 61 2406 1098 1017 604 74 549 69 509 374 6941 1180 43 1802 1189 613 721 579 102 54 353 232 590
is_linear=0
shrinkage=0.05


Tree=43
num_leaves=63
num_cat=0
split_feature=25 7 35 23 24 2 34 32 7 35 33 35 35 23 6 35 32 12 33 32 35 35 38 35 37 11 2 37 34 32 29 35 32 33 13 24 33 32 5 10 4 35 21 32 35 35 35 33 5 37 38 32 35 35 29 33 35 32 37 32 35 33
split_gain=4.68273e+06 1.8996e+06 1.30468e+06 947953 865577 840528 640619 613591 610818 513988 494274 480693 463728 455095 381297 420815 352027 341758 481341 760023 612850 951024 366695 467761 397321 395046 314356 301763 565865 301161 283136 294521 435198 307548 291143 454491 481069 428123 307565 369493 472175 466620 486318 373800 373505 356633 274052 353712 267017 285827 417793 253956 246220 268312 238240 428314 258757 444123 299376 234916 231452 229772
threshold=1.0000000180025095e-35 1.0000000180025095e-35 1140.5000000000002 1.0000000180025095e-35 1.0000000180025095e-35 1.0000000180025095e-35 449.15000000000003 119.35000000000001 1.0000000180025095e-35 1152.0500000000002 419.85000000000008 976.85000000000002 736.45000000000016 1.0000000180025095e-35 1.0000000180025095e-35 1352.45 347.05000000000007 1.0000000180025095e-35 455.7000000000001 177.00000000000003 1107.4500000000003 1018.5500000000001 1.0000000180025095e-35 1118.0500000000002 4.5000000000000009 1.0000000180025095e-35 1.0000000180025095e-35 3.5000000000000004 196.60000000000005 142.45000000000002 1.0000000180025095e-35 583.75000000000011 171.65000000000001 196.00000000000003 1.0000000180025095e-35 1.0000000180025095e-35 313.95000000000005 305.05000000000007 1.0000000180025095e-35 1.0000000180025095e-35 1.0000000180025095e-35 654.95000000000016 1.0000000180025095e-35 457.45000000000005 786.30000000000007 843.15000000000009 361.85000000000008 419.85000000000008 1.0000000180025095e-35 4.5000000000000009 1.0000000180025095e-35 343.35000000000008 753.35000000000014 1437.45 1.0000000180025095e-35 103.30000000000003 716.85000000000002 443.85000000000008 3.5000000000000004 308.65000000000003 644.05000000000018 237.55000000000004
decision_type=2 2 2 2 2 2 2 2 2 2 2 2 2 2 2 2 2 2 2 2 2 2 2 2 2 2 2 2 2 2 2 2 2 2 2 2 2 2 2 2 2 2 2 2 2 2 2 2 2 2 2 2 2 2 2 2 2 2 2 2 2 2
left_child=1 3 8 7 6 12 -4 11 13 -7 16 -1 -3 46 15 17 26 18 22 -20 21 -21 23 25 27 29 -5 -25 -29 -9 31 -31 33 -33 35 36 38 -38 39 40 41 -34 43 -43 -44 -46 -2 54 49 50 -17 -12 -14 -54 56 -56 57 -48 61 -22 -18 -58
right_child=2 5 4 10 -6 9 -8 14 -10 -11 51 -13 52 -15 -16 48 60 -19 19 20 59 -23 -24 24 -26 -27 -28 28 -30 30 -32 32 34 -35 -36 -37 37 -39 -40 -41 -42 42 44 -45 45 -47 47 -49 -50 -51 -52 -53 53 -55 55 -57 58 -59 -60 -61 -62 -63
leaf_value=-0.99733553458464008 0.082279247034560243 0.33719661065948614 7.0591983121469486 -0.24813292667953465 -1.9539430618286133 4.2486320347785949 15.793671971101029 2.6054427602556021 6.6502572370202913 13.269795521497727 6.6005167683688075 -5.4262748034731034 7.6719996070319958 6.0220334760042338 -1.4474524734320342 9.6624021385655254 5.4893002256103181 -1.3835350547142642 -5.5086680639357795 2.8119044127287687 5.3720592403411871 16.999041184924899 -1.0452912193974799 1.4528565291511386 -1.2465418532087997 -1.5781310946686462 4.2697781051077497 13.458177722584118 3.1058166878128595 -0.50887012050265357 -1.4042759666481173 10.429781579971314 -0.30229817582294349 1.952004378774892 -1.2019879784553673 -1.3089450426660219 2.6518867476781214 11.960157022022067 -1.137066227013303 -0.90551085074742643 -0.50917180452205535 6.1488296879662414 0.33522044203498147 14.364165840148926 11.263562783740817 2.643901022842952 2.3010429520503246 -2.0485968904650731 -1.7507286104662665 0.28187447005794164 2.2200095263394442 1.103544301813578 1.8930602045435656 7.352668285369873 3.8863512559370563 -5.97995888970115 4.1594128159315966 -5.399920341670513 2.0939577329362562 -1.5784376640473643 1.496427115663713 8.5645813842152432
leaf_weight=5164 204 595 109 632 22 75 26 135 76 20 55 62 22 65 572 33 46 499 21 27 20 21 762 38 37 318 41 22 33 525 249 20 48 23 157 143 30 21 97 84 77 45 55 20 21 28 293 46 29 42 44 34 361 24 22 22 95 20 117 31 172 43
leaf_count=5164 204 595 109 632 22 75 26 135 76 20 55 62 22 65 572 33 46 499 21 27 20 21 762 38 37 318 41 22 33 525 249 20 48 23 157 143 30 21 97 84 77 45 55 20 21 28 293 46 29 42 44 34 361 24 22 22 95 20 117 31 172 43
internal_value=-0.0249533 -0.327104 3.00437 -0.533327 7.24268 1.65298 8.74139 -0.685253 2.34094 6.14782 0.947636 -1.04988 1.22682 1.98764 -0.244869 -0.0616795 0.592743 -0.168898 0.0261165 3.13107 4.96375 9.01878 -0.0985805 0.225496 3.13583 0.044988 0.0271039 4.87936 7.24676 0.335287 0.148756 0.426162 0.991056 5.89516 0.735757 1.1905 1.87001 6.4847 1.37454 2.01905 2.85464 4.04826 5.28392 8.67663 3.16347 6.33804 1.68342 2.17983 2.5514 3.59982 5.40961 4.50055 2.52738 2.2334 2.49765 -1.0468 2.77222 1.80897 3.95457 1.14725 2.33896 5.53204
internal_weight=12790 11630 1160 10533 157 1097 135 9553 1003 95 980 5226 1002 927 4327 3755 891 3607 3108 120 99 48 2988 2226 130 2096 673 93 55 1778 1643 1394 869 43 826 669 526 51 475 378 294 217 169 65 104 49 862 658 148 119 77 89 407 385 612 44 568 313 255 51 218 138
internal_count=12790 11630 1160 10533 157 1097 135 9553 1003 95 980 5226 1002 927 4327 3755 891 3607 3108 120 99 48 2988 2226 130 2096 673 93 55 1778 1643 1394 869 43 826 669 526 51 475 378 294 217 169 65 104 49 862 658 148 119 77 89 407 385 612 44 568 313 255 51 218 138
is_linear=0
shrinkage=0.05


Tree=44
num_leaves=63
num_cat=0
split_feature=9 36 25 39 34 34 33 39 36 32 36 40 34 29 32 32 11 32 32 32 33 40 36 2 34 32 32 32 39 36 36 40 40 32 32 36 36 36 2 40 40 32 36 33 36 32 5 36 36 32 33 6 36 32 29 32 28 29 32 40 33 32
split_gain=6.17532e+07 7.69509e+06 3.73161e+06 1.4853e+06 2.72783e+06 1.61925e+06 1.48585e+06 1.48519e+06 1.33697e+06 1.06102e+06 1.1712e+06 1.02858e+06 1.06568e+06 979348 1.23538e+06 1.15701e+06 950085 915872 909996 1.78603e+06 864340 770964 594759 581794 581509 562381 1.31721e+06 565022 853818 486640 490434 458867 550621 435314 393095 355725 338802 331910 260233 240819 599725 400102 218667 218533 214334 180997 173091 152323 150346 148388 251716 143976 264230 139086 177209 185944 163095 133094 130714 116638 145432 113173
threshold=1.0000000180025095e-35 265.81666666666672 1.0000000180025095e-35 1.0000000180025095e-35 309.05000000000001 179.55000000000004 344.35000000000008 1.0000000180025095e-35 377.65000000000009 402.15000000000003 154.68750000000003 2.5000000000000004 264.00000000000006 1.0000000180025095e-35 355.75000000000006 268.45000000000005 1.0000000180025095e-35 387.35000000000008 119.35000000000001 68.15000000000002 107.85000000000001 5.5000000000000009 304.74166666666673 1.0000000180025095e-35 380.40000000000003 223.45000000000002 79.050000000000011 296.05000000000007 1.0000000180025095e-35 168.58333333333334 240.34333333333339 5.5000000000000009 2.5000000000000004 213.35000000000005 442.25000000000006 327.25000000000006 308.02500000000003 425.18333333333339 1.0000000180025095e-35 5.5000000000000009 3.5000000000000004 358.65000000000003 190.465 85.65000000000002 452.87500000000006 469.55000000000007 1.0000000180025095e-35 111.17500000000003 304.74166666666673 360.55000000000007 354.2000000000001 1.0000000180025095e-35 243.56250000000003 213.35000000000005 1.0000000180025095e-35 436.85000000000008 1.0000000180025095e-35 1.0000000180025095e-35 119.35000000000001 1.0000000180025095e-35 72.450000000000017 139.05000000000004
decision_type=2 2 2 2 2 2 2 2 2 2 2 2 2 2 2 2 2 2 2 2 2 2 2 2 2 2 2 2 2 2 2 2 2 2 2 2 2 2 2 2 2 2 2 2 2 2 2 2 2 2 2 2 2 2 2 2 2 2 2 2 2 2
left_child=2 3 7 4 9 6 29 58 11 10 -2 12 20 14 15 18 37 24 19 -12 -3 35 46 44 25 26 48 -27 43 -5 33 32 -20 -31 -23 -19 -22 42 -18 40 41 -10 -9 -29 45 49 47 -4 -13 -24 -51 53 -53 57 55 56 -55 59 -1 60 -49 -41
right_child=1 8 22 5 -6 -7 -8 16 39 -11 13 17 -14 -15 -16 -17 38 21 31 -21 36 34 23 -25 -26 27 -28 28 -30 30 -32 -33 -34 -35 -36 -37 -38 -39 -40 61 -42 -43 -44 -45 -46 -47 -48 51 -50 50 -52 52 -54 54 -56 -57 -58 -59 -60 -61 -62 -63
leaf_value=-1.6638495097353241 3.1984270721901464 12.718084308079312 -1.7178658125248363 5.6100937714499821 -12.459754619598389 20.027723547128531 -3.1181196536706843 -1.0697527574100036 17.574310611856397 -3.3513717981485223 9.5839390588185136 8.4001587677001961 19.20614585876465 18.390343017578125 19.296830714832652 -0.94258927565354578 -2.1228581497322057 19.583853685855868 14.242678082099667 -5.786391378332068 7.1840575981140136 18.757083644185748 2.7900610111036355 10.490751772660476 5.8605145330014441 6.9620737508342074 24.708904364449637 13.699098623366584 21.364374903270178 11.566966147258364 6.9461765921634182 16.349583891275767 4.2353766168866844 20.670391201972961 9.7075062343052458 28.285598792200506 -1.4719966654594128 2.0665769135810921 0.69232208715544807 19.581479776316677 12.956583812362268 26.766934051513672 0.042908839386750441 6.4858016786121189 6.3967809945344927 5.891106691211462 -2.1173654312783099 0.91975470781326296 14.457520039876304 1.8039045812208443 -3.952595461845398 1.7960283884778621 -5.1442136387030288 3.0378225445041998 6.2566018251272348 -1.6335335224866867 -1.289085102081299 -2.9910480802709407 -2.1085018838602738 0.50824781124980223 5.9128655033111572 23.961818879445396
leaf_weight=4227 131 35 47 31 20 39 23 582 29 26 63 20 22 25 22 39 934 24 27 27 20 28 181 26 23 37 35 21 28 29 23 37 28 24 21 23 26 169 90 29 38 20 1830 21 36 32 47 35 21 79 25 32 24 169 26 32 25 22 2714 216 25 30
leaf_count=4227 131 35 47 31 20 39 23 582 29 26 63 20 22 25 22 39 934 24 27 27 20 28 181 26 23 37 35 21 28 29 23 37 28 24 21 23 26 169 90 29 38 20 1830 21 36 32 47 35 21 79 25 32 24 169 26 32 25 22 2714 216 25 30
internal_value=-0.0237057 10.9511 -1.12355 7.10162 5.58612 11.0921 8.41146 -1.41009 15.2408 6.43534 7.07307 13.762 9.44735 8.96702 7.99754 6.87272 -0.586758 15.2336 8.54743 4.97284 6.79682 19.2671 1.67708 3.27244 13.3539 14.2957 17.5845 11.9596 14.6012 10.8898 13.0433 12.0443 9.14805 15.6893 14.8787 23.8422 2.29151 -0.0754829 -1.87543 19.3429 17.6706 21.3264 -0.225569 10.0925 2.74078 2.32558 0.813301 1.02424 11.5027 1.92524 0.420131 1.23691 -1.17836 1.48283 2.34747 1.89775 2.48023 0.751649 -1.83771 1.04998 3.00022 21.8088
internal_weight=12790 1165 11625 614 445 169 130 10546 551 425 399 405 103 268 243 221 3605 302 182 90 81 96 1079 379 206 183 76 107 70 107 76 92 55 53 49 47 46 2581 1024 146 87 49 2412 42 353 317 700 653 41 285 104 606 56 550 252 226 194 298 6941 276 60 59
internal_count=12790 1165 11625 614 445 169 130 10546 551 425 399 405 103 268 243 221 3605 302 182 90 81 96 1079 379 206 183 76 107 70 107 76 92 55 53 49 47 46 2581 1024 146 87 49 2412 42 353 317 700 653 41 285 104 606 56 550 252 226 194 298 6941 276 60 59
is_linear=0
shrinkage=0.05


Tree=45
num_leaves=63
num_cat=0
split_feature=9 36 25 25 32 32 32 31 33 32 39 5 32 18 34 21 32 36 31 32 31 31 31 2 36 31 40 31 39 31 33 23 35 31 36 31 36 2 23 34 35 23 40 36 40 31 35 36 33 31 36 36 31 31 29 21 35 36 31 33 36 32
split_gain=6.09849e+07 5.43884e+06 3.72358e+06 2.2092e+06 2.02505e+06 5.26626e+06 1.59404e+06 1.51556e+06 1.49514e+06 1.75389e+06 1.39294e+06 1.14869e+06 1.47349e+06 1.11483e+06 1.05377e+06 910087 813088 785882 751138 1.01445e+06 686750 679116 1.48605e+06 605677 543308 715173 534262 802320 539830 978820 864268 526650 429956 331822 1.07155e+06 371995 327918 304964 582039 290583 262565 260950 249185 232690 215414 204876 181265 176470 170640 146494 125868 119626 451301 181832 159491 158853 158858 190000 118976 121042 113474 99187.9
threshold=1.0000000180025095e-35 327.25000000000006 1.0000000180025095e-35 1.0000000180025095e-35 475.15000000000003 459.15000000000003 106.65000000000002 445.15000000000003 386.00000000000006 429.25000000000006 1.0000000180025095e-35 1.0000000180025095e-35 325.75000000000006 1.0000000180025095e-35 119.65000000000002 1.0000000180025095e-35 402.15000000000003 252.75000000000003 193.35000000000005 68.15000000000002 143.65000000000001 137.35000000000005 88.15000000000002 1.0000000180025095e-35 434.02500000000003 471.05000000000007 5.5000000000000009 309.25000000000006 1.0000000180025095e-35 202.65000000000001 1.0000000180025095e-35 1.0000000180025095e-35 314.15000000000003 381.95000000000005 368.12500000000006 251.05000000000004 401.08333333333343 1.0000000180025095e-35 1.0000000180025095e-35 134.75000000000003 774.25000000000011 1.0000000180025095e-35 3.5000000000000004 314.11666666666673 3.5000000000000004 214.85000000000005 439.05000000000007 306.96250000000003 298.15000000000003 66.450000000000017 137.26666666666671 256.62500000000006 147.15000000000001 425.05000000000007 1.0000000180025095e-35 1.0000000180025095e-35 969.95000000000016 325.81666666666672 353.50000000000006 227.40000000000003 393.56666666666672 309.95000000000005
decision_type=2 2 2 2 2 2 2 2 2 2 2 2 2 2 2 2 2 2 2 2 2 2 2 2 2 2 2 2 2 2 2 2 2 2 2 2 2 2 2 2 2 2 2 2 2 2 2 2 2 2 2 2 2 2 2 2 2 2 2 2 2 2
left_child=2 4 10 24 5 6 14 8 9 11 46 12 13 21 18 -9 17 -14 50 32 -10 22 -8 31 25 33 28 45 29 -23 -31 36 -20 35 -35 -3 49 41 60 44 -30 -12 -36 -25 -37 -28 -1 61 -40 -4 -2 53 -53 -51 55 56 -54 -58 59 -33 -39 -43
right_child=1 3 23 -5 -6 -7 7 15 20 -11 37 -13 16 -15 -16 -17 -18 -19 19 -21 -22 26 -24 43 -26 -27 27 -29 40 30 -32 58 -34 34 42 39 -38 38 48 -41 -42 47 -44 -45 -46 -47 -48 -49 -50 51 -52 52 54 -55 -56 -57 57 -59 -60 -61 -62 -63
leaf_value=-1.5144515579219466 2.2957117380517902 19.611817087445942 -2.3360794743976081 32.770543670654298 -6.7792547845840465 34.039504968552365 14.007965928857978 11.586139915103004 22.88438377747169 -4.4647272453308107 -1.21386783948497 -0.075359101449289645 23.701354514468804 -1.6008485387872768 -2.9033647652828334 25.982879924774171 8.3648100714529718 13.088311419293687 10.357289573794507 2.3135456929888045 12.220207761393652 15.197730073061857 -2.9835908030309986 4.2996503310606764 19.961091265762064 6.8634102856671362 13.609110307097437 21.406547753016156 16.36487210083008 8.3776442628918275 -3.5656215071678163 1.3158841216045878 18.652249036516462 24.962626289598873 9.5477600531144571 17.700091917618462 3.853415965146207 -0.35492389878601882 2.8803139663284476 6.9076328194141388 8.9624225948167897 -0.98982169746954018 16.144020526002091 10.434878139495851 11.751808468500775 6.6169027892026042 -2.0270889071973417 0.82691807300345799 8.0906189398332078 0.087212837387997552 5.7971261887323289 8.1666469136873889 1.7300003441696121 4.969053235054016 -2.3443088416130311 4.3181186542278382 -4.4154064682813789 0.80297161340713508 7.9468614890657623 6.5662639742805853 1.3340675140376641 0.46634400170538337
leaf_weight=3662 66 21 37 20 20 21 22 21 26 25 1637 31 33 27 33 23 31 37 61 35 36 22 31 68 57 27 20 24 25 33 28 23 21 33 22 23 94 829 55 20 23 486 41 20 45 22 3259 302 22 412 42 24 202 20 31 41 26 53 29 21 113 154
leaf_count=3662 66 21 37 20 20 21 22 21 26 25 1637 31 33 27 33 23 31 37 61 35 36 22 31 68 57 27 20 24 25 33 28 23 21 33 22 23 94 829 55 20 23 486 41 20 45 22 3259 302 22 412 42 24 202 20 31 41 26 53 29 21 113 154
internal_value=0.034724 11.0286 -1.05142 16.6996 8.94005 9.32392 8.67351 10.2182 9.42922 8.39164 -1.34099 9.17748 9.93631 8.05128 5.44051 19.1117 15.1062 18.0916 6.66428 9.43988 16.6923 9.09371 4.06951 1.71514 15.5874 14.5128 10.4454 14.1138 8.59719 6.15632 2.89549 1.3695 12.4816 15.5203 17.6638 13.6324 1.05179 -0.542991 0.189331 12.2055 12.8179 -0.832342 13.8406 5.69402 13.7637 9.94653 -1.75585 -0.169328 4.36897 0.740501 3.65737 0.88121 1.53206 0.313224 1.08098 1.41074 0.986537 -0.914469 5.46049 3.82175 -0.152317 -0.639432
internal_weight=12768 1148 11620 309 839 819 798 540 496 434 10519 409 378 277 258 44 101 70 225 117 62 250 53 1101 289 232 197 66 131 83 61 1013 82 205 96 109 940 3598 1019 88 48 2579 63 88 68 42 6921 942 77 846 108 809 377 432 353 322 281 79 73 44 942 640
internal_count=12768 1148 11620 309 839 819 798 540 496 434 10519 409 378 277 258 44 101 70 225 117 62 250 53 1101 289 232 197 66 131 83 61 1013 82 205 96 109 940 3598 1019 88 48 2579 63 88 68 42 6921 942 77 846 108 809 377 432 353 322 281 79 73 44 942 640
is_linear=0
shrinkage=0.05


Tree=46
num_leaves=63
num_cat=0
split_feature=9 36 25 25 32 32 7 32 7 6 31 32 35 23 35 31 32 6 12 33 33 18 31 33 32 2 36 35 36 23 2 33 23 31 23 33 35 23 7 31 35 2 31 31 35 31 36 31 31 36 31 32 31 36 35 32 40 32 31 32 35 40
split_gain=5.50389e+07 4.91166e+06 3.36053e+06 2.15046e+06 1.96766e+06 4.15429e+06 1.63425e+06 1.46974e+06 1.88025e+06 1.45976e+06 1.44314e+06 1.15962e+06 2.92416e+06 1.02894e+06 947483 1.01663e+06 881236 1.16173e+06 853368 948008 819892 736019 771761 703749 887338 701050 686543 580359 606758 552306 546624 526598 475302 461809 445463 393621 804744 391835 377200 319683 345752 311099 309708 306129 254531 217276 210003 187827 174161 164781 237193 209116 171363 162134 153291 151397 147394 244388 146015 352537 139292 135403
threshold=1.0000000180025095e-35 324.15000000000009 1.0000000180025095e-35 1.0000000180025095e-35 473.65000000000003 453.75000000000006 1.0000000180025095e-35 106.65000000000002 1.0000000180025095e-35 1.0000000180025095e-35 445.15000000000003 402.15000000000003 992.6500000000002 1.0000000180025095e-35 843.15000000000009 189.95000000000002 325.75000000000006 1.0000000180025095e-35 1.0000000180025095e-35 393.00000000000006 446.75000000000006 1.0000000180025095e-35 357.15000000000003 111.85000000000001 66.050000000000011 1.0000000180025095e-35 332.91666666666669 1211.5500000000002 425.18333333333339 1.0000000180025095e-35 1.0000000180025095e-35 220.95000000000002 1.0000000180025095e-35 428.65000000000003 1.0000000180025095e-35 54.250000000000007 939.55000000000018 1.0000000180025095e-35 1.0000000180025095e-35 122.10000000000001 628.55000000000007 1.0000000180025095e-35 454.65000000000003 256.05000000000007 546.85000000000002 84.450000000000017 314.11666666666673 399.25000000000006 482.35000000000008 256.62500000000006 147.15000000000001 158.95000000000002 189.95000000000002 308.02500000000003 976.85000000000002 174.95000000000002 3.5000000000000004 389.15000000000003 241.95000000000002 221.85000000000005 267.80000000000007 2.5000000000000004
decision_type=2 2 2 2 2 2 2 2 2 2 2 2 2 2 2 2 2 2 2 2 2 2 2 2 2 2 2 2 2 2 2 2 2 2 2 2 2 2 2 2 2 2 2 2 2 2 2 2 2 2 2 2 2 2 2 2 2 2 2 2 2 2
left_child=2 4 6 9 5 7 25 14 10 20 11 13 -13 16 15 60 17 18 19 21 26 22 39 24 -17 34 -3 28 33 41 32 -10 38 47 44 -18 -37 -27 42 -9 58 45 49 -42 -1 -8 -32 56 -47 61 -51 -52 -53 -31 -44 -40 -28 -58 59 -41 -2 -4
right_child=1 3 30 -5 -6 -7 29 8 31 -11 -12 12 -14 -15 -16 23 35 -19 -20 -21 -22 -23 -24 -25 -26 37 27 -29 -30 53 46 -33 -34 -35 -36 36 -38 -39 55 40 43 -43 54 -45 -46 48 -48 -49 -50 50 51 52 -54 -55 -56 -57 57 -59 -60 -61 -62 -63
leaf_value=-1.5315395317574581 3.7359998247125645 24.98200758153742 0.98187264413900788 30.823426437377933 -6.6657030700218121 30.266371987082746 -2.7592990068357381 3.2802341338566374 13.301352579593658 1.9146904491242909 18.043450751671426 -8.2528342564900719 14.971517642684606 17.033892987834083 -2.7807161995858856 10.374162743796767 7.3784496974945073 -2.5478589880055398 -1.3997970797798851 17.711613605640554 7.9249400546473838 -1.1231790894553775 17.118811090787254 17.908167067028227 -1.5489862823486329 -0.45578363180508019 16.372899172041151 22.600305790371365 18.878174584911715 3.0901764712283311 4.0846677983508393 24.092976137307975 5.1874666991299145 7.8627441101214464 -0.5413440028599702 21.436926085860641 8.3863985197884698 3.5698452911010161 1.0256481219530105 4.5692635481357575 9.3377599692344671 3.2535837702547448 5.2631784333632545 0.69426380339122962 -2.1352991836322448 0.044040076220890442 9.9131341171264662 18.461905225118002 3.6039144489500261 6.3367256527855282 2.5132210602525809 -4.486140294075013 0.37362277223513679 7.9205199376396509 0.56112898313082182 5.7052355644958368 14.886982345581055 7.8448419305411257 12.918636557790968 13.053149137894312 -0.87249767303466796 -0.91246365535991059
leaf_weight=5028 91 22 142 22 21 22 67 35 20 21 39 33 23 36 33 71 20 29 22 27 31 21 24 21 20 863 27 27 62 71 68 26 73 34 860 27 21 65 25 25 20 79 52 21 2674 753 20 24 36 21 122 20 195 23 26 56 28 22 36 24 20 281
leaf_count=5028 91 22 142 22 21 22 67 35 20 21 39 33 23 36 33 71 20 29 22 27 31 21 24 21 20 863 27 27 62 71 68 26 73 34 860 27 21 65 25 25 20 79 52 21 2674 753 20 24 36 21 122 20 195 23 26 56 28 22 36 24 20 281
internal_value=0.0329878 10.4772 -0.99885 15.738 8.44403 8.83722 -1.27394 8.23666 9.7417 14.6243 8.82176 8.01175 1.28574 8.98252 5.12664 6.29679 8.15908 6.93491 8.01335 8.90214 15.5879 7.7475 8.75445 9.65765 7.75369 -1.47916 16.5535 15.7257 14.7835 0.618696 1.62939 19.401 1.30102 12.903 -1.62064 13.2718 15.7273 -0.173816 0.999203 7.50758 8.68185 0.251404 0.691637 4.9106 -1.74115 -0.0256658 5.40932 14.5998 0.206468 0.391602 1.18106 0.859782 -0.0784482 4.27207 3.69583 4.26092 13.396 11.7884 10.5009 8.72464 2.90564 -0.27654
internal_weight=12768 1148 11620 320 828 807 10519 785 529 298 483 444 56 388 256 223 352 284 255 233 277 206 185 112 91 9490 246 224 197 1029 1101 46 1013 135 8562 68 48 928 940 161 126 935 859 41 7702 856 88 101 789 781 358 337 215 94 78 81 77 50 85 49 111 423
internal_count=12768 1148 11620 320 828 807 10519 785 529 298 483 444 56 388 256 223 352 284 255 233 277 206 185 112 91 9490 246 224 197 1029 1101 46 1013 135 8562 68 48 928 940 161 126 935 859 41 7702 856 88 101 789 781 358 337 215 94 78 81 77 50 85 49 111 423
is_linear=0
shrinkage=0.05


Tree=47
num_leaves=63
num_cat=0
split_feature=9 31 25 32 34 7 35 31 32 32 32 34 31 34 31 31 35 35 25 31 31 2 32 40 32 31 31 32 32 35 31 23 2 23 23 32 32 37 23 7 31 35 2 31 31 35 37 31 31 31 32 35 32 35 32 31 11 32 40 35 32 32
split_gain=4.96726e+07 3.62221e+06 3.03288e+06 2.62473e+06 3.61961e+06 1.47491e+06 1.45816e+06 2.24385e+06 1.27106e+06 1.79511e+06 1.73624e+06 1.26276e+06 1.10231e+06 845192 726927 1.01453e+06 1.58557e+06 1.51745e+06 716077 702075 980134 632697 621188 749390 606664 533233 839601 515911 619792 579631 511207 498456 493328 428960 402031 401311 377472 623548 353631 340423 317471 725735 280767 279511 244132 233573 229158 216611 201632 191216 153085 143000 140936 138345 135678 134291 131049 117257 113450 141849 107911 102782
threshold=1.0000000180025095e-35 223.55000000000004 1.0000000180025095e-35 301.65000000000003 57.850000000000009 1.0000000180025095e-35 1018.5500000000001 140.85000000000005 407.65000000000003 453.75000000000006 369.45000000000005 177.05000000000004 368.55000000000007 391.65000000000003 148.75000000000003 84.450000000000017 473.9500000000001 654.95000000000016 1.0000000180025095e-35 479.05000000000007 454.65000000000003 1.0000000180025095e-35 445.35000000000008 4.5000000000000009 423.30000000000001 275.05000000000007 457.95000000000005 69.750000000000014 161.05000000000004 337.85000000000002 362.15000000000003 1.0000000180025095e-35 1.0000000180025095e-35 1.0000000180025095e-35 1.0000000180025095e-35 339.65000000000003 218.05000000000004 2.5000000000000004 1.0000000180025095e-35 1.0000000180025095e-35 202.65000000000001 455.25000000000006 1.0000000180025095e-35 454.65000000000003 377.55000000000007 419.15000000000003 2.5000000000000004 137.35000000000005 363.75000000000006 180.85000000000005 123.35000000000001 1036.0000000000002 297.75000000000006 976.85000000000002 164.85000000000005 84.450000000000017 1.0000000180025095e-35 117.55000000000001 3.5000000000000004 178.95000000000002 390.85000000000008 95.850000000000009
decision_type=2 2 2 2 2 2 2 2 2 2 2 2 2 2 2 2 2 2 2 2 2 2 2 2 2 2 2 2 2 2 2 2 2 2 2 2 2 2 2 2 2 2 2 2 2 2 2 2 2 2 2 2 2 2 2 2 2 2 2 2 2 2
left_child=2 6 5 4 12 21 8 -8 10 -10 14 -6 27 18 15 16 -2 47 22 20 36 34 24 -24 25 -5 35 29 50 -3 -13 42 33 39 45 -27 37 -14 -23 43 41 -16 48 -4 -37 -1 -30 58 55 -43 -29 -33 -41 -45 -34 -7 -47 -42 -17 -60 -35 -50
right_child=1 3 32 13 11 31 7 -9 9 -11 -12 30 19 -15 40 17 -18 -19 -20 -21 -22 38 23 -25 -26 26 -28 28 46 -31 -32 51 54 60 -36 44 -38 -39 -40 52 57 49 -44 53 -46 56 -48 -49 61 -51 -52 -53 -54 -55 -56 -57 -58 -59 59 -61 -62 -63
leaf_value=-1.3709167164785481 0.039612411499023441 9.7050634708044683 0.37202227365214524 20.723127740621567 -6.6493026068716334 -2.6213341075982619 26.896389334542409 6.6242221587743515 -11.941830571492513 7.396766523520153 20.344391268775578 9.7187270540179629 12.700246497260201 25.351994439829951 5.6932563898514736 4.4243565088871755 17.222262431835308 -11.553902093172074 23.312359786987304 8.9831277061911194 24.627296507358551 -0.4329944535874064 12.663392199919775 24.261061897277834 4.8305556365421847 15.621292215844861 20.156230318987813 -0.40239660263061527 14.048593499483886 18.819600119957556 0.7005011526743572 2.6574157939803218 1.5187368822097778 3.7064339593625988 -0.51427680464721348 11.150807716106547 8.5744471867879231 22.548915580749512 3.3913529348373417 2.0872435145599897 7.2402348586491172 17.536713699499767 3.0909046014652977 5.0000196036237945 4.7684901591270199 -1.8130820465693576 7.9177906766959598 7.2019568434783396 2.5572735016996209 11.003562314169749 5.5206143538157146 6.7729995049536234 6.2664790718179004 0.5330724936265212 6.2035933911142989 -0.24923494736330773 -2.6828176606303518 1.8908112502098087 3.6085069490515664 -1.649511426892774 7.9531544776189893 0.42019821464633333
leaf_weight=3743 25 53 781 24 33 67 21 39 24 24 21 33 45 23 49 33 29 20 25 34 32 863 26 30 21 23 27 20 27 26 30 62 20 52 860 29 21 25 65 43 21 24 79 52 31 3464 35 28 88 21 24 32 38 26 68 545 495 20 23 29 21 156
leaf_count=3743 25 53 781 24 33 67 21 39 24 24 21 33 45 23 49 33 29 20 25 34 32 863 26 30 21 23 27 20 27 26 30 62 20 52 860 29 21 25 65 43 21 24 79 52 31 3464 35 28 88 21 24 32 38 26 68 545 495 20 23 29 21 156
internal_value=0.0313384 9.95334 -0.948907 12.2126 9.85311 -1.21024 6.46182 13.7195 5.34812 -2.27253 6.41456 1.27402 12.2613 16.2026 5.5061 3.48757 9.26733 1.1409 15.311 15.3427 17.1006 -1.4052 14.3629 18.8764 12.7323 13.9706 12.4973 9.64627 7.36681 12.7048 5.42433 0.587761 1.54792 1.23597 -1.53961 10.0059 14.4538 16.2176 -0.165125 0.949243 8.30212 9.90346 0.238834 0.657055 7.85328 -1.6541 10.5877 3.38777 -0.0243825 14.4879 2.82834 4.05847 4.04787 3.51104 5.13885 -0.508926 -1.92183 4.63076 2.13134 0.676151 4.92809 1.19095
internal_weight=12768 1148 11620 697 438 10519 451 60 391 48 343 96 342 259 322 187 54 133 236 157 123 9490 211 56 155 134 110 185 106 79 63 1029 1101 1013 8562 83 91 70 928 940 135 94 935 859 60 7702 62 113 856 45 44 94 81 78 88 612 3959 41 85 52 73 244
internal_count=12768 1148 11620 697 438 10519 451 60 391 48 343 96 342 259 322 187 54 133 236 157 123 9490 211 56 155 134 110 185 106 79 63 1029 1101 1013 8562 83 91 70 928 940 135 94 935 859 60 7702 62 113 856 45 44 94 81 78 88 612 3959 41 85 52 73 244
is_linear=0
shrinkage=0.05


Tree=48
num_leaves=63
num_cat=0
split_feature=25 7 23 35 36 33 2 33 2 35 36 34 34 7 35 33 36 7 36 32 36 33 11 36 2 35 5 36 33 33 33 38 38 18 12 36 33 21 34 32 32 34 33 32 32 35 35 10 4 24 6 8 32 35 32 36 35 36 33 35 35 23
split_gain=2.92493e+06 1.58421e+06 1.03452e+06 695544 672935 458104 415299 477139 396655 386075 663822 329370 935767 325858 302564 286783 504909 285250 278732 278095 268670 268331 264861 251674 232988 231112 227697 219567 249012 204068 197388 258596 186224 244578 228814 323780 401621 302995 694363 385729 482022 260770 574736 253576 213826 218223 221379 204022 264710 315344 345614 460363 438401 376170 283943 245557 241286 246697 391335 217848 356911 276692
threshold=1.0000000180025095e-35 1.0000000180025095e-35 1.0000000180025095e-35 953.35000000000014 312.83333333333337 132.60000000000002 1.0000000180025095e-35 493.55000000000007 1.0000000180025095e-35 1077.8500000000001 290.52500000000003 486.25000000000006 473.9500000000001 1.0000000180025095e-35 1401.7500000000002 350.85000000000008 269.52000000000004 1.0000000180025095e-35 288.28333333333336 315.15000000000003 327.25000000000006 423.25000000000006 1.0000000180025095e-35 230.82500000000005 1.0000000180025095e-35 344.05000000000001 1.0000000180025095e-35 273.75000000000006 211.30000000000004 227.40000000000003 455.7000000000001 1.0000000180025095e-35 1.0000000180025095e-35 1.0000000180025095e-35 1.0000000180025095e-35 210.33750000000003 204.40000000000003 1.0000000180025095e-35 278.25000000000006 445.35000000000008 475.15000000000003 73.500000000000014 397.45000000000005 101.25000000000001 171.65000000000001 562.75000000000011 769.55000000000007 1.0000000180025095e-35 1.0000000180025095e-35 1.0000000180025095e-35 1.0000000180025095e-35 1.0000000180025095e-35 396.15000000000003 639.80000000000007 385.45000000000005 371.92500000000007 583.75000000000011 342.55000000000007 167.15000000000001 664.45000000000016 476.45000000000005 1.0000000180025095e-35
decision_type=2 2 2 2 2 2 2 2 2 2 2 2 2 2 2 2 2 2 2 2 2 2 2 2 2 2 2 2 2 2 2 2 2 2 2 2 2 2 2 2 2 2 2 2 2 2 2 2 2 2 2 2 2 2 2 2 2 2 2 2 2 2
left_child=1 6 4 23 9 -4 7 11 15 13 19 12 14 21 22 27 -17 30 -7 -11 -8 24 25 -3 -2 -1 32 29 -29 -5 31 -6 33 34 37 36 -36 38 41 43 -41 42 47 -39 45 -45 -47 48 49 50 51 54 -52 -53 59 -56 -50 58 -58 60 -27 -62
right_child=2 3 5 8 17 18 20 -9 -10 10 -12 -13 -14 -15 -16 16 -18 -19 -20 -21 -22 -23 -24 -25 -26 26 -28 28 -30 -31 -32 -33 -34 -35 35 -37 -38 39 -40 40 -42 -43 -44 44 -46 46 -48 -49 56 -51 52 53 -54 -55 55 -57 57 -59 -60 -61 61 -63
leaf_value=-0.83278814249561928 0.375803198765293 -0.034725730698319933 2.7694969622358201 -4.9653449288436349 3.445348595053769 7.0614929083983107 0.07283437595524099 6.3936493186950685 8.5616314339010344 2.9947449729556133 -1.5761514125331757 -6.4991261565166969 8.0273019134998318 4.4430047897859053 2.106127172875627 11.313728484511376 3.0449267061054708 9.1008673469225574 14.134604755273234 10.272831523077828 1.9289595538848325 -4.2684959909011573 -1.3958751635687694 1.6885408522606029 4.1579622610048821 1.8109946971061903 -1.1811976320234834 7.8354471998848032 1.2705170998206505 1.6615478670367829 7.0995134693203559 -2.3253307615007675 -0.77281110399286035 -1.0287155664413874 -0.14175885425459953 -1.593926383713824 7.8586455299740754 -1.759065193575821 9.5648484013297335 5.928781124330917 -0.84698867247654841 -5.051366543769837 6.6900027959774704 -0.45166988680439613 -0.49515255619520726 5.8719823903815698 0.21907972138503504 -0.80755429770876086 -2.0316035580801795 -0.77995916636869866 -1.3696046222976985 -1.4585773668438198 5.3881142854690554 4.2720623542865122 10.416386472611201 2.7700861204238167 7.5245084264448714 -1.8355531065087569 -0.99423777873699481 -2.2332023849487306 6.5995901272620685 1.5169624365866186
leaf_weight=3012 546 395 31 21 257 30 730 25 38 21 31 23 32 55 107 24 80 24 26 35 266 29 875 457 44 390 628 20 52 26 33 21 1006 507 62 347 21 327 22 53 52 20 39 62 575 43 29 237 143 187 168 140 28 36 21 21 28 38 26 25 81 40
leaf_count=3012 546 395 31 21 257 30 730 25 38 21 31 23 32 55 107 24 80 24 26 35 266 29 875 457 44 390 628 20 52 26 33 21 1006 507 62 347 21 327 22 53 52 20 39 62 575 43 29 237 143 187 168 140 28 36 21 21 28 38 26 25 81 40
internal_value=0.0297715 -0.212059 2.39799 1.58142 1.98141 7.64596 -0.402675 -0.504758 3.83973 1.15939 4.294 -0.523006 -0.508427 0.754774 -0.537497 3.0351 4.95311 3.84874 10.3454 7.54355 0.568547 0.427064 -0.567949 0.889609 0.657863 -0.48185 -0.286177 1.35886 3.09411 -1.2994 3.44343 3.00943 -0.168441 -0.00708339 0.151754 -0.922907 1.88244 0.314984 0.740011 -0.314549 2.57316 0.623616 0.692487 -0.607222 -0.075977 1.72272 3.59512 0.547116 0.781122 1.09686 1.4663 1.95254 -0.404216 -0.286401 2.63429 6.59324 -0.746529 1.25092 3.42289 2.32407 2.54703 4.91938
internal_weight=12768 11585 1183 1113 1096 87 10472 9476 261 761 87 9451 9428 674 9396 223 104 335 56 56 996 619 9289 852 590 8414 5402 119 72 47 311 278 4774 3768 3261 430 83 2831 1690 1141 105 1668 1648 1036 709 134 72 1609 1372 1137 950 754 196 176 578 42 235 92 54 536 511 121
internal_count=12768 11585 1183 1113 1096 87 10472 9476 261 761 87 9451 9428 674 9396 223 104 335 56 56 996 619 9289 852 590 8414 5402 119 72 47 311 278 4774 3768 3261 430 83 2831 1690 1141 105 1668 1648 1036 709 134 72 1609 1372 1137 950 754 196 176 578 42 235 92 54 536 511 121
is_linear=0
shrinkage=0.05


Tree=49
num_leaves=63
num_cat=0
split_feature=9 36 25 32 32 25 6 32 31 33 32 21 39 5 32 31 31 18 36 6 31 31 31 31 11 11 32 33 35 31 31 35 36 32 36 2 23 31 32 35 2 36 36 36 40 31 31 31 23 36 31 35 36 32 31 31 36 32 35 29 32 5
split_gain=4.43917e+07 4.01141e+06 2.47685e+06 1.70745e+06 4.17243e+06 1.69884e+06 1.32628e+06 1.22523e+06 928053 1.20424e+06 1.05633e+06 1.00956e+06 917464 910533 999529 1.02194e+06 1.45216e+06 958042 736358 726076 834181 1.03046e+06 627925 820873 606736 574947 758508 973643 673800 570944 895181 634747 535006 608696 533777 424302 335007 294978 281056 558440 275332 254413 242664 237010 235306 592011 253920 232637 196531 176464 160026 150076 146134 140199 135080 133473 128501 124254 123198 122544 115785 105846
threshold=1.0000000180025095e-35 327.25000000000006 1.0000000180025095e-35 475.15000000000003 459.15000000000003 1.0000000180025095e-35 1.0000000180025095e-35 119.35000000000001 445.15000000000003 454.35000000000008 424.65000000000003 1.0000000180025095e-35 1.0000000180025095e-35 1.0000000180025095e-35 325.75000000000006 110.95000000000002 182.85000000000005 1.0000000180025095e-35 281.71250000000003 1.0000000180025095e-35 135.75000000000003 79.15000000000002 184.85000000000005 379.65000000000003 1.0000000180025095e-35 1.0000000180025095e-35 470.95000000000005 446.75000000000006 1211.5500000000002 408.95000000000005 243.95000000000002 588.85000000000002 190.465 75.050000000000011 175.41250000000005 1.0000000180025095e-35 1.0000000180025095e-35 286.05000000000007 246.25000000000003 670.35000000000002 1.0000000180025095e-35 330.47500000000008 425.18333333333339 401.08333333333343 4.5000000000000009 416.15000000000003 425.05000000000007 485.85000000000008 1.0000000180025095e-35 314.11666666666673 268.45000000000005 455.25000000000006 364.85833333333341 167.95000000000002 101.90000000000002 66.450000000000017 96.950000000000017 64.450000000000017 215.05000000000004 1.0000000180025095e-35 235.55000000000004 1.0000000180025095e-35
decision_type=2 2 2 2 2 2 2 2 2 2 2 2 2 2 2 2 2 2 2 2 2 2 2 2 2 2 2 2 2 2 2 2 2 2 2 2 2 2 2 2 2 2 2 2 2 2 2 2 2 2 2 2 2 2 2 2 2 2 2 2 2 2
left_child=2 3 12 4 7 6 25 29 9 10 13 -10 51 14 17 -16 -17 19 -18 20 21 -9 -22 38 41 26 27 28 42 30 31 34 -32 37 54 36 43 -34 39 53 48 47 44 55 46 52 -3 56 -26 -37 -40 -1 -46 -24 -2 -4 -14 -43 -36 -58 -42 -57
right_child=1 5 35 -5 -6 -7 -8 8 11 -11 -12 -13 24 -15 15 16 18 -19 -20 -21 22 -23 23 -25 40 -27 -28 -29 -30 -31 32 -33 33 -35 58 49 -38 -39 50 -41 60 57 -44 -45 45 -47 -48 -49 -50 -51 -52 -53 -54 -55 -56 61 59 -59 -60 -61 -62 -63
leaf_value=-1.2637251973121255 -0.083499906909081253 12.978545341935268 -2.386033879854792 -6.8197378206253054 29.966419828505742 28.371189994812013 1.2026606014796668 12.868012163639069 7.6599412441253669 19.113281044363976 -0.99267629421118542 23.019959507817809 -2.2678408956398135 0.060608482360839849 23.359450693130494 0.42141029834747318 20.105937987565994 -1.1667836329032635 8.6532644844055167 0.15388364791870118 17.691506984316071 -1.4350000563789818 6.7194623870849615 19.046731452941895 -2.0078730830460967 6.5070079500024978 24.031615139189224 3.5652041530609133 23.390317578749226 -2.9843637336384168 16.631609516143801 -3.9242236419365959 6.1336693536667601 0.68540161796238119 6.6999358463287351 3.4739544714198396 4.3315078763929131 14.034885010895906 8.1767694538289852 0.65917668342590341 -1.3656620149259213 1.5665537125930407 16.835982781125789 3.1971138855244252 8.5441640853881839 21.926498912629626 6.2709832327706474 4.067387843954152 0.64792309964173722 8.8167648267745982 14.080507477124534 -1.7324749802951716 14.516076950799851 11.915747570991517 3.8480472545366027 0.84240495962675355 -0.22662475168018692 0.18311655817903238 12.249656887054444 -1.6923269247206356 2.6701123872628578 -1.3923729143644634
leaf_weight=3857 31 43 37 20 21 20 21 20 20 24 33 23 92 31 20 24 32 29 25 24 29 34 25 20 835 22 21 20 22 22 20 26 21 23 20 68 73 27 22 28 27 276 57 94 20 21 21 29 76 20 24 3064 21 27 74 752 1661 394 20 156 52 57
leaf_count=3857 31 43 37 20 21 20 21 20 20 24 33 23 92 31 20 24 32 29 25 24 29 34 25 20 835 22 21 20 22 22 20 26 21 23 20 68 73 27 22 28 27 276 57 94 20 21 21 29 76 20 24 3064 21 27 74 752 1661 394 20 156 52 57
internal_value=0.0282829 9.40804 -0.898392 7.61436 7.96684 14.2783 13.303 7.3879 8.84422 8.20227 7.61644 15.8758 -1.13456 8.30268 8.96979 13.2379 10.7387 7.44115 15.0828 8.42783 9.29497 3.86241 10.9713 9.63647 -0.486925 14.2511 14.9437 14.0955 15.1228 4.75218 5.40181 3.26976 9.40819 7.37343 4.55972 1.35798 1.06868 10.5781 8.14278 6.35211 -1.54077 -0.0868854 14.1289 0.815286 12.9043 15.0996 10.7776 -0.377252 -1.78631 4.68823 11.257 -1.47125 11.6029 9.41753 2.6873 0.550638 -0.444771 0.75301 9.4748 -0.352464 1.2908 0.684948
internal_weight=12768 1148 11620 839 819 309 289 798 514 471 447 43 10519 414 383 101 81 282 57 253 229 54 175 146 3598 268 246 225 205 284 262 171 91 71 145 1101 1013 48 126 80 990 2608 183 940 126 62 64 1938 911 88 46 6921 41 52 105 846 1909 670 40 1817 79 809
internal_count=12768 1148 11620 839 819 309 289 798 514 471 447 43 10519 414 383 101 81 282 57 253 229 54 175 146 3598 268 246 225 205 284 262 171 91 71 145 1101 1013 48 126 80 990 2608 183 940 126 62 64 1938 911 88 46 6921 41 52 105 846 1909 670 40 1817 79 809
is_linear=0
shrinkage=0.05


Tree=50
num_leaves=63
num_cat=0
split_feature=9 31 25 32 7 32 40 33 7 40 34 34 18 21 36 31 34 31 32 32 33 31 32 32 4 32 35 32 23 36 23 2 33 35 31 36 35 7 31 31 2 2 35 31 35 36 36 32 2 36 21 35 35 35 36 35 36 37 35 34 36 5
split_gain=4.40894e+07 3.66848e+06 2.08135e+06 1.69077e+06 1.36818e+06 1.20822e+06 1.33964e+06 1.35513e+06 1.03477e+06 924576 1.21567e+06 1.64186e+06 1.1689e+06 1.06947e+06 984463 1.81667e+06 727063 912243 701378 658281 961477 1.50618e+06 681852 605697 602321 580344 565252 551006 499825 491747 468083 481759 458409 744156 536184 671920 528914 399766 306090 299818 294600 287353 267856 242232 225191 218694 216279 173417 171004 164085 162505 161638 157297 149240 147563 147369 139343 161257 159254 137210 117852 117760
threshold=1.0000000180025095e-35 259.55000000000007 1.0000000180025095e-35 385.45000000000005 1.0000000180025095e-35 407.65000000000003 4.5000000000000009 245.50000000000003 1.0000000180025095e-35 2.5000000000000004 57.850000000000009 246.10000000000005 1.0000000180025095e-35 1.0000000180025095e-35 373.83333333333337 383.55000000000007 399.55000000000007 482.35000000000008 453.75000000000006 124.75000000000001 350.85000000000008 143.65000000000001 301.65000000000003 321.25000000000006 1.0000000180025095e-35 237.45000000000002 588.85000000000002 271.95000000000005 1.0000000180025095e-35 153.15833333333336 1.0000000180025095e-35 1.0000000180025095e-35 354.2000000000001 939.55000000000018 368.55000000000007 325.81666666666672 731.35000000000025 1.0000000180025095e-35 432.95000000000005 171.55000000000004 1.0000000180025095e-35 1.0000000180025095e-35 1140.5000000000002 122.10000000000001 588.85000000000002 319.85000000000008 283.94500000000005 181.85000000000005 1.0000000180025095e-35 401.08333333333343 1.0000000180025095e-35 444.45000000000005 696.05000000000007 583.75000000000011 308.02500000000003 234.65000000000001 324.15000000000009 4.5000000000000009 906.45000000000005 201.80000000000004 302.01666666666671 1.0000000180025095e-35
decision_type=2 2 2 2 2 2 2 2 2 2 2 2 2 2 2 2 2 2 2 2 2 2 2 2 2 2 2 2 2 2 2 2 2 2 2 2 2 2 2 2 2 2 2 2 2 2 2 2 2 2 2 2 2 2 2 2 2 2 2 2 2 2
left_child=2 3 8 19 9 -5 7 -7 30 10 13 -12 16 14 15 53 17 24 -8 26 22 -22 25 -24 32 43 29 -6 45 -2 40 60 33 34 36 -36 46 38 41 -25 44 56 -34 -21 -1 -10 51 -45 -47 -37 52 -11 -40 -3 -30 -31 57 58 61 -59 -32 -4
right_child=1 4 37 5 27 6 18 -9 28 12 11 -13 -14 -15 -16 -17 -18 -19 -20 20 21 -23 23 39 -26 -27 -28 -29 54 55 31 -33 42 -35 35 49 -38 -39 50 -41 -42 -43 -44 47 -46 48 -48 -49 -50 -51 -52 -53 -54 -55 -56 -57 -58 59 -60 -61 -62 -63
leaf_value=-1.2799095359969752 1.9228693187236787 8.2001848983764649 0.26194882494657562 22.942239966392521 15.298533328374228 24.783478929779747 -0.67484949173465858 7.2340099659833044 -0.40172080109706365 3.3354376253874407 -9.5052927541732792 10.754631123542786 2.4402568101882935 20.65798753825101 16.442130533854165 -7.0343734082721525 22.017114954409394 21.326782121329472 10.581280517578126 1.6405377857612842 21.987092347443106 5.3029777111545684 -6.0638276690528512 0.48934548695882163 4.6136113967895511 12.49038557490787 -2.9847899780553933 26.388726534162249 2.8615384958159757 5.9134427004082255 -0.90075925254246647 4.1522051593164608 13.428418477376304 4.8833792989904232 21.666329230031661 9.1720923741658531 17.054284624258678 4.3300364999060932 4.5847486019134527 8.778387303352357 -0.48169581980461978 3.6501871451087617 21.323087536204948 10.02431431550246 -1.8623563724632579 0.94379531364543601 11.28649842797256 4.4007461901368767 5.757500348091126 14.367505831284957 7.1263534863789877 9.3302108591253106 0.89972052378197243 13.9949204826355 7.6325874419439401 11.10853807449341 1.6250123020141356 5.4603969640058025 -2.1870686124613945 0.48899729864937919 0.33035538197573971 -3.1390527160079391
leaf_weight=5329 100 25 444 20 24 22 31 22 655 23 20 20 26 22 27 21 23 29 25 33 24 31 21 24 25 37 34 21 71 43 570 60 21 33 31 21 24 94 48 20 852 69 22 26 2410 238 41 29 20 55 21 22 73 20 21 20 155 23 94 35 295 27
leaf_count=5329 100 25 444 20 24 22 31 22 655 23 20 20 26 22 27 21 23 29 25 33 24 31 21 24 25 37 34 21 71 43 570 60 21 33 31 21 24 94 48 20 852 69 22 26 2410 238 41 29 20 55 21 22 73 20 21 20 155 23 94 35 295 27
internal_value=0.0553037 9.35839 -0.873081 6.46029 12.0912 11.7237 9.47996 16.0087 -1.08793 11.4065 8.13278 0.624669 12.6879 10.7443 8.39913 5.10881 13.4081 12.8374 4.35021 5.03132 6.76159 12.5833 5.07636 0.922641 12.0632 7.23629 2.87946 20.474 0.43791 4.10267 -1.24907 -0.180374 12.6989 11.8787 12.9425 15.4625 10.4912 1.21407 0.917908 4.25709 -1.36414 0.557745 17.4676 5.02718 -1.46129 0.0839498 8.65961 7.05916 1.31695 12.9319 3.0662 6.26622 2.36155 10.7756 3.95058 7.56268 0.28348 -0.0502882 -0.308024 2.46041 -0.480899 0.066987
internal_weight=12762 1158 11604 562 596 120 100 44 10521 551 155 40 396 115 93 66 370 347 56 442 245 55 190 65 318 125 197 45 1005 163 9516 925 293 250 217 107 110 1083 989 44 8591 847 43 88 7739 913 86 55 258 76 142 45 121 45 92 63 778 623 565 58 865 471
internal_count=12762 1158 11604 562 596 120 100 44 10521 551 155 40 396 115 93 66 370 347 56 442 245 55 190 65 318 125 197 45 1005 163 9516 925 293 250 217 107 110 1083 989 44 8591 847 43 88 7739 913 86 55 258 76 142 45 121 45 92 63 778 623 565 58 865 471
is_linear=0
shrinkage=0.05


Tree=51
num_leaves=63
num_cat=0
split_feature=9 31 25 36 40 21 6 25 31 31 33 7 18 31 36 31 37 33 36 33 33 33 40 34 31 40 36 31 36 36 23 23 2 7 40 31 31 31 33 2 2 40 36 2 33 33 36 31 21 36 36 36 11 36 37 31 34 31 34 36 37 34
split_gain=3.97907e+07 3.3108e+06 1.87842e+06 1.32694e+06 1.34364e+06 1.26868e+06 1.35004e+06 1.45925e+06 1.23673e+06 1.04653e+06 1.09057e+06 933881 914598 878897 721118 1.01844e+06 715633 660182 501639 658538 552630 608019 532386 724730 766028 747737 635436 482954 853877 1.25192e+06 451092 422445 434787 360789 279254 385175 277243 276246 267254 265876 259336 256224 252510 205348 179574 177642 167765 157663 146661 143713 142732 133176 131568 125757 145534 154602 143359 202841 182854 253715 156536 123832
threshold=1.0000000180025095e-35 259.55000000000007 1.0000000180025095e-35 264.71666666666675 4.5000000000000009 1.0000000180025095e-35 1.0000000180025095e-35 1.0000000180025095e-35 195.05000000000004 323.85000000000008 254.85000000000002 1.0000000180025095e-35 1.0000000180025095e-35 383.55000000000007 422.01666666666671 477.45000000000005 3.5000000000000004 218.95000000000002 153.15833333333336 433.05000000000007 359.45000000000005 317.40000000000003 5.5000000000000009 242.35000000000002 124.45000000000002 2.5000000000000004 212.8666666666667 336.25000000000006 247.31666666666669 288.28333333333336 1.0000000180025095e-35 1.0000000180025095e-35 1.0000000180025095e-35 1.0000000180025095e-35 3.5000000000000004 421.15000000000003 302.25000000000006 432.95000000000005 1.0000000180025095e-35 1.0000000180025095e-35 1.0000000180025095e-35 1.0000000180025095e-35 311.75833333333338 1.0000000180025095e-35 69.350000000000009 59.300000000000004 261.0750000000001 96.850000000000009 1.0000000180025095e-35 178.41250000000005 91.737500000000011 308.02500000000003 1.0000000180025095e-35 324.15000000000009 4.5000000000000009 383.55000000000007 1.0000000180025095e-35 252.55000000000004 215.20000000000002 252.75000000000003 3.5000000000000004 201.80000000000004
decision_type=2 2 2 2 2 2 2 2 2 2 2 2 2 2 2 2 2 2 2 2 2 2 2 2 2 2 2 2 2 2 2 2 2 2 2 2 2 2 2 2 2 2 2 2 2 2 2 2 2 2 2 2 2 2 2 2 2 2 2 2 2 2
left_child=2 3 11 18 8 6 7 12 -5 -7 16 31 14 -8 15 27 -11 -6 44 20 21 22 23 24 -20 -26 49 36 -29 -30 43 39 -33 37 41 -36 45 40 -27 46 53 -31 -38 47 50 -3 -1 -13 -39 -24 -2 -32 -48 54 55 56 57 60 -58 -60 -4 -56
right_child=1 5 33 4 17 9 13 -9 -10 10 -12 30 -14 -15 -16 -17 -18 -19 19 -21 -22 -23 26 -25 25 38 -28 28 29 34 51 32 -34 -35 35 -37 42 48 -40 -41 -42 -43 -44 -45 -46 -47 52 -49 -50 -51 -52 -53 -54 -55 61 -57 58 -59 59 -61 -62 -63
leaf_value=-1.1758615806981019 0.30469005152031231 8.5050363251141139 -0.72354475541669938 23.515542335510254 0.016383655254657455 7.7065465256019881 9.2366681780133941 21.314688029433743 7.4639947319030773 17.796212669040848 12.70756789257652 -1.9912150934873389 1.1176672477722167 -5.0638688445091251 15.616540825885275 -0.94641786575317388 30.138466173410418 10.35620931324206 14.017771748701731 -2.4588442257472449 13.256427366980191 -2.3970205265283586 3.4254468332637438 -2.9426979541778566 9.4062477028888214 4.1139145083725452 15.651716786046183 2.6315371084213259 25.286800327301027 12.617689852281051 2.7184615454203644 -0.45685437158073133 3.9445948906739554 4.1135346721461481 11.218879209129049 18.13868824005127 0.87186741828918457 2.2434723623527968 -2.5131778766369002 -0.45761103067227893 3.4676777998606365 5.1473282655080164 8.8171517086029052 2.6620555295910635 -0.66835697959451112 13.897467713128954 -1.5350452380801789 0.11460276581975411 6.7700357726642073 9.2816454827785488 4.4718314048855801 7.2509581503413969 -2.5068503413881578 1.5437616887015682 5.187377031714373 -3.5111498550006326 -4.5882277050533808 1.9839657551660315 3.4419187581097641 -3.2390218067169187 3.403386875152588 0.4645473439352853
leaf_weight=4224 27 56 284 30 26 27 21 33 20 23 38 101 25 22 69 20 24 38 27 21 29 20 22 24 46 32 31 20 20 22 71 865 60 94 61 30 20 121 29 852 69 24 20 71 34 21 3123 741 21 20 86 21 392 155 23 35 37 127 27 30 25 35
leaf_count=4224 27 56 284 30 26 27 21 33 20 23 38 101 25 22 69 20 24 38 27 21 29 20 22 24 46 32 31 20 20 22 71 865 60 94 61 30 20 121 29 852 69 24 20 71 34 21 3123 741 21 20 86 21 392 155 23 35 37 127 27 30 25 35
internal_value=0.0525385 8.89047 -0.829427 6.13728 10.9536 11.4866 10.3769 11.2015 17.0949 16.2821 19.0062 -1.03353 10.3835 1.92011 10.9883 9.97129 24.0986 6.15566 4.9117 6.08094 6.72142 5.96638 6.69048 5.0589 6.49202 4.593 10.2219 10.714 12.3616 13.6011 0.416015 -1.18662 -0.171355 1.15336 11.8952 13.5001 8.22145 0.872013 0.96333 -1.29593 0.529858 8.72011 4.84451 0.0797523 2.51755 9.9757 -1.38822 -0.137995 2.91289 6.21411 3.47614 3.75305 -1.64342 0.269306 -0.0477738 -0.292623 -0.0800786 0.301747 -1.8511 -0.0743657 -0.389651 2.33739
internal_weight=12762 1158 11604 562 114 596 484 441 50 112 85 10521 408 43 383 314 47 64 448 301 280 251 231 158 134 107 73 294 177 157 1005 9516 925 1083 137 91 117 989 61 8591 847 46 40 913 147 77 7739 842 142 42 113 92 3515 778 623 565 530 436 94 57 309 58
internal_count=12762 1158 11604 562 114 596 484 441 50 112 85 10521 408 43 383 314 47 64 448 301 280 251 231 158 134 107 73 294 177 157 1005 9516 925 1083 137 91 117 989 61 8591 847 46 40 913 147 77 7739 842 142 42 113 92 3515 778 623 565 530 436 94 57 309 58
is_linear=0
shrinkage=0.05


Tree=52
num_leaves=63
num_cat=0
split_feature=25 7 36 32 24 34 4 33 38 33 33 7 33 34 34 18 32 32 13 12 33 31 33 29 34 38 34 34 36 33 8 36 5 24 5 32 32 31 32 32 33 6 33 33 33 31 32 32 36 34 32 4 28 21 31 32 33 36 32 31 33 33
split_gain=1.8e+06 1.24837e+06 730192 692291 568068 928285 427877 357382 611107 378495 524708 339969 295625 288844 495880 327499 301499 428894 288014 265991 426751 237623 229139 214974 225311 224058 266996 413228 369911 365312 236844 242288 212900 209264 217659 256850 1.11301e+06 687037 323824 471278 373837 497638 265726 205935 204802 193769 176206 170199 328689 254909 169745 169583 292866 329041 432169 267552 164445 163828 162666 276046 162582 244216
threshold=1.0000000180025095e-35 1.0000000180025095e-35 212.8666666666667 374.50000000000006 1.0000000180025095e-35 449.15000000000003 1.0000000180025095e-35 64.65000000000002 1.0000000180025095e-35 245.50000000000003 350.85000000000008 1.0000000180025095e-35 239.60000000000002 472.60000000000008 486.25000000000006 1.0000000180025095e-35 92.350000000000009 95.850000000000009 1.0000000180025095e-35 1.0000000180025095e-35 452.65000000000003 346.75000000000006 493.55000000000007 1.0000000180025095e-35 54.150000000000006 1.0000000180025095e-35 229.45000000000002 296.45000000000005 259.93333333333334 245.50000000000003 1.0000000180025095e-35 195.71666666666673 1.0000000180025095e-35 1.0000000180025095e-35 1.0000000180025095e-35 453.75000000000006 469.55000000000007 193.35000000000005 142.45000000000002 119.35000000000001 341.15000000000003 1.0000000180025095e-35 405.35000000000008 258.85000000000008 104.65000000000002 198.45000000000002 104.75000000000001 256.95000000000005 212.8666666666667 174.30000000000004 288.45000000000005 1.0000000180025095e-35 1.0000000180025095e-35 1.0000000180025095e-35 202.65000000000001 421.65000000000003 170.30000000000004 308.02500000000003 336.25000000000006 462.85000000000008 391.25000000000006 235.25000000000003
decision_type=2 2 2 2 2 2 2 2 2 2 2 2 2 2 2 2 2 2 2 2 2 2 2 2 2 2 2 2 2 2 2 2 2 2 2 2 2 2 2 2 2 2 2 2 2 2 2 2 2 2 2 2 2 2 2 2 2 2 2 2 2 2
left_child=1 13 -2 12 5 11 7 -5 9 -9 -11 21 18 15 -15 16 -1 44 57 22 -21 -4 23 25 -25 26 30 45 -29 -30 31 56 58 34 35 38 37 -37 39 -33 51 42 -42 -14 -18 -28 -45 48 -48 -50 -6 52 53 54 -40 -55 -19 -3 -23 -60 61 -36
right_child=2 3 4 6 50 -7 -8 8 -10 10 -12 -13 43 14 -16 -17 17 19 -20 20 -22 32 -24 24 -26 -27 27 28 29 -31 -32 33 -34 -35 60 36 -38 -39 40 -41 41 -43 -44 46 -46 -47 47 -49 49 -51 -52 -53 -54 55 -56 -57 -58 -59 59 -61 -62 -63
leaf_value=-0.51032620075682322 -0.0034293518484884108 0.021911373691009074 1.5193133968123518 2.1049012141137182 1.4826853557869242 11.747997757593792 -2.0977142260159152 12.120504579732293 -0.53458464908599856 0.60476270251803932 10.138867484754131 6.1647075460917913 7.2073550844192518 7.0492545795440682 -1.7920244282689588 -1.1895307672125712 1.807230393782906 -0.66743962227974252 -4.8849376002183327 -0.62907109104738512 -6.1706882618569043 3.0457498051480552 5.1337426828301478 -0.21623518425836155 -2.6229306798485612 -0.39362528542871716 10.027901866436006 -2.5921548972527191 8.8150885009765627 0.94282553300061933 -0.79582740892720294 -0.83702478806177771 -1.0996923714876174 -0.3788087959731779 -0.59452710494879757 16.352989702224733 0.12632697163795939 4.9547234559670477 7.7094564814316602 8.1126432719983566 11.296645815372468 -2.0596716279568881 4.1085384956664512 -1.5186575829982758 8.7254147613048563 3.7153993960349787 -1.1550923099517822 0.71475386792107631 3.2341091301976421 9.1485377969412962 -3.5987545805318017 -1.140966235473752 -1.3391174131631853 -0.83257545995293192 1.826770293712616 3.9935325104849682 1.8153806435756197 1.9354494885919065 4.044679961318062 10.787076818943024 -4.1936801267706825 4.029641235896519
leaf_weight=4851 347 458 344 79 27 30 26 38 25 27 31 67 20 35 29 994 23 460 26 569 37 205 23 386 130 921 20 48 20 56 363 24 24 248 155 20 98 39 38 38 20 23 36 32 20 31 25 76 49 29 42 128 115 160 175 35 78 148 63 20 23 35
leaf_count=4851 347 458 344 79 27 30 26 38 25 27 31 67 20 35 29 994 23 460 26 569 37 205 23 386 130 921 20 48 20 56 363 24 24 248 155 20 98 39 38 38 20 23 36 32 20 31 25 76 49 29 42 128 115 160 175 35 78 148 63 20 23 35
internal_value=0.0499116 -0.138651 1.91989 1.47277 2.73181 3.1297 3.93626 4.72068 6.4285 8.2418 5.70058 2.77209 0.827632 -0.305715 3.04305 -0.326243 -0.2354 0.0548433 0.268154 0.00789332 -0.967421 2.42559 0.157675 0.128501 -0.822573 0.272544 0.519343 2.40235 0.844166 3.01447 0.376753 0.595257 3.42482 0.939705 1.22111 1.54531 3.39283 8.81854 1.17907 4.64826 0.884427 4.1325 6.67572 2.35832 5.02499 6.19089 1.8987 2.50963 3.834 5.43306 -1.61037 0.490267 0.889498 1.51766 2.87626 0.033649 -0.307477 0.489244 3.80186 5.66935 -0.223328 0.257293
internal_weight=12762 11593 1169 1089 822 753 226 200 121 96 58 723 863 10504 64 10440 9446 4595 632 4552 606 656 3946 3923 516 3407 2486 175 124 76 2311 1948 312 1410 1162 949 157 59 792 62 730 79 56 231 43 51 211 179 103 78 69 651 523 408 213 195 538 606 288 83 213 190
internal_count=12762 11593 1169 1089 822 753 226 200 121 96 58 723 863 10504 64 10440 9446 4595 632 4552 606 656 3946 3923 516 3407 2486 175 124 76 2311 1948 312 1410 1162 949 157 59 792 62 730 79 56 231 43 51 211 179 103 78 69 651 523 408 213 195 538 606 288 83 213 190
is_linear=0
shrinkage=0.05


Tree=53
num_leaves=63
num_cat=0
split_feature=25 7 36 23 24 31 35 32 32 35 32 32 23 2 31 36 36 36 31 35 32 35 35 18 33 31 32 2 32 8 6 33 24 33 33 38 33 33 33 32 32 2 31 31 31 33 31 32 32 33 35 32 31 31 31 36 8 35 5 13 4 36
split_gain=1.6245e+06 1.12666e+06 658998 653973 512681 492681 424624 563156 415476 398671 386279 400639 340263 342886 349882 724322 312059 304347 295263 255238 209152 204522 198670 220460 242515 439041 196251 191348 179888 178905 176173 214661 211552 252363 345860 531842 413832 1.29866e+06 441617 369166 648964 297664 290874 283036 261149 223891 199772 192473 373129 222345 184807 182391 171718 171569 163501 154082 153456 178836 160167 170566 172814 144975
threshold=1.0000000180025095e-35 1.0000000180025095e-35 212.8666666666667 1.0000000180025095e-35 1.0000000180025095e-35 64.950000000000017 769.55000000000007 142.45000000000002 383.75000000000006 1036.0000000000002 315.15000000000003 373.00000000000006 1.0000000180025095e-35 1.0000000180025095e-35 89.950000000000017 204.23333333333338 294.05000000000007 244.52666666666667 360.35000000000008 932.50000000000011 349.05000000000007 939.55000000000018 455.25000000000006 1.0000000180025095e-35 460.75000000000006 296.75000000000006 470.95000000000005 1.0000000180025095e-35 235.55000000000004 1.0000000180025095e-35 1.0000000180025095e-35 338.05000000000007 1.0000000180025095e-35 191.10000000000002 446.75000000000006 1.0000000180025095e-35 396.05000000000007 405.35000000000008 427.75000000000006 452.15000000000003 470.95000000000005 1.0000000180025095e-35 150.75000000000003 96.850000000000009 66.450000000000017 175.00000000000003 103.65000000000002 177.00000000000003 258.95000000000005 482.05000000000007 1036.0000000000002 181.85000000000005 110.95000000000002 240.15000000000001 122.10000000000001 278.37500000000006 1.0000000180025095e-35 1175.5000000000002 1.0000000180025095e-35 1.0000000180025095e-35 1.0000000180025095e-35 240.34333333333339
decision_type=2 2 2 2 2 2 2 2 2 2 2 2 2 2 2 2 2 2 2 2 2 2 2 2 2 2 2 2 2 2 2 2 2 2 2 2 2 2 2 2 2 2 2 2 2 2 2 2 2 2 2 2 2 2 2 2 2 2 2 2 2 2
left_child=1 12 -2 5 6 -3 -4 21 27 -5 28 20 22 14 15 -14 17 -10 26 -6 -12 -8 -1 30 -25 -26 -18 -7 -9 55 32 -32 33 43 35 36 39 -38 -39 41 -41 -35 46 44 -24 52 -36 50 -49 -50 -44 -43 -45 -16 -54 -13 57 58 59 60 -56 -46
right_child=2 3 4 9 19 8 7 10 16 -11 11 29 13 -15 53 -17 18 -19 -20 -21 -22 -23 23 24 25 -27 -28 -29 -30 -31 31 -33 -34 34 42 -37 37 38 -40 40 -42 51 47 45 61 -47 -48 48 49 -51 -52 -53 54 -55 56 -57 -58 -59 -60 -61 -62 -63
leaf_value=-0.60802919538094968 -0.0032578796395221436 -4.7261751060684523 1.7226985543214974 3.068398589721093 2.7707920530568 0.53579116017529693 6.1504051518440255 3.285122783834284 1.8543713331222536 9.8859954208135612 5.673296351310535 6.9368117223467154 0.067403564636002888 4.1268852432258427 -0.7920907760981124 11.016617281540581 1.7393693225328315 9.7169765383005142 4.7518945481560442 -3.6801661646884423 11.462765257175153 13.300970973968507 0.44463176582798813 -1.2923354183238136 7.9719051408767703 -2.5047506141662601 -4.0667710477655588 3.6747262789652901 -0.58665175943663628 -0.53255583369731907 -0.32505232443290705 -2.7378943160802378 -0.83711612814723857 0.2304082050796383 -1.3314430904388428 -0.089822823981499086 16.374501290207817 -1.2075550989406867 6.3268205981399568 12.358953807467508 0.54125945843183076 7.3429736499786378 0.35043872750323751 4.1177021468127215 -2.9683588186899823 -3.1360253999818046 -8.3984841561317438 7.0047635121779015 -2.7346829585912751 3.4962195084514947 -6.2213663053512578 2.0570772546402956 -4.0880783081054686 0.64344466824006763 0.9708719038172644 3.1279084083166993 -0.99346593467016064 4.9175322339648293 -0.99576308622956278 -0.82438631706705723 -0.73488870586667743 -8.5848954319953918
leaf_weight=4823 347 36 357 65 23 732 20 55 20 32 39 35 44 64 344 23 43 32 55 46 26 20 33 577 20 20 22 52 66 25 409 119 505 242 20 361 21 41 37 21 26 25 23 27 27 53 20 22 41 22 20 47 23 527 980 110 252 21 215 214 175 20
leaf_count=4823 347 36 357 65 23 732 20 55 20 32 39 35 44 64 344 23 43 32 55 46 26 20 33 577 20 20 22 52 66 25 409 119 505 242 20 361 21 41 37 21 26 25 23 27 27 53 20 22 41 22 20 47 23 527 980 110 252 21 215 214 175 20
internal_value=0.047416 -0.131719 1.8239 1.39913 2.59522 1.01598 2.97321 4.10057 1.23221 5.3175 3.46853 4.65036 -0.290429 0.585913 0.344311 3.82609 3.45761 6.6929 2.05565 -1.52985 7.98908 9.72569 -0.38284 -0.150721 -1.03134 2.73358 -0.225786 0.743986 1.17325 3.37379 -0.0169596 -0.868856 0.110319 0.268276 0.923743 1.34671 2.47407 5.33785 2.36644 1.68872 5.82151 1.07011 -1.14325 -0.0494961 -2.96463 0.0694892 -4.86496 0.0197843 1.39882 -0.558812 -2.70621 3.89246 0.158578 0.0764823 0.101718 4.0473 0.153611 0.333713 0.272943 0.472192 0.712423 -5.35837
internal_weight=12762 11593 1169 1089 822 992 753 396 956 97 356 235 10504 1002 938 67 172 52 120 69 65 40 9502 4679 617 40 65 784 121 170 4062 528 3534 3029 989 821 460 99 78 361 47 314 168 2040 80 1960 40 128 85 63 43 72 1907 871 1880 145 1857 1605 1584 1369 1155 47
internal_count=12762 11593 1169 1089 822 992 753 396 956 97 356 235 10504 1002 938 67 172 52 120 69 65 40 9502 4679 617 40 65 784 121 170 4062 528 3534 3029 989 821 460 99 78 361 47 314 168 2040 80 1960 40 128 85 63 43 72 1907 871 1880 145 1857 1605 1584 1369 1155 47
is_linear=0
shrinkage=0.05


Tree=54
num_leaves=63
num_cat=0
split_feature=25 36 35 23 2 31 21 34 32 23 4 34 34 18 12 38 35 32 32 34 8 29 36 35 35 32 35 10 8 21 31 36 35 35 31 32 36 11 13 32 35 36 32 34 31 36 31 31 2 36 31 32 32 31 31 31 36 28 36 13 35 36
split_gain=1.46611e+06 594746 582696 473967 615054 586784 541288 349159 851044 340854 326400 281624 411834 317266 303013 361708 805885 597955 801603 566510 345998 291995 278401 267336 263708 319565 250748 232662 284443 353928 521361 417042 328931 376488 434299 351273 265073 260770 248284 378226 213003 199380 192244 191992 249721 186233 209996 184061 167561 165545 240067 340611 228166 162791 154379 158002 151531 139719 268290 132990 138287 131982
threshold=1.0000000180025095e-35 212.8666666666667 461.05000000000007 1.0000000180025095e-35 1.0000000180025095e-35 89.950000000000017 1.0000000180025095e-35 427.85000000000008 258.95000000000005 1.0000000180025095e-35 1.0000000180025095e-35 471.05000000000007 447.55000000000007 1.0000000180025095e-35 1.0000000180025095e-35 1.0000000180025095e-35 1036.0000000000002 473.65000000000003 427.95000000000005 81.350000000000009 1.0000000180025095e-35 1.0000000180025095e-35 316.95000000000005 1009.4000000000001 1118.0500000000002 280.85000000000008 1175.5000000000002 1.0000000180025095e-35 1.0000000180025095e-35 1.0000000180025095e-35 110.95000000000002 302.01666666666671 588.85000000000002 609.55000000000007 184.85000000000005 123.35000000000001 249.31250000000003 1.0000000180025095e-35 1.0000000180025095e-35 475.15000000000003 1077.8500000000001 240.34333333333339 431.35000000000008 91.40000000000002 112.55000000000001 167.12500000000003 152.45000000000002 357.15000000000003 1.0000000180025095e-35 312.83333333333337 469.35000000000008 311.50000000000006 446.75000000000006 451.55000000000007 348.55000000000007 456.35000000000008 286.35833333333341 1.0000000180025095e-35 312.83333333333337 1.0000000180025095e-35 1257.3500000000001 195.71666666666673
decision_type=2 2 2 2 2 2 2 2 2 2 2 2 2 2 2 2 2 2 2 2 2 2 2 2 2 2 2 2 2 2 2 2 2 2 2 2 2 2 2 2 2 2 2 2 2 2 2 2 2 2 2 2 2 2 2 2 2 2 2 2 2 2
left_child=2 -2 -1 10 5 6 -5 9 -9 49 11 12 13 14 15 16 21 18 20 -20 24 27 -13 -6 40 -26 -14 28 29 30 -4 32 -31 -34 -35 -36 61 38 39 41 -18 -32 -29 44 -23 -30 -47 -22 -39 52 -51 -52 -3 -40 -15 -56 -57 -43 -59 60 -27 -37
right_child=1 7 3 4 23 -7 -8 8 -10 -11 -12 22 26 54 -16 -17 17 -19 19 -21 47 43 -24 -25 25 59 -28 42 45 31 37 -33 33 34 35 36 -38 48 53 -41 -42 57 -44 -45 -46 46 -48 -49 -50 50 51 -53 -54 -55 55 56 -58 58 -60 -61 -62 -63
leaf_value=-0.49540679144597377 -0.0030950055014803707 1.6071360348693788 8.4317946926240008 10.23191163804262 3.0987322622537614 0.51659322928298612 -0.1647898520742144 14.20257113320487 1.1661845100502815 5.8834904687157996 -0.97870960787815209 6.4039067493544684 -8.3278988134293339 -0.2423526130944163 -0.74436044144641722 -0.31275117828265181 3.6228334029515588 -3.3916538921991988 5.0087196659397435 14.639386740097633 2.0180531436746771 4.3324215372403465 -0.060228506980403773 9.2848305144617651 8.7418270974545873 6.8489978994641989 -1.6363795496168594 -0.0095844334591765057 4.1869783568382264 -0.4373929398082127 -2.1789310966219224 -2.3663786030690606 8.0151034774780268 -2.0630546600587905 8.2706379480361942 4.0368020812670391 5.0114217393398288 -1.0785142299107144 1.5696999353441328 9.4510822432381776 -3.2724734510694233 3.3582339831760954 -3.6376654713652856 -5.0349033988439125 -1.0089273918540247 -5.1758325376510621 -0.35169159385549043 -4.3135422003765909 3.5522289310892425 2.2337326089992668 1.7764495849609376 11.004272031784058 -2.5615816964043514 -2.3110295686966338 -2.9100940822929768 3.5092383906954812 -1.4256604162851971 4.5246167802810673 -1.6362042094385902 -0.20109752528369429 1.7850111860495348 -0.088126035255960911
leaf_weight=5544 347 372 31 31 40 660 21 21 31 58 680 36 21 364 528 899 24 30 37 26 22 24 31 31 37 28 42 242 20 214 21 109 25 62 25 24 50 105 88 21 21 273 43 26 248 25 231 24 24 264 20 20 36 39 143 21 60 30 43 22 26 101
leaf_count=5544 347 372 31 31 40 660 21 21 31 58 680 36 21 364 528 899 24 30 37 26 22 24 31 31 37 28 42 242 20 214 21 109 25 62 25 24 50 105 88 21 21 273 43 26 248 25 231 24 24 264 20 20 36 39 143 21 60 30 43 22 26 101
internal_value=0.0450452 1.7327 -0.125133 0.214229 1.36202 0.919495 6.03324 2.46546 6.43088 2.19766 0.0435647 0.195145 0.147435 0.204191 0.368687 0.544641 0.860412 3.30135 4.05337 8.98328 2.5309 0.522278 3.41304 5.7997 3.64197 4.93102 -3.86689 0.756721 0.996571 1.30937 2.09821 0.436476 1.04628 2.15257 1.59317 2.7266 1.93459 1.79333 2.29689 2.92499 0.405024 2.55156 -0.556979 -0.930011 -0.537632 -0.459772 -0.822799 -1.28539 -0.216981 1.89741 2.78066 6.39036 1.23931 0.37798 -0.8779 -1.91067 -0.146242 2.83867 0.89564 3.07576 4.41078 0.70386
internal_weight=12762 1169 11593 6049 783 712 52 822 52 770 5266 4586 4519 4456 3868 3340 2441 297 267 63 204 2144 67 71 158 113 63 1846 1561 1285 675 610 501 287 262 200 175 644 515 388 45 367 285 298 272 276 256 46 129 712 304 40 408 127 588 224 81 346 73 76 54 125
internal_count=12762 1169 11593 6049 783 712 52 822 52 770 5266 4586 4519 4456 3868 3340 2441 297 267 63 204 2144 67 71 158 113 63 1846 1561 1285 675 610 501 287 262 200 175 644 515 388 45 367 285 298 272 276 256 46 129 712 304 40 408 127 588 224 81 346 73 76 54 125
is_linear=0
shrinkage=0.05


Tree=55
num_leaves=63
num_cat=0
split_feature=9 36 39 31 34 35 34 34 31 31 35 32 36 21 32 31 32 32 11 6 18 33 36 35 35 31 31 31 32 36 32 35 36 36 32 36 36 31 35 31 31 36 31 35 35 7 31 32 32 32 36 33 32 23 33 35 31 35 36 36 38 32
split_gain=3.07676e+07 2.64481e+06 1.04306e+06 965336 1.50111e+06 3.04345e+06 1.11441e+06 1.0476e+06 1.18263e+06 847885 1.40854e+06 737092 1.24211e+06 705381 701802 1.08129e+06 906618 733919 698082 638312 717609 764026 572404 404069 461374 810714 658656 429778 391990 389784 431774 375083 361142 350906 418209 330727 351482 321850 314412 289941 288920 222589 172167 148613 135894 127792 123187 136814 120799 215023 259562 115628 114516 108348 123262 93709.6 95071.2 157220 119772 92907.4 84980.8 80644.4
threshold=1.0000000180025095e-35 327.25000000000006 1.0000000180025095e-35 223.55000000000004 406.00000000000006 1018.5500000000001 383.40000000000003 136.55000000000004 368.55000000000007 445.15000000000003 886.1500000000002 407.65000000000003 270.65833333333336 1.0000000180025095e-35 324.55000000000007 110.95000000000002 303.10000000000008 174.95000000000002 1.0000000180025095e-35 1.0000000180025095e-35 1.0000000180025095e-35 439.50000000000006 183.82000000000002 976.85000000000002 721.20000000000016 372.25000000000006 300.55000000000007 368.55000000000007 232.55000000000004 336.08750000000003 469.55000000000007 623.70000000000005 425.18333333333339 359.37500000000006 427.95000000000005 211.74500000000003 175.41250000000005 91.750000000000014 495.15000000000003 302.25000000000006 469.35000000000008 156.18750000000003 493.95000000000005 741.95000000000016 458.45000000000005 1.0000000180025095e-35 245.75000000000003 95.850000000000009 53.150000000000013 68.15000000000002 249.31250000000003 180.40000000000003 77.050000000000011 1.0000000180025095e-35 339.55000000000007 473.9500000000001 101.90000000000002 899.20000000000016 271.56250000000006 142.7166666666667 1.0000000180025095e-35 206.25000000000003
decision_type=2 2 2 2 2 2 2 2 2 2 2 2 2 2 2 2 2 2 2 2 2 2 2 2 2 2 2 2 2 2 2 2 2 2 2 2 2 2 2 2 2 2 2 2 2 2 2 2 2 2 2 2 2 2 2 2 2 2 2 2 2 2
left_child=2 3 44 4 5 11 7 9 13 23 -11 14 -13 -9 16 -16 17 35 32 20 21 29 -19 24 27 26 -26 31 -24 -3 33 38 41 51 40 36 37 -2 39 46 43 61 48 -35 -1 53 -5 -48 -43 50 -50 -31 -51 -20 -55 -54 57 -57 -59 -39 -46 -4
right_child=1 19 18 6 -6 -7 -8 8 -10 10 -12 12 -14 -15 15 -17 -18 22 45 -21 -22 -23 28 -25 25 -27 -28 -29 -30 30 -32 -33 -34 34 -36 -37 -38 59 -40 -41 -42 42 -44 -45 60 -47 47 -49 49 52 -52 -53 55 54 -56 56 -58 58 -60 -61 -62 -63
leaf_value=-0.98909383440712662 -1.580202956199646 18.860412552139977 -1.2589040140338117 5.3539839548724046 -8.3663604827154252 19.029616637487671 18.730388326230258 12.874878681182862 -5.5778490447998053 24.886477088928224 6.345959817795527 -10.489010108600965 6.1290867017663047 0.59908981323242194 18.925099232083276 3.6707267907949594 -5.8561483253132218 13.469097074099949 -1.5958546393116315 3.8668712377548218 21.490109596252442 3.1609019994735719 10.482195259332657 14.523259420394897 0.95397047042846683 -4.4573682875860312 11.785550018399954 14.778469626108805 1.3832442945447463 5.8202495545148851 5.6946101570129395 1.3751435575031099 2.0318905238190603 12.904086016045241 20.322173890613374 -3.1088961505889894 8.2355144192190739 2.8792733477823664 12.710547668793623 2.0755947026339445 16.777293904622397 0.77964310475240606 3.4983351331008112 8.9206357529288844 -1.609518699360373 0.78555874894647038 12.034901883525235 6.9452652309251874 -0.57815270394813723 2.8704093524387906 -7.3103617494756525 11.19676341533661 -1.0038139859431012 -0.96116636805939226 3.4220177448314169 2.2880015307924024 -0.012131975453772774 -2.8864887013579863 1.6511567647640524 6.066036259787424 -1.0219636493578725 0.86777390074729921
leaf_weight=3911 35 22 411 21 21 37 23 25 30 20 21 22 23 22 21 26 22 35 960 24 20 24 20 20 25 21 32 24 29 20 25 21 232 61 21 20 34 66 34 22 33 545 38 38 2103 68 31 23 41 35 22 20 215 53 23 115 1811 33 26 35 870 50
leaf_count=3911 35 22 411 21 21 37 23 25 30 20 21 22 23 22 21 26 22 35 960 24 20 24 20 20 25 21 32 24 29 20 25 21 232 61 21 20 34 66 34 22 33 545 38 38 2103 68 31 23 41 35 22 20 215 53 23 115 1811 33 26 35 870 50
internal_value=-0.0097099 7.72056 -0.791295 6.29812 4.68315 5.32795 8.03373 7.40612 2.17814 8.68407 15.3901 4.02135 -1.99532 7.12876 4.81071 10.4865 3.90948 4.69358 -0.215195 11.6969 12.3586 11.6668 8.58543 7.68061 7.14182 3.9408 7.03486 8.56045 5.0971 12.5174 11.8773 7.57866 0.124275 12.6782 13.7683 2.97298 3.68849 2.55174 8.57312 7.12288 12.7256 -0.00815123 0.155078 11.3751 -1.18278 -1.31416 8.60342 9.86709 0.110391 -0.0483302 -2.92908 8.50851 0.0328722 -1.45198 0.365324 -0.0122704 0.095126 1.21147 -0.886848 3.9836 -1.43758 -1.02824
internal_weight=12731 1169 11562 861 446 425 415 392 77 315 41 388 45 47 343 47 296 274 4678 308 284 264 84 274 254 78 57 176 49 240 218 152 3574 193 153 190 170 136 131 97 132 3342 2881 99 6884 1104 75 54 2843 2298 63 40 2235 1036 76 2200 1985 174 59 101 2973 461
internal_count=12731 1169 11562 861 446 425 415 392 77 315 41 388 45 47 343 47 296 274 4678 308 284 264 84 274 254 78 57 176 49 240 218 152 3574 193 153 190 170 136 131 97 132 3342 2881 99 6884 1104 75 54 2843 2298 63 40 2235 1036 76 2200 1985 174 59 101 2973 461
is_linear=0
shrinkage=0.05


Tree=56
num_leaves=63
num_cat=0
split_feature=25 34 7 22 33 36 36 33 23 33 34 33 40 34 2 32 13 33 33 40 23 31 28 36 31 35 32 35 33 35 33 33 35 35 33 32 31 35 33 32 32 24 33 34 35 33 10 31 32 36 33 33 31 33 32 21 32 40 33 33 39 23
split_gain=1.81283e+06 876063 498979 490496 532549 418891 497003 378426 267824 267539 560967 200116 348524 350313 197453 242608 291544 275337 240554 192163 192065 185445 181225 213117 192477 176066 251069 173886 162658 282444 223260 272020 269609 255976 157078 248671 151723 150369 145556 141846 268513 136582 304498 175398 130386 470558 140715 130186 244676 210215 128233 577904 1.09013e+06 251247 221992 513701 176259 165728 173631 154852 146829 225555
threshold=1.0000000180025095e-35 369.30000000000007 1.0000000180025095e-35 1.0000000180025095e-35 218.95000000000002 211.74500000000003 216.95833333333334 249.05000000000004 1.0000000180025095e-35 206.35000000000005 339.90000000000003 350.85000000000008 1.0000000180025095e-35 225.90000000000003 1.0000000180025095e-35 232.55000000000004 1.0000000180025095e-35 442.60000000000008 493.55000000000007 1.0000000180025095e-35 1.0000000180025095e-35 390.80000000000001 1.0000000180025095e-35 236.23333333333338 187.95000000000002 879.1500000000002 435.35000000000008 373.25000000000006 189.45000000000002 960.80000000000007 400.35000000000008 451.40000000000003 1099.0500000000002 1129.3500000000001 150.85000000000002 202.45000000000002 83.050000000000011 819.1500000000002 431.30000000000001 330.65000000000003 232.55000000000004 1.0000000180025095e-35 467.05000000000007 473.9500000000001 1118.0500000000002 403.40000000000003 1.0000000180025095e-35 177.15000000000001 421.65000000000003 336.08750000000003 159.30000000000004 175.00000000000003 357.15000000000003 127.45000000000002 73.15000000000002 1.0000000180025095e-35 120.85000000000001 4.5000000000000009 376.35000000000008 400.35000000000008 1.0000000180025095e-35 1.0000000180025095e-35
decision_type=2 2 2 2 2 2 2 2 2 2 2 2 2 2 2 2 2 2 2 2 2 2 2 2 2 2 2 2 2 2 2 2 2 2 2 2 2 2 2 2 2 2 2 2 2 2 2 2 2 2 2 2 2 2 2 2 2 2 2 2 2 2
left_child=2 5 14 4 9 19 -7 -6 22 10 25 -9 -13 21 18 17 20 -16 41 27 47 38 23 24 -8 36 -27 -2 29 37 32 -32 39 -33 -3 -36 -4 -25 -14 40 -30 43 44 50 45 -43 -46 -17 -49 -50 53 52 -52 -1 55 -53 57 58 -56 -59 -58 -62
right_child=1 34 3 -5 7 6 8 11 -10 -11 -12 12 13 -15 15 16 -18 -19 -20 -21 -22 -23 -24 28 -26 26 -28 -29 30 -31 31 33 -34 -35 35 -37 -38 -39 -40 -41 -42 42 -44 -45 46 -47 -48 48 49 -51 51 54 -54 -55 56 -57 60 59 -60 -61 61 -63
leaf_value=-0.39231521858990898 -0.85497028970718392 2.9656743122981144 -2.2769826701054208 -6.9369893193244936 7.4308050899892244 8.5123946041896428 -4.6079211061651062 0.53831090171162677 5.485010636106451 -5.0729396597198821 6.8767978772521019 8.1805079821882583 1.6523990842274259 6.756884664104831 -0.11234118342846633 -0.12795881250630256 -2.3178003536642726 -5.2960505379570861 4.3368417421976728 -0.65707789571577568 5.0071936083467392 4.1999394134238912 -0.84645499630250809 1.5659631724710819 1.0398467493553958 -6.9079954283578067 0.65369639603987995 4.4868633685967856 8.5354504041018942 -4.0479690733410072 -2.3490343010425572 0.10938956219217051 0.99620347176828694 7.6533680872483689 12.092401838302614 5.6802077284565682 0.53918837486272497 5.0309820250953949 -2.8455694250158365 8.9906259536743161 0.44038557529449468 -0.83396046515185107 -7.0674572277069094 3.108561915320319 -0.16952226531505588 -7.4345759187425884 4.0244473686218267 0.90748487843580894 8.2360969709313441 2.5731106234747068 0.37574127575136584 5.6968214124441152 13.410817372280619 -2.6198035363079044 -1.4109758605957032 -2.4070015448512456 0.27924563995611046 -1.475843101635314 -5.9290874996700804 3.6376868724823002 -2.2280548528943744 0.1796501481471813
leaf_weight=6785 25 26 52 20 37 29 22 123 47 23 32 29 35 31 500 115 53 27 27 261 38 27 69 297 48 21 23 39 21 21 30 23 31 22 21 54 596 35 37 33 20 757 20 37 100 28 25 191 23 57 53 48 23 129 50 33 844 57 37 20 175 219
leaf_count=6785 25 26 52 20 37 29 22 123 47 23 32 29 35 31 500 115 53 27 27 261 38 27 69 297 48 21 23 39 21 21 30 23 31 22 21 54 596 35 37 33 20 757 20 37 100 28 25 191 23 57 53 48 23 129 50 33 844 57 37 20 175 219
internal_value=-0.0092244 1.86277 -0.199388 0.820771 0.96632 1.44372 2.09492 2.67648 1.83608 0.236011 0.404665 2.05268 3.22418 2.11854 -0.305194 0.361532 1.17849 -0.37792 -0.375902 -0.0550274 1.61553 0.666124 1.58087 1.85862 -0.735166 0.105376 -2.95529 2.40021 2.19927 1.57555 3.42247 1.33892 4.91072 3.79756 6.31465 7.47562 0.313199 1.93125 -0.659057 6.55058 4.58664 -0.389381 -0.964695 -0.326509 -0.830568 -1.0694 0.669272 1.28164 1.8798 4.20122 -0.34151 0.068122 4.32057 -0.433875 -0.149805 2.39526 -0.296845 -1.83716 -3.33247 -0.147653 -0.0927972 -0.889762
internal_weight=12731 1174 11557 1086 1066 1073 748 319 719 747 724 282 159 130 10471 1004 477 527 9467 325 424 99 672 603 70 692 44 64 533 353 180 75 105 45 101 75 648 332 72 74 41 9440 930 8510 910 785 125 386 271 80 8473 1559 76 6914 1483 81 1402 164 87 77 1238 394
internal_count=12731 1174 11557 1086 1066 1073 748 319 719 747 724 282 159 130 10471 1004 477 527 9467 325 424 99 672 603 70 692 44 64 533 353 180 75 105 45 101 75 648 332 72 74 41 9440 930 8510 910 785 125 386 271 80 8473 1559 76 6914 1483 81 1402 164 87 77 1238 394
is_linear=0
shrinkage=0.05


Tree=57
num_leaves=63
num_cat=0
split_feature=9 36 31 34 35 34 12 32 36 32 31 32 32 34 31 21 35 32 35 32 21 36 7 11 32 40 32 31 31 36 32 35 31 31 35 35 23 35 32 36 32 36 23 31 32 36 11 36 32 13 34 31 31 13 5 34 28 32 36 36 35 21
split_gain=2.76401e+07 2.3657e+06 859732 1.35988e+06 2.70634e+06 973223 1.15045e+06 667466 1.11492e+06 628896 971091 822080 657935 567902 1.13427e+06 835659 1.10645e+06 1.04544e+06 730911 1.06721e+06 582026 515918 513156 420824 365427 495334 361156 354038 301946 301084 597084 739571 421752 769307 316468 299966 251160 225903 207256 190127 196186 182423 170382 173894 170242 160449 130486 128997 114787 109161 85298.9 80993.7 79472.7 75620.8 76848.2 69163.9 93116.1 69481.8 65536.7 59827.2 168671 59102.4
threshold=1.0000000180025095e-35 327.25000000000006 223.55000000000004 406.00000000000006 1018.5500000000001 383.40000000000003 1.0000000180025095e-35 407.65000000000003 270.65833333333336 324.55000000000007 110.95000000000002 303.10000000000008 174.95000000000002 136.55000000000004 368.55000000000007 1.0000000180025095e-35 721.20000000000016 242.65000000000001 495.15000000000003 164.85000000000005 1.0000000180025095e-35 183.82000000000002 1.0000000180025095e-35 1.0000000180025095e-35 204.65000000000001 4.5000000000000009 262.55000000000007 291.30000000000001 154.35000000000005 379.92500000000013 270.45000000000005 675.1500000000002 300.55000000000007 251.05000000000004 861.75000000000011 344.05000000000001 1.0000000180025095e-35 531.55000000000007 311.50000000000006 354.05000000000007 453.75000000000006 359.37500000000006 1.0000000180025095e-35 81.15000000000002 455.45000000000005 261.0750000000001 1.0000000180025095e-35 133.45000000000002 251.65000000000001 1.0000000180025095e-35 436.30000000000001 472.45000000000005 395.65000000000003 1.0000000180025095e-35 1.0000000180025095e-35 201.80000000000004 1.0000000180025095e-35 407.65000000000003 148.22500000000002 190.465 314.15000000000003 1.0000000180025095e-35
decision_type=2 2 2 2 2 2 2 2 2 2 2 2 2 2 2 2 2 2 2 2 2 2 2 2 2 2 2 2 2 2 2 2 2 2 2 2 2 2 2 2 2 2 2 2 2 2 2 2 2 2 2 2 2 2 2 2 2 2 2 2 2 2
left_child=22 2 3 4 7 6 13 9 -9 11 -11 12 28 15 20 16 18 -17 27 -20 -15 -14 36 29 -18 -26 -23 35 37 30 31 -3 33 -32 38 -4 46 47 51 42 -41 -34 43 58 50 -38 49 -2 -21 -1 55 -31 -48 54 -47 56 57 61 -24 60 -30 -45
right_child=1 23 5 -5 -6 -7 -8 8 -10 10 -12 -13 21 14 -16 17 24 -19 19 48 -22 26 39 -25 25 -27 -28 -29 59 34 32 -33 41 -35 -36 -37 45 -39 -40 40 -42 -43 -44 44 -46 53 52 -49 -50 -51 -52 -53 -54 -55 -56 -57 -58 -59 -60 -61 -62 -63
leaf_value=-0.81216532300762756 1.1744268689836774 11.666456139605978 5.9983150172877959 -7.9717410269237705 17.983032599010983 17.606845938641094 -2.5590726918187636 -9.942203287644821 5.8020992942478351 17.951413599650063 3.4952643614548906 -5.5708349227905281 12.796326765332903 13.902023543914162 -4.534982028374305 7.4898153480730558 6.9460724512736007 19.297276558747164 22.293792542167335 6.0986013031005868 2.503926213582357 8.4129486486829563 -1.1215642672318678 4.5729591431825058 5.1712486028671272 -5.3857472562789921 -0.32082183003425602 1.7442925233107347 3.7760681476593021 12.300353913080125 15.195092620849611 -1.0133024796195653 12.200546858651299 1.4929959910256523 17.269837498020483 13.370895954695616 -0.75006717185612326 -3.4129049323853993 8.6897946673281066 2.4735114306211474 -1.6213665856255426 17.513943964640301 2.092594141599744 -0.21992926092543563 3.3382812433772617 0.91285060210264346 -1.2440777296340595 5.2427391264173728 11.455533545017243 -1.3899426211029553 -3.2506758646531537 16.166265411376951 -2.33351241024556 -1.4499197388237173 -1.4640956897993345 1.3245494384270211 -2.4813572954047811 -2.252922652789525 -4.0799818833669033 3.5369150161743166 9.9365125083923349 1.0797892543402585
leaf_weight=7602 70 23 37 21 37 23 29 22 23 21 26 22 35 24 26 38 24 37 23 20 21 29 39 23 20 25 20 26 25 42 20 23 35 21 37 22 479 21 34 156 36 30 86 427 36 420 744 27 20 916 22 20 216 44 37 77 44 35 36 27 20 110
leaf_count=7602 70 23 37 21 37 23 29 22 23 21 26 22 35 24 26 38 24 37 23 20 21 29 39 23 20 25 20 26 25 42 20 23 35 21 37 22 479 21 34 156 36 30 86 427 36 420 744 27 20 916 22 20 216 44 37 77 44 35 36 27 20 110
internal_value=-0.00876319 7.3181 5.97281 4.44873 5.06245 7.61073 7.02423 3.83034 -1.89512 4.58149 9.95439 3.72836 4.47501 7.78983 3.77918 8.76503 7.19252 13.3148 9.63033 13.7117 8.58291 8.15989 -0.749561 11.0788 1.96358 -0.693749 4.84814 6.60528 2.8459 11.6038 10.0836 5.32658 12.148 8.17695 13.3412 8.74741 -0.857789 1.28892 11.827 0.275661 1.70572 14.6529 -0.0254043 -0.245922 -0.0166597 -0.0957683 -0.93658 2.30684 8.77707 -0.874298 -0.18558 13.5474 -1.4892 0.529799 0.720406 -0.0882752 -0.264878 -0.0943798 -2.5416 5.39762 6.51404 0.0463073
internal_weight=12731 1169 861 446 425 415 392 388 45 343 47 296 274 363 71 292 217 75 148 63 45 84 11562 308 69 45 49 85 190 285 152 46 106 41 133 59 10458 118 96 1104 192 65 912 826 751 980 9478 97 40 8518 715 62 960 501 457 693 616 572 75 72 45 537
internal_count=12731 1169 861 446 425 415 392 388 45 343 47 296 274 363 71 292 217 75 148 63 45 84 11562 308 69 45 49 85 190 285 152 46 106 41 133 59 10458 118 96 1104 192 65 912 826 751 980 9478 97 40 8518 715 62 960 501 457 693 616 572 75 72 45 537
is_linear=0
shrinkage=0.05


Tree=58
num_leaves=63
num_cat=0
split_feature=9 36 25 25 32 32 31 33 31 32 35 32 33 31 35 31 35 35 36 35 32 32 31 37 35 32 11 34 2 35 31 36 7 32 31 33 23 11 23 31 35 35 32 35 35 7 7 2 23 31 35 31 32 31 31 32 32 36 33 35 36 32
split_gain=2.49452e+07 2.13504e+06 1.77989e+06 1.12494e+06 823030 2.51264e+06 899720 904938 1.2102e+06 1.04099e+06 880879 913538 873310 717352 1.39594e+06 1.16222e+06 1.13607e+06 1.08191e+06 1.38192e+06 931981 731977 692396 512383 503379 430816 567996 608214 516508 422190 398330 283402 271678 265157 261847 260263 259378 246499 198635 216132 243939 173024 172898 194322 271444 150949 149458 148589 136540 136502 161986 125545 169527 139858 123585 120347 119944 114942 114599 135106 107557 106232 94489
threshold=1.0000000180025095e-35 327.25000000000006 1.0000000180025095e-35 1.0000000180025095e-35 475.15000000000003 459.15000000000003 150.75000000000003 359.45000000000005 103.65000000000002 416.25000000000006 741.95000000000016 322.65000000000003 440.95000000000005 445.15000000000003 886.1500000000002 362.15000000000003 861.75000000000011 753.35000000000014 262.35833333333341 628.55000000000007 169.65000000000001 249.75000000000003 236.25000000000003 2.5000000000000004 670.35000000000002 274.25000000000006 1.0000000180025095e-35 330.80000000000001 1.0000000180025095e-35 696.05000000000007 263.25000000000006 237.37750000000003 1.0000000180025095e-35 174.95000000000002 300.55000000000007 299.85000000000008 1.0000000180025095e-35 1.0000000180025095e-35 1.0000000180025095e-35 66.450000000000017 568.95000000000016 480.95000000000005 95.850000000000009 290.55000000000007 476.45000000000005 1.0000000180025095e-35 1.0000000180025095e-35 1.0000000180025095e-35 1.0000000180025095e-35 93.350000000000009 1099.0500000000002 466.05000000000007 462.05000000000007 211.95000000000002 91.750000000000014 436.85000000000008 400.15000000000003 302.01666666666671 354.2000000000001 831.35000000000025 305.71000000000004 207.75000000000003
decision_type=2 2 2 2 2 2 2 2 2 2 2 2 2 2 2 2 2 2 2 2 2 2 2 2 2 2 2 2 2 2 2 2 2 2 2 2 2 2 2 2 2 2 2 2 2 2 2 2 2 2 2 2 2 2 2 2 2 2 2 2 2 2
left_child=3 4 24 28 5 6 7 9 -9 10 11 33 13 15 -15 17 23 19 20 22 -19 -20 53 -17 44 -26 27 34 32 -21 -23 -22 40 54 -27 -36 46 38 39 -5 -1 42 43 -24 -3 47 -30 50 49 -34 51 52 55 61 -2 -41 59 -52 -59 -47 -38 -8
right_child=1 2 -4 37 -6 -7 12 8 -10 -11 -12 -13 -14 14 -16 16 -18 18 21 29 31 30 41 -25 25 26 -28 -29 36 -31 -32 -33 48 -35 35 -37 60 -39 -40 45 -42 -43 -44 -45 -46 56 -48 -49 -50 -51 57 -53 -54 -55 -56 -57 -58 58 -60 -61 -62 -63
leaf_value=-0.89728045390054934 -1.0835554122924804 11.136521681528244 23.904678543754247 -3.0173955477774146 -4.1028477214631582 22.21689788154934 4.5073276535939364 17.363139898880672 0.54596212387084964 -8.9834816523960654 -5.2311978241492962 14.236159610748292 -1.8975158625635609 22.94617698669434 5.8927017339070638 0.52676212310791015 -5.5022314587154906 24.22130615234375 -1.3840306406929379 -5.7282950748096821 9.5187381905538064 12.790532924021994 6.9135989353574558 11.267226727803548 1.2766010577862081 5.218530102819205 1.0028474962711333 17.766154447793962 -0.30884055898490326 3.6824182654204578 5.3861541509628301 17.10147734142485 -2.3721048414037469 6.3696055554054887 8.939760475527299 14.8108738861084 1.7105894615252812 -1.7361633673520158 3.7222240972168308 0.59831623079470642 -1.3697252136723734 12.30034582755145 4.9458753370469619 14.485311050415039 15.869119727093242 3.5035220532040849 2.0862991928202765 2.9289669712977626 1.8447112026152674 -0.11754693081602455 -3.7833559019812224 3.9612561595439915 4.7181831693649299 1.7225283392544453 2.6528437563867282 -3.3390630990266801 5.9871360032454781 2.7354667718593895 -2.1519338046350787 -0.77199077109495806 5.9183628988265999 8.4127675050780883
leaf_weight=5563 32 63 23 40 21 23 59 23 20 21 29 20 29 20 30 20 37 20 21 22 27 28 29 24 26 32 20 20 864 23 24 21 89 37 76 25 60 71 68 588 2974 34 31 20 23 38 70 67 77 760 29 40 20 29 66 20 23 26 31 24 20 21
leaf_count=5563 32 63 23 40 21 23 59 23 20 21 29 20 29 20 30 20 37 20 21 22 27 28 29 24 26 32 20 20 864 23 24 21 89 37 76 25 60 71 68 588 2974 34 31 20 23 38 70 67 77 760 29 40 20 29 66 20 23 26 31 24 20 21
internal_value=-0.00832503 6.9522 10.5249 -0.712083 5.67417 5.9186 5.45977 2.94648 9.5412 1.56319 2.76689 4.26331 6.55519 7.00914 12.7141 6.427 0.955137 7.51067 11.056 5.64538 16.1848 6.2786 6.9699 6.3852 9.44508 8.16713 9.2027 10.2746 -0.870797 -0.918375 9.37313 12.8362 -0.974696 2.78585 9.14802 10.393 0.0988218 0.820494 0.999511 0.803798 -1.06186 9.31346 8.04403 10.0041 12.4022 0.972504 -0.129333 0.765869 -0.171069 -0.35389 0.573657 0.805154 0.604128 4.51884 1.4328 0.468797 2.96836 -1.22448 0.0774068 1.84848 2.76253 5.53251
internal_weight=12731 1169 308 11562 861 840 817 248 43 205 184 155 569 540 50 490 81 409 141 268 68 73 223 44 285 199 173 153 10477 45 52 48 9463 135 133 101 1014 1085 1014 946 8537 114 80 49 86 906 934 821 926 849 754 668 628 109 98 608 85 86 57 62 80 80
internal_count=12731 1169 308 11562 861 840 817 248 43 205 184 155 569 540 50 490 81 409 141 268 68 73 223 44 285 199 173 153 10477 45 52 48 9463 135 133 101 1014 1085 1014 946 8537 114 80 49 86 906 934 821 926 849 754 668 628 109 98 608 85 86 57 62 80 80
is_linear=0
shrinkage=0.05


Tree=59
num_leaves=63
num_cat=0
split_feature=9 36 25 25 6 31 35 40 37 8 31 40 35 31 35 36 36 36 36 40 31 31 38 35 7 35 35 35 36 31 36 35 40 31 35 36 31 23 23 40 39 31 23 31 7 35 36 36 31 35 31 36 38 35 31 12 36 31 35 31 36 31
split_gain=2.25131e+07 1.92687e+06 1.60635e+06 1.01526e+06 845902 714326 714353 976821 761462 697979 623367 622061 854971 768506 1.18795e+06 1.69956e+06 636734 593697 538573 501663 474835 393579 378490 374505 337125 333464 277424 273596 271870 303310 614360 434987 267323 232524 410390 194426 379875 174504 170765 167521 159162 158632 153463 258007 171582 147190 138764 137468 293043 136231 135520 121133 106434 106377 198740 115842 102519 89384.9 103339 109312 100487 97447
threshold=1.0000000180025095e-35 327.25000000000006 1.0000000180025095e-35 1.0000000180025095e-35 1.0000000180025095e-35 223.55000000000004 796.40000000000009 1.0000000180025095e-35 3.5000000000000004 1.0000000180025095e-35 449.65000000000003 4.5000000000000009 691.00000000000011 362.15000000000003 813.45000000000016 258.81250000000006 262.35833333333341 259.93333333333334 268.44166666666678 1.5000000000000002 120.25000000000001 362.15000000000003 1.0000000180025095e-35 1211.5500000000002 1.0000000180025095e-35 579.05000000000007 670.35000000000002 654.95000000000016 101.08333333333334 110.95000000000002 172.42500000000004 505.05000000000007 1.5000000000000002 137.35000000000005 395.25000000000006 347.55833333333339 346.75000000000006 1.0000000180025095e-35 1.0000000180025095e-35 2.5000000000000004 1.0000000180025095e-35 300.55000000000007 1.0000000180025095e-35 64.950000000000017 1.0000000180025095e-35 588.85000000000002 245.32500000000002 406.92500000000001 428.65000000000003 476.45000000000005 93.350000000000009 330.47500000000008 1.0000000180025095e-35 392.65000000000003 95.100000000000009 1.0000000180025095e-35 452.87500000000006 75.250000000000014 654.95000000000016 360.35000000000008 192.87500000000003 191.45000000000002
decision_type=2 2 2 2 2 2 2 2 2 2 2 2 2 2 2 2 2 2 2 2 2 2 2 2 2 2 2 2 2 2 2 2 2 2 2 2 2 2 2 2 2 2 2 2 2 2 2 2 2 2 2 2 2 2 2 2 2 2 2 2 2 2
left_child=3 5 4 24 22 6 17 -8 -9 10 11 12 25 14 41 -16 -15 27 20 -14 -10 -11 23 26 38 32 49 28 -2 30 -30 33 -7 -31 -35 -28 -37 50 45 53 -29 46 43 -41 57 -1 -13 48 -38 -3 -26 -40 -47 -5 -55 -56 -52 -45 59 -59 -60 -62
right_child=1 2 -4 39 -6 9 7 8 18 21 -12 13 19 16 15 -17 -18 -19 -20 -21 -22 -23 -24 -25 37 -27 35 40 29 31 -32 -33 -34 34 -36 36 47 -39 51 42 -42 -43 -44 44 -46 52 -48 -49 -50 -51 56 -53 -54 54 55 -57 -58 58 60 -61 61 -63
leaf_value=-0.84122181643852767 0.57243390719095866 10.579695516919333 22.709443797235906 0.092919935898421568 -0.6854520048413959 9.9217593119694651 15.663108193432842 13.26341970534552 10.349333107471466 5.5647150301933292 13.714627162830249 7.5406365027794466 4.6933817496170871 -2.8024652654474433 27.30517044067383 8.875667412527676 8.3965188662211112 -4.6226420331001279 -4.2987105596633191 -3.5972037686241998 0.76507952979632787 -4.354697647094727 3.8874849832057956 15.577514429887138 -1.9374035204450291 13.509245216278803 4.1444605331420901 -2.2692264715830488 3.4457623737198966 1.0442462461966056 14.759099633353097 -1.4108079046010973 3.0961660921573642 4.285192266236181 11.656065630912781 14.132403719866719 9.2353996423574607 2.1832843201363397 -0.60399325725786834 -4.5995259735319349 3.3298852920532229 10.660069125631582 2.9834129687187811 3.4079867243766788 2.7296973453249254 -1.4813953097174679 2.4993496633711318 10.342983015723851 1.3946311820637096 15.075664089037026 -0.060790301882397639 0.72341058015823367 -0.82163988993577242 7.0451363921165466 2.2340587093350814 -1.5188487509022588 2.9168667411804203 0.10847958838162215 -3.6224161221430857 2.2850078211202249 -2.3388918540057015 0.085804766457005327
leaf_weight=5679 45 63 23 73 21 26 27 21 24 20 37 39 37 22 22 29 30 25 21 36 28 20 25 30 96 21 25 30 28 27 21 32 32 69 26 27 26 87 680 27 22 23 53 20 70 2002 21 23 22 23 793 230 880 20 194 23 30 230 26 77 51 221
leaf_count=5679 45 63 23 73 21 26 27 21 24 20 37 39 37 22 22 29 30 25 21 36 28 20 25 30 96 21 25 30 28 27 21 32 32 69 26 27 26 87 680 27 22 23 53 20 70 2002 21 23 22 23 793 230 880 20 194 23 30 230 26 77 51 221
internal_value=-0.00790878 6.60459 9.99862 -0.676479 8.97283 5.39046 4.00123 7.28074 4.87303 6.88346 7.55316 6.87868 4.50587 8.81775 10.8199 16.8256 3.65849 2.78025 2.45936 0.604874 5.18858 0.605009 9.7411 10.3534 -0.827257 8.1106 9.60353 3.39716 4.08858 4.86802 8.29434 3.77782 6.15591 5.13878 6.30248 8.0803 9.08434 0.0429963 -0.919694 0.77947 0.0996285 7.12955 0.386535 0.195906 0.382203 -0.988914 5.77619 7.16466 5.64171 11.7821 -0.159621 -0.268496 -1.27994 1.76181 2.27585 1.83629 0.0477513 0.119284 0.010566 0.654384 -0.652696 -0.368826
internal_weight=12731 1169 308 11562 285 861 446 121 94 415 375 338 152 186 134 51 52 325 73 73 52 40 264 239 10477 79 209 300 248 203 49 154 58 122 95 123 98 1006 9471 1085 52 83 775 722 695 8561 60 71 48 86 919 910 2882 310 237 217 823 625 605 307 298 272
internal_count=12731 1169 308 11562 285 861 446 121 94 415 375 338 152 186 134 51 52 325 73 73 52 40 264 239 10477 79 209 300 248 203 49 154 58 122 95 123 98 1006 9471 1085 52 83 775 722 695 8561 60 71 48 86 919 910 2882 310 237 217 823 625 605 307 298 272
is_linear=0
shrinkage=0.05


Tree=60
num_leaves=63
num_cat=0
split_feature=9 31 6 32 32 40 35 39 32 32 33 32 32 2 33 33 31 31 32 32 32 32 35 31 35 31 37 11 31 32 33 31 40 31 40 31 31 33 13 2 35 32 32 8 31 32 31 40 35 33 32 35 40 32 32 32 23 31 31 32 32 31
split_gain=1.91134e+07 2.00197e+06 1.11404e+06 1.02867e+06 1.05442e+06 1.14214e+06 1.13149e+06 753115 709895 1.84173e+06 1.50107e+06 953860 610400 571954 606425 1.47802e+06 781958 557968 1.49041e+06 1.28927e+06 578272 802589 531746 1.10362e+06 754719 418357 406131 394105 358254 413006 283109 300436 273603 265966 240599 203181 186702 298675 253380 169749 156749 152998 256949 140730 138246 123656 347526 240028 112436 110218 119304 106164 104415 167435 422552 105720 103913 103148 100146 129941 98102.7 96796.8
threshold=1.0000000180025095e-35 300.55000000000007 1.0000000180025095e-35 472.25000000000006 457.45000000000005 1.0000000180025095e-35 831.35000000000025 1.0000000180025095e-35 119.35000000000001 51.95000000000001 250.65000000000001 140.45000000000002 438.45000000000005 1.0000000180025095e-35 87.450000000000003 284.85000000000008 453.05000000000007 154.35000000000005 416.25000000000006 405.75000000000006 339.65000000000003 297.75000000000006 470.90000000000003 91.750000000000014 706.35000000000014 405.35000000000008 3.5000000000000004 1.0000000180025095e-35 134.15000000000001 192.55000000000004 365.60000000000008 282.65000000000003 5.5000000000000009 241.95000000000002 4.5000000000000009 381.95000000000005 196.45000000000002 480.90000000000003 1.0000000180025095e-35 1.0000000180025095e-35 476.45000000000005 57.20000000000001 219.95000000000002 1.0000000180025095e-35 180.85000000000005 69.750000000000014 202.65000000000001 5.5000000000000009 419.15000000000003 136.45000000000002 69.750000000000014 100.95000000000002 4.5000000000000009 438.45000000000005 473.65000000000003 409.15000000000003 1.0000000180025095e-35 202.65000000000001 387.25000000000006 169.65000000000001 104.75000000000001 485.85000000000008
decision_type=2 2 2 2 2 2 2 2 2 2 2 2 2 2 2 2 2 2 2 2 2 2 2 2 2 2 2 2 2 2 2 2 2 2 2 2 2 2 2 2 2 2 2 2 2 2 2 2 2 2 2 2 2 2 2 2 2 2 2 2 2 2
left_child=7 3 8 4 5 6 44 48 9 40 -11 -10 13 14 16 26 34 19 20 22 21 30 28 -24 -25 -4 -16 36 29 -7 31 45 -14 -22 -13 -17 37 43 41 56 -3 -38 49 51 -2 57 -47 -48 -1 61 -51 -9 -53 55 -55 -54 -29 -19 -52 -60 -40 -43
right_child=1 2 25 -5 -6 17 -8 27 11 10 -12 12 32 -15 15 35 -18 18 -20 -21 33 -23 23 24 -26 -27 -28 39 -30 -31 -32 -33 -34 -35 -36 -37 38 -39 60 -41 -42 42 -44 -45 -46 46 47 -49 -50 50 58 52 53 54 -56 -57 -58 -59 59 -61 -62 -63
leaf_value=-0.76453163629328769 3.1014550882227283 9.3412712303367833 5.2690381059279812 -4.9071640475042937 14.786693588256837 1.3356077792280812 16.420261039733887 -1.8947177613823158 20.402573792830758 -9.7683958677145171 7.977304077148438 11.146714874236814 11.626627551184761 15.921505771636966 -3.8762014080496394 7.2881953954696659 17.703519518622038 2.711609705289205 17.288046732815829 -8.5838233811514719 2.0601505279541015 14.130813426063174 12.670034427642824 6.7581172790527351 -6.0995408921014693 -4.3497615671157837 5.1031581126153469 -1.3393472497101293 5.7697959789863003 -6.3325682754516599 -1.6349186776649383 9.5866975564956665 19.236184943289985 -5.4424498489924842 5.1751237994915735 13.227429986000061 1.1669202808299479 4.518807202378909 -4.419695464424465 1.1079127953811125 14.33017578125 -1.5059109380757305 0.72788774338792051 -2.378119174367503 7.6103624876807716 6.8710809965928394 -2.2132611861100067 4.2912126043568488 -1.1679689628323531 -3.3504789634184409 -0.33644558419074333 0.37304103459729704 -0.5849296916016703 -7.5243426867893763 1.6221049422803135 2.3905259322375061 0.57559311964198367 6.8206678027198429 3.2534238447222794 -0.65217402542338654 -0.94739924111318874 1.6814808185283956
leaf_weight=3456 34 74 26 29 25 59 35 103 23 26 22 31 27 25 34 24 29 24 22 28 27 21 35 25 21 20 20 886 26 25 21 25 21 21 37 36 638 30 23 88 20 284 1004 95 34 30 37 23 3452 22 140 430 445 28 23 32 77 42 57 34 176 26
leaf_count=3456 34 74 26 29 25 59 35 103 23 26 22 31 27 25 34 24 29 24 22 28 27 21 35 25 21 20 20 886 26 25 21 25 21 21 37 36 638 30 23 88 20 284 1004 95 34 30 37 23 3452 22 140 430 445 28 23 32 77 42 57 34 176 26
internal_value=-0.0196992 6.08706 8.4977 4.3034 4.72076 4.31157 9.11564 -0.635187 9.25693 6.33366 -1.63495 10.6091 9.81593 8.77053 7.92325 5.45067 10.8292 3.34513 4.77214 1.43593 3.75609 4.82766 2.90479 5.97918 0.888317 1.08695 -0.550513 -0.142582 0.640921 -0.946587 3.8605 4.49809 14.9558 -1.22224 7.89747 10.8517 0.106719 -0.40664 0.359982 -0.994143 10.4027 0.514192 0.248435 -0.534463 5.35591 3.6826 2.47711 0.28012 -0.966133 -0.606575 0.167819 -0.369386 -0.205389 -0.676458 -3.39947 -0.385318 -1.18623 5.32646 0.502895 1.79419 -1.34872 -1.23858
internal_weight=12713 1164 495 669 640 615 103 11549 449 142 48 307 284 236 211 114 97 512 293 219 271 223 191 81 46 46 54 4641 110 84 202 181 48 48 68 60 3590 1186 2404 1051 94 2205 1567 1156 68 156 90 60 6908 563 253 1061 958 528 51 477 963 66 231 91 199 310
internal_count=12713 1164 495 669 640 615 103 11549 449 142 48 307 284 236 211 114 97 512 293 219 271 223 191 81 46 46 54 4641 110 84 202 181 48 48 68 60 3590 1186 2404 1051 94 2205 1567 1156 68 156 90 60 6908 563 253 1061 958 528 51 477 963 66 231 91 199 310
is_linear=0
shrinkage=0.05


Tree=61
num_leaves=63
num_cat=0
split_feature=9 36 7 32 35 25 32 34 34 37 34 40 35 36 40 32 35 34 32 35 40 36 2 32 21 35 23 7 35 32 36 7 32 32 35 7 36 36 38 35 35 32 35 36 2 36 35 32 23 36 36 36 23 40 35 34 36 21 32 32 35 4
split_gain=1.72499e+07 2.51034e+06 929973 1.13249e+06 1.01131e+06 823070 711060 711106 852922 1.97878e+06 1.50455e+06 1.28128e+06 1.20852e+06 843673 668496 511673 696037 430185 417568 401069 424746 451199 354560 327698 336969 865544 281591 257397 244699 430828 373001 212339 210595 424589 266620 202092 187016 535609 538873 369302 534732 338257 232646 171009 164246 140438 137054 132213 128982 118118 114453 108966 103352 121891 102356 128926 103994 113271 190244 152084 110899 99059.8
threshold=1.0000000180025095e-35 349.01666666666671 1.0000000180025095e-35 475.15000000000003 856.40000000000009 1.0000000180025095e-35 457.45000000000005 432.90000000000003 57.850000000000009 3.5000000000000004 177.05000000000004 1.5000000000000002 918.1500000000002 270.65833333333336 3.5000000000000004 164.85000000000005 337.85000000000002 313.10000000000008 166.35000000000005 614.25000000000011 5.5000000000000009 324.15000000000009 1.0000000180025095e-35 356.95000000000005 1.0000000180025095e-35 419.15000000000003 1.0000000180025095e-35 1.0000000180025095e-35 1140.5000000000002 467.75000000000006 393.56666666666672 1.0000000180025095e-35 427.95000000000005 339.65000000000003 711.55000000000007 1.0000000180025095e-35 247.31666666666669 238.35416666666671 1.0000000180025095e-35 531.55000000000007 455.25000000000006 181.85000000000005 259.80000000000001 235.01250000000002 1.0000000180025095e-35 94.316666666666677 401.55000000000007 183.65000000000001 1.0000000180025095e-35 377.65000000000009 299.01666666666671 382.25000000000006 1.0000000180025095e-35 5.5000000000000009 1274.3500000000001 379.10000000000008 148.22500000000002 1.0000000180025095e-35 64.450000000000017 239.05000000000004 711.55000000000007 1.0000000180025095e-35
decision_type=2 2 2 2 2 2 2 2 2 2 2 2 2 2 2 2 2 2 2 2 2 2 2 2 2 2 2 2 2 2 2 2 2 2 2 2 2 2 2 2 2 2 2 2 2 2 2 2 2 2 2 2 2 2 2 2 2 2 2 2 2 2
left_child=5 2 3 6 18 22 7 8 9 13 12 -12 -10 23 -11 16 -15 43 -4 -17 21 -21 31 24 36 -26 35 44 29 32 -30 46 33 34 -3 61 37 38 39 40 42 -38 45 -13 52 -2 -1 -46 51 -35 -50 -33 54 -54 56 -56 -7 58 -58 60 -59 -24
right_child=1 28 4 -5 -6 27 -8 -9 10 14 11 17 -14 15 -16 19 -18 -19 -20 20 -22 -23 26 -25 25 -27 -28 -29 30 -31 -32 48 -34 49 -36 -37 41 -39 -40 -41 -42 -43 -44 -45 47 -47 -48 -49 50 -51 -52 -53 53 -55 55 -57 57 59 -60 -61 -62 -63
leaf_value=-0.68794150988002478 -0.27161907553672793 10.147338410325952 -0.078536348399661837 -7.3006680533999493 16.703694869950414 -1.3019995026290418 12.437437714470759 11.878015482014625 2.0082723222929859 20.937158368882677 14.007763862609863 1.5101796363790831 -11.982326074080035 6.4189306616783144 9.4563432455062877 -1.2318885814575922 18.309369468688967 -2.9267608322416034 9.7785086415030733 0.43241858740110656 10.582596479879845 9.7537032938003545 -0.15287251946890051 -2.6805889553493927 0.003680582046508789 14.713744630813601 2.9789243536230963 3.1884965081591354 16.71848947207133 2.6687241387367249 8.0650106644630437 -0.52492382381718272 15.121345736866907 2.7004886054992676 16.530751764206659 2.4295713249134696 0.85556663844896408 -5.892518959045411 10.27752476873852 -2.986343106356534 10.271445129031228 9.107062543321538 -0.61181390264204571 7.6131595134735113 -0.83762073278427129 4.009117037622552 -1.091710979891565 3.8767754402653924 0.72542094356978115 8.1345949220657356 5.0355567121505738 1.1764055494495014 3.6182913068843927 -0.90672213573178118 -4.492823908879207 0.7745375792185466 1.4306428891870588 -2.5827637629849569 -0.52787558097878229 2.9441298016296922 1.6128271864520181 -2.1421894479981241
leaf_weight=3767 24 74 21 21 32 94 27 29 29 21 26 24 33 32 32 21 20 35 22 37 37 20 785 27 20 20 81 95 33 20 20 732 21 20 21 73 23 20 21 33 21 27 63 22 20 95 4754 58 67 20 20 108 46 22 26 21 187 28 368 93 36 68
leaf_count=3767 24 74 21 21 32 94 27 29 29 21 26 24 33 32 32 21 20 35 22 37 37 20 785 27 20 20 81 95 33 20 20 732 21 20 21 73 23 20 21 33 21 27 63 22 20 95 4754 58 67 20 20 108 46 22 26 21 187 28 368 93 36 68
internal_value=-0.0187142 5.78271 4.63357 4.1679 9.97328 -0.603428 4.45495 4.18952 3.90477 4.77054 0.759303 4.35046 -5.43834 3.89809 14.0053 6.87637 10.9922 1.25058 4.9646 5.0153 6.41095 3.70304 -0.739968 2.63572 3.02684 7.35871 0.151914 0.701449 10.4746 9.57769 13.453 -0.835028 10.4635 9.73889 11.5584 -0.0953727 2.49694 1.98892 2.60226 1.9193 2.71677 5.31137 1.84507 4.429 0.464943 3.14578 -0.913211 2.66796 -0.116373 5.41754 1.71626 -0.306181 0.278369 2.15432 0.128821 -2.13932 0.261083 0.467444 0.132022 1.65317 -0.222744 -0.311458
internal_weight=12713 1164 935 860 75 11549 839 812 783 614 169 107 62 561 53 167 52 81 43 115 94 57 10455 394 367 40 1007 1094 229 176 53 9448 156 135 95 926 327 277 257 236 203 50 182 46 999 119 8521 78 927 40 87 840 921 68 853 47 806 712 555 157 64 853
internal_count=12713 1164 935 860 75 11549 839 812 783 614 169 107 62 561 53 167 52 81 43 115 94 57 10455 394 367 40 1007 1094 229 176 53 9448 156 135 95 926 327 277 257 236 203 50 182 46 999 119 8521 78 927 40 87 840 921 68 853 47 806 712 555 157 64 853
is_linear=0
shrinkage=0.05


Tree=62
num_leaves=63
num_cat=0
split_feature=9 31 25 6 25 5 23 34 34 31 34 35 31 34 31 21 31 31 31 2 31 31 35 35 23 35 35 7 38 35 35 31 35 7 7 35 35 23 35 23 35 31 31 2 35 31 34 38 35 4 37 31 31 38 23 35 35 37 31 35 35 21
split_gain=1.5568e+07 1.63328e+06 1.15576e+06 1.24236e+06 742821 726509 696215 857150 1.02542e+06 921182 775977 702974 674582 908411 712124 631662 605796 442205 347975 319990 290286 346521 349885 261915 254136 243908 743662 232301 227476 278482 440133 287448 496679 191636 182388 167724 160955 150070 127271 116406 113722 113246 96857.8 93847.2 92376.2 152543 116356 97843.3 177966 89401.5 83637.7 90023.1 79173.1 70665.8 88247.8 84648.1 68550.2 203830 249651 129098 80133.6 68444.2
threshold=1.0000000180025095e-35 300.55000000000007 1.0000000180025095e-35 1.0000000180025095e-35 1.0000000180025095e-35 1.0000000180025095e-35 1.0000000180025095e-35 221.00000000000003 94.850000000000009 150.75000000000003 386.25000000000006 912.95000000000016 419.55000000000007 121.35000000000001 407.15000000000003 1.0000000180025095e-35 388.75000000000006 182.85000000000005 164.25000000000003 1.0000000180025095e-35 453.05000000000007 485.85000000000008 562.75000000000011 779.25000000000011 1.0000000180025095e-35 531.55000000000007 680.80000000000007 1.0000000180025095e-35 1.0000000180025095e-35 1055.3000000000004 837.70000000000016 353.50000000000006 654.95000000000016 1.0000000180025095e-35 1.0000000180025095e-35 444.45000000000005 401.55000000000007 1.0000000180025095e-35 574.1500000000002 1.0000000180025095e-35 277.35000000000008 482.35000000000008 375.65000000000003 1.0000000180025095e-35 1274.3500000000001 430.25000000000006 379.10000000000008 1.0000000180025095e-35 932.50000000000011 1.0000000180025095e-35 1.5000000000000002 469.35000000000008 126.95000000000002 1.0000000180025095e-35 1.0000000180025095e-35 1055.3000000000004 455.25000000000006 2.5000000000000004 249.25000000000003 609.55000000000007 297.45000000000005 1.0000000180025095e-35
decision_type=2 2 2 2 2 2 2 2 2 2 2 2 2 2 2 2 2 2 2 2 2 2 2 2 2 2 2 2 2 2 2 2 2 2 2 2 2 2 2 2 2 2 2 2 2 2 2 2 2 2 2 2 2 2 2 2 2 2 2 2 2 2
left_child=4 6 3 5 19 12 7 8 9 25 17 23 14 15 16 20 28 -9 -8 33 -14 22 -22 56 34 36 -27 37 29 30 31 35 -33 38 49 -3 40 43 -1 41 -2 50 -41 44 45 47 -46 -6 -49 52 -35 61 -21 54 55 -40 60 58 -58 -59 -11 -52
right_child=1 2 -4 -5 27 -7 18 10 -10 11 -12 -13 13 -15 -16 -17 -18 -19 -20 24 21 -23 -24 -25 -26 26 -28 -29 -30 -31 -32 32 -34 39 -36 -37 -38 -39 53 42 -42 -43 -44 -45 46 -47 -48 48 -50 -51 51 -53 -54 -55 -56 -57 57 59 -60 -61 -62 -63
leaf_value=-0.72900686532542958 1.8827555727443579 5.2975689075611259 16.171224623757439 -1.6732764005661012 0.15863847436300318 -0.49843659973144527 14.804697256088259 15.125691913835931 -5.6149056107657298 5.0691441353456481 1.947444262769487 13.698095464706421 7.2784099053113893 3.2714175210279581 -1.6815773824850719 19.414699525099536 13.736187030375005 6.5826848447322845 5.9562877416610718 -1.2723559567561518 9.4921043395996101 7.2952288887717502 17.826515208973603 -0.37135010774318994 2.8299781575247094 -6.5338901751750234 3.7901297482577236 3.029071645673953 10.826024957325147 10.92887410759926 -1.8370971246199177 -2.8622477626800542 8.2809044122695923 0.44176575349110392 2.3080927724707618 10.648596978746355 4.8835285758972171 2.6243148991506398 -1.2890335185768345 0.65986158196742728 -1.9749759452342985 2.5800515442183527 4.4980735171924939 1.9902655476168409 -4.2681825949595531 1.9427507417243826 0.73581067948114309 0.35876309420611407 -4.9800699604882137 -2.0350799946223987 -0.92439635702393452 -4.0106580215692516 0.078475708008818479 -0.76784942308981918 -0.58758972090734563 -2.2240975453085823 11.57478214777433 6.6995112875233538 4.5029924963911379 1.8492579425082487 2.4375802087783818 0.315643711911132
leaf_weight=5628 81 27 37 38 628 25 20 33 35 81 36 22 39 34 24 26 32 28 25 130 20 22 34 26 81 37 33 95 23 20 22 20 20 213 73 32 35 73 1348 65 25 33 22 73 26 114 21 37 27 68 423 20 655 895 355 295 26 23 24 34 45 151
leaf_count=5628 81 27 37 38 628 25 20 33 35 81 36 22 39 34 24 26 32 28 25 130 20 22 34 26 81 37 33 95 23 20 22 20 20 213 73 32 35 73 1348 65 25 33 22 73 26 114 21 37 27 68 423 20 655 895 355 295 26 23 24 34 45 151
internal_value=-0.0177785 5.49357 7.67095 6.98425 -0.573256 7.76754 3.88251 3.44935 2.65432 3.24258 7.76877 5.11735 8.29071 10.6075 6.44783 12.3764 7.44327 11.2043 9.88891 -0.70297 10.7852 12.5847 14.7397 4.38848 0.144319 0.745842 -1.66685 0.666377 6.21538 5.46329 4.55989 5.98144 2.70933 -0.793277 -0.0906041 8.19982 1.94363 0.441696 -0.86755 -0.110555 0.972913 -0.290872 1.63044 0.269632 0.12238 0.248028 -2.03236 -0.03116 -1.89356 -0.295885 -0.408271 -0.713082 -0.145229 -1.13707 -1.30246 -1.45692 4.91962 5.85028 8.18032 3.80638 4.1293 -0.598184
internal_weight=12713 1164 495 458 11549 420 669 624 527 492 97 281 395 175 220 141 196 61 45 10455 115 76 54 259 1007 211 70 1094 164 141 121 99 40 9448 926 59 141 999 8521 927 106 840 87 926 853 806 47 692 64 853 807 594 785 2893 1998 1643 233 107 50 57 126 574
internal_count=12713 1164 495 458 11549 420 669 624 527 492 97 281 395 175 220 141 196 61 45 10455 115 76 54 259 1007 211 70 1094 164 141 121 99 40 9448 926 59 141 999 8521 927 106 840 87 926 853 806 47 692 64 853 807 594 785 2893 1998 1643 233 107 50 57 126 574
is_linear=0
shrinkage=0.05


Tree=63
num_leaves=63
num_cat=0
split_feature=9 36 33 25 5 36 7 12 36 36 33 36 32 25 21 36 32 32 37 36 37 36 32 33 32 2 40 32 7 7 32 40 36 7 32 32 32 2 32 4 32 36 36 36 40 32 36 33 40 32 32 36 33 32 40 21 36 33 13 36 36 32
split_gain=1.40501e+07 2.14561e+06 901701 847361 810388 695176 779146 694779 691396 753722 1.01322e+06 708910 783932 670396 584900 862011 1.12983e+06 592484 880117 784366 525770 725797 456433 438732 402477 288791 214680 266741 212207 209651 199829 194360 188306 172952 155938 321763 178122 137190 128494 119502 119404 110858 105680 451534 112395 171566 110467 105294 152402 129510 220368 115473 110201 86233.9 84237.1 83738 80931.3 79709.5 77661.2 77604.7 68827.3 63708.3
threshold=1.0000000180025095e-35 349.01666666666671 232.30000000000004 1.0000000180025095e-35 1.0000000180025095e-35 189.25416666666669 1.0000000180025095e-35 1.0000000180025095e-35 235.01250000000002 316.95000000000005 397.45000000000005 268.44166666666678 325.75000000000006 1.0000000180025095e-35 1.0000000180025095e-35 303.53750000000008 405.75000000000006 319.55000000000007 3.5000000000000004 262.35833333333341 3.5000000000000004 199.61000000000004 139.05000000000004 423.25000000000006 284.55000000000007 1.0000000180025095e-35 2.5000000000000004 307.30000000000001 1.0000000180025095e-35 1.0000000180025095e-35 268.45000000000005 4.5000000000000009 362.92500000000007 1.0000000180025095e-35 469.55000000000007 440.45000000000005 389.15000000000003 1.0000000180025095e-35 161.05000000000004 1.0000000180025095e-35 183.65000000000001 331.58333333333343 233.04166666666671 218.3366666666667 1.0000000180025095e-35 102.95000000000002 98.925000000000026 338.05000000000007 4.5000000000000009 465.85000000000008 448.55000000000007 98.925000000000026 425.80000000000007 113.45000000000002 5.5000000000000009 1.0000000180025095e-35 308.02500000000003 376.35000000000008 1.0000000180025095e-35 133.45000000000002 271.56250000000006 164.85000000000005
decision_type=2 2 2 2 2 2 2 2 2 2 2 2 2 2 2 2 2 2 2 2 2 2 2 2 2 2 2 2 2 2 2 2 2 2 2 2 2 2 2 2 2 2 2 2 2 2 2 2 2 2 2 2 2 2 2 2 2 2 2 2 2 2
left_child=13 2 4 5 7 -4 8 14 22 10 11 24 -13 25 15 16 17 18 19 30 31 -22 -7 32 -10 33 -17 -28 39 37 42 -16 -3 53 35 36 -34 47 -21 58 -39 55 43 44 -2 46 -46 49 52 50 51 -15 57 -1 56 -35 -31 -49 59 -27 -55 -47
right_child=1 23 3 -5 -6 6 -8 -9 9 -11 -12 12 -14 29 20 26 -18 -19 -20 38 21 -23 -24 -25 -26 28 27 -29 -30 54 -32 -33 34 41 -36 -37 -38 40 -40 -41 -42 -43 -44 -45 45 61 -48 48 -50 -51 -52 -53 -54 60 -56 -57 -58 -59 -60 -61 -62 -63
leaf_value=-0.68349026820469083 5.1018305405974393 4.5627372455596928 13.798275831471319 14.014671857429272 -3.9680015714545003 -7.4398351287841793 11.937308446923272 -2.8968665685409154 4.0964759922027589 -1.6286419272422792 13.634672726728978 1.8686581980098378 15.546181783676147 -2.1046590101718903 0.97304272651672363 3.621220216751099 -7.8253721677339998 9.2489553423488839 -6.700760837554931 11.694556736946106 5.5311705227555903 17.28585262099902 2.3786069804224477 14.623900606897145 -5.9344431304931646 -1.393257152856286 6.7751253633788142 13.789484477561453 2.5431084603958189 2.6271444381669511 -2.4512046357859738 6.7200194481880438 9.7507028403791409 -0.72805647852864164 5.3890218320100205 15.708894520401955 4.7944509137760516 -0.89842315793037431 6.2680839192867284 -2.037801491924458 3.5817836182384655 0.87516720259731473 -0.38110061185113314 8.9933192042204055 -0.38793974304199219 -3.2902432918548588 3.4197919023036962 1.2276355152544769 -2.5571771790186566 3.413859068022834 -4.2714659423828127 0.66094595429408187 3.0436670928165834 -0.80947180864329449 0.68604545275370288 0.52104994591739451 6.3556885903531857 -2.8914839029312134 -1.4416635201165553 0.38711537736320695 -1.240505482079417 0.53072870572408037
leaf_weight=4781 24 25 23 33 38 20 32 39 20 32 39 22 20 40 28 20 26 34 25 24 29 24 29 36 20 67 33 23 84 43 23 31 103 527 23 20 22 20 20 72 58 220 29 26 25 20 80 23 75 36 25 669 29 2052 30 180 22 24 76 708 1688 24
leaf_count=4781 24 25 23 33 38 20 32 39 20 32 39 22 20 40 28 20 26 34 25 24 29 24 29 36 20 67 33 23 84 43 23 31 103 527 23 20 22 20 20 72 58 220 29 26 25 20 80 23 75 36 25 669 29 2052 30 180 22 24 76 708 1688 24
internal_value=-0.0168896 5.21889 4.15651 6.47218 3.11536 5.50369 4.68841 3.5588 3.54007 5.19549 7.00022 3.84481 8.38176 -0.544593 4.00205 3.20688 2.23467 2.97354 2.30678 3.07013 7.23956 10.854 -1.62892 9.55657 -0.918984 -0.667822 8.06792 9.65602 0.137103 0.633058 1.99067 3.99264 8.61137 -0.753613 9.21384 9.82054 8.8784 0.419611 9.22798 -0.0818621 2.43301 -0.105027 2.43875 2.84969 1.92637 1.41488 2.51319 0.249095 -0.958159 0.485843 0.342234 0.504917 0.61982 -0.824173 2.87762 -0.410038 3.88911 -0.875745 0.0836228 0.233199 -1.00401 -1.20608
internal_weight=12713 1164 935 290 645 257 234 607 202 153 121 82 42 11549 568 456 380 354 320 295 112 53 49 229 40 10455 76 56 1007 1094 251 59 193 9448 168 145 125 999 44 923 78 927 228 199 173 149 105 921 151 770 734 709 76 8521 95 707 65 47 851 775 3740 44
internal_count=12713 1164 935 290 645 257 234 607 202 153 121 82 42 11549 568 456 380 354 320 295 112 53 49 229 40 10455 76 56 1007 1094 251 59 193 9448 168 145 125 999 44 923 78 927 228 199 173 149 105 921 151 770 734 709 76 8521 95 707 65 47 851 775 3740 44
is_linear=0
shrinkage=0.05


Tree=64
num_leaves=63
num_cat=0
split_feature=25 36 7 2 22 23 34 36 31 32 34 7 33 31 31 32 36 2 13 31 31 11 32 5 33 32 33 31 33 31 33 32 33 38 33 36 34 34 24 23 31 32 32 31 29 34 34 21 32 29 21 28 34 33 33 33 32 31 34 12 32 32
split_gain=901994 459425 389093 501978 411981 370536 425233 312832 227204 215729 206688 197112 187447 323829 229445 285684 222733 160696 195414 162412 168076 151024 150969 145349 293698 236722 224688 224026 186090 325111 254006 627656 199563 196634 194807 162655 157718 227662 145027 173161 144488 189574 139715 128803 127517 169180 625180 167264 139123 121462 120568 148961 144469 118353 459000 271041 178522 176536 129796 116905 115663 210755
threshold=1.0000000180025095e-35 211.74500000000003 1.0000000180025095e-35 1.0000000180025095e-35 1.0000000180025095e-35 1.0000000180025095e-35 449.15000000000003 216.95833333333334 68.450000000000017 389.15000000000003 164.90000000000003 1.0000000180025095e-35 350.85000000000008 126.95000000000002 430.25000000000006 134.05000000000004 274.85833333333341 1.0000000180025095e-35 1.0000000180025095e-35 182.85000000000005 195.05000000000004 1.0000000180025095e-35 206.25000000000003 1.0000000180025095e-35 460.75000000000006 184.85000000000005 442.60000000000008 139.15000000000001 439.50000000000006 372.25000000000006 397.45000000000005 148.95000000000002 405.35000000000008 1.0000000180025095e-35 425.80000000000007 325.81666666666672 420.7000000000001 462.30000000000001 1.0000000180025095e-35 1.0000000180025095e-35 279.05000000000007 313.35000000000008 338.25000000000006 89.950000000000017 1.0000000180025095e-35 274.90000000000003 295.25000000000006 1.0000000180025095e-35 316.55000000000007 1.0000000180025095e-35 1.0000000180025095e-35 1.0000000180025095e-35 67.40000000000002 235.25000000000003 276.2000000000001 82.40000000000002 382.00000000000006 124.45000000000002 85.250000000000014 1.0000000180025095e-35 469.55000000000007 385.45000000000005
decision_type=2 2 2 2 2 2 2 2 2 2 2 2 2 2 2 2 2 2 2 2 2 2 2 2 2 2 2 2 2 2 2 2 2 2 2 2 2 2 2 2 2 2 2 2 2 2 2 2 2 2 2 2 2 2 2 2 2 2 2 2 2 2
left_child=2 22 17 4 8 6 7 -3 -4 -7 -5 53 49 -14 15 -15 -17 21 19 50 -21 23 -2 24 28 -26 -25 -27 30 33 36 -32 -33 -30 -34 -28 44 -38 39 59 -29 -42 -18 -24 45 60 -47 48 -48 -10 51 52 -19 55 -55 57 58 -9 -57 -22 61 -1
right_child=1 5 3 10 -6 9 -8 11 12 -11 -12 -13 13 14 -16 16 42 18 -20 20 38 -23 43 26 25 27 35 40 29 -31 31 32 34 -35 -36 -37 37 -39 -40 -41 41 -43 -44 -45 -46 46 47 -49 -50 -51 -52 -53 -54 54 -56 56 -58 -59 -60 -61 -62 -63
leaf_value=-0.22788450228179818 -0.91897977815917986 6.8705258941650387 -3.2069675407911604 2.8371194161360083 -6.046792811900378 3.526399701833725 7.4435229714711513 -3.3453972952706472 0.61280179861328898 9.5055755078792572 8.1867264885902404 3.8297463938593865 8.1353662127540218 -4.6709437500346791 5.803251332044602 5.668039951324463 3.0739912702923728 -1.1007262528306101 -1.9652574595916701 5.3940180074778343 1.0541642844464869 -0.92424896268812862 4.3676065939444078 -0.67323113293117132 -1.3610313673277159 7.5327610542376835 -1.3018581910566851 -0.58043726794421679 -6.3699234238692695 2.4597955470070403 7.9023319356369264 4.1239048551630093 -2.4011060017035972 -0.53475332883271309 1.7471568113078879 -7.3819085532968707 -5.187083347638449 0.0058601801810057273 -1.5583478292875124 4.0282079033229667 7.3304111276354114 1.0459396074925151 -2.208057220905058 0.23996882362971231 -0.86236721749235068 9.7599511712789546 0.3097829393438391 -1.5665209781555902 5.4051176447243918 -1.7262700578570369 1.5211838964688578 -5.0328263072740462 3.2142674164338545 8.5623811048010126 1.0836930813287435 -2.7631513841011945 -5.4499054124722122 1.3834172239163665 1.6057955075712766 -1.6379358884963122 -1.4441875373436648 0.87350226507541984
leaf_weight=5726 243 25 38 65 24 48 30 21 740 22 25 64 21 22 24 25 21 164 83 21 483 901 27 811 37 24 22 32 42 24 33 27 67 22 49 22 39 46 57 46 21 28 31 63 679 20 37 63 21 60 59 21 22 23 190 34 26 328 34 44 176 470
leaf_count=5726 243 25 38 65 24 48 30 21 740 22 25 64 21 22 24 25 21 164 83 21 483 901 27 811 37 24 22 32 42 24 33 27 67 22 49 22 39 46 57 46 21 28 31 63 679 20 37 63 21 60 59 21 22 23 190 34 26 328 34 44 176 470
internal_value=-0.0160451 1.30186 -0.150635 0.74558 0.425521 1.92173 1.60706 1.37203 0.583704 5.40557 4.32312 1.18111 0.736295 2.39698 1.41725 0.353983 1.78968 -0.244729 0.357977 0.568259 0.993607 -0.308582 -0.271077 -0.243612 -0.174791 2.07802 -0.862027 3.28988 -0.217213 -2.50303 -0.190223 1.6867 0.252322 -4.36408 -0.648823 -4.34188 -0.235618 -2.37678 0.846927 1.08619 2.03273 3.73928 -0.0749223 1.47826 -0.210312 -0.142334 1.57076 0.217179 2.15465 0.437371 -0.472725 -1.04104 -0.590351 0.922708 1.89125 0.45702 -1.92604 1.09888 -0.578678 0.829397 -0.180241 -0.144338
internal_weight=12713 1178 11535 1096 1006 845 775 745 982 70 90 720 944 144 123 99 77 10439 1000 917 651 9439 333 8538 7683 142 855 105 7541 88 7453 176 143 64 116 44 7277 85 630 573 81 49 52 90 7192 6513 141 121 58 800 266 207 186 656 213 443 94 349 68 527 6372 6196
internal_count=12713 1178 11535 1096 1006 845 775 745 982 70 90 720 944 144 123 99 77 10439 1000 917 651 9439 333 8538 7683 142 855 105 7541 88 7453 176 143 64 116 44 7277 85 630 573 81 49 52 90 7192 6513 141 121 58 800 266 207 186 656 213 443 94 349 68 527 6372 6196
is_linear=0
shrinkage=0.05


Tree=65
num_leaves=63
num_cat=0
split_feature=9 7 32 36 25 34 25 36 31 33 31 31 34 32 32 35 31 35 32 40 32 31 31 35 36 36 36 40 31 23 31 32 35 31 35 32 36 7 40 36 35 7 7 35 32 32 33 31 40 31 32 35 36 32 33 31 31 36 31 36 36 34
split_gain=1.43231e+07 1.29511e+06 1.17377e+06 1.16285e+06 1.19571e+06 921103 627572 507475 702246 949667 534417 915338 656062 525888 514755 1.1016e+06 1.29758e+06 603277 474598 851938 763952 918139 1.10074e+06 436253 329631 298857 606934 338515 305648 236467 234119 451489 679852 427159 238060 259098 231245 193038 162733 160350 156670 138889 132402 125878 151062 149912 103283 126832 127615 151505 152563 311501 132357 105661 208111 106196 114596 101447 101187 127506 103562 99920.7
threshold=1.0000000180025095e-35 1.0000000180025095e-35 374.50000000000006 327.25000000000006 1.0000000180025095e-35 198.05000000000004 1.0000000180025095e-35 316.95000000000005 445.15000000000003 192.65000000000001 353.50000000000006 314.35000000000008 57.850000000000009 180.15000000000001 193.95000000000002 1018.5500000000001 179.05000000000004 906.45000000000005 397.75000000000006 5.5000000000000009 360.55000000000007 137.35000000000005 86.450000000000017 675.1500000000002 261.0750000000001 342.55000000000007 354.05000000000007 1.5000000000000002 416.15000000000003 1.0000000180025095e-35 154.35000000000005 95.850000000000009 310.55000000000007 221.95000000000002 531.55000000000007 71.300000000000026 373.83333333333337 1.0000000180025095e-35 4.5000000000000009 192.87500000000003 486.05000000000007 1.0000000180025095e-35 1.0000000180025095e-35 1377.7500000000002 464.15000000000003 448.55000000000007 467.05000000000007 323.85000000000008 4.5000000000000009 388.75000000000006 53.150000000000013 727.25000000000011 259.93333333333334 124.75000000000001 338.05000000000007 93.350000000000009 112.55000000000001 316.95000000000005 432.95000000000005 271.56250000000006 356.22500000000008 104.20000000000002
decision_type=2 2 2 2 2 2 2 2 2 2 2 2 2 2 2 2 2 2 2 2 2 2 2 2 2 2 2 2 2 2 2 2 2 2 2 2 2 2 2 2 2 2 2 2 2 2 2 2 2 2 2 2 2 2 2 2 2 2 2 2 2 2
left_child=6 3 5 7 23 -3 29 8 10 -10 11 14 13 -12 17 18 -17 30 20 -20 21 22 -16 40 38 -25 -27 -28 36 42 34 32 39 -33 35 -2 -29 -31 -23 -32 -5 43 -1 44 45 46 47 53 -49 52 -51 -52 -50 54 -8 -55 -57 61 -44 -60 -61 -43
right_child=1 2 -4 4 -6 -7 41 -9 9 -11 12 -13 -14 -15 15 16 -18 -19 19 -21 -22 24 -24 25 -26 26 27 28 -30 37 31 33 -34 -35 -36 -37 -38 -39 -40 -41 -42 57 58 -45 -46 -47 -48 48 49 50 51 -53 -54 55 -56 56 -58 -59 59 60 -62 -63
leaf_value=-0.75405857760367923 0.62654862336709471 3.3922747920199137 20.938297924269804 8.3519893397455629 19.45277231216431 16.480537939071656 -0.34628899429299409 -2.3677733344416465 18.321603937149046 3.0978063674200151 8.3165442572699657 11.914067227131612 -5.4571526527404792 -2.2332953680129282 5.5090588705880306 21.498846292495728 5.5999109138141989 -5.5579913139343269 -4.8554729844133062 7.1593565521240237 12.173795080184938 5.7630369581495016 -10.679851395743235 10.10875413968013 2.0166153088212013 -3.558347597576323 10.967795391877493 5.440854827217434 7.5643459135293973 -0.10895818178166342 1.0673719075733217 6.3048354602995378 13.766274178546409 -2.6682382583618165 -3.3119318225167014 5.7869551518478914 -1.3254029508147922 2.271640337084202 10.619926548004152 5.6080582376253814 13.197591452165083 2.8486293374167548 -0.33414837439029049 -2.3244380969267624 3.5430110849985263 -3.2292132483588327 3.1759779718187122 2.2412156433429362 5.4900689442952482 1.9713238658327044 -7.4471737480163576 -0.14245538005122432 0.49525332223210072 2.4254222016180718 -5.4612022681669758 -2.7832290474573771 0.49756952897977025 5.2032030754089362 4.847744711637497 -1.1660735912322999 1.939087489555622 -1.2025544184705486
leaf_weight=8654 71 41 23 69 20 20 207 31 20 21 27 37 33 21 21 21 33 22 36 25 32 35 21 26 32 21 24 23 40 905 29 21 23 36 22 37 28 94 34 59 22 45 795 39 41 27 36 159 21 33 20 54 36 62 22 30 236 25 20 50 58 23
leaf_count=8654 71 41 23 69 20 20 207 31 20 21 27 37 33 21 21 21 33 22 36 25 32 35 21 26 32 21 24 23 40 905 29 21 23 36 22 37 28 94 34 59 22 45 795 39 41 27 36 159 21 33 20 54 36 62 22 30 236 25 20 50 58 23
internal_value=0.0271527 5.33395 11.3128 4.86589 7.68359 7.68351 -0.497989 3.90435 4.15719 10.524 3.79862 4.27795 -0.0301055 3.70099 3.81477 5.34052 11.7828 2.43207 3.86643 0.0686375 5.19023 3.62747 -2.5854 6.75322 6.21104 5.19711 4.25812 5.68547 4.29233 -0.616984 3.02194 4.25475 6.11219 0.637631 1.42877 2.39447 1.72605 0.115042 8.15629 4.1117 9.52345 0.629691 -0.693344 0.461511 0.57193 0.442752 0.550987 0.443601 1.23186 0.253282 -0.85591 -2.1167 2.33545 -0.0135055 -0.837678 0.561908 0.127555 2.47967 -0.124084 1.18061 0.501513 1.47838
internal_weight=12849 1157 84 1073 273 61 11692 800 769 41 728 647 81 48 610 290 54 320 236 61 175 143 42 253 101 162 136 115 91 10576 298 168 111 57 130 108 51 999 69 88 91 1116 9577 1023 984 943 916 880 323 164 107 74 57 557 229 328 266 93 923 128 108 68
internal_count=12849 1157 84 1073 273 61 11692 800 769 41 728 647 81 48 610 290 54 320 236 61 175 143 42 253 101 162 136 115 91 10576 298 168 111 57 130 108 51 999 69 88 91 1116 9577 1023 984 943 916 880 323 164 107 74 57 557 229 328 266 93 923 128 108 68
is_linear=0
shrinkage=0.05


Tree=66
num_leaves=63
num_cat=0
split_feature=9 7 32 36 25 34 25 36 31 33 31 31 34 33 32 10 35 36 35 35 36 40 35 32 36 31 32 35 31 40 2 32 2 32 36 36 32 36 32 32 35 32 7 36 7 21 31 31 12 7 33 32 32 35 35 31 31 31 31 35 32 40
split_gain=1.29266e+07 1.16884e+06 1.05933e+06 1.04947e+06 1.07912e+06 831295 566384 457996 633777 857075 482311 826092 592096 500613 464566 1.26181e+06 834122 755950 544457 401236 380420 378913 826147 972562 721044 442989 284857 324469 496202 501193 260669 246911 238339 226463 221648 214701 249500 456454 452116 445029 780326 204541 134648 134159 133223 131710 188802 191549 175477 162039 191080 243041 132602 130648 127937 208635 213124 142443 112841 110678 80021.3 81753.6
threshold=1.0000000180025095e-35 1.0000000180025095e-35 374.50000000000006 327.25000000000006 1.0000000180025095e-35 198.05000000000004 1.0000000180025095e-35 316.95000000000005 445.15000000000003 192.65000000000001 353.50000000000006 314.35000000000008 57.850000000000009 159.30000000000004 193.95000000000002 1.0000000180025095e-35 1018.5500000000001 278.37500000000006 906.45000000000005 1377.7500000000002 168.58333333333334 3.5000000000000004 886.1500000000002 385.45000000000005 247.31666666666669 256.05000000000007 311.50000000000006 741.95000000000016 352.05000000000007 4.5000000000000009 1.0000000180025095e-35 329.05000000000007 1.0000000180025095e-35 178.55000000000004 366.27500000000003 231.85000000000005 140.45000000000002 169.91666666666671 124.75000000000001 95.850000000000009 356.40000000000003 51.95000000000001 1.0000000180025095e-35 463.42500000000007 1.0000000180025095e-35 1.0000000180025095e-35 472.45000000000005 216.75000000000003 1.0000000180025095e-35 1.0000000180025095e-35 307.90000000000003 309.95000000000005 387.35000000000008 476.45000000000005 1257.3500000000001 414.05000000000007 240.15000000000001 312.35000000000008 330.95000000000005 574.1500000000002 206.25000000000003 5.5000000000000009
decision_type=2 2 2 2 2 2 2 2 2 2 2 2 2 2 2 2 2 2 2 2 2 2 2 2 2 2 2 2 2 2 2 2 2 2 2 2 2 2 2 2 2 2 2 2 2 2 2 2 2 2 2 2 2 2 2 2 2 2 2 2 2 2
left_child=6 3 5 7 19 -3 30 8 10 -10 11 14 13 -12 18 16 20 -18 35 26 -16 24 23 25 -22 31 33 -28 -29 -30 42 -23 43 34 -5 36 38 -38 39 40 41 -2 59 45 -32 46 47 48 49 50 51 53 -53 -8 55 56 60 -58 -44 -1 -47 -62
right_child=1 2 -4 4 -6 -7 32 -9 9 -11 12 -13 -14 -15 15 -17 17 -19 -20 -21 21 22 -24 -25 -26 -27 27 28 29 -31 44 -33 -34 -35 -36 -37 37 -39 -40 -41 -42 -43 58 -45 -46 54 -48 -49 -50 -51 -52 52 -54 -55 -56 -57 57 -59 -60 -61 61 -63
leaf_value=-0.59963559170854464 2.4053214100777236 3.2226611044348745 19.891382826929508 3.037779874801636 18.480133647918702 15.656511306762695 -0.60570688348641433 -2.249384404766944 17.405523781776431 2.9429161707560225 -0.79961210659572057 11.318363926861737 -5.1842950878721297 9.5577129459381105 11.141147379441696 -4.4596772224672376 18.19867267227173 5.1568679594993592 -5.2800919185985222 0.11890839286472486 5.302079299968832 4.5151933754191687 -3.7601128578186036 14.06807043287489 -6.3149269190701576 10.029300961287127 9.9868137524045757 -1.3574067687988283 1.5219624102115632 10.555331600413604 -0.0015723842015273066 -2.1925212860107424 3.1269514700701073 12.971188152753392 9.0794379340277782 5.6304709417778156 3.6689472758769988 -6.0911711070848549 10.137901721298697 -4.4461978522214025 10.868399471706816 -3.0089896202087405 -0.51490026991623661 4.1629006510195525 2.0141264404190911 1.0645840504895085 -3.7095179126118172 0.79052202051513587 3.2381899456183114 3.0994050604104997 -5.3917531736965838 -6.6947954177856452 -1.8103041605515913 3.7183979558944702 -2.3607649996167139 6.2248205433721129 -3.0021050202219115 1.2726936140656473 0.62907470590120884 -0.9773037474761983 5.3434039655658943 1.5760008076826733
leaf_weight=5699 103 41 23 20 20 20 138 31 20 21 28 37 33 20 22 31 25 20 22 23 34 34 20 36 22 23 29 30 28 34 919 23 86 26 63 57 25 23 20 22 27 21 586 23 90 46 33 458 24 20 29 24 33 20 21 23 38 40 341 2941 36 24
leaf_count=5699 103 41 23 20 20 20 138 31 20 21 28 37 33 20 22 31 25 20 22 23 34 34 20 36 22 23 29 30 28 34 919 23 86 26 63 57 25 23 20 22 27 21 586 23 90 46 33 458 24 20 29 24 33 20 21 23 38 40 341 2941 36 24
internal_value=0.0257951 5.06725 10.7472 4.6226 7.29941 7.29933 -0.47309 3.70913 3.94933 9.99785 3.60869 4.06405 -0.0286002 3.51594 3.62404 5.07349 6.21453 12.4023 2.31047 6.41556 4.91336 4.19976 5.62508 7.24322 0.738255 4.17203 7.04523 5.37514 3.92146 6.47575 -0.586135 1.80857 0.598207 8.89918 7.62362 2.87084 2.21815 -1.00778 3.02045 2.19763 3.1656 1.48838 -0.666749 0.387069 0.178222 0.300828 -0.00853133 0.155185 -0.855177 -1.2273 -1.58195 -1.06807 -3.86693 -0.0583518 1.35781 1.73505 1.17383 -0.809901 -0.0940853 -0.728191 2.63356 3.83644
internal_weight=12849 1157 84 1073 273 61 11692 800 769 41 728 647 81 48 610 290 259 45 320 253 214 192 136 116 56 80 230 121 92 62 10576 57 1116 109 83 298 241 48 193 173 151 124 9567 1030 1009 1007 779 746 288 264 244 215 57 158 228 207 184 78 927 8640 106 60
internal_count=12849 1157 84 1073 273 61 11692 800 769 41 728 647 81 48 610 290 259 45 320 253 214 192 136 116 56 80 230 121 92 62 10576 57 1116 109 83 298 241 48 193 173 151 124 9567 1030 1009 1007 779 746 288 264 244 215 57 158 228 207 184 78 927 8640 106 60
is_linear=0
shrinkage=0.05


Tree=67
num_leaves=63
num_cat=0
split_feature=39 11 36 24 33 33 32 33 36 31 36 34 32 35 33 32 32 33 36 33 34 34 34 35 35 35 18 34 34 36 23 31 40 32 40 35 35 40 2 33 2 31 36 32 34 35 31 31 34 7 34 33 31 33 31 31 33 33 35 32 32 32
split_gain=493748 337013 462173 544938 343416 557007 577418 283870 275805 481831 312134 418168 316636 295830 248506 227461 209855 187862 162733 158088 152350 412656 149583 277194 148815 278540 161429 167930 270118 198980 182922 157880 230359 282994 150747 148716 145326 144168 142740 138712 134737 330634 176934 132813 192195 130280 127235 155098 153908 121241 118138 115288 109039 107565 104716 108637 103779 829914 370950 313261 181729 402490
threshold=1.0000000180025095e-35 1.0000000180025095e-35 212.8666666666667 1.0000000180025095e-35 109.55000000000001 136.45000000000002 385.45000000000005 320.95000000000005 249.31250000000003 425.05000000000007 237.37750000000003 218.95000000000002 417.95000000000005 960.80000000000007 249.05000000000004 482.55000000000007 492.35000000000008 163.20000000000002 347.55833333333339 492.35000000000008 468.70000000000005 484.85000000000008 420.7000000000001 1257.3500000000001 1327.2000000000003 1186.7000000000003 1.0000000180025095e-35 215.20000000000002 81.350000000000009 258.81250000000006 1.0000000180025095e-35 471.05000000000007 3.5000000000000004 379.75000000000006 3.5000000000000004 711.55000000000007 849.65000000000009 4.5000000000000009 1.0000000180025095e-35 427.75000000000006 1.0000000180025095e-35 373.85000000000008 238.35416666666671 307.30000000000001 136.55000000000004 1089.1000000000001 193.35000000000005 323.85000000000008 74.750000000000014 1.0000000180025095e-35 115.55000000000001 283.25000000000006 448.05000000000007 341.15000000000003 124.45000000000002 300.55000000000007 407.25000000000006 397.45000000000005 960.80000000000007 120.85000000000001 436.85000000000008 409.15000000000003
decision_type=2 2 2 2 2 2 2 2 2 2 2 2 2 2 2 2 2 2 2 2 2 2 2 2 2 2 2 2 2 2 2 2 2 2 2 2 2 2 2 2 2 2 2 2 2 2 2 2 2 2 2 2 2 2 2 2 2 2 2 2 2 2
left_child=20 2 7 4 16 6 -6 14 9 10 12 13 39 -12 52 40 18 -10 45 24 22 -22 56 -24 25 26 27 28 29 -19 36 32 -26 -34 -32 -9 -31 -5 51 54 42 -42 43 -3 -45 -4 -39 -48 -49 50 -27 -16 -2 -52 -7 -56 57 -1 -59 -58 61 -61
right_child=1 15 3 37 5 8 -8 35 17 -11 11 -13 -14 -15 38 -17 -18 19 -20 -21 21 -23 23 -25 31 49 -28 -29 -30 30 34 -33 33 -35 -36 -37 -38 46 -40 -41 41 -43 -44 44 -46 -47 47 48 -50 -51 53 -53 -54 -55 55 -57 59 58 -60 60 -62 -63
leaf_value=-0.22119564490152277 -0.24262571804368549 -0.24626159049199126 0.28575701553743388 -0.066923675385483536 2.5067448988057941 -3.7730698867277668 13.630250860303642 -6.2543947372436524 -3.3850056973370641 10.144014919887891 5.850704716233647 10.7402052749287 6.820724603235722 -1.0894413925175157 -1.011071401834488 4.0926109467233927 5.6512340136936743 -2.7723659845441584 1.3083336192759729 -2.4557554024237174 6.9598175835609446 -2.6759320425987245 -5.8729551134913258 0.43012665030924052 0.90523556371529912 0.20014849581888747 -0.72040914181740057 -0.52054273230688908 7.6660669658495042 -1.3163801649378408 1.1417744665234177 -1.0090084227648648 9.0917967328801748 2.7644020299578824 5.6072060475687664 -1.6164304090397701 2.1668947466303794 -5.8986905388210138 6.2705742868510157 3.7447096835999263 -0.43003303161982837 6.8920361745925183 -1.1831371896649678 0.34718826449647244 5.8876381459443472 -3.797640963792801 0.61006853491067892 -0.82839964495764851 -6.1670813242594402 0.79536691612253596 -1.3672033196403868 4.0617853641510013 3.4850775718688967 -6.3166713901188061 1.6742714914869756 -2.0360593557357789 -4.9666077072090573 11.307644426822662 1.8990248250961306 -0.28127853267153008 2.2936769332204547 -6.6779910905020579
leaf_weight=7349 1025 341 837 114 28 22 20 25 22 22 34 22 20 28 24 28 21 20 525 27 25 20 33 37 48 28 62 56 23 36 27 22 30 43 63 56 178 23 22 21 58 21 591 49 23 20 40 27 27 54 21 21 20 23 47 34 45 22 20 202 49 28
leaf_count=7349 1025 341 837 114 28 22 20 25 22 22 34 22 20 28 24 28 21 20 525 27 25 20 33 37 48 28 62 56 23 36 27 22 30 43 63 56 178 23 22 21 58 21 591 49 23 20 40 27 27 54 21 21 20 23 47 34 45 22 20 202 49 28
internal_value=0.0245053 0.411638 0.630095 0.990532 1.20655 1.87631 7.14154 -0.190181 1.63165 3.07753 2.39568 4.81791 0.982712 2.71645 0.0179808 -0.356793 0.690504 1.17001 0.615124 1.30169 -0.223645 2.67726 -0.240414 -2.54133 1.43991 1.0897 1.65474 2.02015 2.43018 2.05849 2.37631 2.88725 3.59566 5.3647 4.26758 -3.0479 1.58092 -1.33236 2.96992 0.0410976 -0.471829 1.51634 -0.628268 0.165745 2.11705 0.190462 -2.56534 -1.74974 -3.49774 -0.995561 -2.33876 1.35626 -0.171282 -3.95443 -0.714008 0.116849 -0.219537 -0.181142 6.82735 -1.0954 -0.47101 -1.06001
internal_weight=12849 5019 3908 2715 2484 1081 48 1193 1033 250 228 84 144 62 1112 1111 1403 783 1382 761 7830 45 7785 70 734 591 465 403 347 324 304 143 121 73 90 81 214 231 67 124 1083 79 1004 413 72 857 117 94 54 126 72 45 1045 44 103 81 7715 7391 42 324 279 230
internal_count=12849 5019 3908 2715 2484 1081 48 1193 1033 250 228 84 144 62 1112 1111 1403 783 1382 761 7830 45 7785 70 734 591 465 403 347 324 304 143 121 73 90 81 214 231 67 124 1083 79 1004 413 72 857 117 94 54 126 72 45 1045 44 103 81 7715 7391 42 324 279 230
is_linear=0
shrinkage=0.05


Tree=68
num_leaves=63
num_cat=0
split_feature=9 7 32 31 35 34 31 35 33 31 33 32 35 39 32 31 31 35 35 35 39 32 32 40 32 32 18 33 37 31 31 32 35 32 32 32 32 40 37 11 31 13 35 22 31 12 31 35 31 33 19 34 32 32 33 32 33 32 32 32 23 35
split_gain=1.16084e+07 1.02098e+06 982412 555062 1.96e+06 976376 1.17875e+06 1.48106e+06 1.15229e+06 1.1068e+06 1.15869e+06 1.08219e+06 932912 737177 607022 572273 424415 1.56913e+06 676864 485404 389900 384593 367417 589225 1.06847e+06 504881 546732 361781 343867 291588 771570 550515 502109 377618 505235 459272 315808 295912 278820 246779 186806 159757 157630 153267 139163 137564 136772 125448 120096 117725 101190 97261.4 93980.9 114591 91848.9 128727 89798.1 89517.3 78227.3 98703.6 73470.6 72498.9
threshold=1.0000000180025095e-35 1.0000000180025095e-35 132.05000000000004 150.75000000000003 1018.5500000000001 57.850000000000009 362.15000000000003 1309.4500000000003 416.50000000000006 454.65000000000003 421.75000000000006 169.65000000000001 886.1500000000002 1.0000000180025095e-35 351.00000000000006 480.75000000000006 84.450000000000017 526.80000000000007 515.45000000000016 401.55000000000007 1.0000000180025095e-35 374.50000000000006 419.85000000000008 3.5000000000000004 457.45000000000005 390.85000000000008 1.0000000180025095e-35 136.45000000000002 2.5000000000000004 431.55000000000007 368.55000000000007 218.05000000000004 428.65000000000009 240.75000000000003 69.750000000000014 161.05000000000004 354.00000000000006 3.5000000000000004 2.5000000000000004 1.0000000180025095e-35 273.45000000000005 1.0000000180025095e-35 425.85000000000008 1.0000000180025095e-35 487.35000000000008 1.0000000180025095e-35 200.55000000000004 337.85000000000002 457.95000000000005 480.90000000000003 1.0000000180025095e-35 167.65000000000003 412.25000000000006 66.050000000000011 324.60000000000008 268.45000000000005 489.35000000000008 419.85000000000008 476.65000000000003 400.15000000000003 1.0000000180025095e-35 419.15000000000003
decision_type=2 2 2 2 2 2 2 2 2 2 2 2 2 2 2 2 2 2 2 2 2 2 2 2 2 2 2 2 2 2 2 2 2 2 2 2 2 2 2 2 2 2 2 2 2 2 2 2 2 2 2 2 2 2 2 2 2 2 2 2 2 2
left_child=20 3 -3 4 12 9 8 13 11 10 22 -7 16 -8 -13 28 17 -2 19 -18 61 -4 25 -24 -25 26 29 -20 -11 30 33 32 -32 34 46 42 38 -37 -35 40 43 44 -36 49 45 52 -5 -48 -43 50 -22 -47 53 -42 55 -55 -51 -16 59 60 -41 -1
right_child=1 2 21 5 -6 6 7 -9 -10 15 -12 14 -14 -15 57 -17 18 -19 27 -21 39 -23 23 24 -26 -27 -28 -29 -30 -31 31 -33 -34 36 35 37 -38 -39 -40 58 41 48 -44 -45 -46 51 47 -49 -50 56 -52 -53 -54 54 -56 -57 -58 -59 -60 -61 -62 -63
leaf_value=-0.52549371369258668 -1.3544636971609934 1.8024808483123778 10.402405399746366 2.0800694999871432 16.347679129890775 17.115258073806764 -15.854341592788698 5.6429246362050378 -5.3129289757121692 11.09833209435145 14.707449607849123 -0.44390070999369907 -9.2691637611389162 -2.975493503570557 10.964108934402468 6.161952232592034 1.3418917845457028 14.861557784447303 -8.2720587094624829 9.7512546365911312 -0.29675809457035018 18.679572511755904 14.985511368796939 12.960039458956039 -2.6391890733138377 -3.4991764795212519 -2.7176015548706056 -0.38978710045685644 19.328236727281052 0.17713725407918296 7.9084232330322273 4.2709518911838531 18.854724797335539 5.9404569123920652 -0.47722055186396067 -0.39070434116181874 1.7701788772236218 7.9071293741464617 12.585763235445377 -0.78926934785124092 1.0838520451381091 -0.46877208477817478 -6.3972049973227767 -3.3603130352802766 2.5240183315920026 -1.9161316383709299 5.0582597356854073 9.4179970914667308 -4.2575947856903076 4.7401092279525034 3.1953236307416644 1.0814535208438574 1.682109697808021 -0.80507657501825514 1.0870280281038576 0.69678931194493965 0.058761200904846191 6.3421946092085406 1.6208306370359482 -2.1165267971024586 0.95820806099818301 -0.84661998042067776
leaf_weight=3548 35 25 36 27 23 22 20 30 22 30 30 34 20 25 20 33 78 26 24 22 1707 23 21 21 23 21 25 37 22 30 20 25 22 38 23 21 22 22 27 806 481 128 22 39 89 94 66 22 25 21 21 38 186 354 181 239 20 22 33 134 65 3483
leaf_count=3548 35 25 36 27 23 22 20 30 22 30 30 34 20 25 20 33 78 26 24 22 1707 23 21 21 23 21 25 37 22 30 20 25 22 38 23 21 22 22 27 806 481 128 22 39 89 94 66 22 25 21 21 38 186 354 181 239 20 22 33 134 65 3483
internal_value=0.0232801 4.80076 10.1093 4.38518 2.39944 5.03645 1.95478 -2.96249 5.02808 6.01675 5.16431 7.34953 1.07378 -8.69943 4.5226 11.3119 2.00558 5.55728 0.659898 3.19195 -0.449483 13.6291 4.58942 8.0947 4.8059 4.06322 4.44868 -3.49101 14.5802 4.91162 5.30948 10.1455 13.6422 4.1922 3.01104 0.159517 6.94824 3.8547 8.70081 -0.0948567 0.0998807 0.458219 -3.37144 -0.259845 0.600547 0.491718 5.19307 6.14819 -1.08786 -0.191491 -0.25432 -1.05319 0.633236 0.477785 0.101147 -0.199771 2.45652 8.54311 -0.774561 -0.853216 -0.658861 -0.684572
internal_weight=12849 1157 84 1073 265 808 195 75 120 613 528 98 242 45 76 85 222 61 161 100 11692 59 498 65 44 433 412 61 52 387 357 67 42 290 203 88 87 43 65 4661 3623 1815 45 1808 1662 1573 115 88 153 1769 1728 132 1441 1255 774 593 41 42 1038 1005 871 7031
internal_count=12849 1157 84 1073 265 808 195 75 120 613 528 98 242 45 76 85 222 61 161 100 11692 59 498 65 44 433 412 61 52 387 357 67 42 290 203 88 87 43 65 4661 3623 1815 45 1808 1662 1573 115 88 153 1769 1728 132 1441 1255 774 593 41 42 1038 1005 871 7031
is_linear=0
shrinkage=0.05


Tree=69
num_leaves=63
num_cat=0
split_feature=9 36 25 32 32 32 33 10 32 36 34 32 34 36 32 36 34 21 40 32 25 36 33 33 36 33 36 33 32 33 36 36 36 36 33 2 2 23 36 5 33 32 36 33 23 32 32 33 32 32 32 21 32 33 36 34 34 34 40 36 40 36
split_gain=1.04766e+07 749130 956302 641643 977503 858622 734851 2.06879e+06 843202 862498 848728 608692 818829 534367 1.2701e+06 560678 519743 749340 609443 511322 461015 439103 489555 890255 1.02442e+06 344791 401263 331180 338676 272157 259450 247813 245674 337440 227272 213756 197404 206679 193640 123912 154692 130698 124746 186900 105364 118266 93306.1 119970 93275.6 88457.5 88017.7 117682 159226 100401 87019.7 85738.4 132720 138564 77021.4 130045 75824.7 72098.2
threshold=1.0000000180025095e-35 327.25000000000006 1.0000000180025095e-35 124.75000000000001 139.05000000000004 113.45000000000002 192.65000000000001 1.0000000180025095e-35 235.55000000000004 230.82500000000005 204.45000000000002 92.350000000000009 121.35000000000001 282.87083333333339 433.35000000000008 303.53750000000008 150.65000000000001 1.0000000180025095e-35 4.5000000000000009 278.85000000000008 1.0000000180025095e-35 306.96250000000003 350.85000000000008 267.40000000000003 272.71250000000003 409.85000000000008 336.08750000000003 245.50000000000003 68.15000000000002 460.75000000000006 364.85833333333341 126.87500000000001 236.23333333333338 196.92000000000004 161.20000000000002 1.0000000180025095e-35 1.0000000180025095e-35 1.0000000180025095e-35 233.04166666666671 1.0000000180025095e-35 472.7000000000001 459.15000000000003 401.08333333333343 431.30000000000001 1.0000000180025095e-35 308.65000000000003 286.45000000000005 191.10000000000002 365.75000000000006 181.85000000000005 436.85000000000008 1.0000000180025095e-35 303.10000000000008 192.65000000000001 158.12500000000003 361.00000000000006 215.20000000000002 64.750000000000014 4.5000000000000009 212.8666666666667 1.5000000000000002 327.25000000000006
decision_type=2 2 2 2 2 2 2 2 2 2 2 2 2 2 2 2 2 2 2 2 2 2 2 2 2 2 2 2 2 2 2 2 2 2 2 2 2 2 2 2 2 2 2 2 2 2 2 2 2 2 2 2 2 2 2 2 2 2 2 2 2 2
left_child=20 3 25 5 -5 11 7 13 10 -10 49 12 27 14 16 -15 17 18 38 -19 36 22 23 -11 -25 26 -3 28 31 -27 34 -2 33 -20 -28 39 44 -38 -6 40 41 42 43 50 45 -1 -32 -48 -41 -8 51 55 54 -54 -53 56 57 58 59 -22 -61 -46
right_child=1 2 -4 4 6 -7 8 -9 9 21 -12 -13 -14 15 -16 -17 -18 19 32 -21 35 -23 -24 24 -26 29 30 -29 -30 -31 46 -33 -34 -35 -36 -37 37 -39 -40 48 -42 -43 -44 -45 61 -47 47 -49 -50 -51 -52 52 53 -55 -56 -57 -58 -59 -60 60 -62 -63
leaf_value=-0.55726217887313367 0.34291829054172224 13.301039050874255 17.044214879898799 13.033502846605638 1.8737721337991602 -6.7298091154832109 -4.1349411834370011 -11.402528012792271 17.701362696560945 13.073130519049508 9.5399867305755617 9.0388786652508895 -5.9867201394048237 -4.9604535179753455 17.072648019790648 4.4039206013535006 -2.736795649161706 16.498692893981936 8.1359385085105895 5.1924757194519051 -0.814505067758444 1.4503907237734115 13.431028792437386 -5.9231772574511439 9.5159539540608726 -2.4418937492370607 5.634283943292572 9.096387747526169 -2.854637917765865 5.8067029666900645 8.5740598902982832 4.5256727699760919 9.4213022023439414 -1.0488322424888612 -0.5755086173181948 2.9342969509058223 -0.060711580658379172 2.7371938869986736 -3.7979011182431819 -0.32138199101794851 4.1483850819723953 2.7410605127161203 2.0488858431928301 -3.9065232260473843 -0.34074198433984049 -1.0090279773832793 4.7411503629864384 9.2067001342773445 -4.1459477882385256 0.13618223578841598 -2.2304358349906077 2.5823718295494715 5.5321171176049022 1.361605539145293 -0.61634190482636031 -2.6847264207642656 3.9095632412216883 -3.4764790637152538 -0.46501947957948736 0.51809143483638764 2.7446956131702818 0.69073441836298055
leaf_weight=6798 52 21 21 34 34 26 22 24 22 28 25 34 29 31 20 33 26 20 20 20 82 28 34 22 21 20 41 20 27 20 68 111 32 20 23 86 938 71 27 44 28 55 85 29 705 1841 53 21 25 27 36 30 31 27 73 29 22 28 253 75 78 223
leaf_count=6798 52 21 21 34 34 26 22 24 22 28 25 34 29 31 20 33 26 20 20 20 82 28 34 22 21 20 41 20 27 20 68 111 32 20 23 86 938 71 27 44 28 55 85 29 705 1841 53 21 25 27 36 30 31 27 73 29 22 28 253 75 78 223
internal_value=0.0221161 4.56072 6.77074 3.82829 4.81231 1.95239 4.29082 2.69187 6.4344 8.53077 2.04335 2.77927 1.88878 3.88715 5.06168 -0.131948 3.85455 4.84516 3.04052 10.8456 -0.427009 7.01382 8.49741 6.13483 1.61686 5.96271 6.71695 2.97635 2.33214 1.6824 6.04576 3.1913 6.15589 3.54355 3.40264 0.539513 -0.528998 0.136168 -0.636641 0.33956 0.48651 0.376615 0.2285 0.033377 -0.599151 -0.653535 7.23703 6.0084 -1.70709 -1.78147 0.182928 0.30227 1.49526 3.59067 0.315322 -0.0364803 0.106269 -0.0558869 0.140377 0.792143 1.65322 -0.0928764
internal_weight=12849 1157 288 869 570 299 536 307 229 155 74 273 239 283 219 64 199 173 133 40 11692 133 105 71 43 267 227 210 190 40 206 163 72 40 64 1116 10576 1009 61 1030 961 933 878 793 9567 8639 142 74 69 49 764 728 161 58 103 567 538 516 488 235 153 928
internal_count=12849 1157 288 869 570 299 536 307 229 155 74 273 239 283 219 64 199 173 133 40 11692 133 105 71 43 267 227 210 190 40 206 163 72 40 64 1116 10576 1009 61 1030 961 933 878 793 9567 8639 142 74 69 49 764 728 161 58 103 567 538 516 488 235 153 928
is_linear=0
shrinkage=0.05


Tree=70
num_leaves=63
num_cat=0
split_feature=9 5 23 31 31 31 33 31 21 39 31 33 31 33 31 37 31 31 25 33 31 31 31 33 34 31 31 39 37 31 23 7 31 31 2 7 31 34 37 31 31 6 31 37 34 7 34 33 33 33 37 34 31 31 31 31 31 31 33 33 31 31
split_gain=8.47978e+06 1.25686e+06 1.17036e+06 844133 733887 721683 528480 604153 432029 678275 621628 588634 408504 718299 389982 378347 372171 405342 312984 278788 241289 236152 284321 240198 581515 1.23833e+06 454564 306799 220984 194530 190039 157051 155014 157159 133535 140953 129096 101207 95047 217250 90403.4 81499.5 79187.9 92757.3 107494 73546.5 71970.9 76516.5 73577.3 103534 91050 71770.4 71490 69897.4 90653.2 92297.9 70114.5 76567.4 112197 68908.1 67922.3 64625
threshold=1.0000000180025095e-35 1.0000000180025095e-35 1.0000000180025095e-35 152.45000000000002 377.55000000000007 158.40000000000003 121.65000000000002 118.05000000000001 1.0000000180025095e-35 1.0000000180025095e-35 300.55000000000007 175.00000000000003 477.45000000000005 451.40000000000003 254.15000000000001 3.5000000000000004 98.550000000000011 124.45000000000002 1.0000000180025095e-35 269.35000000000008 73.050000000000011 453.05000000000007 431.55000000000007 1.0000000180025095e-35 194.40000000000003 257.85000000000008 343.35000000000008 1.0000000180025095e-35 1.5000000000000002 488.85000000000008 1.0000000180025095e-35 1.0000000180025095e-35 357.15000000000003 410.65000000000003 1.0000000180025095e-35 1.0000000180025095e-35 325.15000000000003 157.80000000000004 1.5000000000000002 249.25000000000003 284.05000000000007 1.0000000180025095e-35 142.15000000000001 3.5000000000000004 199.85000000000005 1.0000000180025095e-35 67.40000000000002 396.05000000000007 1.0000000180025095e-35 116.95000000000002 2.5000000000000004 104.20000000000002 208.05000000000004 472.45000000000005 453.05000000000007 445.15000000000003 432.95000000000005 395.65000000000003 148.65000000000001 460.75000000000006 73.050000000000011 171.55000000000004
decision_type=2 2 2 2 2 2 2 2 2 2 2 2 2 2 2 2 2 2 2 2 2 2 2 2 2 2 2 2 2 2 2 2 2 2 2 2 2 2 2 2 2 2 2 2 2 2 2 2 2 2 2 2 2 2 2 2 2 2 2 2 2 2
left_child=18 2 3 6 15 -3 16 20 12 10 14 -12 13 21 -10 -4 28 -18 30 -7 -8 22 23 32 26 -26 27 -25 -2 34 45 -32 36 -34 35 41 38 61 -5 -40 -41 42 43 -20 -45 -1 47 48 50 -50 52 -37 -47 54 55 56 57 -44 -59 -49 -30 -36
right_child=1 5 4 8 -6 19 7 -9 9 -11 11 -13 -14 -15 -16 -17 17 -19 29 -21 -22 -23 -24 24 25 -27 -28 -29 60 -31 31 -33 33 -35 37 51 -38 -39 39 40 -42 -43 53 44 -46 46 -48 59 49 -51 -52 -53 -54 -55 -56 -57 -58 58 -60 -61 -62 -63
leaf_value=-0.62715388979878806 0.4438378480764536 -10.191306147575379 17.442112873340474 3.8556214228920318 2.8683933206226517 3.5587624152501429 3.3035604823719376 -1.3634724452577789 4.5444874461104225 12.824085536897185 13.722195976011216 3.8975649388631184 -0.32068827735053174 13.283566367107889 -3.9717943015694619 9.2172590326379851 5.7872460120433082 -1.2090873890734735 -1.5685648716899545 -3.3982924938201906 9.9158665808471476 8.1026860907271097 -0.59617435336112978 5.5995159836702575 -2.5378562593460083 13.42013153260754 -4.3153451740741735 -0.65689618719948673 -3.4169266879558564 5.1406892685663133 -0.060789927173360826 2.0941985399492324 8.433005940286737 3.6097562233606975 0.98288855150341981 3.1665274915871802 1.5033910751342774 -0.38264865875244142 9.1058623764250015 1.3926461505889893 5.8640055881096771 -1.6653603619092132 0.50918315246270474 3.5889505819840863 -0.98096588811566754 -0.80861090130863644 -1.0840002640388733 3.581862472636359 -3.0963152090708417 -0.31055566619299813 2.9602636847002755 0.04710924667971475 0.4957282670870698 -2.3725134316993794 2.6224490404129028 -3.0690024328231811 3.0911126530688744 0.2109877645969391 -3.8672120149318987 -0.260794415473938 -7.5376758480072032 4.4638649189472197
leaf_weight=8670 26 20 29 92 23 36 22 29 41 40 31 30 45 23 20 27 37 47 129 24 37 37 32 43 20 31 32 36 20 21 930 93 57 24 20 54 32 27 36 20 26 73 467 22 31 155 172 28 42 162 29 28 326 23 44 20 23 48 26 20 20 40
leaf_count=8670 26 20 29 92 23 36 22 29 41 40 31 30 45 23 20 27 37 47 129 24 37 37 32 43 20 31 32 36 20 21 930 93 57 24 20 54 32 27 36 20 26 73 467 22 31 155 172 28 42 162 29 28 326 23 44 20 23 48 26 20 20 40
internal_value=-0.0286295 4.07836 4.53238 4.06321 10.3881 -1.96587 1.46964 4.54574 4.88844 7.17387 5.32134 8.89041 4.25664 4.63738 1.75226 13.4766 -0.335008 1.87263 -0.429764 0.77594 7.45026 4.25347 3.95738 4.28191 2.74263 7.1621 0.712071 2.74849 -3.14473 0.374709 -0.512732 0.135118 5.15076 7.00389 0.281607 0.116241 4.42211 2.15955 4.95888 6.19668 3.91994 -0.0634275 0.076958 -0.845043 0.915981 -0.58174 -0.160178 0.0483483 -0.0815615 -0.884094 0.239452 2.10136 0.0754111 0.334722 0.433872 0.268979 0.387348 0.2724 -1.22189 1.98076 -5.4773 3.30354
internal_weight=12868 1145 1065 986 79 80 238 88 748 162 122 61 586 541 61 56 150 84 11723 60 59 518 481 449 162 51 111 79 66 1096 10627 1023 287 81 1075 988 206 87 174 82 46 906 833 182 53 9604 934 762 714 204 510 82 481 651 628 584 564 541 74 48 40 60
internal_count=12868 1145 1065 986 79 80 238 88 748 162 122 61 586 541 61 56 150 84 11723 60 59 518 481 449 162 51 111 79 66 1096 10627 1023 287 81 1075 988 206 87 174 82 46 906 833 182 53 9604 934 762 714 204 510 82 481 651 628 584 564 541 74 48 40 60
is_linear=0
shrinkage=0.05


Tree=71
num_leaves=63
num_cat=0
split_feature=9 5 23 35 31 32 32 31 32 35 21 36 32 31 31 33 33 39 33 35 36 32 32 33 31 32 32 35 32 40 31 32 36 35 33 23 35 2 2 32 36 32 36 32 35 33 36 31 39 11 31 36 31 36 33 31 35 31 37 33 31 33
split_gain=7.653e+06 1.13432e+06 1.05625e+06 779560 761830 1.09306e+06 1.79394e+06 651319 774988 595651 389906 871444 1.63673e+06 982934 825161 662388 876267 612143 563947 697062 487784 485236 378652 344115 453299 332358 1.08444e+06 646215 319408 280679 279430 233160 292213 964789 267017 226116 194705 134492 98608.1 112880 96685.6 92106.2 91183.5 81860.7 215030 75342.2 74087.5 71665.6 68290.2 122272 199111 104559 106488 161694 147232 204978 239312 74640.4 67177.2 71318.1 66191.8 62290.7
threshold=1.0000000180025095e-35 1.0000000180025095e-35 1.0000000180025095e-35 1107.4500000000003 152.45000000000002 405.75000000000006 325.75000000000006 158.40000000000003 307.30000000000001 769.55000000000007 1.0000000180025095e-35 308.02500000000003 378.05000000000007 251.05000000000004 383.55000000000007 299.85000000000008 132.60000000000002 1.0000000180025095e-35 107.85000000000001 675.1500000000002 361.21666666666675 313.35000000000008 174.95000000000002 345.95000000000005 286.05000000000007 275.60000000000008 181.85000000000005 588.85000000000002 324.55000000000007 5.5000000000000009 362.15000000000003 184.85000000000005 267.12500000000006 495.15000000000003 87.450000000000003 1.0000000180025095e-35 476.45000000000005 1.0000000180025095e-35 1.0000000180025095e-35 343.35000000000008 305.71000000000004 300.05000000000007 302.01666666666671 99.800000000000026 141.65000000000001 394.35000000000008 362.92500000000007 109.05000000000001 1.0000000180025095e-35 1.0000000180025095e-35 490.65000000000003 377.65000000000009 462.85000000000008 292.81666666666672 407.25000000000006 145.25000000000003 1000.2500000000001 79.15000000000002 4.5000000000000009 433.05000000000007 182.85000000000005 307.90000000000003
decision_type=2 2 2 2 2 2 2 2 2 2 2 2 2 2 2 2 2 2 2 2 2 2 2 2 2 2 2 2 2 2 2 2 2 2 2 2 2 2 2 2 2 2 2 2 2 2 2 2 2 2 2 2 2 2 2 2 2 2 2 2 2 2
left_child=35 2 4 29 5 6 25 -3 -9 -7 11 12 14 -13 21 16 22 18 19 -12 -17 31 36 24 -20 26 27 43 -24 -4 -30 32 33 -6 -33 38 -15 46 39 48 -39 -19 -40 44 -2 -41 58 -47 -1 50 51 52 54 -54 57 -56 -57 -50 59 -37 -60 -59
right_child=1 7 3 -5 10 9 -8 8 -10 -11 17 13 -14 15 -16 20 -18 41 23 -21 -22 -23 28 -25 -26 -27 -28 -29 30 -31 -32 34 -34 -35 -36 37 -38 40 42 45 -42 -43 -44 -45 -46 47 -48 -49 49 -51 -52 -53 53 -55 55 56 -58 61 60 -61 -62 -63
leaf_value=-0.53247510839174383 0.94517893750092075 -9.6817407226562509 10.290884486834209 1.3378494861721995 3.1265789026963087 -11.912769644601006 15.457121101379395 -5.545132418032046 5.8771876248446375 0.14405837535858154 2.4440168244498119 16.719224815368655 -11.290774681454614 6.1405158661507278 -4.1226366099189304 16.163199324834917 -4.6157537240248461 14.58218074798584 4.4093834807475414 14.590059797852129 6.2937034083950909 11.651654710769655 -1.5784015838588987 6.6876377173832484 -5.5269122730601916 -4.0853996863731972 11.766040496031444 -8.0787797117233282 0.63198272983233139 17.576290464401247 7.5233434852800869 4.4041666692303076 0.43680954820969531 13.164670168608428 -1.9681354454585485 -0.083033628313141927 11.498068948225542 1.1810356239141044 -0.3621140410924033 -0.77279937857643377 5.0648293755271219 9.78358190536499 0.61924976362068151 -0.87463291106016749 6.8500432025818601 -4.0962520315729334 1.1138133059008213 -1.4137072187594393 -1.6468043453722114 -0.72683397222951107 5.0526283645629881 1.2844997597460091 0.5970399061387236 -5.3373936161398889 6.2577070667630155 -2.5360650677834791 3.7829320249886353 0.056606000208240241 -0.97310177564620981 -2.224693562344807 2.4505607203890882 -1.3988790397152857
leaf_weight=5909 58 20 39 20 95 21 25 27 33 20 21 20 21 74 34 21 26 20 24 27 31 20 28 28 22 26 24 20 24 20 38 31 34 32 35 749 22 59 670 1539 22 20 366 23 21 29 158 176 83 686 20 145 22 24 21 31 29 795 20 41 48 81
leaf_count=5909 58 20 39 20 95 21 25 27 33 20 21 20 21 74 34 21 26 20 24 27 31 20 28 28 22 26 24 20 24 20 38 31 34 32 35 749 22 59 670 1539 22 20 366 23 21 29 158 176 83 686 20 145 22 24 21 31 29 795 20 41 48 81
internal_value=-0.027198 3.87444 4.30577 9.8687 3.86005 1.39615 2.94199 -1.86758 0.737144 -6.03139 4.64402 4.0438 2.174 6.03212 3.18026 5.22249 3.9821 6.81517 5.05527 9.27617 10.2795 4.18552 5.18395 2.31739 -0.342758 1.12293 2.05044 0.139173 2.85399 12.7605 4.85572 3.52771 4.5537 5.65586 1.02492 -0.408276 7.36829 0.27516 -0.478832 -0.528894 2.23589 12.1829 -0.015416 1.75054 2.51483 -0.892742 0.118841 -1.79319 -0.448019 -0.190376 0.103796 0.0233928 -0.144987 -2.49919 -0.040859 2.00616 0.518117 -0.213756 -0.064382 -0.194183 1.4436 -0.0779765
internal_weight=12868 1145 1065 79 986 238 197 80 60 41 748 586 302 284 281 264 212 162 122 48 52 247 186 74 46 172 146 122 90 59 62 227 161 127 66 11723 96 1097 10626 9590 81 40 1036 102 79 1744 1016 205 7846 1937 1251 1231 1086 46 1040 81 60 959 858 790 68 876
internal_count=12868 1145 1065 79 986 238 197 80 60 41 748 586 302 284 281 264 212 162 122 48 52 247 186 74 46 172 146 122 90 59 62 227 161 127 66 11723 96 1097 10626 9590 81 40 1036 102 79 1744 1016 205 7846 1937 1251 1231 1086 46 1040 81 60 959 858 790 68 876
is_linear=0
shrinkage=0.05


Tree=72
num_leaves=63
num_cat=0
split_feature=9 5 40 35 36 31 31 36 37 36 36 31 31 36 31 31 35 29 31 36 40 38 35 36 36 35 36 35 36 35 36 39 36 35 35 35 11 31 36 36 35 35 36 28 6 40 21 31 36 36 22 29 37 37 2 40 31 35 31 35 2 36
split_gain=6.90683e+06 1.02372e+06 632827 506393 506113 411814 1.28641e+06 807029 724198 563157 357650 667171 409478 335638 669461 803488 673053 604657 462120 637084 431716 555363 395414 325936 484222 1.35092e+06 609597 767045 318184 290114 258728 198468 179955 161991 327589 213259 157803 245763 144780 143418 335939 132484 97155.4 105509 74652.5 73883.7 91772.4 106553 71645.9 66729.2 62815.2 76279.7 76392.4 116669 73462.4 76348.3 61866.6 230077 136355 129121 59540.1 63512.7
threshold=1.0000000180025095e-35 1.0000000180025095e-35 5.5000000000000009 906.45000000000005 169.91666666666671 110.95000000000002 150.75000000000003 256.62500000000006 2.5000000000000004 236.23333333333338 190.465 232.35000000000005 184.85000000000005 422.01666666666671 477.45000000000005 459.95000000000005 1352.45 1.0000000180025095e-35 426.55000000000007 204.23333333333338 1.0000000180025095e-35 1.0000000180025095e-35 983.85000000000002 218.3366666666667 257.88000000000005 741.95000000000016 330.47500000000008 886.1500000000002 357.87500000000006 879.1500000000002 283.94500000000005 1.0000000180025095e-35 297.71666666666675 401.55000000000007 594.25000000000011 259.80000000000001 1.0000000180025095e-35 492.30000000000001 440.43333333333334 290.52500000000003 536.6500000000002 741.95000000000016 98.925000000000026 1.0000000180025095e-35 1.0000000180025095e-35 1.5000000000000002 1.0000000180025095e-35 419.55000000000007 261.0750000000001 86.083333333333343 1.0000000180025095e-35 1.0000000180025095e-35 4.5000000000000009 2.5000000000000004 1.0000000180025095e-35 5.5000000000000009 73.050000000000011 634.45000000000016 81.15000000000002 463.35000000000008 1.0000000180025095e-35 292.81666666666672
decision_type=2 2 2 2 2 2 2 2 2 2 2 2 2 2 2 2 2 2 2 2 2 2 2 2 2 2 2 2 2 2 2 2 2 2 2 2 2 2 2 2 2 2 2 2 2 2 2 2 2 2 2 2 2 2 2 2 2 2 2 2 2 2
left_child=31 4 3 -3 33 8 7 -7 -6 -10 11 -8 -12 14 15 16 17 18 19 -14 29 23 -20 -22 25 -25 27 39 -28 30 -21 48 -29 35 -35 49 37 38 42 40 -26 -30 -33 44 50 -46 47 -47 -1 -2 51 56 53 -53 55 -52 57 59 -58 -44 -38 -62
right_child=1 2 -4 -5 5 6 10 -9 9 -11 12 -13 13 -15 -16 -17 -18 -19 22 20 21 -23 -24 24 26 -27 28 32 41 -31 -32 36 -34 34 -36 -37 60 -39 -40 -41 -42 -43 43 -45 45 46 -48 -49 -50 -51 54 52 -54 -55 -56 -57 58 -59 -60 -61 61 -63
leaf_value=-0.4111504036183849 -0.73963261104765399 0.80936050415039062 3.8167414972859044 -9.5324862233523664 0.21672496795654297 2.6457264370388458 2.9983407497406009 -9.8213425598144539 6.1679782342910769 16.780773073196411 9.563911095732136 15.312147084149448 -4.2473035507202148 7.6493250773503236 -3.1701153934001924 12.681046697828506 11.135999333063761 9.7889788482870372 -6.0087500534057625 9.0895678478738535 -1.4181283880163122 -3.2901572736104328 2.7981730465705579 2.3935283335243787 5.8462792854309082 16.963013935089112 10.727016328700952 -1.4564819111710503 6.279839340416161 11.649965135867781 1.9325244494846889 -1.3891697718085148 -8.0835204982757585 6.8188867841448104 -1.2028222393989563 -3.2877824403621534 -0.77845196897262814 3.3702639819002123 1.5081113867106892 5.9766294865994842 -2.5268373240595281 1.6734629260169136 1.6970370275839681 -0.95176919917334324 -2.3715325641788936 -0.25611149236267688 1.5145009081959726 -3.7382426611014772 -0.73233795629857701 2.4538470078159023 -0.13920607774154001 0.61683327888971884 2.0001473550995192 -1.8017028640159247 1.1878331615811302 -3.9681866379578907 -3.8108776898611163 5.2681087759473098 0.23622415887708517 -3.3808153334118076 -0.43768726096703459 2.1802123493618435
leaf_weight=3833 21 20 31 29 20 27 22 25 25 25 38 22 25 65 32 27 30 35 25 23 27 30 26 41 25 26 28 21 37 26 28 139 20 35 20 27 999 54 147 37 23 27 31 289 57 102 50 28 3174 74 23 76 24 145 21 30 21 28 2330 21 65 36
leaf_count=3833 21 20 31 29 20 27 22 25 25 25 38 22 25 65 32 27 30 35 25 23 27 30 26 41 25 26 28 21 37 26 28 139 20 35 20 27 999 54 147 37 23 27 31 289 57 102 50 28 3174 74 23 76 24 145 21 30 21 28 2330 21 65 36
internal_value=-0.0258381 3.68072 -1.7742 -5.31132 4.09048 4.57711 4.26212 -3.34806 8.2579 11.4744 4.77874 9.15524 4.51203 4.23137 3.87246 4.25638 3.85019 3.43779 2.98871 3.50648 3.96912 3.20758 -1.51895 3.83236 4.32977 8.04736 3.18721 0.927924 6.28146 7.35156 5.16021 -0.387862 -4.68918 1.64908 3.9019 0.633461 -0.137092 0.0224307 -0.0283226 3.63735 1.83416 4.33652 -0.094459 -0.0395246 0.0487374 -0.802728 -0.30594 -1.00611 -0.556641 1.74792 0.122118 0.161856 -0.679037 -0.969989 -1.3149 -2.30655 0.246603 1.61398 0.200074 -0.353634 -0.661487 0.495425
internal_weight=12868 1145 80 49 1065 888 818 52 70 50 766 44 722 684 619 587 560 530 495 444 419 342 51 312 285 67 218 126 92 77 51 11723 41 177 55 122 4716 3616 3562 85 48 64 3415 3276 2987 237 180 130 7007 95 2750 2676 245 221 74 53 2431 80 2351 52 1100 101
internal_count=12868 1145 80 49 1065 888 818 52 70 50 766 44 722 684 619 587 560 530 495 444 419 342 51 312 285 67 218 126 92 77 51 11723 41 177 55 122 4716 3616 3562 85 48 64 3415 3276 2987 237 180 130 7007 95 2750 2676 245 221 74 53 2431 80 2351 52 1100 101
is_linear=0
shrinkage=0.05


Tree=73
num_leaves=63
num_cat=0
split_feature=9 5 23 35 31 32 32 31 32 32 25 35 12 21 32 37 31 35 31 32 32 40 35 31 32 32 35 31 32 32 35 32 25 40 31 32 35 32 31 31 23 7 2 7 35 34 31 31 35 32 35 40 31 35 32 35 31 31 21 35 7 31
split_gain=6.23342e+06 923909 945390 715243 638243 945401 1.59019e+06 603147 942771 540023 335462 580842 363864 533657 562586 595036 1.13682e+06 472962 479584 620016 822297 446908 391439 738019 333068 354803 367935 328877 314583 968693 599244 310600 260613 249079 242347 225074 174843 170224 159762 154720 142184 140063 118711 128034 97193.7 91778.3 78301.7 109359 77583.7 73731.2 192477 66582.6 109938 73334.4 237517 152368 247283 127353 105029 64312.8 64157.1 70606.8
threshold=1.0000000180025095e-35 1.0000000180025095e-35 1.0000000180025095e-35 1107.4500000000003 152.45000000000002 405.75000000000006 325.75000000000006 256.05000000000007 308.65000000000003 446.75000000000006 1.0000000180025095e-35 969.95000000000016 1.0000000180025095e-35 1.0000000180025095e-35 431.35000000000008 4.5000000000000009 381.95000000000005 706.35000000000014 472.45000000000005 442.25000000000006 166.35000000000005 4.5000000000000009 1140.5000000000002 251.05000000000004 321.25000000000006 139.05000000000004 344.05000000000001 287.55000000000007 275.60000000000008 181.85000000000005 588.85000000000002 196.15000000000001 1.0000000180025095e-35 5.5000000000000009 326.95000000000005 369.45000000000005 557.85000000000002 307.30000000000001 488.85000000000008 377.55000000000007 1.0000000180025095e-35 1.0000000180025095e-35 1.0000000180025095e-35 1.0000000180025095e-35 1077.8500000000001 157.80000000000004 414.05000000000007 448.05000000000007 598.75000000000011 99.800000000000026 141.65000000000001 4.5000000000000009 140.85000000000005 946.45000000000016 426.65000000000003 706.35000000000014 150.75000000000003 158.40000000000003 1.0000000180025095e-35 1026.7 1.0000000180025095e-35 485.85000000000008
decision_type=2 2 2 2 2 2 2 2 2 2 2 2 2 2 2 2 2 2 2 2 2 2 2 2 2 2 2 2 2 2 2 2 2 2 2 2 2 2 2 2 2 2 2 2 2 2 2 2 2 2 2 2 2 2 2 2 2 2 2 2 2 2
left_child=32 2 4 33 5 6 28 -3 -9 -7 12 -12 13 17 15 16 27 24 19 20 -19 -14 23 -22 25 26 -6 -15 29 30 49 -27 40 -4 -28 37 -33 -25 42 -36 44 -42 43 51 60 48 -41 -48 -44 50 -2 53 -53 55 58 57 -57 -34 -55 -45 -1 -62
right_child=1 7 3 -5 10 9 -8 8 -10 -11 11 -13 21 14 -16 -17 -18 18 -20 -21 22 -23 -24 35 -26 31 34 -29 -30 -31 -32 36 38 -35 39 -37 -38 -39 -40 46 41 -43 45 59 -46 -47 47 -49 -50 -51 -52 52 -54 54 -56 56 -58 -59 -60 -61 61 -63
leaf_value=-0.49881704376912084 0.82202862645017705 -6.4851629548602636 9.592353667968359 0.97750172376632694 2.9466679033076413 -11.298603363264176 14.429687622070313 -5.7759542465209961 8.9227438807487491 0.18143648147583008 2.1007181088129681 12.461531011519895 -5.5599405115300966 6.6314994137461598 14.663376740813256 -0.50456829071044929 15.815272548280914 -4.955338564786044 -5.8730897569656371 -3.6037531335013258 11.925137220729482 4.0403352384214051 11.132977100372315 0.4694654226303101 10.279999806483588 -3.1405007397686995 12.08127906560898 -0.73813642859458928 -4.1330799634640032 11.018929476539295 -7.8836148667335513 0.66005000238833222 -1.4814464408631733 16.455398941040041 2.1182101345062256 -3.0886236524581911 6.9703042961302266 6.715237340927124 4.6847494307018467 9.6581189382643942 -0.068813251922287613 1.966289164762824 0.93924119025468833 2.8915694700459302 -1.0337031521365254 -0.36900079515245232 3.119731311798096 7.7545112173897879 4.6093088308970129 -0.90967652266440191 6.40864908354623 -1.9968772470230058 -0.078910309984103644 -0.90970982142857137 -4.8975598766253547 7.4488131809234623 1.0793711625970901 0.91762658608310366 3.0025751393416833 -0.22542284260625425 -0.11562805737335158 2.5332554267002987
leaf_weight=8008 58 36 39 20 101 21 25 20 24 20 24 31 22 41 20 30 29 22 20 35 22 27 25 24 24 27 20 24 26 24 20 23 82 20 20 20 21 20 21 21 930 93 24 59 794 27 20 35 36 23 21 93 380 42 26 20 64 170 29 23 776 26
leaf_count=8008 58 36 39 20 101 21 25 20 24 20 24 31 22 41 20 30 29 22 20 35 22 27 25 24 24 27 20 24 26 24 20 23 82 20 20 20 21 20 21 21 930 93 24 59 794 27 20 35 36 23 21 93 380 42 26 20 64 170 29 23 776 26
internal_value=-0.0245462 3.49668 3.88595 9.14886 3.46428 1.20907 2.6467 -1.68549 2.24152 -5.69858 4.18185 7.94045 3.88354 4.19957 6.88159 5.62647 7.58318 3.42715 1.4461 2.31743 3.87563 -0.269993 5.62592 4.02503 4.62087 4.14927 5.15312 3.9104 0.934062 1.83643 0.0300363 1.08118 -0.368469 11.9188 7.07425 1.30937 3.67176 3.30845 0.365621 6.03112 -0.444178 0.116196 0.281247 0.125331 -0.503868 2.05188 7.06083 6.06914 3.14128 1.58173 2.30708 -0.0459065 -0.456016 0.402088 -0.808966 0.751708 2.5959 0.136976 0.688266 2.01729 -0.456117 -0.029754
internal_weight=12868 1145 1065 79 986 238 197 80 44 41 748 55 693 644 144 124 94 500 188 168 133 49 111 86 312 288 217 65 172 146 122 71 11723 59 116 64 44 44 1096 96 10627 1023 1075 988 9604 87 76 55 60 102 79 906 473 433 97 336 84 252 71 82 8810 802
internal_count=12868 1145 1065 79 986 238 197 80 44 41 748 55 693 644 144 124 94 500 188 168 133 49 111 86 312 288 217 65 172 146 122 71 11723 59 116 64 44 44 1096 96 10627 1023 1075 988 9604 87 76 55 60 102 79 906 473 433 97 336 84 252 71 82 8810 802
is_linear=0
shrinkage=0.05


Tree=74
num_leaves=63
num_cat=0
split_feature=9 31 33 31 36 32 36 25 35 35 32 8 38 33 23 36 34 33 34 31 35 31 32 36 35 25 32 37 31 31 36 36 35 33 35 32 40 36 39 31 31 31 23 23 31 31 33 6 40 40 38 35 34 35 36 32 35 36 31 38 28 35
split_gain=5.62566e+06 604727 628564 1.50636e+06 942355 962319 650368 546042 516308 515457 1.09608e+06 681267 818973 788385 674959 589567 430066 411285 415525 359624 304879 298629 298514 286305 307509 235204 216019 171457 959825 465180 256148 272921 239097 191618 371378 159827 244718 158902 149521 144185 137403 131925 128321 92356.5 121582 104667 101030 98046 110159 90727.9 111677 248758 91470.9 87717.3 84335.3 92438.7 78892.8 72432.7 66859.8 63463.8 63439.3 67735.5
threshold=1.0000000180025095e-35 152.45000000000002 359.45000000000005 107.15000000000002 254.65000000000006 360.55000000000007 164.22000000000003 1.0000000180025095e-35 861.75000000000011 918.1500000000002 108.25000000000001 1.0000000180025095e-35 1.0000000180025095e-35 329.30000000000001 1.0000000180025095e-35 296.61250000000007 138.05000000000004 265.65000000000003 333.35000000000008 346.75000000000006 1107.4500000000003 100.25000000000001 181.85000000000005 428.75000000000006 843.15000000000009 1.0000000180025095e-35 419.85000000000008 2.5000000000000004 368.55000000000007 434.35000000000008 247.31666666666669 267.12500000000006 425.85000000000008 139.95000000000002 736.45000000000016 164.85000000000005 4.5000000000000009 171.15833333333333 1.0000000180025095e-35 488.85000000000008 105.65000000000002 213.45000000000002 1.0000000180025095e-35 1.0000000180025095e-35 66.450000000000017 83.050000000000011 123.95000000000002 1.0000000180025095e-35 3.5000000000000004 4.5000000000000009 1.0000000180025095e-35 1186.7000000000003 127.80000000000003 1077.8500000000001 286.35833333333341 442.25000000000006 470.90000000000003 330.47500000000008 397.25000000000006 1.0000000180025095e-35 1.0000000180025095e-35 353.05000000000007
decision_type=2 2 2 2 2 2 2 2 2 2 2 2 2 2 2 2 2 2 2 2 2 2 2 2 2 2 2 2 2 2 2 2 2 2 2 2 2 2 2 2 2 2 2 2 2 2 2 2 2 2 2 2 2 2 2 2 2 2 2 2 2 2
left_child=25 2 4 -4 5 6 22 9 -9 14 -11 12 13 17 16 -15 23 18 -12 -14 -10 -8 40 24 26 42 27 29 33 30 32 -32 37 -29 -35 58 -37 -3 -17 43 -2 -39 53 44 -27 -46 -45 49 -49 60 52 -52 54 -1 56 -56 -51 -44 -33 -55 61 -47
right_child=1 7 3 -5 -6 -7 21 8 20 10 11 -13 19 15 -16 38 -18 -19 -20 -21 -22 -23 -24 -25 -26 39 -28 28 -30 -31 31 35 -34 34 -36 36 -38 41 -40 -41 -42 -43 57 46 45 47 -48 48 -50 50 51 -53 -54 59 55 -57 -58 -59 -60 -61 -62 -63
leaf_value=-0.43331102339589311 -0.81149348172274505 -0.79651058197021485 14.864554042816161 -3.5455280494689947 -7.2088745858934189 10.755287506103516 -9.6081431579589847 1.8662250564211893 15.760613141741073 -9.5133875274658219 0.58242178313872395 -4.6058763810566496 -7.1043263821374811 14.847690186677156 12.017408479963031 8.8532063940297014 11.243678855895997 -4.227460080101376 9.5278418376332237 2.1490374156406946 7.511163437366486 -1.0711764312925793 7.4508293526513247 7.3619303436279298 -2.0145853614807132 -2.6302341247859755 7.3972778360048936 5.3723987857500717 13.873825724919639 -3.6704801926246056 9.2608697451077973 4.2883001393285296 -2.3875385427474973 -3.4147311634487583 5.1334832986195886 5.0439148800713678 -1.455542359352112 2.0520194335625721 3.5324467843578713 4.450511923290434 2.7734070221392013 7.2505604920179954 -0.12190909317851409 -0.47138847571152909 2.7905015272971916 -0.29963919563436664 3.4436006230778164 -4.4802896616251573 -0.28575365956948728 0.71115250889692572 -5.5063026939119615 1.7947474813461306 -1.6371859924609844 -1.3473879029082152 0.79322000630992529 4.4255493211746213 -1.3483495526937066 0.87239278261880993 7.6408159065246579 -0.43511210333895667 -1.5357734533456657 1.3674340047873557
leaf_weight=8810 55 20 25 20 36 25 20 21 21 20 34 28 21 27 28 23 20 21 21 21 24 21 21 50 25 38 36 36 24 26 26 58 30 27 24 28 30 26 31 21 52 23 784 26 39 77 45 23 49 93 28 20 65 476 141 20 93 239 20 318 26 292
leaf_count=8810 55 20 25 20 36 25 20 21 21 20 34 28 21 27 28 23 20 21 21 21 24 21 21 50 25 38 36 36 24 26 26 58 30 27 24 28 30 26 31 21 52 23 784 26 39 77 45 23 49 93 28 20 65 476 141 20 93 239 20 318 26 292
internal_value=-0.0233189 3.32185 1.27804 6.6823 0.220685 1.59937 0.24494 3.96788 8.33987 3.60898 1.70783 2.69648 3.72395 5.38298 4.45205 8.81503 4.05161 1.72514 3.99795 -2.47764 11.3609 -5.23555 2.00041 3.76901 3.37763 -0.350045 3.68824 3.35275 5.02148 2.70735 3.34269 4.56718 1.33898 2.57945 0.607958 3.66986 1.68213 2.95921 5.7987 0.34734 0.930701 4.49215 -0.421969 0.267185 0.143942 0.253071 2.00994 0.146318 -1.62567 0.295539 -0.181746 -2.4642 0.0841713 -0.478675 0.406616 1.24444 -0.318599 0.110386 5.14792 -0.982018 0.851363 1.01956
internal_weight=12868 1145 275 45 230 194 169 870 66 804 247 227 199 157 557 81 529 76 55 42 45 41 128 509 459 11723 434 398 111 287 261 162 99 87 51 136 58 69 54 1096 107 49 10627 1075 1004 966 71 927 72 855 460 48 412 9604 347 161 186 1023 78 794 395 369
internal_count=12868 1145 275 45 230 194 169 870 66 804 247 227 199 157 557 81 529 76 55 42 45 41 128 509 459 11723 434 398 111 287 261 162 99 87 51 136 58 69 54 1096 107 49 10627 1075 1004 966 71 927 72 855 460 48 412 9604 347 161 186 1023 78 794 395 369
is_linear=0
shrinkage=0.05


Tree=75
num_leaves=63
num_cat=0
split_feature=9 36 32 32 32 39 35 32 32 35 32 36 40 36 33 33 36 33 35 35 32 35 36 33 40 35 32 35 2 13 33 35 36 36 32 23 35 35 13 35 33 7 7 24 8 36 22 32 28 40 32 32 4 33 37 6 18 36 21 36 35 35
split_gain=6.12951e+06 1.03434e+06 853859 1.41932e+06 633455 570105 632345 1.18845e+06 790366 585504 654962 561579 525026 506539 311721 921541 402638 651578 612876 887262 626332 613305 751587 538486 510570 413565 263038 249525 215040 191468 500630 313324 598331 199353 183709 122711 100505 94515.6 92091.3 81114.1 77408 74703.6 69622.1 98977.4 97003.5 93377.9 92316.5 72679.1 68138.7 68069.9 123480 158769 66157.8 71178.3 65726.5 84435.9 86569.7 56965.5 53729.9 102851 73620.4 63447.3
threshold=1.0000000180025095e-35 327.25000000000006 472.25000000000006 452.15000000000003 472.25000000000006 1.0000000180025095e-35 856.40000000000009 153.05000000000004 120.85000000000001 648.85000000000002 228.75000000000003 236.23333333333338 4.5000000000000009 277.15833333333336 405.35000000000008 367.55000000000007 272.71250000000003 235.25000000000003 779.25000000000011 557.85000000000002 339.65000000000003 505.05000000000007 247.31666666666669 95.300000000000026 5.5000000000000009 433.4500000000001 164.85000000000005 648.85000000000002 1.0000000180025095e-35 1.0000000180025095e-35 446.75000000000006 861.75000000000011 342.55000000000007 359.37500000000006 403.85000000000008 1.0000000180025095e-35 1140.5000000000002 741.95000000000016 1.0000000180025095e-35 483.4500000000001 296.75000000000006 1.0000000180025095e-35 1.0000000180025095e-35 1.0000000180025095e-35 1.0000000180025095e-35 255.82916666666668 1.0000000180025095e-35 223.45000000000002 1.0000000180025095e-35 1.0000000180025095e-35 95.850000000000009 161.05000000000004 1.0000000180025095e-35 138.35000000000005 3.5000000000000004 1.0000000180025095e-35 1.0000000180025095e-35 115.87500000000001 1.0000000180025095e-35 251.51250000000002 801.70000000000016 660.00000000000011
decision_type=2 2 2 2 2 2 2 2 2 2 2 2 2 2 2 2 2 2 2 2 2 2 2 2 2 2 2 2 2 2 2 2 2 2 2 2 2 2 2 2 2 2 2 2 2 2 2 2 2 2 2 2 2 2 2 2 2 2 2 2 2 2
left_child=28 2 3 5 29 14 8 -8 -7 11 -11 -10 36 -14 15 16 18 26 19 21 -20 22 25 -21 -25 49 -18 -28 38 30 31 33 -33 -3 -34 41 -9 39 42 -35 -37 52 -1 44 46 -46 48 -45 54 -2 -51 -52 58 -54 55 56 57 -44 59 60 -30 -61
right_child=1 4 -4 -5 -6 6 7 12 9 10 -12 -13 13 -15 -16 -17 17 -19 20 23 -22 -23 -24 24 -26 -27 27 -29 35 -31 -32 32 34 37 -36 40 -38 -39 -40 -41 -42 -43 43 47 45 -47 -48 -49 -50 50 51 -53 53 -55 -56 -57 -58 -59 -60 61 -62 -63
leaf_value=-0.3990646045643968 3.5355178952217106 0.66985553626356464 -6.5466560707092292 14.331312927832972 14.105550072409891 -4.2467766894234549 15.515008564918274 10.867576265335083 4.0973596147588784 6.9657756519317635 -5.0694753206693211 14.496493396759034 -5.4723997020721438 4.9460445267813551 -3.2848048271671417 11.894185747612607 5.5598334985620843 12.12099313054766 -0.16348888446123175 13.364438605308534 -10.873899514334543 -6.7713747978210455 10.32914811372757 8.0114770978689194 -1.5250494689941407 -4.54368826433232 -3.4696812629699707 3.9588781838119034 -0.506860366427201 9.3059755113389766 -1.1912951850891114 15.749316258430481 9.0940586133436732 5.3341067284345627 3.1198423108746933 1.291973569393158 5.8549553465843207 3.2960291048375576 -0.8406175447054971 8.9153016226632271 4.8190925728707086 1.6302221846471472 -0.99218963130991511 -4.2143638031823292 -3.2215386808300632 0.36339931698406447 -2.9213070279075986 -0.70919223171472545 -1.0882441924579109 1.6482480270207907 -4.2346384326616926 1.4049343622647799 -3.7329831307584591 -0.40819593009849386 1.5921258774536258 -2.1433575866743921 -1.7449171517789364 0.83243915206212715 0.95637658854436625 1.1232944877669311 -3.2636520690388156 -0.13027672852223046
leaf_weight=8559 26 29 25 26 22 36 31 20 37 20 26 20 20 28 31 22 34 21 39 20 21 28 20 32 25 38 26 20 235 27 30 20 22 64 31 60 20 41 1082 21 21 82 47 21 39 34 21 50 67 122 24 26 22 60 131 32 40 476 179 197 27 207
leaf_count=8559 26 29 25 26 22 36 31 20 37 20 26 20 20 28 31 22 34 21 39 20 21 28 20 32 25 38 26 20 235 27 30 20 22 64 31 60 20 41 1082 21 21 82 47 21 39 34 21 50 67 122 24 26 22 60 131 32 40 476 179 197 27 207
internal_value=0.0134293 3.43053 2.56219 2.82729 5.93089 2.46823 4.42099 7.09628 2.13063 4.35962 0.163242 7.74618 4.13059 0.605026 1.59203 1.86994 1.44746 4.28258 0.767299 1.54504 -3.91213 0.254335 1.02277 6.30558 3.82879 0.234096 2.225 -0.239873 -0.334741 5.29986 4.88062 5.67955 8.38042 4.40753 5.59971 0.334002 8.36127 5.26779 -0.403515 6.21887 2.20641 0.18369 -0.35382 0.050404 0.194192 -1.55184 0.350777 -1.74593 0.437428 1.15104 0.7906 -1.30206 0.0557335 -1.30021 0.578227 0.354998 0.497001 0.668467 0.187316 -0.019383 -0.790957 0.480994
internal_weight=12880 1191 884 859 307 833 258 119 139 103 46 57 88 48 575 544 522 101 421 361 60 284 256 77 57 236 80 46 11689 285 258 228 73 155 53 1090 40 126 10599 85 81 1009 9517 958 887 73 814 71 793 198 172 50 927 82 726 595 563 523 845 666 262 404
internal_count=12880 1191 884 859 307 833 258 119 139 103 46 57 88 48 575 544 522 101 421 361 60 284 256 77 57 236 80 46 11689 285 258 228 73 155 53 1090 40 126 10599 85 81 1009 9517 958 887 73 814 71 793 198 172 50 927 82 726 595 563 523 845 666 262 404
is_linear=0
shrinkage=0.05


Tree=76
num_leaves=63
num_cat=0
split_feature=9 36 32 32 25 32 36 39 34 33 33 33 36 33 13 33 34 33 33 36 32 37 32 36 32 32 36 37 32 33 37 36 34 33 25 33 2 36 32 2 36 32 32 23 36 23 33 32 33 34 34 40 21 40 34 34 36 32 32 32 32 33
split_gain=5.53188e+06 933489 770608 1.28094e+06 664494 529584 914225 514520 733572 817844 504747 969096 1.31084e+06 810050 374244 908043 361575 477531 1.07171e+06 358287 544635 364902 489617 304362 291241 296984 251304 1.02824e+06 240464 221235 216904 430455 618814 370686 206736 196835 159669 142012 130820 122066 114727 146171 245168 97742.4 96967 90945.8 151266 83011.1 67904.5 143899 226505 118721 154233 130746 91889.5 88061.7 67062.8 63680.1 60359.6 80662.4 62984.1 57333.9
threshold=1.0000000180025095e-35 327.25000000000006 472.25000000000006 452.15000000000003 1.0000000180025095e-35 443.85000000000008 371.92500000000007 1.0000000180025095e-35 290.50000000000006 210.15000000000001 193.85000000000005 67.550000000000011 219.51666666666668 254.85000000000002 1.0000000180025095e-35 446.75000000000006 309.05000000000001 405.35000000000008 345.95000000000005 272.71250000000003 397.75000000000006 2.5000000000000004 164.85000000000005 236.23333333333338 311.50000000000006 365.75000000000006 286.35833333333341 3.5000000000000004 193.95000000000002 284.85000000000008 2.5000000000000004 151.65000000000001 119.65000000000002 95.300000000000026 1.0000000180025095e-35 76.350000000000009 1.0000000180025095e-35 304.74166666666673 413.85000000000008 1.0000000180025095e-35 247.31666666666669 64.450000000000017 124.75000000000001 1.0000000180025095e-35 368.12500000000006 1.0000000180025095e-35 131.25000000000003 221.85000000000005 299.85000000000008 64.750000000000014 175.20000000000002 2.5000000000000004 1.0000000180025095e-35 5.5000000000000009 425.15000000000003 314.75000000000006 283.94500000000005 92.350000000000009 470.95000000000005 221.85000000000005 303.10000000000008 296.75000000000006
decision_type=2 2 2 2 2 2 2 2 2 2 2 2 2 2 2 2 2 2 2 2 2 2 2 2 2 2 2 2 2 2 2 2 2 2 2 2 2 2 2 2 2 2 2 2 2 2 2 2 2 2 2 2 2 2 2 2 2 2 2 2 2 2
left_child=34 2 3 7 5 14 -7 16 10 -10 11 23 -13 -12 15 24 17 18 19 20 29 22 -21 -9 28 -26 27 -15 44 30 40 35 33 -33 39 -32 45 -38 -27 57 41 -2 -43 -41 -3 48 -47 -44 54 51 -51 -50 53 -53 56 -52 -36 -1 59 -58 -61 -45
right_child=1 4 -4 -5 -6 6 -8 8 9 -11 13 12 -14 26 -16 -17 -18 -19 -20 21 -22 -23 -24 -25 25 38 -28 -29 -30 -31 31 32 -34 -35 36 -37 37 -39 -40 43 -42 42 47 61 -46 46 -48 -49 49 50 55 52 -54 -55 -56 -57 58 -59 -60 60 -62 -63
leaf_value=-0.31575692174671011 1.4368004636410925 1.9486070372841575 -6.2193232965469365 13.614747047424316 13.622264428933462 17.257343040813101 4.0167622447013853 1.8814488542490992 17.223347252891177 3.2689651659556795 13.449030598004661 2.4818564755576 -14.04365144457136 -6.7856907347838096 9.9558184209077254 -6.892306842803956 -3.4124780409676689 -4.7793920773726244 11.67792067357472 6.578139844536782 -6.4849582340406329 9.3525278270244598 -2.4754314567361559 9.6804666649211555 -2.5247533168792726 6.610960945716271 6.8910934813817351 6.4338076056618441 10.776962198529926 -3.5456396602448965 2.7379206991195684 13.679859919548035 -2.0336349773406983 5.3429807400703435 -0.20783008135514672 -4.2769694709777832 1.2511446028482169 5.9896622339884438 1.5453166999816894 -0.0037261680140287614 3.4502359913455116 -6.100159580707551 1.8327380180358888 1.0431675010714039 5.7744588851928711 -1.079210343360901 3.8786855876445774 -2.2052994604408744 3.1362825936284562 -6.1301609003985371 2.004917378705882 0.17686729307832391 2.6426687374114994 -4.7572774047851558 3.5149945682003385 -2.0906479862758092 1.4367944073200227 -0.57338991968995978 3.2439292078432831 -2.8073193658481945 0.17389051979714698 4.1476850581169131
leaf_weight=4980 124 22 25 26 24 22 32 29 21 21 24 28 21 24 23 20 35 26 28 32 23 27 28 22 25 26 30 38 21 21 20 20 20 40 454 20 64 21 25 927 36 20 35 58 67 25 40 20 29 27 21 29 25 25 21 35 125 4627 23 22 91 20
leaf_count=4980 124 22 25 26 24 22 32 29 21 21 24 28 21 24 23 20 35 26 28 32 23 27 28 22 25 26 30 38 21 21 20 20 20 40 454 20 64 21 25 927 36 20 35 58 67 25 40 20 29 27 21 29 25 25 21 35 125 4627 23 22 91 20
internal_value=0.0127578 3.259 2.43408 2.68593 5.63434 4.95692 9.41107 2.34481 4.19994 10.2462 3.02428 0.421076 -4.6005 5.26843 3.9066 3.2312 1.51243 1.83164 2.16604 1.61804 0.984107 4.52536 2.35314 5.24573 4.31975 1.93946 3.13436 1.31658 5.96431 1.44099 1.73598 3.46552 5.58305 8.12194 -0.318004 -0.769524 0.342051 2.42184 4.1278 -0.384993 0.852802 0.382914 -1.35951 0.139307 4.82874 0.163843 1.9718 0.364361 0.0370713 -0.802972 -2.36848 0.400149 -0.604254 -2.10746 0.255072 -0.554811 0.159326 -0.43984 0.79798 0.561606 -0.406522 1.8392
internal_weight=12880 1191 884 859 307 283 54 833 258 42 216 100 49 116 229 206 575 540 514 486 399 87 60 51 186 76 92 62 110 376 355 120 80 60 11689 40 1077 85 51 10612 235 199 75 1005 89 992 65 55 927 191 83 108 79 54 736 56 715 9607 261 238 113 78
internal_count=12880 1191 884 859 307 283 54 833 258 42 216 100 49 116 229 206 575 540 514 486 399 87 60 51 186 76 92 62 110 376 355 120 80 60 11689 40 1077 85 51 10612 235 199 75 1005 89 992 65 55 927 191 83 108 79 54 736 56 715 9607 261 238 113 78
is_linear=0
shrinkage=0.05


Tree=77
num_leaves=63
num_cat=0
split_feature=9 39 13 33 33 33 40 31 31 28 25 34 33 5 5 33 33 31 21 31 31 11 31 34 37 31 40 31 33 33 34 31 33 25 2 40 31 37 31 31 31 40 37 31 2 4 23 34 31 13 23 31 33 29 37 7 23 33 37 40 8 33
split_gain=4.99253e+06 755368 599293 960520 2.06135e+06 1.60818e+06 905892 581758 508918 500578 482426 729642 1.03259e+06 486063 464700 452828 816814 1.15766e+06 479406 389967 348133 341672 250936 276586 449824 338987 257664 613559 253964 313252 233805 211465 198126 186579 144101 141024 208738 603343 137658 140370 134509 169147 112098 112058 110164 110794 102012 99644.1 94826.2 84468.8 82078.6 141389 136518 74410.7 69625.4 61193.8 83291 78087.9 106123 71283.9 60277.3 121430
threshold=1.0000000180025095e-35 1.0000000180025095e-35 1.0000000180025095e-35 405.35000000000008 460.75000000000006 367.55000000000007 5.5000000000000009 456.35000000000008 221.95000000000002 1.0000000180025095e-35 1.0000000180025095e-35 295.25000000000006 189.45000000000002 1.0000000180025095e-35 1.0000000180025095e-35 412.95000000000005 277.35000000000008 289.35000000000008 1.0000000180025095e-35 480.75000000000006 421.15000000000003 1.0000000180025095e-35 134.15000000000001 237.80000000000004 3.5000000000000004 294.85000000000008 5.5000000000000009 95.100000000000009 235.25000000000003 1.0000000180025095e-35 157.80000000000004 70.850000000000009 165.05000000000004 1.0000000180025095e-35 1.0000000180025095e-35 5.5000000000000009 319.95000000000005 1.5000000000000002 191.45000000000002 321.95000000000005 229.15000000000001 4.5000000000000009 1.5000000000000002 225.55000000000004 1.0000000180025095e-35 1.0000000180025095e-35 1.0000000180025095e-35 328.60000000000008 357.15000000000003 1.0000000180025095e-35 1.0000000180025095e-35 66.450000000000017 131.25000000000003 1.0000000180025095e-35 1.5000000000000002 1.0000000180025095e-35 1.0000000180025095e-35 1.0000000180025095e-35 2.5000000000000004 3.5000000000000004 1.0000000180025095e-35 317.40000000000003
decision_type=2 2 2 2 2 2 2 2 2 2 2 2 2 2 2 2 2 2 2 2 2 2 2 2 2 2 2 2 2 2 2 2 2 2 2 2 2 2 2 2 2 2 2 2 2 2 2 2 2 2 2 2 2 2 2 2 2 2 2 2 2 2
left_child=33 2 3 5 -5 7 8 14 -4 10 13 12 -12 15 22 16 18 -18 20 -9 21 32 26 24 28 -26 31 -28 29 35 -17 -2 43 44 50 36 40 -38 -37 -40 -24 42 -42 -3 55 46 47 49 -36 53 51 -35 -52 -46 -33 -1 57 58 -57 -59 -53 -62
right_child=1 9 6 4 -6 -7 -8 19 -10 -11 11 -13 -14 -15 -16 30 17 -19 -20 -21 -22 -23 23 -25 25 -27 27 -29 -30 -31 -32 54 -34 34 48 38 37 -39 39 -41 41 -43 -44 -45 45 -47 -48 -49 -50 -51 52 60 -54 -55 -56 56 -58 59 -60 -61 61 -63
leaf_value=-0.45957794111914341 -6.4532777979260407 4.4986698014395579 16.341129817962649 -15.318646947542826 5.8702230661514818 14.992993092536928 -1.6625712911287946 9.7627529886033813 6.2895018745871152 -1.8601882925033568 -1.4227094870347243 17.129974060058597 11.73192974635533 -3.0624976825714114 -3.8869473814964297 6.1535278694970268 -7.0753936334089804 7.3569146037101749 13.250548839569092 2.2958215376910043 -1.1329388856887819 1.3212795257568359 1.3608314363773053 7.7077108729969375 -7.689875521659852 1.5159234046936036 8.9303516365232927 -2.3756151118448803 7.5799183762591831 -2.3330966513497491 13.707299995422364 1.3198567170363207 12.051364110112191 -2.8353195376512481 1.374378474859091 7.7054800544466291 4.5591503652659329 -4.7399977278065037 1.2062519580788083 5.0555221638679511 3.3457054100253369 0.61167773485183718 8.078788594952945 8.9913685259611711 0.29915778573199858 -1.6060017659639318 2.0711808365744515 2.0820546750162467 5.3114375782012946 -1.66059907901455 -1.0252498707771303 0.30500543042363826 3.6847512292861939 -1.5691312175372554 -2.375720998764038 0.037881780998099288 1.4474577777607498 0.17046766464357024 3.1057296168804172 -1.2780769506396166 0.063527515716850766 -4.1068821867307035
leaf_weight=8660 21 35 20 24 22 24 24 36 34 25 26 20 35 20 40 21 33 24 20 34 20 28 65 22 20 20 21 28 23 35 20 26 20 41 65 21 33 37 45 50 22 20 29 23 657 84 74 61 20 71 25 798 40 58 25 467 86 135 30 229 64 24
leaf_count=8660 21 35 20 24 22 24 24 36 34 25 26 20 35 20 40 21 33 24 20 34 20 28 65 22 20 20 21 28 23 35 20 26 20 41 65 21 33 37 45 50 22 20 29 23 657 84 74 61 20 71 25 798 40 58 25 467 86 135 30 229 64 24
internal_value=0.0121199 3.09605 2.25073 1.81304 -5.18484 2.27488 6.42005 1.82133 10.0123 4.97176 5.46683 8.8423 6.12503 4.43117 1.32046 5.0454 4.07738 -0.998632 6.05911 6.13596 4.91761 6.05923 1.69044 2.24274 1.95648 -3.08698 -0.32707 2.4698 2.48737 2.15928 9.83829 -2.23049 7.76003 -0.302104 0.324948 2.64759 1.86238 -0.356114 4.042 3.23218 3.00425 4.50879 6.03707 6.28026 -0.365743 0.132341 0.290887 0.135348 2.30075 -0.0157322 0.155651 0.0352177 1.87321 0.147604 -0.491701 -0.417848 -0.0362433 -0.184441 0.223064 -0.740842 0.168053 -1.07386
internal_weight=12880 1191 821 743 46 697 78 673 54 370 345 81 61 264 603 244 203 57 146 70 126 106 563 442 420 40 121 49 380 357 41 72 78 11689 1077 322 206 70 116 95 136 71 51 58 10612 1005 921 847 85 786 992 927 65 715 51 9607 947 861 497 364 886 88
internal_count=12880 1191 821 743 46 697 78 673 54 370 345 81 61 264 603 244 203 57 146 70 126 106 563 442 420 40 121 49 380 357 41 72 78 11689 1077 322 206 70 116 95 136 71 51 58 10612 1005 921 847 85 786 992 927 65 715 51 9607 947 861 497 364 886 88
is_linear=0
shrinkage=0.05


Tree=78
num_leaves=63
num_cat=0
split_feature=9 36 32 32 25 31 31 34 37 31 32 33 33 31 31 13 32 31 36 35 2 32 33 36 32 32 33 40 32 31 32 32 36 36 32 31 40 32 35 25 34 2 32 31 2 4 34 13 35 23 11 23 31 32 31 34 34 32 32 32 31 36
split_gain=4.50576e+06 783126 673586 1.1429e+06 557703 631648 509917 645530 728067 574180 476408 804509 1.0102e+06 966769 764041 789624 705105 466406 398916 346976 561878 566208 573387 603338 517620 486578 323330 265935 253093 638932 385208 537153 444774 270599 325474 215809 213925 193718 186851 168388 142273 121165 120356 137713 99423.4 99991.7 92154.4 90786.5 83766 83111.6 80641.1 144876 174541 153964 124323 111687 115320 111800 73398.3 107971 71204.6 175616
threshold=1.0000000180025095e-35 327.25000000000006 472.25000000000006 452.15000000000003 1.0000000180025095e-35 249.25000000000003 68.450000000000017 433.75000000000006 4.5000000000000009 449.65000000000003 124.75000000000001 347.65000000000003 241.45000000000002 332.65000000000003 86.450000000000017 1.0000000180025095e-35 146.55000000000004 124.45000000000002 146.36500000000004 500.15000000000003 1.0000000180025095e-35 246.25000000000003 341.15000000000003 267.12500000000006 354.00000000000006 190.35000000000005 132.60000000000002 4.5000000000000009 440.45000000000005 352.05000000000007 311.50000000000006 192.55000000000004 375.67500000000001 359.37500000000006 390.85000000000008 284.05000000000007 5.5000000000000009 207.75000000000003 274.05000000000007 1.0000000180025095e-35 470.05000000000007 1.0000000180025095e-35 151.05000000000004 241.95000000000002 1.0000000180025095e-35 1.0000000180025095e-35 328.60000000000008 1.0000000180025095e-35 634.45000000000016 1.0000000180025095e-35 1.0000000180025095e-35 1.0000000180025095e-35 79.15000000000002 301.65000000000003 397.25000000000006 64.750000000000014 136.55000000000004 464.15000000000003 421.65000000000003 148.95000000000002 453.05000000000007 325.81666666666672
decision_type=2 2 2 2 2 2 2 2 2 2 2 2 2 2 2 2 2 2 2 2 2 2 2 2 2 2 2 2 2 2 2 2 2 2 2 2 2 2 2 2 2 2 2 2 2 2 2 2 2 2 2 2 2 2 2 2 2 2 2 2 2 2
left_child=39 2 3 6 5 -3 18 8 9 10 11 12 13 35 -12 16 -16 36 -2 37 21 25 23 24 -23 -21 -25 -10 30 -30 31 32 -7 -32 -35 38 -18 -19 -8 44 41 50 -43 -44 48 46 47 49 -1 -46 51 52 53 -41 -52 57 -57 60 59 -58 -54 -62
right_child=1 4 -4 -5 -6 28 7 -9 27 -11 14 -13 -14 -15 15 -17 17 19 -20 20 -22 22 -24 26 -26 -27 -28 -29 29 -31 33 -33 -34 34 -36 -37 -38 -39 -40 40 -42 42 43 -45 45 -47 -48 -49 -50 -51 54 -53 55 -55 -56 56 58 -59 -60 -61 61 -63
leaf_value=-0.29592214032851621 2.1484613329172135 13.062270393371584 -5.9046577692031867 12.744337596343115 12.434845272699993 -2.5037549647001125 1.705345724229395 10.851964967901058 0.17927879333496094 8.6130412449707858 12.584992881048294 -7.1274533470471697 12.032957568480855 -9.6482786269414991 8.5045806138139035 9.8463198607166618 -0.042223519370669413 2.6439212931527032 -6.9217071462560584 2.1796796989440916 8.2147030094265947 1.6835130260104227 8.8099450836181656 7.1806744875446444 -9.0654518286387127 -7.596709202357701 0.25812658959546603 -7.6273514032363892 0.92233002704122802 12.262938520643447 -3.4584284918648858 10.739740676879883 5.2172699668190701 -0.86999312814544238 6.3404168359164537 5.3922646433115009 -7.1790719713483542 8.6333907571103836 -2.5932991104741254 -0.78438678601892986 4.4864797979593281 -1.2971176385879517 1.0250922196051655 5.7602546487535751 0.14022406078415001 -1.5257016456552916 2.006870245094031 -1.5415547933932898 -0.61270739127017915 2.0629334383231939 -0.19221830368041992 2.6418289947928049 0.1990682589637319 -6.1354251468181609 -4.7765858604794458 -3.8921428314277104 -2.986679691076279 4.1112283888317291 -2.8626996372057043 1.1422503120020815 5.7234859103248237 0.3618942378354924
leaf_weight=6543 22 20 25 26 24 26 137 22 20 37 21 30 21 21 38 36 21 27 27 20 25 21 25 31 24 35 37 24 23 27 28 30 66 34 29 32 21 27 31 41 20 20 34 28 715 84 71 74 3064 61 50 57 541 20 21 28 20 21 23 76 21 56
leaf_count=6543 22 20 25 26 24 26 137 22 20 37 21 30 21 21 38 36 21 27 27 20 25 21 25 31 24 35 37 24 23 27 28 30 66 34 29 32 21 27 31 41 20 20 34 28 715 84 71 74 3064 61 50 57 541 20 21 28 20 21 23 76 21 56
internal_value=0.0115139 2.94125 2.18568 2.42114 5.11689 4.49629 2.09893 2.4082 2.16442 2.54701 2.21744 0.595762 1.55319 0.55737 3.29591 2.79315 2.0718 1.29331 -2.84939 2.05054 1.16174 0.248145 1.95785 0.441898 -4.04927 -4.04166 3.41399 -4.07888 3.84488 7.04626 3.09338 4.92979 3.03524 0.631388 2.44908 1.62896 -3.61065 5.63866 0.912143 -0.286999 0.308701 0.229651 2.07558 3.16355 -0.347456 0.125724 0.276343 0.131793 -0.396956 0.291365 0.0744031 0.201839 0.0376363 -2.53883 -1.54816 0.237591 -1.00507 0.52346 -0.325753 0.282057 0.401546 1.82415
internal_weight=12880 1191 884 859 307 283 833 784 762 718 681 272 242 221 409 388 352 314 49 272 218 193 138 113 45 55 68 44 263 50 213 122 92 91 63 200 42 54 168 11689 1077 1057 82 62 10612 1005 921 850 9607 776 975 904 847 61 71 786 147 639 119 96 618 77
internal_count=12880 1191 884 859 307 283 833 784 762 718 681 272 242 221 409 388 352 314 49 272 218 193 138 113 45 55 68 44 263 50 213 122 92 91 63 200 42 54 168 11689 1077 1057 82 62 10612 1005 921 850 9607 776 975 904 847 61 71 786 147 639 119 96 618 77
is_linear=0
shrinkage=0.05


Tree=79
num_leaves=63
num_cat=0
split_feature=25 34 2 7 33 23 33 31 31 13 32 34 36 33 33 28 24 34 2 36 32 36 37 32 32 32 11 31 24 10 7 32 31 32 32 33 5 34 34 33 31 33 34 34 32 37 40 32 32 36 32 31 34 34 36 40 31 31 31 37 31 28
split_gain=298955 491527 188138 229549 200052 183367 281268 171664 149896 152610 172626 149407 167391 148428 156923 122667 122395 111813 110619 107034 132145 105297 99290.3 190996 250233 92839.1 103002 116453 91137.1 130530 109682 84209.9 84009.2 81647 81447.1 75285.7 72557.4 391946 134774 591438 264063 100194 76220.7 148355 105331 67422.8 94988.9 62702.2 330616 313006 142679 120038 77581 274225 79552.8 77822.7 85664.6 116127 82909.6 72948.6 120566 105381
threshold=1.0000000180025095e-35 470.05000000000007 1.0000000180025095e-35 1.0000000180025095e-35 493.55000000000007 1.0000000180025095e-35 131.25000000000003 66.450000000000017 175.25000000000003 1.0000000180025095e-35 188.45000000000002 373.75000000000006 292.81666666666672 477.05000000000001 460.75000000000006 1.0000000180025095e-35 1.0000000180025095e-35 164.90000000000003 1.0000000180025095e-35 304.74166666666673 438.45000000000005 173.80833333333337 3.5000000000000004 286.45000000000005 427.95000000000005 475.15000000000003 1.0000000180025095e-35 469.35000000000008 1.0000000180025095e-35 1.0000000180025095e-35 1.0000000180025095e-35 472.25000000000006 346.75000000000006 300.05000000000007 394.45000000000005 336.15000000000003 1.0000000180025095e-35 447.55000000000007 472.60000000000008 189.45000000000002 241.95000000000002 446.75000000000006 447.55000000000007 432.90000000000003 228.75000000000003 3.5000000000000004 3.5000000000000004 467.75000000000006 460.60000000000008 286.35833333333341 492.35000000000008 373.85000000000008 57.850000000000009 233.65000000000001 272.71250000000003 4.5000000000000009 286.05000000000007 202.65000000000001 332.65000000000003 4.5000000000000009 254.15000000000001 1.0000000180025095e-35
decision_type=2 2 2 2 2 2 2 2 2 2 2 2 2 2 2 2 2 2 2 2 2 2 2 2 2 2 2 2 2 2 2 2 2 2 2 2 2 2 2 2 2 2 2 2 2 2 2 2 2 2 2 2 2 2 2 2 2 2 2 2 2 2
left_child=2 5 4 8 36 7 -7 21 15 10 35 13 -13 14 18 31 22 -5 19 20 28 -2 -12 -24 -25 26 27 -21 29 30 -9 45 -8 -11 -20 -10 38 41 42 -40 -41 -38 43 47 -44 -4 -47 48 59 -50 52 -51 54 -54 -49 56 57 -56 -57 -1 61 -61
right_child=1 -3 3 17 -6 6 32 11 9 33 16 12 -14 -15 -16 -17 -18 -19 34 25 -22 -23 23 24 -26 -27 -28 -29 -30 -31 -32 -33 -34 -35 -36 -37 37 -39 39 40 -42 -43 44 -45 -46 46 -48 50 49 51 -52 -53 53 -55 55 58 -58 -59 -60 60 -62 -63
leaf_value=-0.091391190713755233 -0.28054216480255129 7.5727112155694236 -0.50959877174431356 1.9190112084026136 3.644907694544111 -1.0069383841973765 2.9856031870841981 -0.1488020488780063 0.35891831414840114 -0.012191150043949937 1.4545285376446759 5.6455709333221122 0.16428734522599442 -3.0787925498238931 4.8267200163432529 -3.970844252109528 -0.65122698762632436 5.9570804595947271 1.2201138474724509 0.66801718976891156 -3.4514269045421053 -5.0234546726400211 6.7196704232692728 -0.25803763151168824 6.0639694452285768 4.2817274093627935 -2.2268314933776856 3.6476485456626579 2.1748636610964511 -3.4449583649635316 2.8040441976976584 -3.3350124086652486 7.2959351979769203 -3.7196549689328231 5.0047885917481922 -2.2370125932078206 -0.28994845221213328 -7.3036987974530181 9.330909680128098 3.1651149285691127 -4.44030703997612 -2.6795925799919211 -4.456636779072384 3.2427431492191374 -0.012584498723347982 -0.92714938620726262 3.2069525426987449 1.2502023235839959 8.618593624830245 -0.78280320872863141 1.0529829905554653 4.2179858823120595 -7.4242577663489762 0.39948681692282362 -1.3937307149171829 -3.8081894622165331 -1.8265453334649404 3.9298467238744106 -0.7403030076622964 -0.38162091678843418 -1.8374484681162486 3.5482334023714071
leaf_weight=8734 25 26 178 60 35 27 20 419 282 33 201 30 26 29 21 25 47 24 44 206 28 22 30 45 24 21 25 39 47 28 34 21 26 27 21 31 945 21 20 21 25 46 24 33 30 24 33 34 20 30 80 20 21 24 20 49 45 21 40 116 157 20
leaf_count=8734 25 26 178 60 35 27 20 419 282 33 201 30 26 29 21 25 47 24 44 206 28 22 30 45 24 21 25 39 47 28 34 21 26 27 21 31 945 21 20 21 25 46 24 33 30 24 33 34 20 30 80 20 21 24 20 49 45 21 40 116 157 20
internal_value=0.0109382 0.775176 -0.0649898 0.562188 -0.129 0.619872 3.0441 0.453705 0.351512 0.733751 0.953233 0.590103 3.10069 0.443957 0.553453 -0.62789 1.72123 3.07275 0.455055 0.302508 -0.10412 -2.50063 2.09291 3.38903 1.94092 1.07943 0.830367 1.14233 0.0733886 -0.131953 0.0728244 -0.30143 5.42188 -1.68055 2.44285 0.101813 -0.141465 -0.544111 -0.0989489 2.1527 -0.968267 -0.40087 -0.114562 -0.103874 -1.98772 -0.0303435 1.46628 -0.115585 -0.0908812 3.33211 -0.788419 1.21751 -1.36839 -3.25159 -0.962913 -1.39289 -0.32026 1.33298 -2.42936 -0.117425 -0.893457 0.196299
internal_weight=12880 1164 11716 1085 10631 1138 73 1065 1001 720 660 1018 56 962 933 281 347 84 912 847 556 47 300 99 69 291 270 245 528 481 453 256 46 60 65 313 10596 1012 9584 66 46 991 9518 9464 54 235 57 9431 9097 70 334 50 254 45 209 175 86 41 89 9027 293 136
internal_count=12880 1164 11716 1085 10631 1138 73 1065 1001 720 660 1018 56 962 933 281 347 84 912 847 556 47 300 99 69 291 270 245 528 481 453 256 46 60 65 313 10596 1012 9584 66 46 991 9518 9464 54 235 57 9431 9097 70 334 50 254 45 209 175 86 41 89 9027 293 136
is_linear=0
shrinkage=0.05


Tree=80
num_leaves=63
num_cat=0
split_feature=9 36 31 31 36 6 39 35 36 36 40 34 34 35 35 31 33 37 36 35 31 40 31 31 31 35 33 33 31 36 36 35 35 35 33 35 36 36 31 36 23 36 35 36 33 35 35 36 36 39 31 35 35 11 36 31 36 31 34 10 36 34
split_gain=3.39258e+06 903773 1.1332e+06 1.03901e+06 896183 866444 859141 812207 1.08111e+06 753958 382752 999539 733504 565202 1.03872e+06 415386 359470 345752 327073 531558 509072 415336 316395 312082 276895 274361 270869 408367 446664 213354 358370 191901 183888 154542 258593 150888 142765 353375 196235 125396 102892 102449 99950.9 94060.5 90797.4 85989.9 72561.2 63020.7 59022.6 56002.9 79202.6 92969.1 93642.7 64056.1 67549.7 102738 54137.8 51455.3 65540.6 50907.3 49343.1 48399.7
threshold=1.0000000180025095e-35 291.72500000000008 449.65000000000003 383.55000000000007 264.71666666666675 1.0000000180025095e-35 1.0000000180025095e-35 856.40000000000009 254.65000000000006 299.01666666666671 4.5000000000000009 221.00000000000003 278.25000000000006 701.45000000000016 488.05000000000007 216.75000000000003 95.300000000000026 3.5000000000000004 312.83333333333337 918.1500000000002 286.05000000000007 4.5000000000000009 107.15000000000002 89.950000000000017 476.05000000000007 711.55000000000007 344.35000000000008 193.85000000000005 198.45000000000002 221.75000000000003 261.0750000000001 422.45000000000005 441.75000000000006 976.85000000000002 414.75000000000006 379.85000000000008 369.95000000000005 412.12500000000006 399.25000000000006 373.83333333333337 1.0000000180025095e-35 336.08750000000003 344.05000000000001 344.31666666666672 384.15000000000003 546.85000000000002 1211.5500000000002 315.3250000000001 178.41250000000005 1.0000000180025095e-35 114.15000000000002 476.45000000000005 436.35000000000008 1.0000000180025095e-35 269.52000000000004 345.15000000000003 261.0750000000001 202.65000000000001 457.05000000000007 1.0000000180025095e-35 415.47500000000008 368.40000000000003
decision_type=2 2 2 2 2 2 2 2 2 2 2 2 2 2 2 2 2 2 2 2 2 2 2 2 2 2 2 2 2 2 2 2 2 2 2 2 2 2 2 2 2 2 2 2 2 2 2 2 2 2 2 2 2 2 2 2 2 2 2 2 2 2
left_child=40 2 3 6 -5 9 10 26 -9 -3 12 17 13 14 22 -15 -16 23 19 -11 44 24 -2 -12 36 29 27 28 32 31 -31 42 -8 39 -35 48 38 -38 43 -23 45 46 -25 -22 -20 49 61 -48 -24 -1 51 52 -51 54 55 -52 -47 58 59 -58 -41 -42
right_child=1 5 -4 4 -6 -7 7 8 -10 18 11 -13 -14 15 16 -17 -18 -19 20 -21 21 33 35 25 -26 -27 -28 -29 -30 30 -32 -33 -34 34 -36 -37 37 -39 -40 60 41 -43 -44 -45 -46 56 47 -49 -50 50 53 -53 -54 -55 -56 -57 57 -59 -60 -61 -62 -63
leaf_value=-0.30979985197387117 -3.2872441407293085 14.251613192331224 11.944401336669923 -11.302393442789715 2.3616049528121947 -3.2860719614169178 1.7543903260003952 14.262159979037751 2.1574650042397638 5.9419599574545154 7.526373409926892 12.246161874135336 -9.7155862808227553 9.7070949554443366 -13.230444911718369 0.28682582074403767 -3.7505917274951934 -4.1556657918294269 12.735790376663209 -4.8077462030493692 0.58922654581921441 2.6095987372928198 -0.47832419688885031 0.54143918050384077 -3.1206545352935793 -3.80731157889733 -2.8418668309847517 8.0813677130074346 6.4872429199218749 7.6417723864316942 -0.76422643022877834 -3.4071177024841313 -4.4840467258735943 11.484436271930564 4.4680780728658043 6.237571316673642 -2.8009924338414121 5.3659056486906831 8.9674767303466805 8.293417187531789 -0.12351486974769287 1.098236042916261 4.6792183959484097 5.3803884553909302 7.9714068222045897 -0.29028611286682698 3.1107171058654788 -0.2787007431189219 2.7289162687957287 -0.68862296059939787 0.26149313361374377 1.7261157064824493 -4.149990308426676 -0.38456953320207088 0.953086856140693 -2.5435085460117888 -0.7990910603815029 -0.56477246278075877 -3.7813994281965755 -2.598736556172371 5.300403418540955 -2.0780472719420988
leaf_weight=4749 32 21 25 30 20 34 21 39 35 23 20 21 22 22 20 25 20 30 20 23 21 36 26 54 20 26 24 29 25 32 21 25 27 29 24 21 26 27 20 21 788 232 20 20 20 1657 32 24 32 281 485 37 21 318 375 35 310 2272 23 45 40 33
leaf_count=4749 32 21 25 30 20 34 21 39 35 23 20 21 22 22 20 25 20 30 20 23 21 36 26 54 20 26 24 29 25 32 21 25 27 29 24 21 26 27 20 21 788 232 20 20 20 1657 32 24 32 281 485 37 21 318 375 35 310 2272 23 45 40 33
internal_value=-0.0381168 2.53037 1.47961 1.11575 -5.83679 4.3698 1.63537 4.37922 8.53697 5.03553 0.465284 1.80791 -1.05432 -0.0919592 -1.58235 4.69631 -8.49052 0.846489 4.51246 0.567107 5.0726 4.32879 0.907082 1.60439 2.30576 0.939 1.93737 3.0619 1.06786 1.75087 4.31109 0.380244 -1.75473 6.13604 8.30722 2.60605 3.25776 1.3595 4.90707 4.94973 -0.294373 0.163877 1.65976 2.92638 10.3536 -0.34228 -0.0832966 1.65811 1.29119 -0.224585 0.0361658 -0.639488 -0.929314 0.224992 0.441574 0.0726949 -0.514465 -0.65464 -1.1948 -1.02722 6.33079 -0.202077
internal_weight=12886 1169 744 719 50 425 669 200 74 391 469 249 220 198 151 47 40 228 370 46 324 284 111 198 134 178 126 102 73 152 53 99 48 150 53 79 114 53 61 97 11717 1109 74 41 40 10608 877 56 58 6301 1552 339 302 1213 895 520 4307 2650 378 355 61 821
internal_count=12886 1169 744 719 50 425 669 200 74 391 469 249 220 198 151 47 40 228 370 46 324 284 111 198 134 178 126 102 73 152 53 99 48 150 53 79 114 53 61 97 11717 1109 74 41 40 10608 877 56 58 6301 1552 339 302 1213 895 520 4307 2650 378 355 61 821
is_linear=0
shrinkage=0.05


Tree=81
num_leaves=63
num_cat=0
split_feature=9 32 32 36 36 32 39 36 25 36 36 34 40 40 24 36 33 33 36 24 36 36 36 36 32 38 33 36 36 36 36 32 36 36 36 32 36 32 36 40 2 36 32 40 33 33 32 25 33 33 34 7 36 25 32 33 25 34 36 32 33 33
split_gain=3.0618e+06 858632 990874 1.19203e+06 769972 1.44372e+06 672309 640817 656902 624332 621952 617701 694406 500562 418369 446899 377073 496808 362411 348663 351944 353766 501753 344147 188959 187545 354591 563620 187114 222084 337853 178836 300959 173852 161525 146242 560052 167671 141928 119456 102121 84293.6 62949.2 62106.6 61438 61102.1 61435.4 70471 120591 123919 87209.6 87754.5 57813.4 56044.4 78272.9 48006.2 88523.7 43730.4 43236 65349.2 84320.1 110220
threshold=1.0000000180025095e-35 436.85000000000008 472.25000000000006 324.15000000000009 272.71250000000003 405.75000000000006 1.0000000180025095e-35 199.61000000000004 1.0000000180025095e-35 249.31250000000003 279.31666666666672 61.500000000000007 4.5000000000000009 4.5000000000000009 1.0000000180025095e-35 247.31666666666669 173.30000000000004 280.95000000000005 156.18750000000003 1.0000000180025095e-35 280.54166666666674 290.52500000000003 299.01666666666671 239.38333333333335 249.75000000000003 1.0000000180025095e-35 142.95000000000002 347.55833333333339 225.04166666666671 211.74500000000003 196.92000000000004 97.65000000000002 171.15833333333333 322.91666666666674 318.41250000000008 270.45000000000005 359.37500000000006 336.25000000000006 171.15833333333333 4.5000000000000009 1.0000000180025095e-35 345.92500000000007 163.15000000000001 2.5000000000000004 376.35000000000008 493.55000000000007 367.75000000000006 1.0000000180025095e-35 465.55000000000007 423.25000000000006 362.30000000000007 1.0000000180025095e-35 126.87500000000001 1.0000000180025095e-35 376.45000000000005 394.35000000000008 1.0000000180025095e-35 468.70000000000005 91.737500000000011 83.050000000000011 338.05000000000007 279.05000000000007
decision_type=2 2 2 2 2 2 2 2 2 2 2 2 2 2 2 2 2 2 2 2 2 2 2 2 2 2 2 2 2 2 2 2 2 2 2 2 2 2 2 2 2 2 2 2 2 2 2 2 2 2 2 2 2 2 2 2 2 2 2 2 2 2
left_child=40 4 10 -4 5 6 11 18 9 16 -3 14 -13 -12 15 23 -9 -18 -8 20 -6 24 -23 28 -22 26 33 34 29 30 31 32 43 -24 -28 36 -35 -37 -33 -17 45 42 -42 -2 -43 46 47 57 49 50 51 58 -45 -44 -55 -48 -57 -1 -49 -60 61 -61
right_child=1 2 3 -5 19 -7 7 8 -10 -11 13 12 -14 -15 -16 39 17 -19 -20 -21 21 22 25 -25 -26 -27 27 -29 -30 -31 -32 38 -34 35 -36 37 -38 -39 -40 -41 41 44 53 52 -46 -47 55 48 -50 -51 -52 -53 -54 54 -56 56 -58 -59 59 60 -62 -63
leaf_value=-0.30245180018647488 -1.8438827151343937 15.561026142261648 -8.5764626730056044 7.7354432827482631 8.9533261447912089 -12.113881919497537 3.2590266012376357 1.3750500679016113 13.264680236816407 -3.4362652551560178 2.1188999019563197 -10.102834389127535 0.93632646884237014 11.108887036641439 -5.602684684421706 2.5250617027282716 15.013544683456423 4.0024194297336395 -4.7455911838091343 -1.664960435231527 -3.6833072106043496 10.875327204704284 8.1489065307837265 -5.4416847662492236 2.7319713874296712 7.3193279069045492 -0.35523546298344932 5.3350468635559087 4.9321424927030293 -3.128034837105695 7.0879811503670442 0.13468424896507158 7.3265074013173574 -4.4744514968584888 -5.9245696648307469 9.4105394172668451 4.6262194437523414 3.7545840181802448 -4.6757577512575237 7.3213634231949563 -0.57260062897957009 0.68087906404580489 0.11685077383685015 0.0077227417575685608 2.9190228916503287 -2.4753444202018509 -0.498130599064595 -1.4477392548008972 3.5361009441889255 -3.1321684212520204 -1.9809003441832786 2.4495458600313769 3.0019536750657219 3.0617538412412006 -0.72449701740628203 -0.89524195198406731 -3.8731133296571927 -1.757068512760676 0.92690347690523289 -0.16218546304169676 -2.4022545833845399 3.2390409231185915
leaf_weight=8105 21 27 21 24 32 21 31 23 25 21 32 29 28 30 23 21 20 21 26 30 24 25 26 22 22 29 30 36 28 34 22 46 20 22 23 20 73 38 23 34 339 179 486 38 37 33 1449 38 26 29 43 46 28 39 21 179 29 52 240 284 37 26
leaf_count=8105 21 27 21 24 32 21 31 23 25 21 32 29 28 30 23 21 20 21 26 30 24 25 26 22 22 29 30 36 28 34 22 46 20 22 23 20 73 38 23 34 339 179 486 38 37 33 1449 38 26 29 43 46 28 39 21 179 29 52 240 284 37 26
internal_value=-0.0362109 2.40385 6.16988 0.123221 1.91627 0.766541 1.22971 3.91047 6.14003 4.04454 9.22718 0.156118 -4.68009 6.46889 0.92185 1.36714 6.49919 9.3737 -0.392203 3.5339 3.92382 3.48647 4.07241 0.563032 -0.61513 3.49977 3.08646 0.507186 1.07112 0.605139 1.24619 0.515965 1.79586 4.3689 -2.77212 3.72654 2.5187 5.70491 -1.4688 5.49005 -0.279655 0.178704 -0.037433 0.524444 1.06426 -0.327192 -0.320493 -0.268588 0.188972 0.0718455 0.201981 0.341867 1.278 0.294841 1.73657 -0.600096 -1.31043 -0.311725 0.186742 0.292552 -0.146193 0.123079
internal_weight=12886 1169 134 45 1035 605 584 167 110 85 89 417 57 62 360 337 64 41 57 430 400 368 322 282 46 297 268 89 260 232 198 176 107 179 53 153 95 58 69 55 11717 1101 885 87 216 10616 10583 8926 769 743 714 671 66 546 60 1657 208 8157 625 587 347 310
internal_count=12886 1169 134 45 1035 605 584 167 110 85 89 417 57 62 360 337 64 41 57 430 400 368 322 282 46 297 268 89 260 232 198 176 107 179 53 153 95 58 69 55 11717 1101 885 87 216 10616 10583 8926 769 743 714 671 66 546 60 1657 208 8157 625 587 347 310
is_linear=0
shrinkage=0.05


Tree=82
num_leaves=63
num_cat=0
split_feature=7 32 21 34 34 36 33 36 32 40 36 34 33 32 33 36 35 25 36 24 40 34 23 36 8 35 36 35 33 33 33 33 37 35 32 35 36 40 34 34 36 40 35 34 34 36 35 36 34 32 33 33 32 33 32 34 33 32 32 32 36 34
split_gain=218607 157132 155788 300350 204961 160098 161866 146564 141100 157310 135782 124611 124247 156566 116170 114029 109665 105728 119983 200420 345754 255859 191158 137885 203311 137919 294009 114852 112972 106074 191141 231384 166288 113346 223252 105680 105528 103853 103088 255984 234058 152147 138508 177669 165304 180520 128896 214480 180308 178210 154158 186518 490103 156619 137288 133823 142661 121386 176001 126835 127469 311450
threshold=1.0000000180025095e-35 383.75000000000006 1.0000000180025095e-35 436.30000000000001 203.50000000000003 316.95000000000005 433.05000000000007 246.32500000000005 417.95000000000005 1.0000000180025095e-35 404.10000000000008 104.20000000000002 192.65000000000001 144.15000000000001 389.75000000000006 225.04166666666671 541.75000000000011 1.0000000180025095e-35 204.23333333333338 1.0000000180025095e-35 4.5000000000000009 449.15000000000003 1.0000000180025095e-35 216.95833333333334 1.0000000180025095e-35 1077.8500000000001 283.94500000000005 861.75000000000011 495.00000000000006 423.25000000000006 237.55000000000004 103.30000000000003 3.5000000000000004 711.55000000000007 410.75000000000006 706.35000000000014 371.92500000000007 3.5000000000000004 54.150000000000006 97.350000000000009 198.32500000000005 4.5000000000000009 1352.45 473.9500000000001 119.65000000000002 218.3366666666667 976.85000000000002 231.85000000000005 252.60000000000005 94.15000000000002 163.20000000000002 215.65000000000001 417.95000000000005 107.85000000000001 362.55000000000007 227.45000000000002 412.95000000000005 455.45000000000005 473.65000000000003 417.95000000000005 342.55000000000007 433.75000000000006
decision_type=2 2 2 2 2 2 2 2 2 2 2 2 2 2 2 2 2 2 2 2 2 2 2 2 2 2 2 2 2 2 2 2 2 2 2 2 2 2 2 2 2 2 2 2 2 2 2 2 2 2 2 2 2 2 2 2 2 2 2 2 2 2
left_child=17 2 3 5 14 6 12 -6 -3 -10 11 -11 16 35 15 -4 -2 28 -19 21 -21 22 23 -20 25 29 -27 -24 38 30 31 33 -32 34 -25 -14 -35 -26 -1 40 -40 -42 43 44 45 -41 47 -46 -49 -48 53 52 -52 -51 -55 56 -53 59 -59 60 61 -44
right_child=1 8 4 -5 7 -7 -8 -9 9 10 -12 -13 13 -15 -16 -17 -18 18 19 20 -22 -23 27 24 37 26 -28 -29 -30 -31 32 -33 -34 36 -36 -37 -38 -39 39 42 41 -43 57 -45 46 -47 49 48 -50 50 51 55 -54 54 -56 -57 -58 58 -60 -61 -62 -63
leaf_value=-0.099810234744087553 0.0064476276291351694 3.7554504537582396 1.0261829413686481 -6.0170933485031135 1.746916473388672 1.4069279804890975 -3.875903844833374 7.2171551128228506 4.7513392026225727 0.69784053651297961 3.6403921035619882 -2.902395711050314 1.2548073130846025 0.14098447613094164 3.9018968928943987 -2.5767371216788888 -1.8662612669808525 -0.49094228039218768 3.3593952256441115 2.2593705278855785 -5.2256157769097227 5.7923665748192716 1.5101831383175321 0.43580642611156278 0.23724693457285562 6.2455454632639889 0.50949832909816029 6.3183469046717109 3.1432614647425137 -3.3221483254432678 4.9609555770189333 -3.5216441536233543 -0.39948575159777766 4.7725098454035253 -4.5262514362335207 6.3332903566814611 0.59216785315010279 -4.2103957387379243 -0.14714488346615565 -1.1109362071622975 -2.8327614956272722 -7.7706317893587631 -0.58408917147537753 2.7696842444909588 -0.64797911040120404 5.026957797527313 -4.6401193216825147 0.16259650639865711 6.6539152158051742 -0.53655064251364737 -0.99944659739732744 -1.2679551466203789 8.2616540184617033 -1.6785887436630826 -6.6177797471775737 -0.51019818877720313 -5.061345469645965 6.1619622520454556 0.30508132165875934 -2.7567488087040761 -0.47663472020312359 7.4113143949281612
leaf_weight=9335 306 65 70 20 25 200 29 24 24 82 26 34 20 92 22 32 105 296 40 27 36 26 27 243 21 32 74 23 26 20 39 42 23 26 25 21 36 35 46 23 39 26 29 37 244 25 39 23 20 41 50 68 20 24 34 230 39 23 29 31 76 21
leaf_count=9335 306 65 70 20 25 200 29 24 24 82 26 34 20 92 22 32 105 296 40 27 36 26 27 243 21 32 74 23 26 20 39 42 23 26 25 21 36 35 46 23 39 26 29 37 244 25 39 23 20 41 50 68 20 24 34 230 39 23 29 31 76 21
internal_value=-0.0344004 0.609153 0.329014 0.0324387 1.68846 0.18896 -0.23616 4.42622 1.78064 1.00737 0.374589 -0.357401 -0.0421299 1.28621 0.606604 -0.104145 -0.471982 -0.100303 0.368378 0.688326 -2.01776 0.921227 0.741836 0.514694 0.329974 0.617224 2.24114 3.72194 -0.148551 0.238073 0.402138 -0.0262395 2.9724 0.41863 -0.0270721 3.85598 2.34521 -2.54253 -0.156646 -0.585558 -2.87642 -4.80791 -0.359727 -0.624471 -0.76718 2.08588 -0.93178 -0.0741773 3.18181 -1.3834 -1.13239 -0.701961 1.64658 -2.90191 -4.57398 -1.18979 -2.65059 0.801857 2.89562 0.108379 0.813292 2.77398
internal_weight=12886 1197 966 793 173 773 573 49 231 166 142 116 544 133 124 102 411 11689 1091 795 63 732 706 656 616 560 106 50 10598 454 434 372 62 330 268 41 62 56 10572 1237 111 65 1126 917 880 48 832 287 43 545 506 407 70 99 58 337 107 209 52 157 126 50
internal_count=12886 1197 966 793 173 773 573 49 231 166 142 116 544 133 124 102 411 11689 1091 795 63 732 706 656 616 560 106 50 10598 454 434 372 62 330 268 41 62 56 10572 1237 111 65 1126 917 880 48 832 287 43 545 506 407 70 99 58 337 107 209 52 157 126 50
is_linear=0
shrinkage=0.05


Tree=83
num_leaves=63
num_cat=0
split_feature=9 31 7 36 34 12 32 37 31 31 36 32 32 32 33 35 35 33 33 31 31 21 34 31 40 31 36 35 33 33 39 33 31 31 35 40 36 31 36 36 33 23 2 7 32 32 2 32 33 34 31 13 32 32 34 33 31 36 36 7 31 33
split_gain=2.7516e+06 781952 893924 761375 706810 766881 678067 647670 708013 545203 489461 480794 994154 487437 899064 714246 494720 461453 539357 1.10437e+06 447715 443528 438828 412283 411299 372500 367368 588519 301858 681378 272075 258557 211175 168621 191700 116642 360408 119002 169912 121236 94747.1 103418 101930 94722.8 73118 71917.5 66646.9 64148.5 62293.9 59586.2 54678.1 51836.6 49700.7 52918 63862.7 86372.6 54062.6 99914.2 46976.9 94175.3 45749.6 44246.5
threshold=1.0000000180025095e-35 57.45000000000001 1.0000000180025095e-35 349.01666666666671 432.90000000000003 1.0000000180025095e-35 374.50000000000006 4.5000000000000009 254.15000000000001 70.850000000000009 215.85833333333338 452.15000000000003 407.65000000000003 120.85000000000001 347.65000000000003 675.1500000000002 425.85000000000008 341.15000000000003 139.95000000000002 421.15000000000003 184.85000000000005 1.0000000180025095e-35 157.80000000000004 164.25000000000003 4.5000000000000009 328.65000000000003 269.52000000000004 470.90000000000003 180.40000000000003 269.35000000000008 1.0000000180025095e-35 405.35000000000008 276.75000000000006 275.05000000000007 259.80000000000001 2.5000000000000004 384.55000000000007 370.35000000000008 388.85000000000008 412.12500000000006 495.00000000000006 1.0000000180025095e-35 1.0000000180025095e-35 1.0000000180025095e-35 164.85000000000005 373.00000000000006 1.0000000180025095e-35 478.45000000000005 296.75000000000006 468.70000000000005 191.45000000000002 1.0000000180025095e-35 57.20000000000001 142.45000000000002 1.0000000180025095e-35 170.30000000000004 332.65000000000003 282.87083333333339 230.82500000000005 1.0000000180025095e-35 236.25000000000003 394.35000000000008
decision_type=2 2 2 2 2 2 2 2 2 2 2 2 2 2 2 2 2 2 2 2 2 2 2 2 2 2 2 2 2 2 2 2 2 2 2 2 2 2 2 2 2 2 2 2 2 2 2 2 2 2 2 2 2 2 2 2 2 2 2 2 2 2
left_child=40 -2 3 4 5 7 22 9 -9 -3 -7 12 13 14 15 16 33 18 19 24 -14 28 -4 -19 30 -5 27 -26 -20 -30 32 -25 -15 34 -11 36 -27 -37 -39 -40 41 45 43 47 -45 49 61 52 -44 51 -51 -1 -43 56 -55 -56 60 -58 -48 -60 -54 -47
right_child=1 2 6 25 -6 10 -8 8 -10 11 -12 -13 20 17 -16 -17 -18 23 21 -21 -22 -23 -24 31 26 35 -28 -29 29 -31 -32 -33 -34 -35 -36 37 -38 38 39 -41 -42 42 48 44 -46 46 58 -49 -50 50 -52 -53 53 54 55 -57 57 -59 59 -61 -62 -63
leaf_value=-0.19925866926498581 -7.2807594627851531 -5.3342764205932625 0.911958220269945 9.8523299479484567 9.1814838409423825 1.2274068334828252 14.089041101015532 0.88645283699035637 -11.258619346618653 1.5216355565090141 -8.1621505437578481 7.979262660531437 -10.901281623840333 1.5406753693857502 -8.979470521753484 10.631308422088622 -6.7397476196289068 12.654385616468346 -3.6315846261524016 15.317392196655275 -0.77205018997192387 -6.6187198964032268 9.5350103912353514 7.6253200909187058 2.6055775176242202 -2.8153052786122199 -0.39333653016523884 11.849722062457692 8.845355010897455 -2.3953979240014003 5.1326353354887537 0.34039969046910606 -4.3438885092735289 4.5585735760025079 -3.7689103758335118 1.5449905065389782 5.7020849157262736 8.4521715679476355 0.72233050346374517 5.1906094165075398 -2.9804281651973725 0.46836460611944086 0.96190128730876112 -0.66602600669860845 2.5226999018806966 -0.63779654658505658 2.1552133079904778 2.2765857009217143 3.9234505937649651 -3.7129184772139014 -0.69261653853017235 -0.62142086447693312 -1.3397674203896133 0.19906695935303573 -3.1157820869136503 -0.33843551822330642 -4.7794949035644532 -0.038114395141601566 -0.45570556914264504 2.8010735845565797 1.0450709056854248 -1.4926319587351271
leaf_weight=8085 21 25 36 30 28 23 26 30 20 119 35 34 20 31 22 20 20 23 21 20 24 22 25 29 36 23 22 33 28 26 22 21 30 37 20 26 27 31 20 63 32 237 56 25 64 1211 26 28 26 23 43 799 61 378 37 115 25 20 198 25 30 173
leaf_count=8085 21 25 36 30 28 23 26 30 20 119 35 34 20 31 22 20 20 23 21 20 24 22 25 29 36 23 22 33 28 26 22 21 30 37 20 26 27 31 20 63 32 237 56 25 64 1211 26 28 26 23 43 799 61 378 37 115 25 20 198 25 30 173
internal_value=-0.0326804 2.28047 2.45538 2.05584 1.37079 1.10179 7.32783 1.52741 -3.97158 1.91741 -4.43871 2.18402 1.87901 2.40929 0.649775 1.63053 0.712085 3.55974 2.66809 4.1902 -5.37625 -0.376139 4.446 7.11416 2.91121 4.67462 5.23284 7.02669 1.45502 3.43314 0.36581 4.56565 -1.35337 1.55888 0.760406 3.85709 1.78409 4.59744 5.29362 4.11392 -0.263463 -0.256022 0.204941 0.068597 1.62699 -0.304022 -0.609164 -0.0803794 1.90093 -0.248347 -1.74515 -0.237227 -0.153464 -0.374745 -0.148975 -1.0145 -1.25458 -2.67221 0.143906 -0.0905958 -0.553557 -0.744651
internal_weight=12886 1169 1148 1061 841 813 87 755 50 705 58 680 646 602 238 216 196 364 291 194 44 97 61 73 174 220 91 69 75 54 83 50 61 176 139 190 50 140 114 83 11717 11685 1102 1020 89 10583 1633 931 82 8950 66 8884 903 666 530 152 136 45 249 223 91 1384
internal_count=12886 1169 1148 1061 841 813 87 755 50 705 58 680 646 602 238 216 196 364 291 194 44 97 61 73 174 220 91 69 75 54 83 50 61 176 139 190 50 140 114 83 11717 11685 1102 1020 89 10583 1633 931 82 8950 66 8884 903 666 530 152 136 45 249 223 91 1384
is_linear=0
shrinkage=0.05


Tree=84
num_leaves=63
num_cat=0
split_feature=9 32 32 21 36 31 32 36 39 35 12 31 31 31 32 24 31 36 33 32 34 34 21 31 36 32 31 35 35 31 32 32 31 36 35 35 35 31 32 36 32 2 32 36 35 25 31 36 32 32 31 25 31 31 33 33 31 33 34 36 35 31
split_gain=2.48332e+06 730734 895269 1.17336e+06 1.03496e+06 806173 546952 488275 719908 704581 507001 431134 1.02295e+06 675425 440519 322598 513387 1.10675e+06 598499 883827 454009 321820 328459 373730 911816 262775 255598 246606 416618 364836 267790 439194 287233 212599 200025 192720 161971 133309 115794 114787 87489.5 86170 85406.8 74136.7 72123.8 59152 67103.4 63415.4 54608.4 51441 79460.4 117066 64256 90575.4 50885.6 49474.4 44288.6 42564.2 40953.1 36008.3 36006.6 60119.9
threshold=1.0000000180025095e-35 436.85000000000008 472.25000000000006 1.0000000180025095e-35 324.15000000000009 59.050000000000004 457.45000000000005 269.52000000000004 1.0000000180025095e-35 976.85000000000002 1.0000000180025095e-35 223.55000000000004 363.75000000000006 100.25000000000001 167.95000000000002 1.0000000180025095e-35 477.45000000000005 406.92500000000001 433.05000000000007 315.15000000000003 403.65000000000003 225.90000000000003 1.0000000180025095e-35 435.95000000000005 393.56666666666672 144.15000000000001 256.05000000000007 779.25000000000011 664.45000000000016 319.95000000000005 293.95000000000005 227.20000000000002 241.95000000000002 227.41666666666669 274.05000000000007 918.1500000000002 849.65000000000009 152.45000000000002 246.25000000000003 290.52500000000003 336.25000000000006 1.0000000180025095e-35 221.85000000000005 345.92500000000007 490.15000000000009 1.0000000180025095e-35 323.85000000000008 342.55000000000007 163.15000000000001 450.50000000000006 434.35000000000008 1.0000000180025095e-35 243.95000000000002 135.75000000000003 376.35000000000008 495.00000000000006 101.90000000000002 125.7 471.55000000000007 270.65833333333336 398.50000000000006 205.95000000000002
decision_type=2 2 2 2 2 2 2 2 2 2 2 2 2 2 2 2 2 2 2 2 2 2 2 2 2 2 2 2 2 2 2 2 2 2 2 2 2 2 2 2 2 2 2 2 2 2 2 2 2 2 2 2 2 2 2 2 2 2 2 2 2 2
left_child=41 5 3 6 -4 -2 -3 8 9 10 27 13 14 -10 -13 16 18 -18 20 -20 21 22 23 26 -25 -15 -9 28 29 30 31 32 34 -27 -7 39 -29 -36 -30 -28 42 44 -41 48 45 -1 -47 -48 56 50 51 -50 53 -51 -45 58 -43 -52 59 -46 -58 -62
right_child=1 2 4 -5 -6 7 -8 15 11 -11 -12 12 -14 25 -16 -17 17 -19 19 -21 -22 -23 -24 24 -26 33 35 36 38 -31 -32 -33 -34 -35 37 -37 -38 -39 -40 40 -42 43 -44 54 55 46 47 -49 49 52 57 -53 -54 -55 -56 -57 60 -59 -60 -61 61 -63
leaf_value=-0.21600169292340793 -6.9764177414087145 0.55599759606754084 -8.2131472496759326 17.483396302736722 6.986137441794078 1.2154537801084848 9.903089005371621 7.3686814989362448 8.2048471587044869 -7.145829073226813 -6.555990076065064 16.919075431823732 -1.9670620691208613 -5.5245928330854941 6.6660780646584259 -1.7378858966212118 -8.5662958984375006 6.8103752049532806 15.627631950378419 2.0107962521639737 -3.0708977737426757 9.7645822004838436 -2.6900707727670672 16.126586947441101 2.7435076604570661 4.3407632629076636 0.22420912231168441 -5.7555799938383565 8.8899811553955086 -5.4388931101018736 -3.4211614326194479 8.5574944994666353 4.8416782123286559 -2.6392484986782074 0.0053220930553617932 -1.8414502964019777 0.53159459114074703 -5.6285159877368383 3.5095950794219974 3.3884590399192009 1.0551882476806642 -2.0101892570372333 6.8108068576225866 0.65233834810430114 -0.26066363541831183 0.025971861314455065 3.9928508073801083 0.89737014098045165 0.36287185304764058 0.46146438235328313 -3.1915622779301236 2.8915669479622292 1.3719056916236878 -3.9168215557380961 2.6892262387920072 -2.6549099988937379 0.20821021905563369 -0.078090049909508755 -1.6083744001057412 -0.53674097724932268 1.3756227533022563 -1.3777219030140131
leaf_weight=5417 26 34 21 26 24 116 29 28 28 33 24 20 21 22 22 31 25 22 26 22 25 22 20 20 35 24 31 21 20 22 27 22 41 20 21 25 20 21 20 61 25 44 26 179 2230 262 21 78 382 21 21 52 20 27 37 25 157 23 72 2511 24 114
leaf_count=5417 26 34 21 26 24 116 29 28 28 33 24 20 21 22 22 31 25 22 26 22 25 22 20 20 35 24 31 21 20 22 27 22 41 20 21 25 20 21 20 61 25 44 26 179 2230 262 21 78 382 21 21 52 20 27 37 25 157 23 72 2511 24 114
internal_value=-0.0310463 2.16645 5.64069 8.54676 -0.106862 1.71665 4.85863 1.94065 0.965606 -0.141538 0.474839 3.84277 7.04328 1.69774 11.5485 3.18141 3.55066 -1.36871 4.18238 9.38658 3.39684 3.9487 3.47656 3.96792 7.61008 -1.06284 2.94589 0.95558 1.43756 0.732045 1.27947 1.85375 1.11264 1.16803 0.144972 2.20876 -2.68867 -2.8116 6.19979 2.91683 3.66211 -0.25029 4.41123 0.170753 -0.293957 -0.174703 0.445012 1.55399 -0.0319439 0.277535 0.460585 0.665849 -1.0092 -2.00132 1.00125 -0.436381 -0.530397 -1.56407 -0.424858 -0.406884 -0.309683 -0.898879
internal_weight=12886 1169 134 89 45 1035 63 1009 565 408 375 157 63 94 42 444 413 47 366 48 318 293 271 251 55 66 196 351 310 270 248 221 199 44 158 168 41 42 40 143 112 11717 87 1101 10616 5778 361 99 885 546 478 434 68 48 216 4838 339 44 4813 4741 295 138
internal_count=12886 1169 134 89 45 1035 63 1009 565 408 375 157 63 94 42 444 413 47 366 48 318 293 271 251 55 66 196 351 310 270 248 221 199 44 158 168 41 42 40 143 112 11717 87 1101 10616 5778 361 99 885 546 478 434 68 48 216 4838 339 44 4813 4741 295 138
is_linear=0
shrinkage=0.05


Tree=85
num_leaves=63
num_cat=0
split_feature=9 31 34 6 33 36 36 25 32 40 34 34 37 32 34 33 32 32 32 32 32 32 32 32 34 40 31 32 31 25 2 32 32 36 36 40 36 33 31 33 31 31 36 32 32 36 32 31 32 31 32 39 31 29 23 2 36 32 31 32 32 32
split_gain=2.31295e+06 630901 1.12925e+06 749690 873806 686969 1.95927e+06 548620 536056 532697 470044 1.6733e+06 623098 508872 745955 454176 398424 330173 928211 694562 687411 583641 624115 299764 407958 282475 384830 225021 220322 181751 198897 176333 135974 153580 157036 157728 130179 103237 155976 135790 175768 144931 140256 101257 171380 119448 108234 214357 93556.3 92858.6 76042 74474.6 168530 73897.9 71542.7 113211 67076.7 66143.3 59749.4 55859.9 49517.8 49419.4
threshold=1.0000000180025095e-35 223.55000000000004 399.55000000000007 1.0000000180025095e-35 170.30000000000004 270.65833333333336 286.35833333333341 1.0000000180025095e-35 407.65000000000003 4.5000000000000009 136.55000000000004 206.60000000000005 3.5000000000000004 192.55000000000004 326.7000000000001 265.65000000000003 365.75000000000006 223.45000000000002 119.35000000000001 68.15000000000002 254.95000000000002 146.55000000000004 183.65000000000001 303.10000000000008 157.80000000000004 5.5000000000000009 325.15000000000003 360.55000000000007 338.05000000000007 1.0000000180025095e-35 1.0000000180025095e-35 275.60000000000008 124.75000000000001 192.87500000000003 131.52500000000003 5.5000000000000009 304.74166666666673 465.55000000000007 268.45000000000005 381.90000000000003 164.25000000000003 408.95000000000005 262.35833333333341 467.75000000000006 436.85000000000008 312.83333333333337 397.75000000000006 180.85000000000005 51.95000000000001 414.05000000000007 433.35000000000008 1.0000000180025095e-35 162.45000000000002 1.0000000180025095e-35 1.0000000180025095e-35 1.0000000180025095e-35 250.32500000000002 151.05000000000004 479.05000000000007 237.45000000000002 95.850000000000009 117.55000000000001
decision_type=2 2 2 2 2 2 2 2 2 2 2 2 2 2 2 2 2 2 2 2 2 2 2 2 2 2 2 2 2 2 2 2 2 2 2 2 2 2 2 2 2 2 2 2 2 2 2 2 2 2 2 2 2 2 2 2 2 2 2 2 2 2
left_child=29 2 5 7 -5 8 -7 10 16 -9 12 -12 17 -13 -15 -14 23 18 19 56 -19 -20 -23 24 31 26 -22 -28 -27 54 37 32 33 34 48 -36 57 39 -39 41 -41 43 -43 44 46 -46 53 -48 -2 -42 59 52 -34 -31 60 -56 -3 -32 -58 61 -1 -44
right_child=1 3 -4 4 -6 6 -8 9 -10 -11 11 13 15 14 -16 -17 -18 20 21 -21 25 22 -24 -25 -26 28 27 -29 -30 30 36 -33 51 -35 35 -37 -38 38 -40 40 49 42 50 -45 45 -47 47 -49 -50 -51 -52 -53 -54 -55 55 -57 58 -59 -60 -61 -62 -63
leaf_value=-0.2044386385959952 0.4469958336294993 6.6804367649555205 -10.639401086277907 -9.9522195567255451 2.7433041157144489 18.447683805333718 -1.0888367392800071 2.3682280778884888 -5.9334127426147463 12.975271901950755 -11.805210694022801 -2.8040363212426502 14.401075631921941 -0.47356030852706343 10.587743500300817 5.0686916261911392 7.7085744948614208 -6.6975183291868738 16.616281509399414 -4.143173182010651 8.4607168296972919 0.33009782270951704 12.109772655238276 -3.6342276289656357 6.881151443294117 -4.3161488497257237 4.7376068905780189 -0.90607089418353459 2.0849832319631809 -0.036088421732650401 -0.76748635768890383 -3.9810135531425477 5.6902490305900573 -4.1053205060958859 0.53993243183408468 6.0211239732447126 6.1537421686308731 5.6781099401769186 -0.49161437034606936 -5.9903562784194948 1.5188771071257416 4.528384116292 0.33475322116096068 2.6493191097721911 -6.0856468701362614 -0.68648035355976655 6.2575834846496585 -0.42505842934052152 -3.2607267008887399 -2.9761578464508056 3.6048950216986917 0.55815244422239418 0.18059214457221653 -2.4379538294147043 -0.021161583681033422 2.0214401205925094 3.0905220414951167 2.7129514555598417 6.0700959014892577 -0.90628161576329447 -0.43273890430510431 2.9315874704292844
leaf_weight=4905 46 20 21 23 33 21 33 20 30 29 23 24 22 27 35 32 21 22 20 32 36 22 23 37 28 20 38 33 41 551 20 20 35 20 35 21 21 21 20 20 27 32 53 33 20 21 20 30 27 20 22 34 23 34 959 73 106 43 20 49 4605 28
leaf_count=4905 46 20 21 23 33 21 33 20 30 29 23 24 22 27 35 32 21 22 20 32 36 22 23 37 28 20 38 33 41 551 20 20 35 20 35 21 21 21 20 20 27 32 53 33 20 21 20 30 27 20 22 34 23 34 959 73 106 43 20 49 4605 28
internal_value=0.00316142 2.13919 0.682637 3.07836 -2.47093 1.23429 6.5087 3.56016 0.478806 8.64587 3.14204 0.17402 3.80634 3.37777 5.77072 8.87077 1.03318 3.17475 4.39563 2.52823 1.61332 9.50942 6.35082 0.603166 1.14567 2.70164 4.24967 2.11449 -0.0137486 -0.208659 0.40754 0.530369 0.904757 -0.0284764 0.603592 2.59538 2.74447 0.211434 2.66849 0.106497 -2.06449 0.269382 1.51975 -0.0551153 -0.187136 -3.32022 0.0151571 2.248 -0.924354 -0.393904 0.886357 2.41619 3.50539 -0.175684 -0.27208 0.123325 3.99045 1.60805 3.56347 0.426297 -0.314988 1.23242
internal_weight=12780 1153 452 701 56 431 54 645 377 49 596 109 487 86 62 54 347 433 243 178 190 65 45 326 289 168 107 71 61 11627 1085 261 241 149 129 56 84 1001 41 960 67 893 184 709 676 41 635 50 73 47 152 92 58 585 10542 1032 146 63 126 130 9510 81
internal_count=12780 1153 452 701 56 431 54 645 377 49 596 109 487 86 62 54 347 433 243 178 190 65 45 326 289 168 107 71 61 11627 1085 261 241 149 129 56 84 1001 41 960 67 893 184 709 676 41 635 50 73 47 152 92 58 585 10542 1032 146 63 126 130 9510 81
is_linear=0
shrinkage=0.05


Tree=86
num_leaves=63
num_cat=0
split_feature=9 31 34 6 33 36 36 25 32 40 12 36 35 35 36 34 32 32 34 31 31 33 33 33 25 2 32 35 32 40 35 32 32 32 36 36 40 35 36 31 32 33 31 31 35 21 32 34 32 33 32 32 32 32 36 33 33 33 33 35 36 35
split_gain=2.08744e+06 569389 1.01915e+06 676595 788610 619989 1.76824e+06 495130 483790 480759 439968 934391 486723 953376 868958 577195 359578 270537 368182 249083 658814 311733 380238 203309 164030 179504 159140 147404 498591 817512 329200 600826 130357 122717 138606 141725 142350 133629 117486 106282 105826 93171.6 140768 129544 370626 217733 207997 139497 125649 114071 93795.5 130812 121794 91207.6 115652 83452.3 236126 100153 95810.1 81665.6 70515.4 201255
threshold=1.0000000180025095e-35 223.55000000000004 399.55000000000007 1.0000000180025095e-35 170.30000000000004 270.65833333333336 286.35833333333341 1.0000000180025095e-35 407.65000000000003 4.5000000000000009 1.0000000180025095e-35 331.58333333333343 1118.0500000000002 992.6500000000002 300.5750000000001 56.050000000000004 365.75000000000006 303.10000000000008 157.80000000000004 453.05000000000007 479.05000000000007 220.95000000000002 139.95000000000002 447.90000000000003 1.0000000180025095e-35 1.0000000180025095e-35 275.60000000000008 691.00000000000011 345.15000000000003 4.5000000000000009 441.75000000000006 180.15000000000001 403.85000000000008 124.75000000000001 192.87500000000003 131.52500000000003 5.5000000000000009 178.95000000000002 304.74166666666673 296.75000000000006 69.750000000000014 465.55000000000007 268.45000000000005 187.95000000000002 1009.4000000000001 1.0000000180025095e-35 289.75000000000006 252.60000000000005 465.85000000000008 307.90000000000003 88.500000000000014 117.55000000000001 71.300000000000026 291.80000000000001 239.38333333333335 148.65000000000001 213.90000000000003 111.85000000000001 72.450000000000017 1352.45 201.8333333333334 488.05000000000007
decision_type=2 2 2 2 2 2 2 2 2 2 2 2 2 2 2 2 2 2 2 2 2 2 2 2 2 2 2 2 2 2 2 2 2 2 2 2 2 2 2 2 2 2 2 2 2 2 2 2 2 2 2 2 2 2 2 2 2 2 2 2 2 2
left_child=24 2 5 7 -5 8 -7 10 16 -9 12 -12 13 19 -14 -15 17 18 26 21 -21 22 27 32 -1 41 33 30 -29 -30 40 -32 -16 34 35 37 -37 -2 -27 -33 -3 43 -43 44 45 47 -47 49 50 53 52 -52 -45 -26 -55 57 -57 58 -53 -58 61 -35
right_child=1 3 -4 4 -6 6 -8 9 -10 -11 11 -13 14 15 23 -17 -18 -19 -20 20 -22 -23 -24 -25 25 38 -28 28 29 -31 31 39 -34 60 -36 36 -38 -39 -40 -41 -42 42 -44 48 -46 46 -48 -49 -50 -51 51 55 -54 54 -56 56 59 -59 -60 -61 -62 -63
leaf_value=-0.25847560876031034 0.52689410039022855 2.746298148844502 -10.107430987131028 -9.454608419667121 2.6061388875498919 17.525299516887895 -1.034395032940489 2.2498167002201082 -5.6367421340942387 12.326508157006627 -7.7865324373598455 6.0950525641441349 15.430323856527156 0.6217638842264811 8.7611481809616105 -10.344044418334962 7.323145875476655 -3.4525161021464577 6.5370938897132875 11.400044847979691 1.6828160621024466 7.3258324262258174 -3.7156988641490112 -0.28535003662109376 -0.25343410119297 1.5276480341241474 -3.7819628453254701 -5.4647245134626123 10.370232978820802 -1.540367864159977 11.928585604963631 5.6429655324845092 3.183700969002464 3.2835253621256628 -3.9000546383857726 0.51293587923049933 5.7200677269981028 -4.1352509027177637 5.8460551080249603 1.0051467021306357 -1.0805914011868565 5.394204244727181 -0.46703358650207516 0.76890034054927725 -7.1596909205118822 0.17813542317121456 6.2583679979497742 2.9840164613723754 3.2879951784485266 -4.8819109916687013 -3.1895810998976231 0.78764087728838006 4.6975615154613148 -5.3953326204548713 -0.74708323478698735 -4.3469815560749607 0.85571625064004153 3.7044569153625235 -2.8779812431335454 -2.5572249321710494 4.3356587114005256 -2.7875325745344166
leaf_weight=10542 51 101 21 23 33 21 33 20 30 29 27 22 22 30 20 20 21 37 28 33 37 37 23 20 127 63 20 21 25 34 29 21 22 43 20 35 21 22 21 30 22 21 20 191 21 39 22 20 38 21 32 164 22 23 32 35 106 26 20 21 29 20
leaf_count=10542 51 101 21 23 33 21 33 20 30 29 27 22 22 30 20 20 21 37 28 33 37 37 23 20 127 63 20 21 25 34 29 21 22 43 20 35 21 22 21 30 22 21 20 191 21 39 22 20 38 21 32 164 22 23 32 35 106 26 20 21 29 20
internal_value=0.00300335 2.03223 0.648505 2.92445 -2.34738 1.17258 6.18326 3.38215 0.454865 8.21357 2.98494 -1.55398 3.39154 2.75625 6.89315 -3.76456 0.981517 0.573008 1.08839 3.5457 6.2638 2.99098 2.46684 3.86383 -0.198226 0.387163 0.50385 2.9693 1.15155 3.5065 3.68566 6.18232 5.83963 0.85952 -0.0270526 0.573413 2.46561 -0.878136 2.60725 2.91484 2.06181 0.200862 2.53506 0.101172 -0.749991 -0.276035 2.37101 -1.00011 0.497516 -1.39264 0.325655 -0.121974 1.17468 -0.99003 -2.6909 0.141906 -0.710742 0.799664 0.389204 0.291372 2.29538 1.35621
internal_weight=12780 1153 452 701 56 431 54 645 377 49 596 49 547 463 84 50 347 326 289 413 70 343 306 62 11627 1085 261 283 80 59 203 80 42 241 149 129 56 73 84 51 123 1001 41 960 305 284 61 223 655 203 617 404 213 182 55 372 162 210 184 127 92 63
internal_count=12780 1153 452 701 56 431 54 645 377 49 596 49 547 463 84 50 347 326 289 413 70 343 306 62 11627 1085 261 283 80 59 203 80 42 241 149 129 56 73 84 51 123 1001 41 960 305 284 61 223 655 203 617 404 213 182 55 372 162 210 184 127 92 63
is_linear=0
shrinkage=0.05


Tree=87
num_leaves=63
num_cat=0
split_feature=9 31 34 6 33 36 36 24 40 25 40 32 34 34 35 37 33 33 35 36 37 31 32 36 32 32 34 36 33 33 25 2 32 36 36 40 32 36 32 31 34 33 33 32 31 32 36 36 31 32 31 35 35 35 37 31 36 23 2 35 40 36
split_gain=1.88391e+06 513873 919780 610627 711720 559540 1.59584e+06 448058 916959 529450 594058 436621 425005 1.45189e+06 688968 635443 812156 432075 745200 478967 813446 361867 324519 263626 264278 244159 332284 181450 159359 208631 148037 162003 113127 110166 121570 104017 364219 227245 197346 92470.8 84633.8 83385.8 117644 144031 101312 162205 137143 106049 91386.7 88984.2 189962 85382.1 81309.3 77660.9 76072 73927.8 69856 64567.2 102173 65594.3 59507.8 57479.6
threshold=1.0000000180025095e-35 223.55000000000004 399.55000000000007 1.0000000180025095e-35 170.30000000000004 270.65833333333336 286.35833333333341 1.0000000180025095e-35 4.5000000000000009 1.0000000180025095e-35 4.5000000000000009 407.65000000000003 136.55000000000004 249.75000000000003 1211.5500000000002 3.5000000000000004 294.05000000000007 239.60000000000002 886.1500000000002 247.31666666666669 2.5000000000000004 326.95000000000005 365.75000000000006 237.37750000000003 119.35000000000001 303.10000000000008 157.80000000000004 269.52000000000004 320.95000000000005 232.30000000000004 1.0000000180025095e-35 1.0000000180025095e-35 151.05000000000004 144.53750000000005 165.62500000000003 3.5000000000000004 389.15000000000003 297.71666666666675 270.45000000000005 305.65000000000003 434.75000000000006 465.55000000000007 376.35000000000008 465.85000000000008 408.95000000000005 436.85000000000008 262.35833333333341 312.83333333333337 189.95000000000002 397.75000000000006 180.85000000000005 976.85000000000002 259.80000000000001 486.05000000000007 4.5000000000000009 379.65000000000003 199.61000000000004 1.0000000180025095e-35 1.0000000180025095e-35 395.25000000000006 4.5000000000000009 336.08750000000003
decision_type=2 2 2 2 2 2 2 2 2 2 2 2 2 2 2 2 2 2 2 2 2 2 2 2 2 2 2 2 2 2 2 2 2 2 2 2 2 2 2 2 2 2 2 2 2 2 2 2 2 2 2 2 2 2 2 2 2 2 2 2 2 2
left_child=30 2 5 7 -5 11 -7 9 -9 12 -11 22 15 -14 -15 17 -17 18 19 23 27 -19 25 24 -3 26 28 -21 29 33 57 40 -33 52 -35 38 37 -37 -29 -34 41 42 43 44 45 49 -46 -47 -44 54 -51 61 -2 -39 -32 -50 -36 59 -59 -1 -54 -48
right_child=1 3 -4 4 -6 6 -8 8 -10 10 -12 -13 13 14 -16 16 -18 21 -20 20 -22 -23 -24 -25 -26 -27 -28 35 -30 -31 31 32 39 34 56 36 -38 53 -40 -41 -42 -43 48 -45 46 47 51 -49 55 50 -52 -53 60 -55 -56 -57 -58 58 -60 -61 -62 -63
leaf_value=-0.13186184321250649 0.48625500643408143 -2.5860793584336839 -9.6020596004667738 -8.981878160393757 2.4758320331573489 16.649034568241664 -0.98267505530155064 -8.8967519315806296 5.3815311014652254 2.1373258566856386 13.506697940826417 -5.3549048233032224 -8.1596783666049735 -2.301922905587015 9.0939117272694912 16.907536437511446 3.5056156635284426 2.5840572610497476 -6.0077971975008646 7.8624366652965554 13.567474746704102 10.705960592627527 6.9569887615385513 -5.3073415977507832 4.3547966882586477 -3.279890301420882 6.2102392145565588 2.3295393789807957 -2.5612558351980677 5.8542281655222181 -0.2031269067694339 -0.80549446582794193 2.1271049791858312 4.5757472991943358 -0.94023213675527872 -1.5863659165054562 -3.401051338195801 3.1103191873222067 7.4474925902581992 6.128636986559088 -2.3809375762939453 2.5688737323409634 -4.3931392819985104 3.3049986509176401 4.2344969481229784 -5.7362197375297548 3.0018427610397342 -0.64888813382103327 1.4544094396674117 5.9138240528106696 -0.37707806636889774 -1.9204754105320685 -4.1307142620994934 6.0284425584893482 2.3067078948020936 -2.6488284247262137 2.6050165044764682 -0.0071797335696648481 1.9332919150386774 -0.39795716945111059 -0.36660392497267047 0.48531938500893423
leaf_weight=3990 77 24 21 23 33 21 33 22 23 20 27 30 34 21 36 20 26 24 24 20 21 32 21 20 32 37 28 48 37 20 534 20 42 28 33 20 25 57 31 22 31 38 23 39 32 20 32 21 23 20 30 27 21 38 32 21 24 959 73 5520 21 78
leaf_count=3990 77 24 21 23 33 21 33 22 23 20 27 30 34 21 36 20 26 24 24 20 21 32 21 20 32 37 28 48 37 20 534 20 42 28 33 20 25 57 31 22 31 38 23 39 32 20 32 21 23 20 30 27 21 38 32 21 24 959 73 5520 21 78
internal_value=0.00285318 1.93062 0.61608 2.77822 -2.23001 1.11395 5.8741 3.21305 -1.59896 3.57395 8.66867 0.432122 3.14094 0.0177074 4.89545 3.75612 9.33254 3.1395 2.50396 3.11194 4.13258 7.22514 0.932442 -0.379727 1.38014 0.544357 1.03397 3.30357 0.478658 0.980787 -0.188315 0.367805 2.47689 0.502998 1.87781 2.88724 2.06868 3.25775 4.33785 3.50263 0.190819 0.273009 0.179401 0.335743 0.195548 -0.0852999 1.28737 -3.13051 -1.83905 0.117385 2.13928 0.598986 -0.479009 4.27757 -0.0612281 -0.503954 0.552504 -0.245552 0.130082 -0.286315 -2.24866 1.2174
internal_weight=12780 1153 452 701 56 431 54 645 45 600 47 377 553 91 57 462 46 416 360 336 260 56 347 76 56 326 289 239 261 224 11627 1085 84 204 85 219 140 115 79 64 1001 970 932 865 826 657 169 41 67 616 50 137 119 95 566 44 57 10542 1032 9510 42 110
internal_count=12780 1153 452 701 56 431 54 645 45 600 47 377 553 91 57 462 46 416 360 336 260 56 347 76 56 326 289 239 261 224 11627 1085 84 204 85 219 140 115 79 64 1001 970 932 865 826 657 169 41 67 616 50 137 119 95 566 44 57 10542 1032 9510 42 110
is_linear=0
shrinkage=0.05


Tree=88
num_leaves=63
num_cat=0
split_feature=9 24 32 25 35 34 34 12 37 34 31 36 36 31 36 12 35 31 35 13 40 31 32 31 21 35 35 31 31 35 35 32 35 25 2 32 32 31 31 36 21 32 21 34 13 35 36 31 36 31 32 40 36 35 23 2 35 35 32 35 36 36
split_gain=1.70023e+06 474396 989157 656528 983630 774882 1.11076e+06 903281 725702 597407 545181 494529 564333 979795 587303 495470 451412 471536 437836 759319 738564 685901 408612 536333 376362 319136 498273 278261 263643 383457 231947 140336 219513 133604 146207 108275 102097 83454.9 82257.8 143087 166178 123439 77370.1 75956.5 64082.6 124321 105585 80966.4 214825 103105 99558.9 68075.3 60416.2 58582.3 58271.9 92211.2 59198.8 49507.6 172581 47918.2 65384.2 46144.4
threshold=1.0000000180025095e-35 1.0000000180025095e-35 142.45000000000002 1.0000000180025095e-35 946.45000000000016 56.050000000000004 119.65000000000002 1.0000000180025095e-35 3.5000000000000004 62.550000000000004 77.250000000000014 262.35833333333341 280.54166666666674 314.35000000000008 297.71666666666675 1.0000000180025095e-35 711.55000000000007 273.45000000000005 1211.5500000000002 1.0000000180025095e-35 5.5000000000000009 381.95000000000005 469.55000000000007 479.05000000000007 1.0000000180025095e-35 509.85000000000008 452.25000000000006 345.15000000000003 280.75000000000006 946.45000000000016 769.55000000000007 293.95000000000005 476.45000000000005 1.0000000180025095e-35 1.0000000180025095e-35 405.75000000000006 151.05000000000004 305.65000000000003 135.75000000000003 243.56250000000003 1.0000000180025095e-35 465.85000000000008 1.0000000180025095e-35 403.65000000000003 1.0000000180025095e-35 976.85000000000002 257.88000000000005 410.65000000000003 262.35833333333341 395.65000000000003 426.65000000000003 1.0000000180025095e-35 342.55000000000007 500.15000000000003 1.0000000180025095e-35 1.0000000180025095e-35 395.25000000000006 344.05000000000001 58.95000000000001 680.80000000000007 167.12500000000003 332.91666666666669
decision_type=2 2 2 2 2 2 2 2 2 2 2 2 2 2 2 2 2 2 2 2 2 2 2 2 2 2 2 2 2 2 2 2 2 2 2 2 2 2 2 2 2 2 2 2 2 2 2 2 2 2 2 2 2 2 2 2 2 2 2 2 2 2
left_child=33 3 -3 5 30 8 -7 18 10 -4 -2 15 13 -13 -14 16 17 25 19 20 24 -20 23 28 -8 26 42 -10 -16 31 -5 32 -30 54 38 -33 -36 -38 39 40 59 43 57 44 47 46 -46 49 -49 50 -40 -50 -43 -19 56 -56 -1 58 -12 60 -35 -53
right_child=1 2 9 4 -6 6 7 -9 27 -11 11 12 14 -15 22 -17 -18 53 21 -21 -22 -23 -24 -25 -26 -27 -28 -29 29 -31 -32 35 -34 34 36 -37 37 -39 41 -41 -42 52 -44 -45 45 -47 -48 48 51 -51 -52 61 -54 -55 55 -57 -58 -59 -60 -61 -62 -63
leaf_value=-0.12526875104923221 8.3429248058434702 -11.528811134397984 -3.7392107972076967 -2.2014853390780362 12.588788456718127 -12.1560959815979 1.6906578241075789 -8.053740756852287 5.3148896476801708 6.5893836515290403 1.2738128383761471 2.5722463281715622 -3.623331391183954 16.519221553802492 9.4249471056461331 -7.0803260019847336 -4.9678043683369957 4.501489711943127 0.35050260871648792 -9.0095933723449715 8.461171722412109 11.403830688476564 -2.5179884084065756 -1.9952711052364773 -6.7762134148961026 -4.1097150702630323 7.9474463491439824 12.747456130981446 2.8709361858182141 8.8667434232704565 5.1449662617274692 -0.52226256254391801 8.638039652506512 -0.70185855504794004 -0.76521970748901369 3.9308960914611819 2.0207497341292249 5.8222051842646172 0.60887841397258047 -3.684853402306052 2.8796183725198112 1.0021108037233353 -2.5192143830470743 -2.0166988522665843 -2.0826350711640855 -4.4148434257507327 2.9935494577884678 5.5480350247135872 -1.8108475094256193 -2.3475729226260573 -2.1293840312295491 2.8552960125605265 4.7596359356589941 8.236214217685518 -0.0068207363547063875 1.8366272955724641 -0.37805930993364295 2.6099882499376932 -3.2850388306837814 1.0963025735772174 -3.5971295466789837 0.57784640234570173
leaf_weight=3990 33 20 28 22 36 20 35 28 34 28 103 34 38 20 25 21 30 21 32 20 28 25 30 36 21 31 25 20 77 33 21 39 21 78 20 21 42 22 426 34 36 20 20 35 21 20 20 27 23 37 36 30 23 21 959 73 5520 30 26 23 26 86
leaf_count=3990 33 20 28 22 36 20 35 28 34 28 103 34 38 20 25 21 30 21 32 20 28 25 30 36 21 31 25 20 77 33 21 39 21 78 20 21 42 22 426 34 36 20 20 35 21 20 20 27 23 37 36 30 23 21 959 73 5520 30 26 23 26 86
internal_value=0.00271052 1.83409 -1.98383 2.1035 6.49124 1.75618 -0.95082 0.234924 2.47324 1.42509 2.06222 1.76697 3.00977 7.73779 2.21191 0.349887 0.858142 1.48911 1.67643 -0.253909 1.83078 5.19845 2.99822 3.65491 -1.48442 0.616988 1.33526 8.06769 4.59661 3.96463 1.38632 2.94077 4.10674 -0.178899 0.349415 1.03634 2.35304 3.3275 0.181278 -0.734386 -0.118952 0.405639 0.411771 0.25837 0.36805 -1.18297 0.393553 0.510324 1.46687 0.192113 0.395507 0.674131 3.01195 6.36885 -0.233274 0.123578 -0.271999 0.780449 0.354975 -0.96894 -1.42568 1.16684
internal_weight=12780 1153 76 1077 79 998 209 189 789 56 735 702 374 54 320 328 307 277 161 104 84 57 282 252 56 235 204 54 216 191 43 158 98 11627 1085 60 84 64 1001 197 163 804 179 761 726 61 41 665 166 499 462 139 43 42 10542 1032 9510 159 129 127 104 116
internal_count=12780 1153 76 1077 79 998 209 189 789 56 735 702 374 54 320 328 307 277 161 104 84 57 282 252 56 235 204 54 216 191 43 158 98 11627 1085 60 84 64 1001 197 163 804 179 761 726 61 41 665 166 499 462 139 43 42 10542 1032 9510 159 129 127 104 116
is_linear=0
shrinkage=0.05


Tree=89
num_leaves=63
num_cat=0
split_feature=9 36 31 31 33 24 36 31 36 31 32 32 32 32 39 33 31 31 31 36 36 33 25 13 32 28 29 33 31 33 37 40 31 32 25 2 36 36 32 33 31 31 36 32 34 32 32 32 32 32 5 36 36 31 31 36 36 23 2 31 32 32
split_gain=1.53446e+06 450104 736990 1.07636e+06 507246 420668 682926 525083 1.06699e+06 783474 1.16343e+06 554867 767125 576270 516607 405689 331780 320947 310044 687946 189232 175051 356334 200925 193567 182174 145992 197045 345656 216278 139502 135953 165483 132166 120577 131952 93415.8 89817.4 109155 79581.3 124573 105690 217167 227211 160934 94864 82687.8 122457 102749 78041.4 75731 85640.5 95431.3 146505 93958.9 70566.1 54532.7 52590.4 83220.6 51503.5 46868.4 46563.8
threshold=1.0000000180025095e-35 349.01666666666671 477.45000000000005 449.65000000000003 400.35000000000008 1.0000000180025095e-35 256.62500000000006 403.15000000000003 267.12500000000006 345.15000000000003 188.45000000000002 385.45000000000005 364.15000000000003 407.65000000000003 1.0000000180025095e-35 464.15000000000003 62.850000000000001 79.15000000000002 223.55000000000004 270.65833333333336 377.65000000000009 440.95000000000005 1.0000000180025095e-35 1.0000000180025095e-35 308.65000000000003 1.0000000180025095e-35 1.0000000180025095e-35 134.50000000000003 179.05000000000004 298.15000000000003 2.5000000000000004 2.5000000000000004 430.25000000000006 429.25000000000006 1.0000000180025095e-35 1.0000000180025095e-35 304.74166666666673 178.41250000000005 58.95000000000001 465.55000000000007 268.45000000000005 187.95000000000002 228.51250000000002 329.05000000000007 345.80000000000007 465.85000000000008 88.500000000000014 117.55000000000001 71.300000000000026 167.95000000000002 1.0000000180025095e-35 234.04166666666669 336.08750000000003 443.05000000000007 307.45000000000005 361.21666666666675 206.81666666666669 1.0000000180025095e-35 1.0000000180025095e-35 387.25000000000006 151.05000000000004 332.15000000000003
decision_type=2 2 2 2 2 2 2 2 2 2 2 2 2 2 2 2 2 2 2 2 2 2 2 2 2 2 2 2 2 2 2 2 2 2 2 2 2 2 2 2 2 2 2 2 2 2 2 2 2 2 2 2 2 2 2 2 2 2 2 2 2 2
left_child=34 2 3 5 20 7 -7 9 -9 11 -11 12 16 -13 -12 -6 -2 -18 19 -15 33 22 23 24 25 26 27 30 -29 -30 37 -22 -33 59 57 39 60 38 -19 41 -41 42 43 -36 -44 46 48 -48 -43 -39 51 54 53 -53 56 -54 -49 -1 -59 -3 -37 -34
right_child=1 4 -4 -5 15 6 -8 8 -10 10 14 13 -14 18 -16 -17 17 21 -20 -21 31 -23 -24 -25 -26 -27 -28 28 29 -31 -32 32 61 -35 35 36 -38 49 -40 40 -42 45 44 -45 -46 -47 47 50 -50 -51 -52 52 55 -55 -56 -57 -58 58 -60 -61 -62 -63
leaf_value=-0.25839897240580928 6.528208154678345 3.5010085095529977 -7.4088268280029297 9.8192470360446631 12.906278799970947 1.98047056053624 -8.636134696006776 -12.436933012008668 3.0573681974411011 14.188638992309571 -2.430694570541382 11.603881679881702 -8.2340038458506282 -4.8568380355834968 7.7943465028490344 3.264168062210083 -5.0156431734561924 1.0084550357255779 6.8939447238527496 5.5312849072849053 6.435475766297543 -2.7878035982449849 6.9578039584755906 -2.8136991805263931 -2.3502739363246494 5.9044231544841423 5.140276166525755 -6.2866551915804543 -2.4525353217124941 4.8126023201715382 4.6545789711177354 0.19416860708823572 3.2006192990711764 -3.032464237213135 -0.39861673748698734 -0.72695876121520997 5.1234171980903263 1.2192038592922947 -2.9144302330017093 5.0191170050984342 -0.49465532302856446 0.71321104230524979 -1.6312846996745127 5.0646342958722803 -6.799682626724243 2.8627397998383173 -3.0995676409453154 2.1323406195640566 4.3216614376414908 4.0534439809394609 -2.2016364991664887 0.74145936345681551 -2.1543834716845782 4.4448401942397613 -3.5347596417146701 0.57759766757488251 -1.5157507766570364 -0.0064796999883493245 1.7447959334882972 0.031694128513336188 2.2027963277905487 6.025928380966187
leaf_weight=9510 25 23 24 37 24 33 28 20 25 30 30 22 24 30 21 20 24 61 29 34 33 30 25 35 36 22 22 24 20 21 32 39 35 20 203 20 21 92 25 21 20 191 61 21 20 38 32 20 22 33 32 140 39 33 27 60 21 959 73 20 43 25
leaf_count=9510 25 23 24 37 24 33 28 20 25 30 30 22 24 30 21 20 24 61 29 34 33 30 25 35 36 22 22 24 20 21 32 39 35 20 203 20 21 92 25 21 20 191 61 21 20 38 32 20 22 33 32 140 39 33 27 60 21 959 73 20 43 25
internal_value=0.002575 1.74238 1.23721 1.47036 3.67429 1.10822 -2.89273 1.41637 -3.82899 1.73236 6.37555 1.16765 0.508321 4.32668 1.77962 8.5235 0.906453 0.626486 2.60519 0.661852 2.58011 0.909772 1.15738 0.814563 1.14185 1.499 1.20531 0.924241 -1.52101 1.26863 1.57832 3.65616 2.72972 0.325521 -0.169954 0.331944 2.23539 1.11178 -0.131919 0.172214 2.32947 0.0800813 -0.688734 0.113563 -2.90743 0.438079 0.288748 -0.13154 1.08591 1.96744 0.123774 0.342637 0.739408 1.44788 -1.24445 -0.498637 0.263806 -0.221611 0.117399 1.88737 1.27272 4.37783
internal_weight=12780 1153 914 890 239 853 61 792 45 747 81 666 551 115 51 44 527 502 93 64 195 478 448 423 388 352 330 308 65 41 243 132 99 63 11627 1085 84 211 86 1001 41 960 305 224 81 655 617 404 213 125 372 340 272 173 68 99 41 10542 1032 43 63 60
internal_count=12780 1153 914 890 239 853 61 792 45 747 81 666 551 115 51 44 527 502 93 64 195 478 448 423 388 352 330 308 65 41 243 132 99 63 11627 1085 84 211 86 1001 41 960 305 224 81 655 617 404 213 125 372 340 272 173 68 99 41 10542 1032 43 63 60
is_linear=0
shrinkage=0.05


Tree=90
num_leaves=63
num_cat=0
split_feature=9 5 34 32 31 32 32 28 31 31 11 39 33 33 33 33 31 31 36 37 31 31 32 34 32 32 36 36 32 32 21 33 32 32 32 36 32 31 7 36 32 33 32 33 32 23 33 32 39 31 36 32 40 32 36 36 36 40 21 33 31 36
split_gain=1.08269e+06 576052 529463 460508 511220 474526 720566 482208 694920 582295 432222 394271 599606 1.47236e+06 531075 636495 545269 452026 400771 373430 367800 316293 645148 242788 213360 420211 207510 322717 186861 197268 178236 406697 277066 228296 205991 154937 118790 103371 100341 127779 106997 111233 85928.9 75670.2 58986.1 64909.1 51889.3 69597.4 65108.9 44226.3 101218 88331.6 43402.1 160741 44241.7 46936.6 60755.2 47222.9 42642.6 56479.8 40751.5 53337.5
threshold=1.0000000180025095e-35 1.0000000180025095e-35 466.55000000000007 482.55000000000007 64.950000000000017 470.95000000000005 459.15000000000003 1.0000000180025095e-35 77.250000000000014 166.15000000000001 1.0000000180025095e-35 1.0000000180025095e-35 405.35000000000008 464.15000000000003 173.30000000000004 1.0000000180025095e-35 412.55000000000007 204.45000000000002 272.71250000000003 3.5000000000000004 375.65000000000003 158.40000000000003 307.30000000000001 121.35000000000001 325.75000000000006 183.65000000000001 257.88000000000005 310.41666666666674 427.95000000000005 387.35000000000008 1.0000000180025095e-35 192.65000000000001 247.80000000000004 66.050000000000011 181.85000000000005 221.75000000000003 140.45000000000002 480.75000000000006 1.0000000180025095e-35 316.95000000000005 442.25000000000006 440.95000000000005 341.65000000000003 495.00000000000006 465.85000000000008 1.0000000180025095e-35 386.00000000000006 467.75000000000006 1.0000000180025095e-35 381.95000000000005 295.35833333333341 84.350000000000009 5.5000000000000009 373.00000000000006 196.92000000000004 228.51250000000002 248.28750000000005 1.5000000000000002 1.0000000180025095e-35 227.40000000000003 193.35000000000005 229.83333333333337
decision_type=2 2 2 2 2 2 2 2 2 2 2 2 2 2 2 2 2 2 2 2 2 2 2 2 2 2 2 2 2 2 2 2 2 2 2 2 2 2 2 2 2 2 2 2 2 2 2 2 2 2 2 2 2 2 2 2 2 2 2 2 2 2
left_child=38 2 3 4 -2 6 7 8 -6 -9 11 12 18 -14 15 42 17 -16 23 -12 -11 -3 -23 30 25 37 -19 -28 29 -26 31 32 33 60 -32 36 -35 -20 43 44 41 -41 -13 46 45 49 -1 -48 -49 52 51 -51 54 58 -40 57 -57 -56 59 -54 -10 -62
right_child=1 21 -4 -5 5 -7 -8 9 10 20 19 14 13 -15 16 -17 -18 26 24 -21 -22 22 -24 -25 28 -27 27 -29 -30 -31 34 -33 -34 35 -36 -37 -38 -39 39 40 -42 -43 -44 -45 -46 -47 47 48 -50 50 -52 -53 53 -55 55 56 -58 -59 -60 -61 61 -63
leaf_value=-0.1964109881540396 -4.8163229342550045 -7.9617697851998477 9.778726587295532 8.2724717674255377 10.849337030024756 -5.8333551406860353 9.8177138823050054 -9.6195712971687328 0.87320663032817181 3.4339369610377726 -6.0136909788305113 2.5367279132207234 -14.269874625205995 4.4746619658036666 9.517286354097827 -4.742078113555908 12.728344482183457 5.7696539600690215 3.01541182457232 1.6940580018361411 -5.065852661132813 -6.858867496490479 3.7895905855930212 -3.9343987147013344 4.3329957962036136 -2.6257150650024417 -4.6789144766330724 4.0054123816282852 1.687089386853305 10.510538915793102 6.7875389053271364 -6.0897190809249881 5.5927120362890186 -1.0644305992126466 0.98020762640076731 1.493598713874817 -6.3886752339926636 6.9466913414001468 -0.48668245698175128 1.2143225432651348 -0.64570108328176579 4.6082949037905099 6.706904415857224 -2.9810530014038088 2.4202750827955164 1.1301627632569182 -0.5030513440850144 -0.47006341760808773 -4.1659007512606108 -3.2821446323394774 -4.4790448904037481 0.6278628525825648 -0.19654084362146509 -4.4083379286986135 0.095426946026938297 -1.5820176858168384 0.69195056376086572 2.746315703860351 1.2811954195562163 -2.9344255057248203 4.724855312258005 1.2903560038279887
leaf_weight=9772 32 21 20 25 21 21 27 20 71 35 33 30 20 22 29 32 24 24 102 30 20 25 33 27 28 34 20 23 22 24 26 22 29 20 37 20 22 20 155 228 69 27 21 25 23 88 691 22 26 20 20 52 131 26 28 39 119 42 38 22 20 26
leaf_count=9772 32 21 20 25 21 21 27 20 71 35 33 30 20 22 29 32 24 24 102 30 20 25 33 27 28 34 20 23 22 24 26 22 29 20 37 20 22 20 155 228 69 27 21 25 23 88 691 22 26 20 20 52 131 26 28 39 119 42 38 22 20 26
internal_value=-0.0407501 1.41744 1.71919 1.56698 1.40485 1.60353 1.76273 1.53476 1.86312 -2.31361 1.64318 1.95909 1.30705 -4.45131 3.86059 0.785546 5.9875 4.30228 1.74678 -2.34333 0.343104 -2.70395 -0.800262 0.60252 3.3388 2.28995 2.04504 -0.0338094 5.5499 7.18417 1.0206 0.37518 1.05897 0.32445 3.37688 -2.12851 -3.85332 3.65988 -0.185531 0.262885 1.10104 1.57368 4.25386 -0.233496 -0.0752989 -0.148886 -0.226961 -0.630938 -2.47198 -0.31154 -1.33234 -0.45825 -0.155018 -0.71998 0.165078 0.608161 0.130655 1.68596 -0.217899 -0.590224 1.62431 2.78362
internal_weight=12821 1158 1079 1059 1034 1002 981 954 879 75 858 795 592 42 203 83 120 96 550 63 55 79 58 320 230 156 67 43 74 52 293 230 208 179 63 62 42 122 11663 1127 324 255 51 10536 803 780 10511 739 48 692 92 72 600 217 383 228 158 70 191 153 117 46
internal_count=12821 1158 1079 1059 1034 1002 981 954 879 75 858 795 592 42 203 83 120 96 550 63 55 79 58 320 230 156 67 43 74 52 293 230 208 179 63 62 42 122 11663 1127 324 255 51 10536 803 780 10511 739 48 692 92 72 600 217 383 228 158 70 191 153 117 46
is_linear=0
shrinkage=0.05


Tree=91
num_leaves=63
num_cat=0
split_feature=9 5 35 32 31 31 36 31 32 32 31 31 36 31 35 32 32 39 35 36 33 36 32 32 35 35 35 33 35 31 35 35 36 32 36 36 35 35 35 33 7 25 36 36 32 33 31 35 38 32 39 31 23 32 32 33 33 31 36 32 35 25
split_gain=977131 519887 698672 396777 484951 474998 2.04684e+06 699770 427924 409391 438218 478271 532079 387496 216808 741545 1.3102e+06 904702 753068 656506 465338 621551 844136 603588 510119 330660 254620 249947 554151 240038 209266 173545 167841 160942 153260 134873 124684 431695 165947 100924 90558.1 151876 116696 91040.6 97662.2 68292.4 59850.2 59650 83197.8 82251.3 141232 55470.6 49281.8 63518.6 88231.4 118368 59295.8 70772.8 63550.2 57548.7 58836.8 57425.1
threshold=1.0000000180025095e-35 1.0000000180025095e-35 983.85000000000002 482.55000000000007 64.950000000000017 107.15000000000002 231.85000000000005 118.05000000000001 469.55000000000007 453.75000000000006 456.35000000000008 476.05000000000007 384.55000000000007 240.15000000000001 634.45000000000016 120.85000000000001 171.65000000000001 1.0000000180025095e-35 747.65000000000009 321.17500000000001 425.80000000000007 229.83333333333337 239.05000000000004 315.15000000000003 1152.0500000000002 583.75000000000011 1077.8500000000001 235.25000000000003 837.70000000000016 282.65000000000003 495.15000000000003 422.45000000000005 178.41250000000005 293.95000000000005 105.95000000000002 373.83333333333337 385.75000000000006 433.4500000000001 274.05000000000007 72.450000000000017 1.0000000180025095e-35 1.0000000180025095e-35 287.31000000000006 331.58333333333343 403.85000000000008 495.00000000000006 314.35000000000008 546.85000000000002 1.0000000180025095e-35 394.45000000000005 1.0000000180025095e-35 57.45000000000001 1.0000000180025095e-35 223.45000000000002 164.85000000000005 339.55000000000007 354.2000000000001 88.15000000000002 224.02500000000003 367.75000000000006 675.1500000000002 1.0000000180025095e-35
decision_type=2 2 2 2 2 2 2 2 2 2 2 2 2 2 2 2 2 2 2 2 2 2 2 2 2 2 2 2 2 2 2 2 2 2 2 2 2 2 2 2 2 2 2 2 2 2 2 2 2 2 2 2 2 2 2 2 2 2 2 2 2 2
left_child=40 3 13 4 -2 6 32 -7 9 10 14 35 -13 -3 25 17 -17 -16 19 -18 21 -20 -23 -22 26 29 27 28 -24 33 31 46 34 36 -6 -12 38 -38 -9 -39 45 43 -43 51 -45 47 -31 49 52 -1 -51 -42 56 54 55 -54 57 58 -49 60 -58 -61
right_child=1 2 -4 -5 5 7 -8 8 -10 -11 11 12 -14 -15 15 16 18 -19 20 -21 23 22 24 -25 -26 -27 -28 -29 -30 30 -32 -33 -34 -35 -36 -37 37 39 -40 -41 41 42 -44 44 -46 -47 -48 48 -50 50 -52 -53 53 -55 -56 -57 59 -59 -60 61 -62 -63
leaf_value=-0.13745334448321919 -4.5755067571997641 -2.9031419983616584 -8.5781499361991873 7.8588483428955076 0.84795717010895422 -7.4955057209188283 15.394134533405305 1.0832979523986579 -4.6686421853524669 8.0287015571594242 11.597162055969239 -3.9470513343811038 5.8373223903504288 6.0362534956498584 -11.59922612508138 11.530351284572056 -10.611198188640454 1.4682595326350285 6.6674947604537014 0.13573138554890951 10.809495763425474 -9.6158109704653434 3.9881674519291632 0.23710214385279904 -4.6195266584555306 6.7823404962366283 6.4610521952311206 4.9700877132415773 -6.1420106887817383 6.0350365942174742 7.8839111555190318 -0.55463145862926133 3.9143680765515287 -3.7404405689239506 -4.8026345705986024 5.8599586726725104 8.8582418894767763 2.3729474782943725 -3.1566966128349305 -2.650100655257702 2.4112951350212097 0.70991952293797544 4.2593992381523824 1.6144169738743366 -0.52552013296303868 -2.8320002884864808 2.7580450283853635 -0.052621703493324193 0.013613276930972494 -0.28623567854249199 4.1837121689319607 -0.25598775383041356 -1.0508741917032185 0.33975660988497874 -2.4634896331599783 2.988983964920044 -3.163637590861839 -0.51150650836743927 3.0652949755008407 -1.3581236791133882 -0.55455256671297792 -3.7030939651258068
leaf_weight=6206 32 27 30 25 30 22 32 100 27 25 21 24 33 22 27 28 27 26 32 30 27 24 27 27 36 33 27 25 27 22 21 33 21 20 20 20 20 20 30 20 20 57 39 164 79 25 38 44 1099 43 30 768 66 344 56 25 23 2034 26 125 357 33
leaf_count=6206 32 27 30 25 30 22 32 100 27 25 21 24 33 22 27 28 27 26 32 30 27 24 27 27 36 33 27 25 27 22 21 33 21 20 20 20 20 20 30 20 20 57 39 164 79 25 38 44 1099 43 30 768 66 344 56 25 23 2034 26 125 357 33
internal_value=-0.0387125 1.34656 -2.56876 1.63323 1.48556 1.67534 4.89515 1.31447 1.53054 1.72293 1.53637 4.68002 1.71759 1.11046 1.12395 0.308968 1.1736 -5.18876 0.23512 -4.95492 1.40906 0.286991 -0.942985 5.5233 0.522844 2.01427 2.26931 0.836689 -1.07692 1.52863 3.37575 2.35778 0.163208 0.525914 -1.41228 8.79853 0.975004 2.86036 0.104838 -0.138577 -0.176254 0.249741 2.1519 0.0726242 0.918717 -0.221822 3.95961 -0.215613 -0.360699 -0.117826 1.55073 -0.18829 -0.492001 -0.0320005 -0.901963 0.058977 -0.57749 -0.45771 1.10546 -1.04592 -0.712471 -1.8479
internal_weight=12821 1158 79 1079 1054 1022 103 919 897 870 845 98 57 49 747 390 337 53 309 57 252 198 166 54 142 357 106 79 54 324 114 93 71 210 50 41 190 60 130 40 11663 1127 96 1031 243 10536 60 10511 4232 6279 73 788 3133 491 147 91 2642 2104 70 538 380 158
internal_count=12821 1158 79 1079 1054 1022 103 919 897 870 845 98 57 49 747 390 337 53 309 57 252 198 166 54 142 357 106 79 54 324 114 93 71 210 50 41 190 60 130 40 11663 1127 96 1031 243 10536 60 10511 4232 6279 73 788 3133 491 147 91 2642 2104 70 538 380 158
is_linear=0
shrinkage=0.05


Tree=92
num_leaves=63
num_cat=0
split_feature=33 25 34 32 36 36 23 33 35 32 32 34 40 32 32 32 33 11 36 35 32 32 36 35 35 36 32 40 33 32 33 37 32 36 40 34 35 36 36 35 32 35 28 29 34 33 33 36 21 33 40 35 32 35 36 32 33 35 32 40 35 33
split_gain=150902 153569 209813 281187 178347 205004 174892 127416 157866 143816 223533 121628 108235 278923 202448 85411.4 77078.1 73045 121139 121582 130523 74758.6 114118 101738 182114 153489 130134 123696 83582.2 72198.9 190188 211510 188905 325823 143368 107857 178394 98875.2 379479 121261 109209 97125.4 71802.4 89434.4 104707 82971.1 71577.8 132222 153464 86740.1 97395.6 102913 79321.7 138783 71436.5 174602 69265 66711.8 66309.6 159431 149387 103488
threshold=495.00000000000006 1.0000000180025095e-35 426.50000000000006 234.05000000000004 312.83333333333337 318.41250000000008 1.0000000180025095e-35 423.25000000000006 953.35000000000014 459.15000000000003 443.85000000000008 377.95000000000005 1.5000000000000002 462.05000000000007 376.45000000000005 496.75000000000006 73.750000000000014 1.0000000180025095e-35 238.35416666666671 747.65000000000009 338.25000000000006 343.35000000000008 261.0750000000001 912.95000000000016 837.70000000000016 291.72500000000008 218.05000000000004 4.5000000000000009 175.00000000000003 467.75000000000006 442.60000000000008 4.5000000000000009 459.15000000000003 287.31000000000006 2.5000000000000004 121.35000000000001 1377.7500000000002 273.75000000000006 257.88000000000005 623.70000000000005 475.15000000000003 819.1500000000002 1.0000000180025095e-35 1.0000000180025095e-35 79.550000000000011 444.85000000000008 299.85000000000008 240.34333333333339 1.0000000180025095e-35 171.75000000000003 5.5000000000000009 478.95000000000005 327.65000000000003 480.95000000000005 368.12500000000006 410.75000000000006 193.85000000000005 463.35000000000008 379.75000000000006 3.5000000000000004 886.1500000000002 180.40000000000003
decision_type=2 2 2 2 2 2 2 2 2 2 2 2 2 2 2 2 2 2 2 2 2 2 2 2 2 2 2 2 2 2 2 2 2 2 2 2 2 2 2 2 2 2 2 2 2 2 2 2 2 2 2 2 2 2 2 2 2 2 2 2 2 2
left_child=1 15 4 -4 7 -6 12 9 -9 10 11 46 14 54 -7 17 -17 29 19 57 -21 23 -23 24 -20 -25 -27 -28 -24 32 31 35 42 -34 -35 37 -37 38 -31 -39 41 -41 -1 45 -45 58 49 48 -48 50 51 -3 53 -52 55 -14 -51 -19 -44 61 -61 -60
right_child=-2 2 3 -5 5 6 -8 8 -10 -11 -12 -13 13 -15 -16 16 -18 18 21 20 -22 22 28 25 -26 26 27 -29 -30 30 -32 -33 33 34 -36 36 -38 39 -40 40 -42 -43 43 44 -46 -47 47 -49 -50 56 52 -53 -54 -55 -56 -57 -58 -59 59 60 -62 -63
leaf_value=-0.0025077657085068026 -3.3633868157863618 0.042220102076592686 8.0866164343697697 0.64065476153045897 6.0174941046671435 0.48478052271039868 5.5385205662250527 -5.3863289887706438 0.54982808430989583 4.3060993311181663 -5.2046220839023594 -3.6887329292297366 0.92872223373916418 -5.4307945966720581 6.6996819460392008 0.12536725239320234 4.4141475641727448 0.23372323256633853 -0.65464906494890918 0.53007756052538757 4.6230434421982087 -4.83459987449646 -0.27761224962416148 -1.3966684829955007 -5.1935987040400509 -0.61719486269240198 6.3898934716763707 1.1457090142098341 -2.3188546605408193 -1.3392803189820714 -5.3395353605349865 4.307118448615074 6.3854299722179295 -2.8934174952407679 1.7785096464248804 -5.7351023890651192 0.54602200984954841 -3.8534392377734186 6.6735052842985496 -4.1000315281929387 0.21549301549042546 0.031617102146148678 -0.25591942385981098 -0.83329559316237778 -4.9363062876722097 1.9066922050202266 -3.0135424661636354 3.3846723208824794 2.7843832981018792 -3.5510090629259743 0.023814065628741162 1.8143286332588069 2.0723410844802856 -3.4497493212873289 1.6068957416606802 -4.1608512856743554 -0.5381925769550826 -1.2166118887176136 -1.5900096672502431 -0.69807920528180678 -5.4205334640601102 3.3171335697174076
leaf_weight=8987 34 182 21 32 22 38 20 24 21 20 20 20 72 20 20 22 20 230 279 64 28 25 105 51 24 26 23 22 96 45 21 22 31 24 52 26 20 30 22 33 159 25 758 48 23 40 25 48 21 24 83 149 22 44 112 22 93 121 22 33 34 21
leaf_count=8987 34 182 21 32 22 38 20 24 21 20 20 20 72 20 20 22 20 230 279 64 28 25 105 51 24 26 23 22 96 45 21 22 31 24 52 26 20 30 22 33 159 25 758 48 23 40 25 48 21 24 83 149 22 44 112 22 93 121 22 33 34 21
internal_value=-0.0367769 -0.0279316 0.516788 3.59094 0.371573 1.35661 1.01931 -0.0318478 -2.61612 0.123002 0.00855357 0.155197 0.70106 0.206574 2.62785 -0.0830509 2.16764 -0.0912211 -0.479987 0.157825 1.77576 -0.914012 -1.64878 -0.523288 -1.01417 0.695869 2.19896 3.82607 -1.25253 -0.0506226 -0.706865 -0.45219 -0.0243677 2.06532 0.303164 -0.743036 -3.00418 -0.411786 1.29178 -0.873888 -0.461969 -2.31915 -0.0468036 -0.45343 -2.16244 -0.319796 0.266454 1.54891 -0.366663 0.064526 0.362079 0.839937 -0.699469 -1.17963 0.753891 -0.262455 -1.15621 -0.26625 -0.422399 -1.56959 -3.09455 0.806502
internal_weight=12821 12787 1175 53 1122 326 304 796 45 751 731 711 284 226 58 11612 42 11570 1094 443 92 651 226 425 303 122 71 45 201 10476 403 382 10073 107 76 360 46 314 67 247 217 58 9966 979 71 908 691 94 46 597 480 331 149 127 206 94 117 351 868 110 67 43
internal_count=12821 12787 1175 53 1122 326 304 796 45 751 731 711 284 226 58 11612 42 11570 1094 443 92 651 226 425 303 122 71 45 201 10476 403 382 10073 107 76 360 46 314 67 247 217 58 9966 979 71 908 691 94 46 597 480 331 149 127 206 94 117 351 868 110 67 43
is_linear=0
shrinkage=0.05


Tree=93
num_leaves=63
num_cat=0
split_feature=9 31 34 36 31 31 8 35 28 32 32 31 35 33 31 36 33 32 32 36 35 35 31 35 40 35 33 33 36 11 31 33 31 13 35 31 36 31 40 35 23 36 13 2 31 36 35 28 32 36 31 31 32 38 34 25 32 5 6 35 32 32
split_gain=882175 474750 398183 309253 988501 396735 310947 386504 346604 414993 1.38079e+06 403567 691983 308436 254290 1.06393e+06 417257 233712 385703 621608 231295 849923 382260 407631 198486 182511 358358 175869 164814 147224 133719 127982 263433 142258 170120 247397 348163 104796 96531.9 93810.2 66725.4 79094.5 67693 71492.9 66649 58189.9 52561.4 50159.3 55113.5 50059.1 65017 46052.9 45599.4 44479.2 56759 47322.1 96927.8 84888 92988.9 157811 97220.4 149315
threshold=1.0000000180025095e-35 59.050000000000004 473.9500000000001 379.92500000000013 477.45000000000005 459.95000000000005 1.0000000180025095e-35 1241.4000000000003 1.0000000180025095e-35 469.55000000000007 453.75000000000006 173.35000000000005 796.40000000000009 391.25000000000006 107.15000000000002 230.82500000000005 447.90000000000003 419.85000000000008 364.15000000000003 272.71250000000003 983.85000000000002 1077.8500000000001 422.95000000000005 825.45000000000016 4.5000000000000009 711.55000000000007 320.95000000000005 82.40000000000002 395.55000000000007 1.0000000180025095e-35 477.45000000000005 267.40000000000003 368.55000000000007 1.0000000180025095e-35 341.25000000000006 276.75000000000006 242.6166666666667 243.95000000000002 4.5000000000000009 455.25000000000006 1.0000000180025095e-35 190.465 1.0000000180025095e-35 1.0000000180025095e-35 307.45000000000005 305.71000000000004 604.1500000000002 1.0000000180025095e-35 475.15000000000003 192.87500000000003 164.25000000000003 419.55000000000007 174.95000000000002 1.0000000180025095e-35 475.30000000000001 1.0000000180025095e-35 94.15000000000002 1.0000000180025095e-35 1.0000000180025095e-35 1018.5500000000001 234.05000000000004 305.05000000000007
decision_type=2 2 2 2 2 2 2 2 2 2 2 2 2 2 2 2 2 2 2 2 2 2 2 2 2 2 2 2 2 2 2 2 2 2 2 2 2 2 2 2 2 2 2 2 2 2 2 2 2 2 2 2 2 2 2 2 2 2 2 2 2 2
left_child=40 -2 3 4 5 6 7 8 9 10 14 -10 -13 -9 15 27 17 18 20 -20 22 -22 23 29 -25 -8 -27 38 -5 31 51 32 33 34 49 37 -37 39 -3 -36 46 44 43 47 -42 -45 -1 48 -43 50 -16 -30 -38 54 55 -48 -57 58 60 -60 -58 -62
right_child=1 2 -4 28 -6 -7 25 13 11 -11 -12 12 -14 -15 16 -17 -18 -19 19 -21 21 -23 -24 24 -26 26 -28 -29 30 -31 -32 -33 -34 -35 35 36 52 -39 -40 -41 41 42 -44 45 -46 -47 53 -49 -50 -51 -52 -53 -54 -55 -56 56 57 -59 59 -61 61 -63
leaf_value=-0.12094525357968824 -5.8305333531421164 -2.8986009968221187 8.4179779720306396 7.3605608712071957 -8.2754325049264104 7.8931005477905281 -5.7070224430250089 1.6318981965382893 -8.3033922410011289 -5.0515086332956951 14.585064535140994 7.1649059629440304 -5.3129216308593747 9.5674048309326167 0.737081822105076 13.908555717468261 -5.5759787529706957 5.1739512163050039 -9.5408614505421028 2.215134089926015 -10.008710302114487 2.7253508373310691 -5.059319019317627 2.8735640162513372 9.4673334674835203 3.1647639640172325 -5.3513849621727356 4.8573392069339754 0.27443676428361374 -2.598377559298561 5.6165972506999973 -1.5965668757756553 7.402130631038121 -2.2606086508794263 1.5029565383990606 -4.0754996963169265 4.9850387771924343 7.7292488670349115 1.4131648734763818 5.7992358967109965 -0.353926031631694 0.44745090076463417 -1.0286320609820856 1.085185252957874 -3.3692128312587744 4.2229022576050328 -0.52229930887911324 -0.87383892799633145 2.71331305376121 1.5836504283568098 -2.620542876209532 2.6370978050882168 1.752414882183075 -0.071078249786238321 -2.4025850955006742 -2.9813092212677006 2.3449618223385933 -1.6871074185651893 -4.1186343369660561 1.3943715713024141 -2.4339685271425946 0.88549692263970015
leaf_weight=6747 23 25 20 23 28 22 23 24 20 24 20 20 25 25 46 20 24 34 22 23 20 38 20 21 25 30 21 20 33 21 30 27 21 22 24 23 24 25 27 27 219 646 74 45 20 22 2295 69 28 72 21 55 20 1019 37 25 78 51 27 25 41 195
leaf_count=6747 23 25 20 23 28 22 23 24 20 24 20 20 25 25 46 20 24 34 22 23 20 38 20 21 25 30 21 20 33 21 30 27 21 22 24 23 24 25 27 27 219 646 74 45 20 22 2295 69 28 72 21 55 20 1019 37 25 78 51 27 25 41 195
internal_value=-0.0349381 1.28131 1.42543 1.3 0.983173 1.25721 1.09921 1.36985 1.10614 1.41524 1.63322 -2.39373 0.23278 5.68063 1.25889 3.70661 0.883568 1.15272 0.900461 -3.53224 1.30181 -1.6657 1.69388 2.01622 6.45713 -2.00943 -0.341886 0.872739 3.48856 1.46855 2.73385 1.71118 1.98598 1.61184 1.91394 3.12472 0.909742 5.07739 -0.659799 3.77746 -0.165626 0.200762 0.418947 0.551195 -0.606251 2.11548 -0.204663 0.410136 0.541582 0.668325 -0.315308 1.7511 3.51566 -0.353581 -0.457356 -0.431059 0.0426859 0.223981 0.49028 -1.46815 0.814606 0.30881
internal_weight=12821 1158 1135 1115 974 946 924 850 801 736 712 65 45 49 692 92 600 576 542 45 497 58 439 419 46 74 51 72 141 373 118 352 325 304 282 143 67 76 52 51 11663 1123 884 810 239 67 10540 743 674 139 67 88 44 3793 2774 2737 442 417 366 52 314 236
internal_count=12821 1158 1135 1115 974 946 924 850 801 736 712 65 45 49 692 92 600 576 542 45 497 58 439 419 46 74 51 72 141 373 118 352 325 304 282 143 67 76 52 51 11663 1123 884 810 239 67 10540 743 674 139 67 88 44 3793 2774 2737 442 417 366 52 314 236
is_linear=0
shrinkage=0.05


Tree=94
num_leaves=63
num_cat=0
split_feature=9 5 35 32 31 31 36 31 11 37 40 32 31 6 36 32 36 36 35 32 31 31 35 31 35 35 39 35 31 31 36 32 40 36 31 37 35 36 31 7 36 32 33 40 32 32 40 31 21 35 33 32 39 32 32 36 33 33 28 36 36 35
split_gain=796163 461298 611810 358539 418763 417654 1.75529e+06 605896 373720 593711 370147 617257 347115 271940 958339 560841 415334 833453 799656 594182 650571 974611 624501 423806 306486 290217 273476 208614 464721 272143 267969 153091 139697 182985 104809 163005 130200 86677.1 178416 81088.1 104592 78144.9 82359.1 57178.9 109659 84176.2 82891.4 72902.2 68461.6 64857.8 56015.2 53229.8 58667.1 51774.3 48640.4 46890.9 46743.1 46334.8 45226.9 41351.5 41143.4 41010.6
threshold=1.0000000180025095e-35 1.0000000180025095e-35 983.85000000000002 482.55000000000007 64.950000000000017 107.15000000000002 231.85000000000005 118.05000000000001 1.0000000180025095e-35 3.5000000000000004 5.5000000000000009 136.15000000000001 240.15000000000001 1.0000000180025095e-35 252.75000000000003 356.95000000000005 327.25000000000006 337.55000000000007 1198.6500000000003 438.45000000000005 449.65000000000003 383.55000000000007 819.1500000000002 300.55000000000007 899.20000000000016 1099.0500000000002 1.0000000180025095e-35 634.45000000000016 276.75000000000006 282.65000000000003 263.54166666666674 339.65000000000003 2.5000000000000004 250.32500000000002 251.05000000000004 2.5000000000000004 256.45000000000005 371.92500000000007 479.05000000000007 1.0000000180025095e-35 336.08750000000003 450.50000000000006 419.85000000000008 4.5000000000000009 369.45000000000005 367.75000000000006 5.5000000000000009 466.05000000000007 1.0000000180025095e-35 594.25000000000011 386.00000000000006 467.75000000000006 1.0000000180025095e-35 389.15000000000003 429.25000000000006 393.56666666666672 77.950000000000017 198.05000000000004 1.0000000180025095e-35 167.12500000000003 249.31250000000003 644.05000000000018
decision_type=2 2 2 2 2 2 2 2 2 2 2 2 2 2 2 2 2 2 2 2 2 2 2 2 2 2 2 2 2 2 2 2 2 2 2 2 2 2 2 2 2 2 2 2 2 2 2 2 2 2 2 2 2 2 2 2 2 2 2 2 2 2
left_child=39 3 12 4 -2 6 10 -7 13 -10 11 -6 -3 16 -15 -16 18 -18 19 20 21 25 -23 -19 37 26 27 29 -29 34 -31 -26 -28 -34 35 36 -9 -25 53 50 43 42 -42 44 58 47 54 48 56 -50 -1 -52 -53 -39 -47 -43 59 -46 -41 -45 61 -58
right_child=1 2 -4 -5 5 7 -8 8 9 -11 -12 -13 -14 14 15 -17 17 23 -20 -21 -22 22 -24 24 31 -27 32 28 -30 30 -32 -33 33 -35 -36 -37 -38 38 -40 40 41 55 -44 45 57 46 -48 -49 49 -51 51 52 -54 -55 -56 -57 60 -59 -60 -61 -62 -63
leaf_value=-0.168227671948177 -4.2853814274072652 -2.8266654071984472 -8.0943070843815814 7.4053080139160166 2.6540165578126906 -7.0129118269140065 14.265011215209961 1.1194948588624414 -6.4962093417708946 2.4609801704819141 4.9099538161204421 -9.1308426284790052 5.6341308550401168 6.91449963649114 -10.727020432551702 0.08232282201449076 13.234959170931862 -3.6169075286906698 -7.1887382048147703 10.090067672729493 8.9803077257596531 -0.011049995422363283 -12.218775170499629 0.17776369639805387 10.268746013641358 7.180815081162887 0.66374413299560553 1.8106619370289339 -6.3910057047682427 8.4798947645270299 1.4044389907270671 4.6923042081296442 2.8176482527596609 8.4860902269681286 -2.2566388461738827 4.2549302290225857 -2.6475182838737967 2.6687051695219619 6.7268381729125979 0.27255677200455136 1.1162310667889459 -2.2610888163248699 3.8394437090917068 -0.76710886898494912 3.668176339611863 -1.7946838998794554 -3.0240320075233029 -2.7832703466000766 -0.55197848081588752 2.5375837464721838 -0.50352347237429207 -0.29039142097092491 -3.7687310466059936 -0.25714033444722495 1.6506848698570615 1.0169947093725205 -0.35288397669792176 0.84585833595349236 -1.733803592189666 0.81708272197949039 0.057094507071436679 -2.9440841313954946
leaf_weight=9772 32 27 30 25 25 22 32 81 37 37 26 20 22 24 24 24 21 23 27 20 26 20 22 35 20 22 25 39 31 23 32 32 35 24 32 29 32 54 25 299 175 24 33 63 33 20 53 23 26 49 715 22 27 21 21 20 26 26 31 119 49 37
leaf_count=9772 32 27 30 25 25 22 32 81 37 37 26 20 22 24 24 24 21 23 27 20 26 20 22 35 20 22 25 39 31 23 32 32 35 24 32 29 32 54 25 299 175 24 33 63 33 20 53 23 26 49 715 22 27 21 21 20 26 26 31 119 49 37
internal_value=-0.0331912 1.21724 -2.47086 1.48727 1.3469 1.52325 4.54245 1.18487 1.38593 -2.01761 0.160456 -2.5837 0.972059 1.69196 -1.2434 -5.32235 1.97338 3.73756 1.18967 1.64853 1.29159 0.844373 -6.40557 2.78782 3.57557 1.59622 1.27543 0.567269 -1.82151 1.29746 4.36327 6.83709 3.79616 5.12346 0.328385 0.910926 0.0527301 2.31928 3.06881 -0.157345 0.245761 1.14332 1.54828 -0.0127347 0.439045 -0.374345 -1.71812 -0.0521136 0.118121 1.46654 -0.200464 -0.61278 -2.20703 1.84947 -0.0299828 -0.771051 -0.225862 2.42444 0.0840805 0.268709 -1.02954 -1.8747
internal_weight=12821 1158 79 1079 1054 1022 103 919 897 74 71 45 49 823 72 48 751 231 520 493 473 447 42 210 187 405 383 299 70 229 55 52 84 59 174 142 113 135 100 11663 1127 252 208 875 389 486 94 392 369 75 10536 764 49 75 41 44 294 59 330 182 112 63
internal_count=12821 1158 79 1079 1054 1022 103 919 897 74 71 45 49 823 72 48 751 231 520 493 473 447 42 210 187 405 383 299 70 229 55 52 84 59 174 142 113 135 100 11663 1127 252 208 875 389 486 94 392 369 75 10536 764 49 75 41 44 294 59 330 182 112 63
is_linear=0
shrinkage=0.05


Tree=95
num_leaves=63
num_cat=0
split_feature=9 36 34 33 35 33 36 36 36 40 34 23 34 33 32 12 36 36 33 36 32 33 33 33 35 32 32 35 35 33 32 36 33 34 32 7 23 2 36 33 24 13 36 23 36 34 4 36 34 32 35 32 25 33 36 21 33 36 35 35 35 40
split_gain=1.02149e+06 337827 367860 703759 894188 758249 647512 1.35885e+06 1.21904e+06 889716 770184 618663 492859 365809 1.09639e+06 880409 725312 971069 497111 337158 328292 366737 638487 1.13199e+06 348961 1.17418e+06 632464 549725 476210 288251 226421 206915 179376 147574 115163 80402.1 90715.7 62325.8 68126.2 59287.1 56150.5 55808.6 54478.8 53666 72539.7 72090.1 105473 50186.8 45724.7 45154.9 42778.1 42665.9 42452 46786.3 72273.9 43266.7 103737 62784.6 52113.7 88699.8 88468.3 66876.2
threshold=1.0000000180025095e-35 379.92500000000013 174.30000000000004 405.35000000000008 1045.6000000000001 386.00000000000006 262.35833333333341 230.82500000000005 214.7416666666667 1.0000000180025095e-35 444.2000000000001 1.0000000180025095e-35 296.45000000000005 235.25000000000003 431.35000000000008 1.0000000180025095e-35 265.81666666666672 238.35416666666671 301.35000000000008 395.55000000000007 396.15000000000003 200.05000000000004 165.05000000000004 115.7 495.15000000000003 180.15000000000001 274.25000000000006 436.35000000000008 686.45000000000016 276.2000000000001 167.95000000000002 254.65000000000006 222.70000000000002 380.40000000000003 95.850000000000009 1.0000000180025095e-35 1.0000000180025095e-35 1.0000000180025095e-35 299.01666666666671 495.00000000000006 1.0000000180025095e-35 1.0000000180025095e-35 308.02500000000003 1.0000000180025095e-35 362.92500000000007 431.80000000000001 1.0000000180025095e-35 247.31666666666669 422.30000000000007 225.35000000000005 1377.7500000000002 164.85000000000005 1.0000000180025095e-35 64.65000000000002 288.28333333333336 1.0000000180025095e-35 400.35000000000008 347.55833333333339 609.55000000000007 562.75000000000011 505.05000000000007 3.5000000000000004
decision_type=2 2 2 2 2 2 2 2 2 2 2 2 2 2 2 2 2 2 2 2 2 2 2 2 2 2 2 2 2 2 2 2 2 2 2 2 2 2 2 2 2 2 2 2 2 2 2 2 2 2 2 2 2 2 2 2 2 2 2 2 2 2
left_child=35 2 3 5 31 11 7 8 -4 -8 12 13 -11 14 15 20 17 29 -18 -3 21 22 23 24 27 -26 -27 30 -28 -15 34 -5 -13 -14 -2 39 37 40 -39 41 52 43 47 45 -45 48 -47 51 50 -42 -1 -38 55 -54 -55 57 -57 58 59 60 -37 -60
right_child=1 19 6 4 -6 -7 9 -9 -10 10 -12 32 33 16 -16 -17 18 -19 -20 -21 -22 -23 -24 -25 25 26 28 -29 -30 -31 -32 -33 -34 -35 -36 36 42 38 -40 -41 49 -43 -44 44 -46 46 -48 -49 -50 -51 -52 -53 53 54 -56 56 -58 -59 61 -61 -62 -63
leaf_value=-0.15180770342334513 0.94431965626776226 9.0968982319037135 7.8524783813592167 -5.4838933990115208 2.1070575988653935 10.458079033806211 9.0863743813037878 15.904594733164863 -7.7914052104949949 -3.8484834685921672 -10.232266082763672 9.6206620921259347 7.3519170522689823 8.8339994978904723 -8.1433578393398189 -9.2589728095314729 2.4010021710395812 -7.9566004180908214 13.179341842817223 2.600456955728411 6.3213221373381439 -5.9729807734489446 9.2565933899445962 -9.8065986785888679 13.034600921630862 -4.2858074974369362 -0.2773953127861023 -5.4273632915396446 8.0310593717238472 0.54020157754421239 5.0239907087818274 -12.590025067329407 3.2291324042138601 1.4242977142333986 -2.2153001645032098 -0.10421633620528466 0.55252160922340721 0.41088833833227351 3.5773419265563677 -2.6110596599578861 -3.282256751646111 -0.51742908709244562 3.8192617551140167 0.038447834919050378 1.2678410920248906 -0.71388615597571647 -4.5955816382453554 -0.40411626994609834 1.9376451721558205 -0.52743280903965828 -1.3674982887679992 3.536509059667587 2.9736027965178859 -1.2451646362913067 2.661847746372223 0.26007139846346433 4.1223251771926881 0.69486100810670093 0.24072029808802264 2.3360611691194424 -3.4914113408043272 -1.875483713052901
leaf_weight=8290 190 24 33 21 33 21 25 26 20 32 20 23 21 20 39 22 20 25 23 119 27 20 22 25 25 37 35 38 34 22 31 20 21 21 34 235 23 49 26 25 21 1059 23 774 142 105 21 34 26 51 73 25 26 29 20 133 20 155 56 34 21 112
leaf_count=8290 190 24 33 21 33 21 25 26 20 32 20 23 21 20 39 22 20 25 23 119 27 20 22 25 25 37 35 38 34 22 31 20 21 21 34 235 23 49 26 25 21 1059 23 774 142 105 21 34 26 51 73 25 26 29 20 133 20 155 56 34 21 112
internal_value=0.00523672 1.41402 1.09669 0.633721 -4.01932 1.09039 3.03276 6.54207 1.94913 0.703051 -1.52656 0.822007 0.826338 0.454926 -0.0472373 0.537482 3.09813 -0.154486 8.16616 3.69077 0.953548 0.658375 0.939961 0.532465 1.14208 3.28731 0.988418 0.18295 3.81663 4.48963 1.019 -8.9503 6.57016 4.38811 0.464735 -0.136637 0.271513 0.123016 1.50859 -0.179062 0.00919563 -0.173266 1.6688 -0.134621 0.229031 -0.17374 -1.36084 1.06562 -0.155911 -1.33092 -0.162419 2.10668 0.123926 1.25921 0.349534 0.0127692 0.764941 -0.174967 -0.469341 -0.0633945 -0.382072 -1.17008
internal_weight=12777 1169 1026 828 74 754 198 79 53 119 94 733 74 689 579 540 110 67 43 143 518 491 471 449 424 131 106 293 69 42 255 41 44 42 224 11608 1093 988 75 10515 913 10490 105 9431 916 8515 126 82 8389 72 8363 48 841 75 49 766 153 613 458 290 256 168
internal_count=12777 1169 1026 828 74 754 198 79 53 119 94 733 74 689 579 540 110 67 43 143 518 491 471 449 424 131 106 293 69 42 255 41 44 42 224 11608 1093 988 75 10515 913 10490 105 9431 916 8515 126 82 8389 72 8363 48 841 75 49 766 153 613 458 290 256 168
is_linear=0
shrinkage=0.05


Tree=96
num_leaves=63
num_cat=0
split_feature=9 5 32 36 34 31 40 32 32 31 36 31 34 24 35 29 32 31 31 34 23 10 36 35 12 37 35 36 34 18 36 31 35 32 36 36 36 32 35 7 23 31 31 32 2 36 31 24 23 32 32 32 31 11 36 35 40 34 0 25 36 35
split_gain=921893 370099 678098 554718 392529 1.11434e+06 677115 483821 729894 498607 478002 396070 338195 308497 552552 435660 583174 859924 351776 333187 312420 391770 282684 265719 237691 213427 427712 502664 395451 201596 279574 335149 355800 235456 170707 168259 160991 145413 128814 72562.9 81870.9 77670.1 62660.6 61405.2 56249.1 61483.9 50952.1 50675.9 43643.7 91911.7 59748.8 54421.6 53296.8 45608.4 43129.7 41423.4 41301.7 40542.4 39639.2 54206.3 52026.3 94595.9
threshold=1.0000000180025095e-35 1.0000000180025095e-35 383.75000000000006 247.31666666666669 264.00000000000006 182.85000000000005 5.5000000000000009 482.55000000000007 467.75000000000006 456.35000000000008 310.41666666666674 341.65000000000003 389.7000000000001 1.0000000180025095e-35 753.35000000000014 1.0000000180025095e-35 436.85000000000008 266.65000000000003 68.450000000000017 203.50000000000003 1.0000000180025095e-35 1.0000000180025095e-35 379.92500000000013 490.15000000000009 1.0000000180025095e-35 3.5000000000000004 721.20000000000016 290.52500000000003 56.050000000000004 1.0000000180025095e-35 262.35833333333341 291.30000000000001 505.05000000000007 167.95000000000002 278.37500000000006 322.91666666666674 254.65000000000006 373.00000000000006 444.45000000000005 1.0000000180025095e-35 1.0000000180025095e-35 357.15000000000003 164.25000000000003 90.850000000000009 1.0000000180025095e-35 299.01666666666671 395.65000000000003 1.0000000180025095e-35 1.0000000180025095e-35 465.85000000000008 92.350000000000009 207.75000000000003 466.05000000000007 1.0000000180025095e-35 337.55000000000007 202.75000000000003 3.5000000000000004 233.65000000000001 1.0000000180025095e-35 1.0000000180025095e-35 288.28333333333336 552.85000000000014
decision_type=2 2 2 2 2 2 2 2 2 2 2 2 2 2 2 2 2 2 2 2 2 2 2 2 2 2 2 2 2 2 2 2 2 2 2 2 2 2 2 2 2 2 2 2 2 2 2 2 2 2 2 2 2 2 2 2 2 2 2 2 2 2
left_child=39 4 3 -3 7 -6 11 8 9 13 -11 12 -7 15 -15 16 18 -18 -2 20 21 24 -12 -24 25 26 29 -28 -27 30 31 32 33 43 -32 -36 -17 -29 -37 46 44 57 -35 55 47 -46 -1 58 53 50 -50 -52 54 -48 -53 -20 -49 -42 59 -41 61 -61
right_child=1 2 -4 -5 5 6 -8 -9 -10 10 22 -13 -14 14 -16 36 17 -19 19 -21 -22 -23 23 -25 -26 28 27 37 -30 -31 34 -33 -34 42 35 38 -38 -39 -40 40 41 -43 -44 -45 45 -47 48 56 49 -51 51 52 -54 -55 -56 -57 -58 -59 -60 60 -62 -63
leaf_value=-0.10972026163017053 -4.889543465910287 -0.68138776976486737 4.6090687247423032 -11.079266877796339 13.203516206034909 0.60752909183502202 8.9297018654346463 8.7399267832438152 -8.1506075359526147 11.259529417211361 -2.2127210998535154 3.1874645719657075 -8.5875064277648931 2.205181728090559 -7.8196471779434775 7.9762851365407315 14.058346900939942 -0.42828379812694739 0.46326506825163966 -5.6173594427108773 5.3958572271707901 5.508046455872365 1.4094293283919495 9.2128823924064633 -3.6643089389801027 6.8416444488934109 -7.7107034753350652 2.772317731380463 -1.2990297904381387 -3.9718248176574704 6.9222174812918134 -4.996394266401019 -4.6263869629743004 6.9919865429401398 -0.62043627533647749 2.2458706022964585 2.2682584490094864 -2.8985330200195314 6.8609189873649967 0.044385825831662208 0.0165501250161065 3.8404725836856026 3.034062677025795 -1.8332788603646415 0.39034391933557938 3.3984748473534219 -0.36825836307903315 0.54097314097664573 1.0955894478841832 3.2653567583664604 -2.0357166751902152 -2.0834831909699871 1.6758934023028074 -1.1450305914657823 0.35844253227114681 2.4864704882776416 -2.0587310137748722 2.5232898649962054 -2.0816037988662721 2.8143970693860734 3.1159862855385092 -1.8271081919255465
leaf_weight=8082 29 29 26 23 27 20 25 21 21 22 20 37 20 28 27 30 20 21 80 20 37 39 24 20 35 35 34 26 26 20 23 28 26 20 36 54 21 20 21 748 54 28 20 21 49 26 1972 22 76 23 47 33 33 209 40 37 50 23 20 21 29 23
leaf_count=8082 29 29 26 23 27 20 25 21 21 22 20 37 20 28 27 30 20 21 80 20 37 39 24 20 35 35 34 26 26 20 23 28 26 20 36 54 21 20 21 748 54 28 20 21 49 26 1972 22 76 23 47 33 33 209 40 37 50 23 20 21 29 23
internal_value=0.00497489 1.34332 -1.98394 -5.28045 1.5812 4.17112 1.78019 1.2339 1.06639 1.27678 4.90162 -0.541083 -3.98999 0.902993 -2.7161 1.15851 0.845549 6.63837 0.499835 0.737361 0.936569 0.662037 2.71609 4.95645 0.325748 0.590742 0.226692 -3.10068 3.37185 0.916302 1.18341 0.133179 0.837239 1.6353 3.00173 2.18937 5.62592 0.30673 3.53808 -0.129805 0.257937 1.58536 5.01302 0.656245 0.116865 1.43316 -0.170109 0.00873585 -0.370711 0.252288 -0.0503347 -0.619552 0.00837017 -0.442695 -0.745442 1.10308 -1.26438 0.765317 0.11773 0.171307 1.47181 0.388156
internal_weight=12777 1169 78 52 1091 129 102 962 941 920 86 77 40 834 55 779 728 41 687 658 638 601 64 44 562 527 466 80 61 386 366 232 204 178 134 111 51 46 75 11608 1093 105 40 138 988 75 10515 913 2433 252 229 153 106 2181 73 117 72 77 841 821 73 44
internal_count=12777 1169 78 52 1091 129 102 962 941 920 86 77 40 834 55 779 728 41 687 658 638 601 64 44 562 527 466 80 61 386 366 232 204 178 134 111 51 46 75 11608 1093 105 40 138 988 75 10515 913 2433 252 229 153 106 2181 73 117 72 77 841 821 73 44
is_linear=0
shrinkage=0.05


Tree=97
num_leaves=63
num_cat=0
split_feature=9 35 35 24 34 40 33 33 32 33 32 40 32 40 32 32 32 32 32 32 35 40 35 32 18 40 32 33 32 34 32 35 32 32 37 35 32 32 7 23 35 33 13 40 33 33 21 33 32 35 23 34 33 32 32 35 32 38 34 34 33 35
split_gain=832008 258493 384454 346336 733289 457662 361184 1.71942e+06 719649 560009 454517 452250 474176 395682 330937 339069 311689 475003 497624 400591 578120 356154 310559 308205 360610 422513 665102 595051 307622 292115 286643 467126 269445 256672 197861 143533 122040 72622.7 65488 73888.5 57367.4 53218.1 50342.1 47601.6 102194 67230.8 58518.5 150572 48802.8 52188.9 46224.5 65008.4 62737.7 56118.7 42927.2 47286.4 56217.5 41553.8 61206.9 41313.3 40705.6 37949.1
threshold=1.0000000180025095e-35 495.15000000000003 515.45000000000016 1.0000000180025095e-35 473.9500000000001 3.5000000000000004 165.05000000000004 138.35000000000005 452.15000000000003 442.60000000000008 126.65000000000002 1.5000000000000002 268.45000000000005 4.5000000000000009 293.95000000000005 211.45000000000002 405.75000000000006 242.65000000000001 311.50000000000006 204.65000000000001 774.25000000000011 5.5000000000000009 1055.3000000000004 469.55000000000007 1.0000000180025095e-35 3.5000000000000004 433.35000000000008 1.0000000180025095e-35 218.05000000000004 164.90000000000003 55.20000000000001 425.85000000000008 339.65000000000003 288.45000000000005 3.5000000000000004 691.00000000000011 378.05000000000007 128.35000000000005 1.0000000180025095e-35 1.0000000180025095e-35 198.20000000000002 495.00000000000006 1.0000000180025095e-35 3.5000000000000004 1.0000000180025095e-35 100.95000000000002 1.0000000180025095e-35 400.35000000000008 214.65000000000001 480.95000000000005 1.0000000180025095e-35 431.80000000000001 167.15000000000001 478.45000000000005 383.75000000000006 932.50000000000011 164.85000000000005 1.0000000180025095e-35 356.75000000000006 422.30000000000007 179.05000000000004 1377.7500000000002
decision_type=2 2 2 2 2 2 2 2 2 2 2 2 2 2 2 2 2 2 2 2 2 2 2 2 2 2 2 2 2 2 2 2 2 2 2 2 2 2 2 2 2 2 2 2 2 2 2 2 2 2 2 2 2 2 2 2 2 2 2 2 2 2
left_child=38 14 -3 4 6 -5 7 23 9 10 13 12 -12 -8 15 30 17 19 -19 20 -13 -20 -11 24 25 27 28 32 -27 -24 40 37 -4 -30 -7 -35 -37 -32 41 43 -2 42 50 45 48 -40 -46 -48 49 -45 51 59 -53 -52 55 56 -41 58 60 61 -47 -1
right_child=1 2 3 5 -6 34 8 -9 -10 22 11 16 -14 -15 -16 -17 -18 18 21 -21 -22 -23 29 -25 -26 26 -28 -29 33 -31 31 -33 -34 35 -36 36 -38 -39 39 54 -42 -43 -44 44 46 57 47 -49 -50 -51 53 52 -54 -55 -56 -57 -58 -59 -60 -61 -62 -63
leaf_value=-0.13497515754891329 0.11662931899814044 8.6413766670227048 6.1315231994346338 -7.4672907559768014 11.409092055559158 -2.6952626401727855 2.6173083467142924 -12.782717282875725 9.4049727704789898 -6.4238904824623688 1.0757862166924912 -4.7450147831439971 11.23831306497256 10.881821543375651 -5.7378823822194889 6.4530540196791932 -3.7362005003036991 8.3115711438350193 4.1388625704880919 -7.2619589643819005 7.2770462751388552 -4.190637036732265 4.8683096504211427 -3.2582646115620935 -3.9347522562200377 8.5782996177673336 12.933861818164587 -7.3121375924065006 -3.2682365250587466 -3.6773731970787047 -1.2184790476774559 -6.9143794782233954 -0.99987244606018066 -0.21571652775719052 3.4644506141543392 7.4527719685977161 2.2438035752462304 1.9430404032854474 -0.041365218987280038 -0.69181516688802969 1.7424830857714018 -2.4657654485702518 -0.48298542613400602 0.22834370880554886 -1.2738886905851818 3.2534284214178721 -0.8869273746714873 3.9567239034743538 1.1851527285175745 -2.3950236422674998 0.14607567800982577 -3.3234924735694094 -0.67295051372235593 2.3449172612031304 -0.35119453072547913 3.6740979679699599 2.6183121294810854 -0.1616016934899723 4.3427144312858585 1.8512230368760918 0.76648267907531642 -1.2799949626604172
leaf_weight=8290 85 20 27 23 20 22 28 23 36 26 22 20 24 30 22 23 31 39 33 21 20 21 20 30 22 20 20 21 20 20 39 33 26 21 32 22 23 34 187 23 150 25 1059 195 210 21 68 21 135 21 886 29 97 30 24 29 29 34 20 26 76 73
leaf_count=8290 85 20 27 23 20 22 28 23 36 26 22 20 24 30 22 23 31 39 33 21 20 21 20 30 22 20 20 21 20 20 39 33 26 21 32 22 23 34 187 23 150 25 1059 195 210 21 68 21 135 21 886 29 97 30 24 29 29 34 20 26 76 73
internal_value=0.00472614 1.27615 1.79819 1.61881 1.97571 -1.56079 1.69242 0.304005 2.66893 1.98583 2.93486 1.94127 6.37797 6.89206 0.217205 0.577127 0.838095 1.7589 4.00785 -1.66984 1.26602 0.899613 -2.16973 1.49843 2.14122 2.80958 4.57077 -0.189195 2.99283 0.595468 0.180804 -1.97766 2.6331 1.69388 0.954938 3.19755 4.79041 0.254009 -0.123315 0.245041 1.15441 -0.161604 -0.156113 0.111022 -0.139245 0.592305 -0.818517 0.255957 0.439394 -0.0267059 -0.119408 -0.155715 -1.283 0.21809 1.50609 2.0564 1.15422 1.37705 1.82418 -0.138783 1.30489 -0.14497
internal_weight=12777 1169 783 763 686 77 666 275 391 355 289 231 46 58 386 364 185 154 93 61 40 54 66 252 222 200 126 74 106 40 341 106 53 86 54 66 45 73 11608 1093 235 10515 10490 988 650 338 299 89 351 216 9431 8515 126 916 105 81 52 151 117 8389 97 8363
internal_count=12777 1169 783 763 686 77 666 275 391 355 289 231 46 58 386 364 185 154 93 61 40 54 66 252 222 200 126 74 106 40 341 106 53 86 54 66 45 73 11608 1093 235 10515 10490 988 650 338 299 89 351 216 9431 8515 126 916 105 81 52 151 117 8389 97 8363
is_linear=0
shrinkage=0.05


Tree=98
num_leaves=63
num_cat=0
split_feature=9 5 32 36 34 31 40 32 32 33 31 32 36 34 21 36 40 33 29 31 31 36 33 33 35 33 31 13 31 31 32 31 31 36 32 32 32 31 32 36 31 13 36 36 31 35 34 35 39 33 33 29 34 33 25 36 33 39 0 24 33 11
split_gain=750888 341139 600146 498658 336402 1.00742e+06 586905 450117 414688 445953 401586 437906 431262 365799 298511 496876 582899 428810 300515 345664 551996 288532 856366 482227 251297 250683 235236 297121 193479 187042 155713 87363.4 77031.5 217694 305306 312509 256868 82508.3 68990.9 60121.1 52197.4 51145.7 47468.5 46197.6 45499.5 53864.1 38854.3 43856.2 35516.8 59645.8 55603.6 33595.1 80722 88473.2 54584.1 109271 82873.4 44867.9 79087.5 77672 111820 68942.8
threshold=1.0000000180025095e-35 1.0000000180025095e-35 383.75000000000006 247.31666666666669 264.00000000000006 182.85000000000005 5.5000000000000009 478.45000000000005 442.25000000000006 198.05000000000004 456.35000000000008 419.85000000000008 310.41666666666674 389.7000000000001 1.0000000180025095e-35 261.0750000000001 4.5000000000000009 104.65000000000002 1.0000000180025095e-35 68.450000000000017 86.450000000000017 290.52500000000003 320.95000000000005 301.35000000000008 796.40000000000009 296.75000000000006 118.05000000000001 1.0000000180025095e-35 476.05000000000007 375.65000000000003 97.65000000000002 241.95000000000002 198.45000000000002 267.12500000000006 193.95000000000002 139.05000000000004 61.150000000000013 147.15000000000001 61.150000000000013 312.83333333333337 171.55000000000004 1.0000000180025095e-35 337.55000000000007 342.55000000000007 372.25000000000006 1437.45 265.80000000000001 1036.0000000000002 1.0000000180025095e-35 82.40000000000002 247.35000000000005 1.0000000180025095e-35 391.65000000000003 213.90000000000003 1.0000000180025095e-35 205.51666666666668 344.35000000000008 1.0000000180025095e-35 1.0000000180025095e-35 1.0000000180025095e-35 379.65000000000003 1.0000000180025095e-35
decision_type=2 2 2 2 2 2 2 2 2 2 2 2 2 2 2 2 2 2 2 2 2 2 2 2 2 2 2 2 2 2 2 2 2 2 2 2 2 2 2 2 2 2 2 2 2 2 2 2 2 2 2 2 2 2 2 2 2 2 2 2 2 2
left_child=41 4 3 -3 7 -6 13 8 10 42 11 14 -12 -7 18 16 17 -16 19 -2 -21 22 26 24 39 -18 30 29 -14 32 -22 -20 37 34 35 36 -34 38 -28 -23 -39 51 -10 -41 46 48 47 -43 -46 -50 -51 57 54 -54 -53 -56 -57 -1 59 61 -61 -59
right_child=1 2 -4 -5 5 6 -8 -9 9 -11 12 -13 28 -15 15 -17 25 -19 31 20 21 23 -24 -25 -26 -27 27 -29 -30 -31 -32 -33 33 -35 -36 -37 -38 40 -40 43 -42 44 -44 -45 45 -47 -48 -49 49 50 -52 52 53 -55 55 56 -58 58 -60 60 -62 -63
leaf_value=-0.14514684387699059 -5.0921667098999031 -0.72284987877155171 4.220400845488677 -10.581331538117452 12.426489167743259 2.8951872809937127 8.2212558288574211 8.0297869392063301 -7.8423168182373049 3.0243074893951416 10.544556869160047 6.2702246679200071 6.2299654248214908 -3.997879805931678 -9.6980095559358617 -7.8899722122550022 0.83949357801013536 -0.11219969136374337 2.7707614231109621 8.7988105218518875 1.2831010525876827 4.433504292964936 -7.6438701797934145 7.6275232962199624 -4.1168314623832698 7.7134884787091451 -0.299470434738144 -5.2709457164225375 0.27717276353102466 -3.9957939591258764 7.3788956284523017 7.3367313926870175 0.69259046286344539 -2.0334332275390627 7.1878614026924668 -3.5912346084912623 7.3239333002463631 -3.4354794752597813 3.5049487655813047 -0.25458759151656052 -0.15917772645911865 -0.25398807314756727 -4.3974460887908933 2.0954054463704428 -0.74346545605690451 1.4810381856831638 0.6949176209568978 -1.8508965435883273 -0.23264067348311929 -5.005362393856049 -1.7627115261860382 -0.35704318362941245 -4.336467693230281 -0.25002760820918613 -2.0669874632358551 3.9247189116093426 -0.14335310345604307 0.29797082649044387 -1.5003343382707008 -0.21894187960880909 -2.7053894286906282 -0.22574881856195395
leaf_weight=5497 24 29 26 23 27 38 25 23 20 20 22 36 21 39 20 25 36 28 20 22 22 20 34 35 20 21 26 23 39 20 20 22 40 30 29 24 23 20 22 29 31 658 20 75 231 22 100 46 34 20 39 897 26 27 20 31 21 2711 78 278 54 818
leaf_count=5497 24 29 26 23 27 38 25 23 20 20 22 36 21 39 20 25 36 28 20 22 22 20 34 35 20 21 26 23 39 20 20 22 40 30 29 24 23 20 22 29 31 658 20 75 231 22 100 46 34 20 39 897 26 27 20 31 21 2711 78 278 54 818
internal_value=0.00448984 1.21234 -1.98209 -5.08333 1.44073 3.83834 1.56501 1.11922 0.949948 -3.07182 1.22447 0.88167 4.55633 -0.596106 0.626758 -1.55497 -0.0466358 -4.10629 1.07624 0.784866 1.03451 0.719934 -0.0883107 2.36351 1.08407 3.37202 0.690141 0.180348 2.36065 0.65348 4.18586 5.16246 1.03301 1.76308 2.74493 1.26396 3.11356 -0.0436511 1.44422 1.92292 -1.444 -0.117149 -6.11988 1.44012 -0.433647 -0.913065 -0.22733 -0.358332 -1.07563 -1.90068 -2.86192 -0.0823455 -0.354648 -2.2547 -0.250724 1.07384 2.28184 -0.0528528 0.0759465 0.107791 -0.623364 0.176576
internal_weight=12777 1169 78 52 1091 129 102 962 939 60 879 797 82 77 761 130 105 48 631 589 565 543 364 179 144 57 330 288 60 265 42 42 245 146 116 87 63 99 48 124 51 11608 40 104 1150 346 804 704 324 93 59 10458 1022 53 969 72 52 9436 3939 3861 332 3529
internal_count=12777 1169 78 52 1091 129 102 962 939 60 879 797 82 77 761 130 105 48 631 589 565 543 364 179 144 57 330 288 60 265 42 42 245 146 116 87 63 99 48 124 51 11608 40 104 1150 346 804 704 324 93 59 10458 1022 53 969 72 52 9436 3939 3861 332 3529
is_linear=0
shrinkage=0.05


Tree=99
num_leaves=63
num_cat=0
split_feature=32 25 36 32 32 36 36 36 32 7 37 36 33 33 32 31 32 31 32 5 31 31 33 32 32 32 36 36 32 2 33 31 33 23 36 31 6 36 36 36 33 33 23 32 33 33 36 36 36 31 36 33 39 31 39 32 21 36 31 31 31 36
split_gain=101459 76026.4 118268 255829 143532 136154 150984 106075 93172.9 105023 95450.8 128486 86207.8 82345.4 78358.1 127017 70738.1 160036 116783 68342.3 68382.6 163091 66996.7 64915.9 63823 68381.6 63043.1 53179.4 49217.3 47287.4 121053 185127 83704.7 63896.3 55465.8 47812.3 160785 196266 282767 72997.8 145858 372977 102512 98021.4 119713 115375 51724 139393 115087 89950.3 55778.1 50529 95389.4 48247.9 81680.7 47036.1 156077 49758.6 50365.8 44940.1 48031.4 174134
threshold=495.65000000000003 1.0000000180025095e-35 312.83333333333337 448.55000000000007 470.95000000000005 318.41250000000008 325.81666666666672 297.71666666666675 416.25000000000006 1.0000000180025095e-35 4.5000000000000009 215.85833333333338 59.300000000000004 442.60000000000008 487.45000000000005 227.65000000000001 343.35000000000008 186.55000000000004 318.05000000000007 1.0000000180025095e-35 431.55000000000007 383.55000000000007 361.30000000000001 492.35000000000008 365.75000000000006 396.15000000000003 306.96250000000003 395.55000000000007 209.55000000000004 1.0000000180025095e-35 484.65000000000003 487.35000000000008 495.00000000000006 1.0000000180025095e-35 205.51666666666668 448.05000000000007 1.0000000180025095e-35 354.05000000000007 321.17500000000001 287.31000000000006 103.30000000000003 182.50000000000003 1.0000000180025095e-35 246.25000000000003 339.55000000000007 431.30000000000001 349.01666666666671 300.5750000000001 369.95000000000005 484.15000000000003 419.08333333333343 485.90000000000003 1.0000000180025095e-35 462.85000000000008 1.0000000180025095e-35 79.050000000000011 1.0000000180025095e-35 259.93333333333334 469.35000000000008 357.15000000000003 140.85000000000005 178.41250000000005
decision_type=2 2 2 2 2 2 2 2 2 2 2 2 2 2 2 2 2 2 2 2 2 2 2 2 2 2 2 2 2 2 2 2 2 2 2 2 2 2 2 2 2 2 2 2 2 2 2 2 2 2 2 2 2 2 2 2 2 2 2 2 2 2
left_child=1 14 3 7 5 -4 -7 8 9 10 16 -12 -9 22 29 23 18 -18 19 20 21 59 24 -16 28 -26 -14 -27 -8 32 31 33 35 -31 -35 51 39 38 -38 42 46 -42 55 44 -43 -46 47 -41 -48 -49 -50 -1 -53 -45 -55 56 -37 -57 -59 60 61 -3
right_child=-2 2 4 -5 -6 6 13 12 -10 -11 11 -13 26 -15 15 -17 17 -19 -20 -21 -22 -23 -24 -25 25 27 -28 -29 -30 30 -32 -33 -34 34 -36 36 37 -39 -40 40 41 43 -44 53 45 -47 48 49 50 -51 -52 52 -54 54 -56 57 -58 58 -60 -61 -62 -63
leaf_value=-0.022751977184071188 1.8020492942908253 -0.29687758447683377 4.6326463807712903 -4.0132617019318246 4.4546867863337196 -3.3349552678025294 0.80612218097973898 0.68652971535921103 3.0970651964987481 2.3506682943879511 0.15995738539430832 4.9441579356141716 -4.9999890100388305 3.0764831568743731 -4.7370403128010885 0.16884072509364806 -3.8279559272366601 1.0007143922150135 3.8625221776962277 -2.307563267984698 2.559239320401792 -4.0396062652269995 -1.9641711552937826 -1.3895446898539863 4.4001259491557168 -0.10395823746091791 -1.0775522823631765 3.0620962494895574 -1.256072640702838 0.14627983481104184 -3.5678408314287666 4.8972248077392582 2.9482862679854684 -0.66220645427703861 2.3782383264104525 -4.5300427546352147 -1.6941193810850383 0.033760430967366258 -8.9755174431204789 -2.428938004658336 -8.1292052222788325 -5.3055352381684564 3.9910735559463504 2.2352402386458023 1.7836034858768639 -3.2811388873535656 -3.8761282164958262 0.97013254688077033 1.505785159188874 5.0441928432323042 -0.25813926764116402 -3.3750284589106041 0.82367187788089125 1.3261088540477139 -2.3655827435953865 0.060096793606961997 0.46284668486979275 3.7647940334747547 0.78525748333415468 2.5136452531814579 -0.3166153495661973 3.7648612151274814
leaf_weight=9036 78 92 22 37 30 23 93 24 31 57 36 23 21 37 28 69 37 32 20 31 27 24 24 30 21 36 20 21 42 942 20 22 23 20 60 20 40 54 20 21 20 22 20 23 22 23 21 42 49 20 525 31 24 31 29 88 72 23 37 20 254 37
leaf_count=9036 78 92 22 37 30 23 93 24 31 57 36 23 21 37 28 69 37 32 20 31 27 24 24 30 21 36 20 21 42 942 20 22 23 20 60 20 40 54 20 21 20 22 20 23 22 23 21 42 49 20 525 31 24 31 29 88 72 23 37 20 254 37
internal_value=0.00426535 -0.00677703 0.376896 0.0498172 1.1482 0.837249 0.556109 0.241082 0.415485 0.295008 0.109901 2.02498 -1.69345 0.882731 -0.0457868 -1.28089 -0.0869458 -1.58857 0.118227 -0.0361769 0.118918 -0.0353883 0.540246 -3.00558 0.822434 1.96108 -3.08661 1.06248 0.16455 -0.0320273 0.285365 0.359181 -0.0646999 0.261493 1.61813 -0.0714195 -0.365061 -2.15309 -4.12125 -0.181094 -0.405815 -1.71538 0.551842 -0.860205 -2.28282 -0.805043 -0.0774581 1.09183 -0.240569 2.28435 -0.10756 -0.0319486 -1.54287 0.288169 -0.458209 0.265239 -0.622564 0.817117 1.92741 0.203076 0.0824199 0.868117
internal_weight=12777 12699 1172 823 349 319 297 786 721 690 633 59 65 274 11527 127 574 69 505 485 454 427 237 58 213 78 41 57 135 11400 1064 1044 10336 1022 80 10313 1222 114 60 1108 848 170 260 150 67 45 678 83 595 62 574 9091 55 83 60 240 92 148 60 403 383 129
internal_count=12777 12699 1172 823 349 319 297 786 721 690 633 59 65 274 11527 127 574 69 505 485 454 427 237 58 213 78 41 57 135 11400 1064 1044 10336 1022 80 10313 1222 114 60 1108 848 170 260 150 67 45 678 83 595 62 574 9091 55 83 60 240 92 148 60 403 383 129
is_linear=0
shrinkage=0.05


Tree=100
num_leaves=63
num_cat=0
split_feature=9 34 31 33 7 35 34 31 32 40 33 31 34 34 34 31 32 32 21 35 31 29 12 31 33 31 35 31 32 32 35 31 31 31 32 35 33 35 32 35 7 22 24 35 8 31 40 31 32 35 35 31 13 32 31 11 32 40 13 33 25 31
split_gain=1.20543e+06 565171 429023 1.08266e+06 502329 449393 619223 515731 341001 284251 892150 410650 387795 636847 400154 359457 420712 534633 878764 947571 665499 429993 421249 304112 343175 269364 258283 433491 258150 242214 237408 209214 189410 144243 492518 736519 387676 408529 196196 98673.6 73917.1 72851.6 70945.6 120990 54062.5 66136.4 46984.6 176133 45296.1 44385.1 43622.5 58536.3 77504.3 70745 42339.9 42196.5 54465.5 58368.9 39621.4 38389.3 41416.3 75377.8
threshold=1.0000000180025095e-35 473.9500000000001 476.05000000000007 107.85000000000001 1.0000000180025095e-35 1309.4500000000003 406.00000000000006 373.85000000000008 392.55000000000007 1.0000000180025095e-35 341.15000000000003 383.55000000000007 121.35000000000001 174.30000000000004 240.75000000000003 437.35000000000008 467.75000000000006 358.65000000000003 1.0000000180025095e-35 886.1500000000002 124.45000000000002 1.0000000180025095e-35 1.0000000180025095e-35 137.35000000000005 206.35000000000005 257.85000000000008 588.85000000000002 263.25000000000006 228.75000000000003 237.45000000000002 1067.0500000000002 249.25000000000003 145.25000000000003 318.15000000000003 186.75000000000003 521.55000000000007 157.15000000000001 455.25000000000006 58.95000000000001 301.00000000000006 1.0000000180025095e-35 1.0000000180025095e-35 1.0000000180025095e-35 1274.3500000000001 1.0000000180025095e-35 169.75000000000003 4.5000000000000009 105.65000000000002 207.75000000000003 1099.0500000000002 758.55000000000007 103.65000000000002 1.0000000180025095e-35 139.05000000000004 395.65000000000003 1.0000000180025095e-35 410.75000000000006 4.5000000000000009 1.0000000180025095e-35 477.05000000000001 1.0000000180025095e-35 453.05000000000007
decision_type=2 2 2 2 2 2 2 2 2 2 2 2 2 2 2 2 2 2 2 2 2 2 2 2 2 2 2 2 2 2 2 2 2 2 2 2 2 2 2 2 2 2 2 2 2 2 2 2 2 2 2 2 2 2 2 2 2 2 2 2 2 2
left_child=40 2 4 -4 5 6 9 -7 28 10 11 26 15 -14 -15 16 17 21 19 20 -19 22 23 24 46 -22 31 -28 -6 -17 -16 39 -25 36 35 -35 37 38 -34 -2 54 42 43 44 50 -46 -11 -48 -44 -50 -42 -52 53 -53 -1 58 -57 -58 59 60 -56 -62
right_child=1 -3 3 -5 8 7 -8 -9 -10 12 -12 -13 13 14 30 29 -18 18 -20 -21 25 -23 -24 32 -26 -27 27 -29 -30 -31 -32 -33 33 34 -36 -37 -38 -39 -40 -41 41 -43 48 -45 45 -47 47 -49 49 -51 51 52 -54 -55 55 56 57 -59 -60 -61 61 -63
leaf_value=-0.083915738889147121 1.3358064250512558 9.9219171571731568 2.4384642877076801 -11.499179636348378 6.3960205524198477 0.80225236415863044 -7.5772954750061032 11.063590929031372 10.470917854706448 -1.6318996157911088 12.601943653280086 -4.6865576925731842 -8.6814332503538871 5.5712141685485843 -5.5273056983947759 7.745971179945129 -4.768506711324056 13.351748161315919 13.923700699806213 -5.1039912865079691 -1.9261081695556641 7.4015155358748004 -5.1958926825812375 6.0264824765069145 -7.5687535285949714 6.1817707952998937 11.101761436462404 1.2650249123573305 -0.43285055351257323 1.3748740342947154 1.0524988404635724 5.0337901353836063 1.2680786660153278 1.1302478028380354 -2.369599343398038 11.65865208552434 -4.3048022210597994 5.8158997780237449 -3.2288856145313809 -3.3997830358418555 0.20464444220858158 -2.5606674822894013 -3.0357064393433659 2.8542332699298858 -2.977981706765982 0.065040139775527153 3.4028764407391905 -2.7878676109015945 0.85292213507927961 -2.026669946960781 3.5633347892761229 3.5127843957680924 -1.7298111140727999 0.74933341301116607 -0.22628568988787695 -0.57379864360649557 -4.3533121161162853 -0.85399491420158979 -0.85667414715713708 -1.9537274148066839 -0.28251876278754767 1.7689150753774141
leaf_weight=8103 22 20 38 22 31 24 20 25 24 36 22 21 26 25 26 35 30 20 20 29 20 22 33 21 20 21 21 24 25 26 29 21 79 46 34 26 37 39 35 22 602 22 22 50 26 57 27 20 32 23 20 26 28 212 1757 191 22 26 242 30 109 76
leaf_count=8103 22 20 38 22 31 24 20 25 24 36 22 21 26 25 26 35 30 20 20 29 20 22 33 21 20 21 21 24 25 26 29 21 79 46 34 26 37 39 35 22 602 22 22 50 26 57 27 20 32 23 20 26 28 212 1757 191 22 26 242 30 109 76
internal_value=0.0549303 1.5893 1.44362 -2.67201 1.67143 1.3676 1.12798 6.03763 5.48447 1.31419 3.28513 1.72047 0.928575 -1.88325 0.326161 1.36948 1.00637 1.30251 4.44353 2.33682 5.87426 0.575119 0.243594 0.670982 -1.68935 2.22671 2.94363 5.8555 3.34742 5.03042 -2.05795 0.927725 1.4379 1.11236 2.59009 4.93217 0.287945 1.39861 -0.112568 -1.03199 -0.0980335 0.288188 0.345269 0.455642 0.332131 -0.888196 -0.272627 0.768517 -1.11825 -0.351271 0.446193 0.954626 0.758483 1.05122 -0.139012 -0.321011 -0.952185 -2.45785 -0.252876 -0.178779 -0.15136 0.560232
internal_weight=12840 1164 1144 60 1084 1004 955 49 80 935 153 131 782 106 80 676 615 585 110 90 61 475 453 420 103 41 110 45 56 61 55 65 317 296 106 72 190 153 114 44 11676 1120 1098 1021 971 83 83 47 77 55 888 286 266 238 10556 2453 239 48 2214 1972 1942 185
internal_count=12840 1164 1144 60 1084 1004 955 49 80 935 153 131 782 106 80 676 615 585 110 90 61 475 453 420 103 41 110 45 56 61 55 65 317 296 106 72 190 153 114 44 11676 1120 1098 1021 971 83 83 47 77 55 888 286 266 238 10556 2453 239 48 2214 1972 1942 185
is_linear=0
shrinkage=0.05


Tree=101
num_leaves=63
num_cat=0
split_feature=9 7 32 33 13 36 31 40 31 32 32 35 35 32 32 35 24 32 33 6 33 32 31 35 32 32 35 37 32 32 32 35 32 39 36 32 7 36 32 22 24 33 35 31 32 36 8 32 35 31 36 13 35 40 33 25 40 32 36 36 36 32
split_gain=1.0879e+06 322314 638414 335472 236180 816158 521414 283366 1.28374e+06 925855 1.14406e+06 637006 727578 614187 999455 574896 513588 446192 497219 719022 506528 413246 337887 325142 845010 311998 501402 264788 228726 269882 601454 684381 390840 209792 181848 109626 66710.2 69233.1 64183.3 62451.6 60288.7 93797.8 47943.5 44198.8 40860.2 68987 41956.8 39490.1 38727.5 38211.8 33687.1 33404.1 53336 67242.3 57016.1 40072.6 56007.2 139001 129377 128953 74171.9 33153.3
threshold=1.0000000180025095e-35 1.0000000180025095e-35 374.50000000000006 179.05000000000004 1.0000000180025095e-35 231.85000000000005 345.15000000000003 5.5000000000000009 89.950000000000017 459.15000000000003 419.85000000000008 813.45000000000016 696.05000000000007 462.05000000000007 476.65000000000003 932.50000000000011 1.0000000180025095e-35 433.35000000000008 440.95000000000005 1.0000000180025095e-35 393.00000000000006 296.05000000000007 73.050000000000011 495.15000000000003 192.55000000000004 291.80000000000001 932.50000000000011 2.5000000000000004 240.75000000000003 204.65000000000001 174.95000000000002 463.35000000000008 75.050000000000011 1.0000000180025095e-35 173.80833333333337 308.65000000000003 1.0000000180025095e-35 452.87500000000006 69.750000000000014 1.0000000180025095e-35 1.0000000180025095e-35 446.75000000000006 267.80000000000007 238.05000000000004 469.55000000000007 322.91666666666674 1.0000000180025095e-35 207.75000000000003 1099.0500000000002 395.65000000000003 101.08333333333334 1.0000000180025095e-35 1352.45 4.5000000000000009 477.05000000000001 1.0000000180025095e-35 4.5000000000000009 154.85000000000005 277.15833333333336 332.91666666666669 332.91666666666669 383.75000000000006
decision_type=2 2 2 2 2 2 2 2 2 2 2 2 2 2 2 2 2 2 2 2 2 2 2 2 2 2 2 2 2 2 2 2 2 2 2 2 2 2 2 2 2 2 2 2 2 2 2 2 2 2 2 2 2 2 2 2 2 2 2 2 2 2
left_child=36 4 3 -3 7 -6 -7 13 -9 10 11 12 23 16 -15 -13 17 18 19 20 22 -18 -2 34 -25 26 28 -27 29 30 31 38 -33 -29 42 -17 49 39 -24 40 41 44 -10 -43 46 -46 50 -42 -49 -1 -38 52 54 61 55 -51 57 -57 -58 -59 -60 -54
right_child=1 2 -4 -5 5 6 -8 8 9 -11 -12 15 -14 14 -16 35 21 -19 -20 -21 -22 -23 25 24 -26 27 -28 33 -30 -31 -32 32 -34 -35 -36 -37 37 -39 -40 -41 47 43 -44 -45 45 -47 -48 48 -50 51 -52 -53 53 -55 -56 56 58 59 60 -61 -62 -63
leaf_value=-0.0797199522143196 -3.7517805559881801 -3.2939207900654193 10.999834082676815 4.4644543572476039 -2.8417870850332321 3.1477384977480947 12.659871894836426 13.367362679044405 -0.94513552911579612 10.815193168322246 -9.0114420158522464 12.629036471957253 -7.311671347277505 -13.123185130528041 2.3029471215747654 5.5889126825332642 -7.879067050999609 6.662786348660787 -5.0326133150042907 -5.9341855630278593 9.6002485752105713 1.3307391302926201 1.2710899437297927 12.318373865172978 -1.7037648238918999 1.5573910780574964 -6.0450846008632499 9.472113143603007 -3.0416552186012269 7.4943892342703684 -5.7569414510726933 2.1776507121595468 10.834904837608338 2.9561460222516742 1.4198812658942881 0.7770821702891384 -1.1013305466799508 2.4955185770988466 -1.3267239340420429 -2.4326341233470226 -2.883921137723056 0.48182659603300548 -4.4071974730491643 3.3537896594485725 3.8812311935424804 -0.27168980121612546 -0.93645670154155836 0.78255930600627777 -1.9253363839958024 -0.22953704816581799 0.35282062591283353 -0.84082337104930327 -1.2617294385477349 0.04232132289003819 -2.7788747776122324 3.6784620771041285 -3.8448149824142455 -3.2461964380173458 3.1240709348158404 2.2315222347324548 -0.25519232788393575 -3.6964344591929996
leaf_weight=8103 29 22 26 38 31 34 25 24 20 24 28 21 28 21 21 20 29 36 33 32 20 21 132 21 22 46 23 30 24 21 25 22 32 21 84 29 42 34 29 22 22 21 20 37 20 20 78 31 23 1883 770 260 27 47 21 39 20 21 22 22 62 29
leaf_count=8103 29 22 26 38 31 34 25 24 20 24 28 21 28 21 21 20 29 36 33 32 20 21 132 21 22 46 23 30 24 21 25 22 32 21 84 29 42 34 29 22 22 21 20 37 20 20 78 31 23 1883 770 260 27 47 21 39 20 21 22 22 62 29
internal_value=0.0521838 1.50983 4.45557 1.61972 1.27483 3.72694 7.1783 1.05146 2.21784 1.37371 0.60035 1.61594 0.147177 0.436723 -5.41012 5.70748 0.842619 1.27988 0.906497 1.30977 1.82036 -4.01095 1.46184 1.39776 5.14426 1.83516 1.05635 4.30807 1.62945 2.05898 1.58338 2.4369 7.30788 6.78907 0.0985755 2.74109 -0.0931318 0.273778 0.803161 0.204221 0.258743 0.363129 -2.67617 2.31394 0.241466 1.80477 0.171205 -1.09829 -0.370804 -0.132061 0.277606 -0.304961 -0.241429 -1.35218 -0.186689 -0.160379 0.539757 1.51687 -0.23066 -0.443643 0.629853 -2.52256
internal_weight=12840 1164 86 60 1078 90 59 988 341 317 293 265 195 647 42 70 605 555 519 486 454 50 434 167 43 405 308 97 285 261 240 215 54 51 124 49 11676 1120 161 1086 1064 988 40 58 930 40 890 76 54 10556 812 2453 2193 103 2090 2069 186 82 104 43 84 56
internal_count=12840 1164 86 60 1078 90 59 988 341 317 293 265 195 647 42 70 605 555 519 486 454 50 434 167 43 405 308 97 285 261 240 215 54 51 124 49 11676 1120 161 1086 1064 988 40 58 930 40 890 76 54 10556 812 2453 2193 103 2090 2069 186 82 104 43 84 56
is_linear=0
shrinkage=0.05


Tree=102
num_leaves=63
num_cat=0
split_feature=32 34 34 34 34 34 40 31 33 35 33 32 29 36 36 34 18 37 32 33 31 34 36 33 36 40 33 31 36 32 8 32 40 35 35 31 36 37 35 32 34 31 6 34 31 31 36 36 31 38 32 33 36 34 32 34 36 35 32 25 33 33
split_gain=131550 121482 80313.7 74987.5 113816 113574 100031 76274.8 73231.6 303465 186746 188772 181572 237591 276136 271546 105643 134433 384349 121978 106352 371472 487439 201593 181511 156722 311496 135805 157602 100921 93759.7 96933.5 92168.8 84253.6 146592 108095 83415.1 149466 149686 143944 83297.5 79676.7 78626.8 118984 195408 148118 156096 126507 145490 231904 139574 154844 118618 115180 136510 107133 97457.5 95901.8 199157 178435 165399 142006
threshold=495.65000000000003 490.75000000000006 150.65000000000001 486.25000000000006 473.9500000000001 459.30000000000007 3.5000000000000004 249.25000000000003 189.45000000000002 960.80000000000007 196.00000000000003 55.20000000000001 1.0000000180025095e-35 267.12500000000006 330.47500000000008 365.90000000000003 1.0000000180025095e-35 4.5000000000000009 460.60000000000008 465.55000000000007 86.450000000000017 246.10000000000005 236.23333333333338 485.90000000000003 328.7166666666667 2.5000000000000004 299.85000000000008 150.75000000000003 304.74166666666673 330.65000000000003 1.0000000180025095e-35 95.850000000000009 4.5000000000000009 1055.3000000000004 1000.2500000000001 208.05000000000004 271.56250000000006 3.5000000000000004 741.95000000000016 153.05000000000004 375.65000000000003 124.45000000000002 1.0000000180025095e-35 162.55000000000004 464.35000000000008 330.95000000000005 297.71666666666675 235.01250000000002 186.55000000000004 1.0000000180025095e-35 110.05000000000001 427.75000000000006 205.51666666666668 150.65000000000001 354.00000000000006 61.500000000000007 324.15000000000009 946.45000000000016 237.45000000000002 1.0000000180025095e-35 350.85000000000008 434.45000000000005
decision_type=2 2 2 2 2 2 2 2 2 2 2 2 2 2 2 2 2 2 2 2 2 2 2 2 2 2 2 2 2 2 2 2 2 2 2 2 2 2 2 2 2 2 2 2 2 2 2 2 2 2 2 2 2 2 2 2 2 2 2 2 2 2
left_child=1 3 -2 4 5 8 -7 -6 9 40 29 -12 13 -11 15 -15 17 20 19 30 21 22 25 27 -25 -13 -27 28 36 -10 31 -19 -14 34 -18 -35 37 38 39 -22 -1 -38 43 47 45 -45 -47 52 49 -49 51 -50 -29 55 -55 -44 -48 -52 61 -60 -61 -59
right_child=2 -3 -4 -5 7 6 -8 -9 10 12 11 16 32 14 -16 -17 33 18 -20 -21 23 -23 -24 24 -26 26 -28 42 -30 -31 -32 -33 -34 35 -36 -37 41 -39 -40 -41 -42 -43 53 44 -46 46 56 48 50 -51 57 -53 -54 54 -56 -57 -58 58 59 60 -62 -63
leaf_value=0.012392727344121276 1.152265441630568 3.3270280884844916 4.8434237551689154 -3.0292096114158635 4.7319948287237263 0.04977589920163155 -3.7677771112403358 0.68052074725811307 1.5269628117978575 -2.5908531766161964 4.7131852286017466 3.6284820103509858 -6.6927263270253725 -0.21478623557598034 -3.7688082140225632 5.8137103802734806 -0.69530231603578241 4.0858031625300653 7.3442925922572613 3.5139845193496777 -3.5462463294155899 -3.2349255529316991 8.5189532492842002 -4.5674436720934777 0.33805886163856047 4.163040937781334 -3.744873987905907 1.1012262303720821 -4.9460215526548303 5.807385389861607 -1.9245052892518673 0.42442390798254215 -2.4543392944438707 3.3275541096925738 -4.278273772842744 -0.28161466732329016 3.5740294204516845 0.31810512020966369 -5.5585923141903351 1.1259780651506257 2.9022983737587928 -0.73172128913658008 -0.74755700694812421 -0.97208396557876786 -4.6354141368865971 5.4584500628709796 -2.1438931599259377 6.1685168662475363 5.6899731677770617 -0.45879029103300789 -0.22031635631258803 0.30172791623820866 -1.4527569328745207 -0.20698579985361834 4.5694304974306199 -4.6464496409893039 1.6854342638549431 1.5614915016151611 0.15329932972559562 6.5834346592426307 1.0508520405633108 6.0229697124131265
leaf_weight=9552 56 28 20 20 21 32 37 26 40 117 23 33 23 47 26 31 178 20 24 35 32 33 28 44 33 20 33 77 22 21 38 188 29 24 34 153 22 107 27 34 25 21 148 153 25 20 24 33 30 22 214 24 111 52 21 20 54 42 325 22 35 31
leaf_count=9552 56 28 20 20 21 32 37 26 40 117 23 33 23 47 26 31 178 20 24 35 32 33 28 44 33 20 33 77 22 21 38 188 29 24 34 153 22 107 27 34 25 21 148 153 25 20 24 33 30 22 214 24 111 52 21 20 54 42 325 22 35 31
internal_value=0.0495746 0.0372252 2.12362 0.0299926 0.0348042 0.025693 -1.99732 2.49075 0.0367714 -0.0269203 0.264903 0.202845 -1.67069 -1.0452 0.693664 2.18115 0.163934 0.294026 1.27091 0.752192 0.142935 1.43672 2.78904 0.0387236 -2.46509 0.923487 -0.760755 0.149017 -0.893552 3.00055 0.359254 0.77648 -4.32901 -0.59756 -1.26993 0.207764 -0.526662 -0.956207 -2.42235 -1.13934 0.0199366 1.47122 0.335316 0.495689 -0.419874 6.73043e-07 1.51764 0.757279 1.03855 3.51759 0.849966 3.2952 -0.406711 -0.491173 1.16705 -1.21171 0.50718 0.652593 1.06315 0.605858 3.18623 3.45609
internal_weight=12840 12764 76 12736 12716 12669 69 47 12600 9850 2750 2689 273 221 104 78 2666 2277 305 281 1972 147 114 1825 77 86 53 1748 265 61 246 208 52 389 212 177 243 200 93 66 9577 43 1483 1242 276 251 98 966 778 55 723 54 188 241 73 168 78 669 455 382 57 73
internal_count=12840 12764 76 12736 12716 12669 69 47 12600 9850 2750 2689 273 221 104 78 2666 2277 305 281 1972 147 114 1825 77 86 53 1748 265 61 246 208 52 389 212 177 243 200 93 66 9577 43 1483 1242 276 251 98 966 778 55 723 54 188 241 73 168 78 669 455 382 57 73
is_linear=0
shrinkage=0.05


Tree=103
num_leaves=63
num_cat=0
split_feature=9 34 31 33 7 35 34 39 31 32 31 36 32 36 32 32 33 10 35 35 32 31 35 32 36 31 21 31 36 32 32 36 36 33 32 31 32 36 7 36 32 32 32 31 33 8 36 32 31 32 23 35 31 31 31 32 38 31 39 22 25 35
split_gain=970526 494537 382874 937843 410333 379086 528563 505231 448821 261123 242933 916778 636124 669743 536955 562440 302272 532900 491647 466620 493435 917268 321524 232476 207018 194051 170298 206498 495308 340619 296700 285487 221158 153306 171600 112145 167309 110416 59197.3 65619.5 57346.8 56715 155109 51724.5 65992.9 45353.6 46919.9 46154.8 40587.5 38447.3 57295.2 41161.9 37731.6 36714.2 35158.5 36926.5 37711.1 45686.4 94141.2 37486.4 63497.6 99804.1
threshold=1.0000000180025095e-35 473.9500000000001 476.05000000000007 107.85000000000001 1.0000000180025095e-35 1309.4500000000003 313.10000000000008 1.0000000180025095e-35 373.85000000000008 392.55000000000007 169.75000000000003 282.87083333333339 237.45000000000002 178.41250000000005 303.10000000000008 385.45000000000005 159.30000000000004 1.0000000180025095e-35 873.05000000000007 1089.1000000000001 362.55000000000007 318.15000000000003 1118.0500000000002 228.75000000000003 178.41250000000005 387.25000000000006 1.0000000180025095e-35 305.65000000000003 264.71666666666675 321.25000000000006 192.55000000000004 334.51666666666671 318.41250000000008 359.45000000000005 192.55000000000004 204.45000000000002 173.15000000000001 356.22500000000008 1.0000000180025095e-35 316.95000000000005 128.35000000000005 71.300000000000026 130.25000000000003 214.85000000000005 460.75000000000006 1.0000000180025095e-35 310.41666666666674 322.65000000000003 268.45000000000005 459.15000000000003 1.0000000180025095e-35 932.50000000000011 238.05000000000004 86.450000000000017 368.55000000000007 124.75000000000001 1.0000000180025095e-35 430.25000000000006 1.0000000180025095e-35 1.0000000180025095e-35 1.0000000180025095e-35 562.75000000000011
decision_type=2 2 2 2 2 2 2 2 2 2 2 2 2 2 2 2 2 2 2 2 2 2 2 2 2 2 2 2 2 2 2 2 2 2 2 2 2 2 2 2 2 2 2 2 2 2 2 2 2 2 2 2 2 2 2 2 2 2 2 2 2 2
left_child=38 2 4 -4 5 6 10 -8 -7 23 11 12 13 41 -14 -16 18 19 24 20 21 33 -21 -6 40 -23 27 29 -29 35 31 -30 -31 34 -18 -26 48 -32 54 45 -12 53 -43 -41 -45 46 49 -47 52 50 -40 -52 -37 -2 -1 59 -57 58 -58 60 -56 -62
right_child=1 -3 3 -5 9 8 7 -9 -10 -11 16 -13 14 -15 15 -17 17 -19 -20 22 -22 25 -24 -25 26 -27 -28 28 30 32 37 -33 -34 -35 -36 36 -38 -39 39 43 -42 42 -44 44 -46 47 -48 -49 -50 -51 51 -53 -54 -55 55 56 57 -59 -60 -61 61 -63
leaf_value=-0.067989834816723174 -2.5001665365695955 9.2184119606018076 2.1560233994534141 -10.81599404595115 5.9720029031076747 0.63342022498448691 -8.1225198332468675 1.6104565535982449 10.206004642486572 9.3125458200772595 -3.7114320022719252 -9.9863024393717463 10.832759156434433 -9.5639366483688359 -2.5522791525896857 6.542321648317226 3.7763484728336341 10.75147200497714 -6.3935941662107201 -6.3317061424255376 11.212179801577614 10.67444095185825 1.5005002285304823 -0.50840570449829103 -1.7298593751762223 4.2260024452209475 5.5199701013236213 -7.1264463710784911 8.4648164489865305 10.428401775360108 -3.8143657977764422 1.5523099656327297 3.2392616520757258 -4.859981912970543 -2.7734551608562472 0.40242202715440234 5.2723084195454923 0.51410737177904919 -0.028210384435812242 -1.483735396645286 -0.016299112637837728 4.720113905993375 -0.5814329443751155 0.81476583327133234 3.6016282081604007 -0.3502554533528347 -2.0905529519786006 -3.0902100503444672 -0.57662578423817956 2.2149689881697947 0.64250439900272305 3.138359030087789 3.4031125509738924 -0.036493984498684448 -0.16110121755627915 -0.5918416475117545 0.16773375225694556 0.57745897237163024 -2.5331115591774385 -2.0684414895872276 0.3468427691737126 4.1873338971819196
leaf_weight=7456 20 20 38 22 31 24 30 24 25 24 21 21 23 20 34 34 20 22 21 20 21 28 38 25 23 20 29 20 20 20 26 59 23 20 20 22 30 34 601 22 21 22 37 278 23 51 23 22 30 23 53 24 20 62 1520 1116 114 173 45 24 87 21
leaf_count=7456 20 20 38 22 31 24 30 24 25 24 21 21 23 20 34 34 20 22 21 20 21 28 38 25 23 20 29 20 20 20 26 59 23 20 20 22 30 34 601 22 21 22 37 278 23 51 23 22 30 23 53 24 20 62 1520 1116 114 173 45 24 87 21
internal_value=0.0470959 1.42387 1.2876 -2.60038 1.5028 1.2282 1.00813 -3.79675 5.51739 4.94904 1.2961 0.0508694 0.8873 -1.00134 4.22874 1.99502 1.83742 3.3906 1.06268 2.52462 4.19937 2.83577 -1.20026 3.07896 1.4561 7.98759 1.84778 1.52211 0.230565 2.74447 1.28913 3.30231 6.58305 -1.2857 0.501447 1.42399 2.13516 -1.36156 -0.0901567 0.255476 -1.86387 0.213217 1.39542 0.856657 1.02772 0.0118354 0.131603 -1.176 0.828011 0.204512 0.136311 1.42043 1.83132 -0.63739 -0.126829 -0.268345 -0.452668 0.0151567 -0.596656 -0.106784 -0.0778652 1.0936
internal_weight=12840 1164 1144 60 1084 1004 955 54 49 80 901 273 252 161 91 68 628 209 419 187 129 108 58 56 398 48 356 327 159 168 139 79 43 60 40 125 102 60 11676 1120 42 141 59 323 301 797 724 73 72 701 678 77 42 82 10556 3100 1448 332 159 1652 1628 108
internal_count=12840 1164 1144 60 1084 1004 955 54 49 80 901 273 252 161 91 68 628 209 419 187 129 108 58 56 398 48 356 327 159 168 139 79 43 60 40 125 102 60 11676 1120 42 141 59 323 301 797 724 73 72 701 678 77 42 82 10556 3100 1448 332 159 1652 1628 108
is_linear=0
shrinkage=0.05


Tree=104
num_leaves=63
num_cat=0
split_feature=9 34 33 35 32 39 12 33 33 33 33 34 34 37 37 35 32 33 10 37 35 32 32 32 32 35 35 35 32 32 33 33 32 2 32 34 29 33 21 34 29 32 32 35 7 22 35 35 34 21 33 32 35 32 38 33 10 35 34 4 35 35
split_gain=875899 446319 278979 991775 793948 435845 394053 343419 498498 328754 328323 287422 630925 659142 306183 327773 457873 278840 267920 232101 290570 251479 542109 248042 234572 709051 340450 387572 270228 212064 363771 130846 68422.7 54608.3 53738.2 50491.2 65429.2 51111.4 62888.7 49029.8 53230.2 48031.8 47586.8 45043.1 40497.4 52631.6 57741.6 49886.5 41465.8 40131.5 85415.7 39091.9 38146.8 38829.6 37655.1 41198.4 37445.4 39356.5 53318.7 50933.5 35940.8 41024.8
threshold=1.0000000180025095e-35 473.9500000000001 189.45000000000002 960.80000000000007 459.15000000000003 1.0000000180025095e-35 1.0000000180025095e-35 206.35000000000005 232.30000000000004 159.30000000000004 249.05000000000004 71.050000000000026 157.80000000000004 4.5000000000000009 3.5000000000000004 680.80000000000007 228.75000000000003 403.40000000000003 1.0000000180025095e-35 3.5000000000000004 837.70000000000016 120.85000000000001 174.95000000000002 51.95000000000001 260.95000000000005 579.05000000000007 583.75000000000011 505.05000000000007 419.85000000000008 181.85000000000005 386.00000000000006 349.35000000000008 354.00000000000006 1.0000000180025095e-35 318.05000000000007 447.55000000000007 1.0000000180025095e-35 369.25000000000006 1.0000000180025095e-35 457.05000000000007 1.0000000180025095e-35 92.350000000000009 262.55000000000007 198.20000000000002 1.0000000180025095e-35 1.0000000180025095e-35 1274.3500000000001 892.35000000000002 350.55000000000007 1.0000000180025095e-35 417.65000000000003 237.45000000000002 1241.4000000000003 484.05000000000007 1.0000000180025095e-35 485.90000000000003 1.0000000180025095e-35 1055.3000000000004 104.20000000000002 1.0000000180025095e-35 721.20000000000016 892.35000000000002
decision_type=2 2 2 2 2 2 2 2 2 2 2 2 2 2 2 2 2 2 2 2 2 2 2 2 2 2 2 2 2 2 2 2 2 2 2 2 2 2 2 2 2 2 2 2 2 2 2 2 2 2 2 2 2 2 2 2 2 2 2 2 2 2
left_child=33 2 3 6 7 -5 9 -4 -9 18 -10 14 -13 29 15 -12 -17 31 19 20 21 23 -23 43 25 -24 27 -26 32 -14 -31 -18 34 39 -28 36 37 52 42 44 -41 -25 -39 -2 47 46 49 48 -1 -46 51 -51 53 56 55 -49 57 58 59 -35 -38 -62
right_child=1 -3 4 5 -6 -7 -8 8 10 -11 11 12 13 -15 -16 16 17 -19 -20 -21 -22 22 24 41 26 -27 28 -29 -30 30 -32 -33 -34 35 -36 -37 60 38 -40 40 -42 -43 -44 -45 45 -47 -48 54 -50 50 -52 -53 -54 -55 -56 -57 -58 -59 -60 -61 61 -63
leaf_value=-0.10080884918809006 0.082750952733016914 8.7574913501739502 7.5259442868440054 -10.903867916266124 9.5860396805931547 -1.863903962771098 -4.1717582182450732 -6.4464593601226809 7.732571627980187 7.0513983936309819 -3.8833865746207858 -7.6218359832763669 -4.585998326081496 8.708514449907387 6.8016623469761441 7.6323967803608284 0.90583990882424748 -3.2849036734679653 -3.4061603609720872 5.3867013958522252 -4.4425681368871173 7.8929260271787642 3.1230945715778753 -5.0014294528961187 2.870861375331879 -7.9997996040012529 1.8381123673915862 -5.7501263228329753 7.6817096813305001 -4.0621717698949702 3.7616083487486232 6.0025768220424656 0.41318862703111442 0.325887179260202 5.503431148529053 2.0603021003104547 0.32558004959456383 -0.8572639544804892 3.0163409935103527 -0.65511685439944278 -3.4808091175556188 -1.5361788964271545 1.5370068522740385 1.5128073902726173 0.0043569826435639085 -2.2837675548735121 2.1065517780091616 -0.54349030330135617 1.7026594298891724 -0.58426041603088386 3.7499554720791908 1.0184064357326581 -1.5833400704463323 2.407814302444458 -0.067392472895443201 -2.3433070915214946 -1.1207936571194577 -1.1540086375630421 1.8812326234958645 -1.8154951983484731 -3.3297613649368287 -0.73509934345881156
leaf_weight=7986 87 20 23 24 34 30 33 20 21 25 23 25 26 23 35 33 34 29 30 35 22 40 38 20 32 23 20 22 37 24 39 20 27 654 20 37 31 36 36 100 20 20 49 150 753 21 40 871 32 60 22 104 30 20 497 33 52 46 53 29 25 39
leaf_count=7986 87 20 23 24 34 30 33 20 21 25 23 25 26 23 35 33 34 29 30 35 22 40 38 20 32 23 20 22 37 24 39 20 27 654 20 37 31 36 36 100 20 20 49 150 753 21 40 871 32 60 22 104 30 20 497 33 52 46 53 29 25 39
internal_value=0.0447411 1.35267 1.22322 0.640766 2.26992 -5.88167 1.15796 1.6066 1.21982 1.42938 1.68164 1.27306 -0.439967 1.16313 2.62182 1.56935 2.65049 0.669734 1.20378 1.437 1.18926 1.42042 2.54044 0.373171 1.56282 -1.07078 2.57959 -0.641393 4.25202 -0.786802 0.781121 2.79352 2.35801 -0.0856489 3.67077 0.24356 0.182452 0.301012 1.26479 -0.121166 -1.12607 -3.2688 0.522963 0.98785 -0.109592 0.192941 0.246068 -0.141711 -0.0936112 0.166814 0.824504 0.432065 0.169091 0.230652 -0.41699 -0.609192 0.178442 0.264836 0.353514 0.234965 -1.07179 -1.74864
internal_weight=12840 1164 1144 735 409 54 681 375 352 648 332 311 137 112 174 139 116 83 623 593 558 536 259 277 219 61 158 54 104 89 63 54 67 11676 40 1137 1100 1005 121 10539 120 40 85 237 10419 1000 979 9419 8018 939 186 164 884 854 1401 904 834 782 736 683 95 64
internal_count=12840 1164 1144 735 409 54 681 375 352 648 332 311 137 112 174 139 116 83 623 593 558 536 259 277 219 61 158 54 104 89 63 54 67 11676 40 1137 1100 1005 121 10539 120 40 85 237 10419 1000 979 9419 8018 939 186 164 884 854 1401 904 834 782 736 683 95 64
is_linear=0
shrinkage=0.05


Tree=105
num_leaves=63
num_cat=0
split_feature=28 33 35 31 34 37 32 34 23 33 32 32 31 33 33 32 4 21 38 31 32 34 33 37 34 35 31 33 6 32 31 34 32 32 33 24 31 34 35 32 32 32 34 35 38 31 36 34 34 33 36 18 35 32 31 32 31 32 32 32 31 36
split_gain=117022 168921 167607 150656 105208 591268 378285 335995 100949 226260 267633 132437 126413 108728 275859 234369 203665 196623 207005 176618 171336 170757 122241 105625 84615.4 197781 107161 95033.9 200453 108874 109547 91066.6 76022 113238 75943 74309.1 70631.8 71677.4 121643 72926.9 93929.6 103939 96374.2 71086.2 69605.5 90196.1 68345.5 67777.7 117341 101617 78905.8 67118.1 75369.6 64284.6 60938.9 99510.7 58684 55802.1 110467 103267 101121 91373.3
threshold=1.0000000180025095e-35 493.55000000000007 1077.8500000000001 492.30000000000001 480.15000000000003 4.5000000000000009 297.75000000000006 471.05000000000007 1.0000000180025095e-35 417.65000000000003 207.75000000000003 389.15000000000003 490.65000000000003 423.25000000000006 427.75000000000006 173.15000000000001 1.0000000180025095e-35 1.0000000180025095e-35 1.0000000180025095e-35 294.85000000000008 256.95000000000005 73.500000000000014 458.60000000000008 4.5000000000000009 429.35000000000008 1211.5500000000002 319.95000000000005 397.45000000000005 1.0000000180025095e-35 134.05000000000004 162.45000000000002 449.15000000000003 421.65000000000003 443.85000000000008 479.15000000000003 1.0000000180025095e-35 485.85000000000008 356.75000000000006 1129.3500000000001 453.75000000000006 433.35000000000008 413.85000000000008 307.10000000000008 856.40000000000009 1.0000000180025095e-35 373.85000000000008 154.68750000000003 203.50000000000003 79.550000000000011 347.65000000000003 239.38333333333335 1.0000000180025095e-35 741.95000000000016 180.15000000000001 383.55000000000007 473.65000000000003 229.15000000000001 485.65000000000003 492.35000000000008 482.55000000000007 240.15000000000001 289.61666666666673
decision_type=2 2 2 2 2 2 2 2 2 2 2 2 2 2 2 2 2 2 2 2 2 2 2 2 2 2 2 2 2 2 2 2 2 2 2 2 2 2 2 2 2 2 2 2 2 2 2 2 2 2 2 2 2 2 2 2 2 2 2 2 2 2
left_child=1 4 -3 34 7 6 -6 8 13 12 -11 -12 35 24 -15 17 20 18 -16 -18 21 22 -17 56 27 31 -27 57 29 -29 -31 -26 -22 -34 36 46 37 39 -39 40 41 42 51 -42 45 -32 -10 48 -48 -49 -50 -2 -53 -37 55 -41 -19 59 -59 -1 -61 -60
right_child=3 2 -4 -5 5 -7 -8 -9 9 10 11 -13 -14 14 15 16 19 23 -20 -21 32 -23 -24 -25 25 26 -28 28 -30 30 44 -33 33 -35 -36 53 -38 38 -40 54 43 -43 -44 -45 -46 -47 47 49 50 -51 -52 52 -54 -55 -56 -57 -58 58 61 60 -62 -63
leaf_value=0.020797349751766239 -0.11269787372435658 6.0800800204277046 0.31960421374865944 -4.0230603887089371 -9.6260562565015704 5.0476799578893754 -0.65261346896489458 5.6162898377135946 -0.8526683004242237 6.6657778585149403 -1.0807581685921726 3.897965348850597 4.025679464773698 -5.9773564395805208 -6.4289273890852927 -1.3878814252359528 -4.9013057613745339 -0.77307279001582752 -0.76280299469276713 0.58976278746569599 0.79601701070804765 6.9421561506390574 3.8884468070838767 -3.1542777344245803 -6.4593789678812037 -2.1064951971173289 2.2313515145438059 5.1746348419537149 -3.0303169520741164 -1.4298436796665193 6.1399628790840515 -1.8461510181427003 -4.0081294616063436 0.40173112872383882 -3.162139278650284 -3.3415296664237979 2.6249238288402559 -4.7055428602695466 -0.52230637397682456 -4.3797176665997544 -0.13068742498755456 -3.3044001112933516 3.1912395494324821 3.8686106824874877 0.44254546274359408 1.3913822801411153 0.49733226737341196 0.070591736120336201 5.0087438066005712 -3.8905866098403936 0.95075180893358979 -0.0081966086206111035 -3.3163409494691423 -0.33810114360624749 0.70530656914819367 -0.63890318354591735 2.8390362198586052 -2.2470562324116501 -2.0930942865709468 4.8451567508957609 0.1035962822644607 1.4005141476959326
leaf_weight=9479 850 23 28 29 23 21 24 27 107 31 34 22 22 24 40 21 32 22 27 27 134 20 23 22 20 24 35 24 22 25 20 23 24 37 24 25 20 25 57 32 20 27 21 25 26 20 614 85 25 20 23 33 36 62 22 40 23 79 27 22 23 61
leaf_count=9479 850 23 28 29 23 21 24 27 107 31 34 22 22 24 40 21 32 22 27 27 134 20 23 22 20 24 35 24 22 25 20 23 24 37 24 25 20 25 57 32 20 27 21 25 26 20 614 85 25 20 23 33 36 62 22 40 23 79 27 22 23 61
internal_value=-0.00342913 0.0462087 2.91747 -0.460916 0.0335535 -1.92736 -5.04387 0.0451454 0.032038 0.494499 2.93849 0.875169 0.278195 -0.0155147 -0.753706 -0.476345 0.262732 -2.23027 -4.14556 -2.38844 0.866668 3.11144 1.3702 -0.314983 0.0198709 -1.41282 0.466804 0.0347401 1.34242 2.17894 1.38887 -3.99184 0.129924 -1.3333 -0.377067 0.192404 -0.321734 -0.371341 -1.79768 -0.265591 -0.141851 -0.245765 -0.157911 2.09114 2.45656 3.76567 0.331122 0.496267 0.683456 -0.683918 3.06429 -0.234442 -1.73418 -1.20116 -1.59777 -2.30149 1.07312 0.0162537 -0.889818 0.0321414 2.42169 0.328612
internal_weight=12883 11622 51 1261 11571 68 47 11503 11476 1070 87 56 983 10406 476 452 318 134 67 59 259 64 44 67 9930 102 59 9828 137 115 91 43 195 61 1232 961 1208 1188 82 1106 1012 967 940 45 66 40 874 767 662 105 48 919 69 87 94 72 45 9691 167 9524 45 88
internal_count=12883 11622 51 1261 11571 68 47 11503 11476 1070 87 56 983 10406 476 452 318 134 67 59 259 64 44 67 9930 102 59 9828 137 115 91 43 195 61 1232 961 1208 1188 82 1106 1012 967 940 45 66 40 874 767 662 105 48 919 69 87 94 72 45 9691 167 9524 45 88
is_linear=0
shrinkage=0.05


Tree=106
num_leaves=63
num_cat=0
split_feature=23 33 33 33 34 34 36 36 36 40 33 35 32 32 33 36 24 34 21 34 33 35 31 34 31 32 33 33 31 36 33 11 34 37 32 32 35 24 36 35 32 33 31 40 35 35 33 38 31 34 31 33 32 31 32 33 40 32 36 35 31 31
split_gain=87197.2 164277 114945 140590 108179 152794 254256 240640 108065 118198 99068.8 96890.9 95850.2 86939 83390.9 92656.5 72982.8 71988.6 477270 401790 83035.2 238474 211559 375896 162435 182045 205278 231552 113336 206025 105646 137818 100188 130499 103238 117802 148940 72439.9 134456 314870 130127 96006.1 127133 141587 177550 119067 109598 256323 413943 372155 111288 104016 92150.1 79703.2 71769.1 89995 80472.1 70524.3 160902 186877 121767 232402
threshold=1.0000000180025095e-35 417.65000000000003 431.30000000000001 452.65000000000003 203.50000000000003 88.750000000000014 254.65000000000006 204.23333333333338 303.53750000000008 1.0000000180025095e-35 496.75000000000006 1377.7500000000002 316.55000000000007 410.75000000000006 121.65000000000002 315.3250000000001 1.0000000180025095e-35 480.15000000000003 1.0000000180025095e-35 471.05000000000007 72.450000000000017 976.85000000000002 59.050000000000004 253.70000000000002 472.45000000000005 329.05000000000007 427.75000000000006 208.50000000000003 488.85000000000008 359.37500000000006 114.15000000000002 1.0000000180025095e-35 359.15000000000003 3.5000000000000004 374.50000000000006 319.55000000000007 639.80000000000007 1.0000000180025095e-35 246.32500000000005 819.1500000000002 367.75000000000006 467.05000000000007 105.65000000000002 3.5000000000000004 1089.1000000000001 1036.0000000000002 431.30000000000001 1.0000000180025095e-35 167.75000000000003 60.000000000000007 343.35000000000008 427.75000000000006 345.15000000000003 373.85000000000008 244.65000000000001 91.450000000000017 4.5000000000000009 429.25000000000006 200.57500000000002 536.6500000000002 107.15000000000002 140.85000000000005
decision_type=2 2 2 2 2 2 2 2 2 2 2 2 2 2 2 2 2 2 2 2 2 2 2 2 2 2 2 2 2 2 2 2 2 2 2 2 2 2 2 2 2 2 2 2 2 2 2 2 2 2 2 2 2 2 2 2 2 2 2 2 2 2
left_child=10 4 -3 -4 5 13 7 -7 9 -6 17 -10 -5 16 15 -15 -2 19 -19 20 21 57 23 -22 30 26 27 -26 29 -27 31 32 33 34 35 36 -24 41 40 -40 -39 46 -43 44 -44 -45 51 48 -48 50 52 -32 -50 -47 56 -56 -35 -1 -59 -60 -61 -62
right_child=1 2 3 12 8 6 -8 -9 11 -11 -12 -13 -14 14 -16 -17 -18 18 -20 -21 22 -23 24 -25 25 28 -28 -29 -30 -31 37 -33 -34 54 -36 -37 -38 38 39 -41 -42 42 43 45 -46 53 47 -49 49 -51 -52 -53 -54 -55 55 -57 -58 58 59 60 61 -63
leaf_value=0.05157908519950704 0.16801061582048996 4.9678252475602287 -1.4297531681676066 1.0853168739212884 0.80464873530647985 1.5322354550714847 -1.5014601080417633 8.5768809752030801 3.0316440229062684 -2.704240063510158 3.3072571927850896 -1.5599513816833497 5.1646139706174532 4.7437895807726633 -0.40438661183629715 1.0318283141590656 -1.8894652084163999 -5.6620737569199671 2.5984997552983904 5.5534046724438673 -0.61029586780071265 5.1122279815051872 -1.1350617123869333 -8.5817614964076459 -4.7558825423254785 -4.7494143496388972 -7.0118227163950611 0.40011561970208209 2.4550982471668359 1.8729009519020718 0.064725696600320112 1.8811457840033938 -4.7759369447117761 -3.7239134204760194 -5.3028789810512382 1.8401133352518082 -6.1736627501249322 -0.066998223024034867 -7.0660291929475294 -0.81398277393847462 4.0389961348338561 4.4760838479995728 5.4733641156128483 -2.6961711554955214 0.28206941008567815 -0.79690999932148887 -7.3116778001014611 1.3744834155683787 -2.2142130009059247 -5.2289575259475152 3.4943803759998291 3.377013126574457 2.1974467515945437 2.8054340507302964 3.3396764379260797 -0.60175185208519311 0.53122854518890383 3.8418339926004408 -5.3480686228190155 2.4015305643731897 -4.9954245005051305 -0.43572930089054246
leaf_weight=7707 684 28 31 36 33 27 25 22 27 88 22 20 24 29 35 40 46 36 34 32 50 23 55 21 38 23 24 51 33 24 1909 35 21 20 23 20 20 157 22 238 22 25 28 39 40 34 32 71 29 34 29 24 20 28 28 30 25 20 21 33 30 408
leaf_count=7707 684 28 31 36 33 27 25 22 27 88 22 20 24 29 35 40 46 36 34 32 50 23 55 21 38 23 24 51 33 24 1909 35 21 20 23 20 20 157 22 238 22 25 28 39 40 34 32 71 29 34 29 24 20 28 28 30 25 20 21 33 30 408
internal_value=-0.00325767 0.403559 2.16638 1.30439 0.208601 0.42425 2.60169 4.69514 -0.956931 -1.74727 -0.0448513 1.07777 2.71704 0.231047 1.58355 2.59193 0.0383615 -0.0511728 -1.6498 -0.0415226 -0.0570049 0.0280561 -0.268044 -2.96805 -0.209078 -1.61591 -2.90798 -1.80132 0.209142 -1.36781 -0.120288 -1.05148 -1.47562 -1.16201 -2.29717 -1.56947 -2.47869 -0.0275377 -0.616951 -1.343 0.437649 0.0829458 1.14817 0.655879 2.41966 -0.531618 -0.0132619 -1.08417 -2.29642 -0.863489 1.03941 0.105851 -0.413536 0.829955 0.138455 1.30101 -1.35995 0.0138286 -0.554419 -0.733129 -0.527367 -0.748037
internal_weight=12883 1195 119 91 1076 908 74 49 168 121 11688 47 60 834 104 69 730 11666 70 11596 11564 8242 3322 71 3251 193 113 89 80 47 3058 277 242 221 118 95 75 2781 439 260 179 2342 194 169 68 101 2148 215 144 112 78 1933 49 62 103 58 45 8219 512 492 471 438
internal_count=12883 1195 119 91 1076 908 74 49 168 121 11688 47 60 834 104 69 730 11666 70 11596 11564 8242 3322 71 3251 193 113 89 80 47 3058 277 242 221 118 95 75 2781 439 260 179 2342 194 169 68 101 2148 215 144 112 78 1933 49 62 103 58 45 8219 512 492 471 438
is_linear=0
shrinkage=0.05


Tree=107
num_leaves=63
num_cat=0
split_feature=28 33 31 31 25 22 7 34 34 34 33 31 35 31 6 35 40 40 35 35 31 34 36 36 24 40 34 33 33 37 31 31 40 33 33 34 35 37 37 34 38 35 34 33 4 35 36 35 40 31 35 40 36 12 31 34 33 35 33 33 33 31
split_gain=103476 141055 156004 135838 113991 168959 135635 124286 112061 105633 86529.9 74688.8 76510.8 222191 101891 206442 96865.6 152355 145873 224446 141006 161458 90812 139163 80535.7 87288.5 124137 70819.4 69562.9 101209 68323.2 62392.1 61926.1 160700 73434.1 61116.4 112635 59102.2 63724.2 52826.4 112505 115247 74811.8 127942 62056.2 163939 107421 97937.8 138067 99998.7 75689.4 199656 221934 168071 158383 164409 170432 151005 167172 289083 124742 316112
threshold=1.0000000180025095e-35 493.55000000000007 186.55000000000004 492.30000000000001 1.0000000180025095e-35 1.0000000180025095e-35 1.0000000180025095e-35 486.25000000000006 472.60000000000008 204.45000000000002 475.30000000000001 59.050000000000004 1227.5000000000002 375.65000000000003 1.0000000180025095e-35 969.95000000000016 4.5000000000000009 5.5000000000000009 609.55000000000007 526.80000000000007 471.05000000000007 281.55000000000007 253.75833333333335 321.17500000000001 1.0000000180025095e-35 3.5000000000000004 1.0000000180025095e-35 482.05000000000007 138.35000000000005 3.5000000000000004 251.05000000000004 485.85000000000008 1.0000000180025095e-35 69.350000000000009 71.15000000000002 356.75000000000006 1129.3500000000001 2.5000000000000004 1.5000000000000002 445.90000000000003 1.0000000180025095e-35 1274.3500000000001 431.80000000000001 288.30000000000007 1.0000000180025095e-35 1129.3500000000001 312.83333333333337 976.85000000000002 3.5000000000000004 316.15000000000003 1118.0500000000002 4.5000000000000009 318.41250000000008 1.0000000180025095e-35 435.95000000000005 264.00000000000006 384.15000000000003 976.85000000000002 457.15000000000003 439.50000000000006 185.75000000000003 245.75000000000003
decision_type=2 2 2 2 2 2 2 2 2 2 2 2 2 2 2 2 2 2 2 2 2 2 2 2 2 2 2 2 2 2 2 2 2 2 2 2 2 2 2 2 2 2 2 2 2 2 2 2 2 2 2 2 2 2 2 2 2 2 2 2 2 2
left_child=1 4 -3 27 7 6 10 8 39 -8 11 -6 14 -14 16 30 20 28 19 -19 21 24 -20 -24 25 26 32 31 37 -30 -16 35 34 -34 -13 -2 -37 38 -18 42 41 -41 44 -44 50 47 -47 -46 -49 -50 57 52 54 -54 55 -52 -57 -1 59 60 61 -59
right_child=3 2 -4 -5 5 -7 9 -9 -10 -11 -12 12 13 -15 15 -17 17 18 22 -21 -22 -23 23 -25 -26 -27 -28 -29 29 -31 -32 -33 33 -35 -36 36 -38 -39 -40 40 -42 -43 43 -45 45 46 -48 48 49 -51 51 -53 53 -55 -56 56 -58 58 -60 -61 -62 -63
leaf_value=0.032017510667829034 -0.25222650136553182 5.718514944418617 0.1610164795603071 -3.815728802516543 -2.5757043906620574 -3.9175938924153648 1.5170473509468139 -3.2868782199662308 2.7757541487614317 5.6038205759865898 3.6178554080781482 0.33956084628072053 5.6693258771529571 -0.32920662666621964 -1.8260089229453695 -5.5195988655090336 0.19219285196491653 0.46443690533628906 0.34731822401978252 -5.2223142743110662 4.953645513274453 4.4661991732461113 6.1370512325030111 1.3897867676458862 3.498973646618071 2.1566049137081094 -3.8737400817871093 -3.2324157169886996 -0.34844760027798743 -4.9563292457507213 1.8691149062123793 2.4657654145359995 0.60231680917027208 -3.3783188894816814 3.3972150820272939 -4.4644225864410405 -0.44963407033476338 1.5195932553364682 -2.5306359106844125 -5.7105626797676088 0.99085023168361541 -0.81057898798336581 -0.30943104074551514 5.0098562061786653 -0.37167113555804954 -4.3400062853097916 -0.94745833984177041 -1.1252403267555768 0.81720183732048168 4.9019274307992955 -2.5947440997571558 1.5648763691040135 -1.0817508650610321 -5.931693461215632 4.3275540411472324 -0.34613098147842619 4.7387567921326719 -7.7754903438416392 2.0575375097553907 -6.7354577862698095 -0.42678526663651262 -0.60489372459112434
leaf_weight=8433 1108 23 28 29 21 21 64 29 36 21 21 72 26 38 22 22 42 131 43 20 22 28 26 38 21 52 20 21 22 26 29 20 92 35 27 25 58 26 44 20 33 30 26 20 764 40 56 36 31 29 37 266 95 22 28 45 26 22 41 23 260 51
leaf_count=8433 1108 23 28 29 21 21 64 29 36 21 21 72 26 38 22 22 42 131 43 20 22 28 26 38 21 52 20 21 22 26 29 20 92 35 27 25 58 26 44 20 33 30 26 20 764 40 56 36 31 29 37 266 95 22 28 45 26 22 41 23 260 51
internal_value=-0.00309479 0.0435818 2.66734 -0.433289 0.0320174 0.523148 0.611878 -0.0181295 -0.00907562 2.52672 0.443388 0.372844 0.439857 2.1077 0.315738 -1.47122 0.481492 -0.0396938 0.712034 -0.288775 1.07189 0.825781 2.12439 3.31836 0.506245 0.295348 -0.0980879 -0.35367 -1.25186 -2.84438 0.27514 -0.30375 0.236041 -0.494709 1.17347 -0.350257 -1.65891 -0.569343 -1.20088 -0.018684 -1.27507 -2.77057 -0.00860963 2.0033 -0.0175905 -0.401291 -2.36102 -0.182531 1.32271 2.79149 0.0216455 0.608461 -0.397098 -1.99371 0.976454 0.10765 1.51594 -0.0128457 -0.965821 -1.31402 -0.939563 -2.7659
internal_weight=12883 11622 51 1261 11571 1072 1051 10499 10470 85 966 945 924 64 860 73 787 418 258 151 369 347 107 64 319 298 246 1232 160 48 51 1211 226 127 99 1191 83 112 86 10434 83 50 10351 46 10305 956 96 860 96 60 9349 519 253 117 136 108 71 8830 397 356 333 73
internal_count=12883 11622 51 1261 11571 1072 1051 10499 10470 85 966 945 924 64 860 73 787 418 258 151 369 347 107 64 319 298 246 1232 160 48 51 1211 226 127 99 1191 83 112 86 10434 83 50 10351 46 10305 956 96 860 96 60 9349 519 253 117 136 108 71 8830 397 356 333 73
is_linear=0
shrinkage=0.05


Tree=108
num_leaves=63
num_cat=0
split_feature=9 24 32 33 31 33 31 32 21 31 31 36 32 36 33 25 32 36 32 31 6 32 32 36 36 36 23 10 35 36 35 32 35 31 35 35 36 36 32 10 25 34 5 23 31 31 34 32 7 31 31 31 35 36 32 31 34 29 33 35 35 40
split_gain=401889 371649 683223 416198 635907 384754 472066 949683 392798 1.05209e+06 787280 1.62034e+06 532227 537677 569634 395356 421532 741144 483478 833246 547009 387531 288094 266628 324847 237014 219561 205895 384146 505807 324078 420221 168266 117376 110063 142689 130968 104077 68237.3 49707.4 50487.5 84042.8 71517.1 85425.1 79189.6 73513.1 59937.6 96297.8 91336.2 63742.3 75174.2 52659.4 48550.4 46391.1 101157 80136 66821.5 44487.6 47231.8 45117 78545.4 50098.9
threshold=1.0000000180025095e-35 1.0000000180025095e-35 142.45000000000002 468.85000000000008 287.55000000000007 440.95000000000005 96.850000000000009 355.75000000000006 1.0000000180025095e-35 453.05000000000007 477.45000000000005 406.92500000000001 436.85000000000008 249.31250000000003 332.75000000000006 1.0000000180025095e-35 443.85000000000008 327.25000000000006 385.45000000000005 273.45000000000005 1.0000000180025095e-35 206.25000000000003 383.75000000000006 203.00416666666669 146.36500000000004 278.37500000000006 1.0000000180025095e-35 1.0000000180025095e-35 721.20000000000016 273.75000000000006 526.80000000000007 181.85000000000005 277.35000000000008 289.35000000000008 436.35000000000008 341.25000000000006 216.95833333333334 328.7166666666667 113.45000000000002 1.0000000180025095e-35 1.0000000180025095e-35 429.35000000000008 1.0000000180025095e-35 1.0000000180025095e-35 66.450000000000017 81.15000000000002 54.150000000000006 110.05000000000001 1.0000000180025095e-35 477.45000000000005 464.35000000000008 328.65000000000003 304.45000000000005 314.11666666666673 289.75000000000006 213.45000000000002 253.70000000000002 1.0000000180025095e-35 95.300000000000026 1000.2500000000001 879.1500000000002 4.5000000000000009
decision_type=2 2 2 2 2 2 2 2 2 2 2 2 2 2 2 2 2 2 2 2 2 2 2 2 2 2 2 2 2 2 2 2 2 2 2 2 2 2 2 2 2 2 2 2 2 2 2 2 2 2 2 2 2 2 2 2 2 2 2 2 2 2
left_child=39 3 -3 5 -5 6 7 21 10 12 15 -12 13 14 23 16 18 -18 20 -20 26 32 -4 24 -10 -17 27 28 30 -30 34 -32 -2 -33 35 52 -37 -31 -36 40 -1 42 43 44 -42 -46 48 -48 49 50 57 -44 -8 54 56 -56 -49 59 -59 60 61 -47
right_child=1 2 22 4 -6 -7 8 -9 9 -11 11 -13 -14 -15 -16 25 17 -19 19 -21 -22 -23 -24 -25 -26 -27 -28 -29 29 37 31 33 -34 -35 38 36 -38 -39 -40 -41 41 -43 51 -45 45 46 47 53 -50 -51 -52 -53 -54 -55 55 -57 -58 58 -60 -61 -62 -63
leaf_value=-0.093645579275448546 0.79758994837601982 -10.162653021585374 3.017611379881163 12.426324048042298 -0.18227675437927249 -4.1540654891067081 0.73351490756666127 -10.837528880437215 -1.1238560978571575 14.02641921724592 -15.957959365844728 4.1687668228149413 8.3476530305270487 -4.2704679643785637 10.104484826042539 9.5016108079390094 -10.841330947875978 0.7670030680569736 10.693787967136927 -0.87835681481020789 -4.8630581981257386 6.3566463107154485 -4.3146920067923409 -3.6893214263669827 6.1183249011635787 2.5102500182610972 5.7494437500282576 5.1829134382050617 -7.3021190827892672 3.3393856224806413 10.702953372001648 4.7522630087059481 -4.8867750955664597 -0.1084359398594609 -2.9812927833625249 6.202929950149163 1.6141549453139306 -1.417237694496694 0.65198057492574057 -0.41002670253960399 -2.0190281321020689 -2.061105876677745 -0.20093909920872868 2.2822476048938567 3.3636934734526136 1.1547516146047987 -3.7849763607978826 -1.0282041941176761 2.7405988379319512 3.1834837627410888 -2.6997462427616123 -3.3357499247505551 -1.910027461051941 1.8317573455663827 -0.10873481902209195 -4.3297296067942748 2.6840099228752985 0.41684098554694132 -2.9054884386062625 2.3946286716408305 -2.1441147855349949 0.11955511261716144
leaf_weight=9585 30 21 37 20 20 36 132 24 30 21 20 20 29 37 21 22 20 44 35 28 38 21 21 23 32 27 27 29 31 23 20 23 23 27 28 23 48 23 24 1109 34 37 37 61 21 211 20 22 45 20 20 21 20 26 22 23 27 23 20 31 28 262
leaf_count=9585 30 21 37 20 20 36 132 24 30 21 20 20 29 37 21 22 20 44 35 28 38 21 21 23 32 27 27 29 31 23 20 23 23 27 28 23 48 23 24 1109 34 37 37 61 21 211 20 22 45 20 20 21 20 26 22 23 27 23 20 31 28 262
internal_value=-0.00294005 0.877354 -2.4351 1.11546 6.12202 0.926359 1.10514 -2.19469 1.45475 3.46135 0.925684 -5.8946 2.17143 0.918903 2.73029 1.31992 0.990003 -2.8606 1.41563 5.55061 0.910779 0.608398 0.362812 0.908427 2.61404 5.64923 1.36979 1.10759 0.827532 -2.36567 1.54022 4.57762 -1.66921 2.12749 0.76706 1.25009 3.10066 0.961074 -1.3044 -0.0915335 -0.0581993 0.277856 0.366708 0.474519 0.345546 0.44347 0.366814 -0.572871 0.566142 0.407035 0.313709 -1.33596 0.38568 -0.0375207 -0.554555 -2.26613 1.0173 0.418525 -1.12843 0.543561 0.429024 0.581345
internal_weight=12883 1178 79 1099 40 1059 1023 98 925 193 732 40 172 143 106 692 643 64 579 63 516 74 58 85 62 49 478 451 422 77 345 70 53 50 275 223 71 46 52 11705 10596 1011 974 916 855 821 800 140 660 615 595 58 152 120 94 45 49 575 43 532 501 473
internal_count=12883 1178 79 1099 40 1059 1023 98 925 193 732 40 172 143 106 692 643 64 579 63 516 74 58 85 62 49 478 451 422 77 345 70 53 50 275 223 71 46 52 11705 10596 1011 974 916 855 821 800 140 660 615 595 58 152 120 94 45 49 575 43 532 501 473
is_linear=0
shrinkage=0.05


Tree=109
num_leaves=63
num_cat=0
split_feature=9 24 32 34 28 33 35 31 31 31 31 35 33 34 35 38 31 31 7 33 31 25 35 34 37 21 40 32 32 6 32 31 31 35 40 31 33 32 35 35 35 10 25 22 34 33 5 32 23 31 31 40 33 35 28 21 35 35 31 37 32 32
split_gain=362705 335414 616609 411709 461778 661290 588252 643621 394849 701720 351865 609664 622237 580804 385153 358983 598284 487073 341016 1.10541e+06 279565 269653 412598 286937 467315 295599 260330 260005 196891 312948 366458 535790 447332 272841 162230 155515 152794 97363.5 89115.2 59899.2 56622.8 44861 45564.9 81819 72447.2 268688 71830.9 67901.6 62124.9 57129.5 61158.1 43192 39430.8 48431.8 115460 101247 99373.5 210760 142023 89730.5 45414.1 81719.9
threshold=1.0000000180025095e-35 1.0000000180025095e-35 142.45000000000002 468.70000000000005 1.0000000180025095e-35 472.7000000000001 837.70000000000016 286.05000000000007 487.35000000000008 477.45000000000005 154.35000000000005 509.85000000000008 165.05000000000004 131.25000000000003 401.55000000000007 1.0000000180025095e-35 353.50000000000006 173.35000000000005 1.0000000180025095e-35 247.35000000000005 273.45000000000005 1.0000000180025095e-35 886.1500000000002 140.95000000000002 3.5000000000000004 1.0000000180025095e-35 4.5000000000000009 383.75000000000006 84.350000000000009 1.0000000180025095e-35 284.55000000000007 368.55000000000007 249.25000000000003 461.05000000000007 5.5000000000000009 300.55000000000007 142.95000000000002 196.15000000000001 731.35000000000025 341.25000000000006 290.55000000000007 1.0000000180025095e-35 1.0000000180025095e-35 1.0000000180025095e-35 416.00000000000006 173.30000000000004 1.0000000180025095e-35 311.50000000000006 1.0000000180025095e-35 66.450000000000017 88.15000000000002 5.5000000000000009 455.7000000000001 758.55000000000007 1.0000000180025095e-35 1.0000000180025095e-35 1129.3500000000001 969.95000000000016 316.15000000000003 4.5000000000000009 396.15000000000003 345.15000000000003
decision_type=2 2 2 2 2 2 2 2 2 2 2 2 2 2 2 2 2 2 2 2 2 2 2 2 2 2 2 2 2 2 2 2 2 2 2 2 2 2 2 2 2 2 2 2 2 2 2 2 2 2 2 2 2 2 2 2 2 2 2 2 2 2
left_child=41 3 -3 4 5 8 -6 -8 9 10 11 14 -13 34 51 17 20 -12 21 -20 -17 23 -23 24 25 28 -25 -4 33 30 31 37 -32 39 -14 -27 38 -30 -34 40 -19 42 -1 44 46 -46 48 -48 49 -44 -51 -2 53 60 55 56 57 58 -55 -57 61 -52
right_child=1 2 27 -5 6 -7 7 -9 -10 -11 15 12 13 -15 -16 16 -18 18 19 -21 -22 22 -24 26 -26 35 -28 -29 29 -31 32 -33 36 -35 -36 -37 -38 -39 -40 -41 -42 -43 43 -45 45 -47 47 -49 -50 50 52 -53 -54 54 -56 59 -58 -59 -60 -61 -62 -63
leaf_value=-0.088963299604600629 1.0745199747383596 -9.6545206194832218 2.8667307557286446 8.1679285430908219 2.2277366374668324 8.4273348931343328 -1.0026087715707976 -12.202762728152068 7.9590584468841561 -7.9652654951268973 8.1584309534680468 -8.9686161994934093 -7.3670672646977682 4.8744692010538921 7.3149697837829599 -1.518431366643598 4.6824327523891744 0.88932459136443365 14.48944721221924 -2.1344369792938234 -8.8882622415369212 0.39287200655255999 10.427495584487914 -6.4022221192069679 7.0331004189593465 -5.4270440006256102 0.61854542916820898 -4.0989573660350986 1.043049060381376 -3.1575698103223528 7.6111912423914134 12.531946474855596 -1.4483386566241583 -5.080296195121039 -1.3613247705542524 0.40948857579912457 -4.2363959699869156 5.5090168662693193 2.582164673274383 2.2280384244521461 -2.086174107733227 -0.38952536157024165 -1.6126258170965948 -2.6205618222554525 -5.9603744578361519 1.7481546289645711 -3.2490307846069335 0.27923008521397907 2.1051765905598461 2.4678423843885726 0.62672345019589759 -1.1774049138590212 2.1023712288249623 -4.312509155273438 2.2539675577266798 2.1744022156407197 0.98250607824325575 -6.8088465278798882 0.71173690710312287 -1.3903852009004163 2.2421536164406017 -2.2578819531660814
leaf_weight=9585 68 21 37 20 38 31 29 23 20 22 31 34 22 28 25 31 26 67 20 20 22 21 20 23 35 25 31 21 26 21 22 22 24 21 23 21 20 23 32 60 21 1109 33 24 20 26 25 30 59 38 441 31 33 22 37 41 25 22 39 31 39 26
leaf_count=9585 68 21 37 20 38 31 29 23 20 22 31 34 22 28 25 31 26 67 20 20 22 21 20 23 35 25 31 21 26 21 22 22 24 21 23 21 20 23 32 60 21 1109 33 24 20 26 25 30 59 38 441 31 33 22 37 41 25 22 39 31 39 26
internal_value=-0.00279304 0.833486 -2.31334 1.05969 0.927935 1.23997 -2.50095 -5.95652 1.00739 0.859167 1.07111 -0.616414 -3.38162 -0.779463 1.76969 1.64018 -1.53 2.05346 1.72432 6.17751 -4.57761 1.39137 5.28781 1.06799 1.49014 1.01112 -2.37178 0.344671 1.49465 2.59899 3.3143 6.04971 1.33252 0.253084 -4.29747 -2.76254 -0.484984 3.13932 0.854806 1.00985 0.179262 -0.0869568 -0.0552894 0.263964 0.334104 -1.60338 0.428816 -1.32452 0.537658 0.425828 0.510549 0.369372 0.412167 0.335021 -0.289881 -0.812783 -1.78101 -2.6134 -1.10029 0.639563 0.603012 0.466124
internal_weight=12883 1178 79 1099 1079 989 90 52 958 938 916 231 107 73 124 685 79 606 575 40 53 535 41 494 440 405 54 58 359 190 169 71 98 169 45 46 76 49 56 148 88 11705 10596 1011 987 46 941 55 886 827 794 99 756 723 217 180 108 83 61 72 506 467
internal_count=12883 1178 79 1099 1079 989 90 52 958 938 916 231 107 73 124 685 79 606 575 40 53 535 41 494 440 405 54 58 359 190 169 71 98 169 45 46 76 49 56 148 88 11705 10596 1011 987 46 941 55 886 827 794 99 756 723 217 180 108 83 61 72 506 467
is_linear=0
shrinkage=0.05


Tree=110
num_leaves=63
num_cat=0
split_feature=9 31 36 33 31 33 33 35 31 31 33 40 40 33 35 36 36 35 33 33 35 33 31 33 35 39 39 31 31 31 31 31 35 36 31 36 40 31 36 31 31 35 33 33 13 31 23 33 36 33 35 35 35 31 31 25 31 35 33 31 6 33
split_gain=286260 342796 872541 216433 645093 601867 591806 415498 392534 336320 332512 323116 549260 510380 444240 344113 420625 279269 421287 245094 240423 235549 253697 358060 289702 209715 195098 186634 109519 122532 309657 154119 199033 130198 205061 92406.2 87896.3 458756 208638 181907 83114.2 62019.1 56209.3 44965.6 49576 32263.7 29679.1 74529.7 63857.2 39821.4 36826.9 32968 31643.7 30043.6 29717.3 28502.9 69928.7 90340.2 105497 88637.7 63235.7 59759.7
threshold=1.0000000180025095e-35 479.05000000000007 412.12500000000006 165.05000000000004 86.450000000000017 138.35000000000005 206.35000000000005 813.45000000000016 345.15000000000003 86.450000000000017 336.15000000000003 1.0000000180025095e-35 4.5000000000000009 381.90000000000003 926.15000000000009 254.65000000000006 332.91666666666669 1211.5500000000002 378.25000000000006 252.75000000000003 253.05000000000004 97.15000000000002 453.05000000000007 1.0000000180025095e-35 727.25000000000011 1.0000000180025095e-35 1.0000000180025095e-35 434.35000000000008 414.05000000000007 110.95000000000002 134.15000000000001 173.35000000000005 202.75000000000003 228.51250000000002 223.55000000000004 361.21666666666675 4.5000000000000009 282.65000000000003 315.3250000000001 286.05000000000007 291.30000000000001 531.55000000000007 125.7 495.00000000000006 1.0000000180025095e-35 446.75000000000006 1.0000000180025095e-35 477.05000000000001 362.92500000000007 433.05000000000007 1309.4500000000003 1377.7500000000002 1198.6500000000003 120.25000000000001 291.30000000000001 1.0000000180025095e-35 66.450000000000017 1257.3500000000001 440.95000000000005 86.450000000000017 1.0000000180025095e-35 76.350000000000009
decision_type=2 2 2 2 2 2 2 2 2 2 2 2 2 2 2 2 2 2 2 2 2 2 2 2 2 2 2 2 2 2 2 2 2 2 2 2 2 2 2 2 2 2 2 2 2 2 2 2 2 2 2 2 2 2 2 2 2 2 2 2 2 2
left_child=43 3 -3 5 -5 9 8 10 -6 20 19 13 17 -9 -14 -16 25 18 -13 -8 -2 22 23 26 -25 -17 27 28 29 -11 -31 32 -32 34 -33 -18 39 -38 -39 -35 -28 -41 -23 44 46 -46 51 48 49 50 53 55 -50 -48 -53 -1 -57 58 59 61 -61 -58
right_child=1 2 -4 4 6 -7 7 11 -10 21 -12 12 14 -15 15 16 35 -19 -20 -21 -22 42 -24 24 -26 -27 40 -29 -30 30 31 33 -34 36 -36 -37 37 38 -40 41 -42 -43 -44 -45 45 -47 47 -49 52 -51 -52 54 -54 -55 -56 56 57 -59 -60 60 -62 -63
leaf_value=-0.084802708101139296 -0.16650556325912477 -8.7751066080729156 4.3345927975394511 8.0942203057778865 2.1824213847517968 -6.5696633442242947 -4.6037383453412488 0.41374302525674145 10.4534742135268 3.339713749246938 -8.0855869921770971 -0.40480766977582666 7.6906399430899786 10.01570309829712 5.8808926123159901 -0.030320300410191223 5.4828661936521534 0.93235281247359048 -10.102093509833018 2.5057943379437484 -7.5892373466491705 6.4533620925176711 4.6062350615476957 -0.22305817433765959 -7.8903165015307337 -6.3010104020436613 5.4620919655109281 -4.0096935510635374 4.3280763733386989 -4.8012425942080368 0.36052992595359684 0.78116530328989031 7.1141739320755013 4.5869579990704858 -4.8342759625665082 1.0952367932597797 -5.5580423900059301 5.458519405788846 -0.25922059829418481 1.6657927534272596 1.6765879672149133 -1.6455390728436985 2.7496140289306643 -2.0131952469050884 -0.29128759484696576 -1.1197801454398866 -0.71453921443126245 3.2377902257442472 0.84183641336858273 -1.5661587436993918 1.8850255136136658 -2.4545925886734672 2.9926206088066105 0.13834750644247315 -0.50367926084255987 -1.9438780725002289 0.68742579460144049 3.0486254872946907 -2.517732059955597 0.32922847562860968 -1.4952996903774787 4.5526450252532964
leaf_weight=8427 24 30 22 37 32 30 22 31 26 35 22 21 29 25 27 24 20 26 24 27 20 21 39 28 22 30 29 22 20 28 24 37 20 39 29 30 28 27 39 31 29 26 20 30 1009 133 122 20 118 39 27 23 20 672 129 36 20 29 34 690 51 20
leaf_count=8427 24 30 22 37 32 30 22 31 26 35 22 21 29 25 27 24 20 26 24 27 20 21 39 28 22 30 29 22 20 28 24 37 20 39 29 30 28 27 39 31 29 26 20 30 1009 133 122 20 118 39 27 23 20 672 129 36 20 29 34 690 51 20
internal_value=-0.0049996 0.739852 -3.2287 0.924106 1.76751 0.351297 1.2048 0.445723 5.89013 0.677245 -2.979 1.29295 0.466922 4.70033 2.09106 0.851454 -0.454265 -3.1931 -5.57669 -0.686241 -3.54047 0.990196 0.718611 0.423061 -3.59665 -3.51404 0.857155 0.468743 0.72599 0.527528 0.227447 0.696792 3.43037 0.226958 -1.68623 2.85029 0.891538 -0.195263 2.07985 1.9557 3.56934 0.155361 4.64666 -0.0799387 -0.0749471 -0.387776 -0.0408485 0.215674 0.155111 -0.00510321 0.0690517 -0.0684561 1.15354 0.00729942 -0.798883 -0.0565269 0.214246 0.306299 0.208719 0.327412 0.203654 2.62004
internal_weight=12821 1172 52 1120 453 667 416 358 58 637 71 287 231 56 160 131 104 71 45 49 44 593 552 513 50 54 463 405 383 363 328 300 44 256 66 50 190 94 66 96 58 57 41 11649 11619 1142 10477 1018 998 860 821 9459 138 794 152 9307 880 844 815 781 741 40
internal_count=12821 1172 52 1120 453 667 416 358 58 637 71 287 231 56 160 131 104 71 45 49 44 593 552 513 50 54 463 405 383 363 328 300 44 256 66 50 190 94 66 96 58 57 41 11649 11619 1142 10477 1018 998 860 821 9459 138 794 152 9307 880 844 815 781 741 40
is_linear=0
shrinkage=0.05


Tree=111
num_leaves=63
num_cat=0
split_feature=9 24 36 35 4 32 33 36 36 28 31 33 33 31 33 32 32 36 32 31 33 31 33 33 35 35 32 31 36 32 32 32 39 32 32 36 36 31 2 7 33 36 32 35 38 36 36 33 36 35 7 33 31 33 36 13 35 32 25 25 35 31
split_gain=258349 414838 1.1464e+06 611386 504513 517672 832641 587608 519904 467214 334572 299858 962669 837130 642640 1.09254e+06 446681 325758 636004 312121 307167 338176 276813 582948 271630 224884 200050 192104 415286 228468 840863 500671 350920 312221 152356 90153 87830.8 61033.8 48880.7 57924.3 57388.9 46546.1 44792.5 43902.9 50955.3 43344.8 41718.5 42294.6 40897.7 33925.9 33184.5 40500.6 77446.4 53553 37066.8 33097.2 32557.1 31538.4 85762.5 46823 29892.3 34102.6
threshold=1.0000000180025095e-35 1.0000000180025095e-35 246.32500000000005 1118.0500000000002 1.0000000180025095e-35 427.95000000000005 173.30000000000004 344.31666666666672 297.71666666666675 1.0000000180025095e-35 189.95000000000002 168.85000000000005 191.10000000000002 88.15000000000002 116.95000000000002 270.45000000000005 383.75000000000006 204.23333333333338 153.05000000000004 182.85000000000005 324.60000000000008 279.05000000000007 111.85000000000001 320.95000000000005 1227.5000000000002 837.70000000000016 469.55000000000007 135.75000000000003 137.26666666666671 128.35000000000005 69.750000000000014 181.85000000000005 1.0000000180025095e-35 232.55000000000004 309.95000000000005 252.75000000000003 256.62500000000006 334.45000000000005 1.0000000180025095e-35 1.0000000180025095e-35 338.05000000000007 208.12500000000003 358.65000000000003 660.00000000000011 1.0000000180025095e-35 165.62500000000003 171.15833333333333 490.55000000000001 173.80833333333337 790.95000000000016 1.0000000180025095e-35 155.45000000000002 114.15000000000002 1.0000000180025095e-35 115.87500000000001 1.0000000180025095e-35 337.85000000000002 349.05000000000007 1.0000000180025095e-35 1.0000000180025095e-35 1377.7500000000002 446.75000000000006
decision_type=2 2 2 2 2 2 2 2 2 2 2 2 2 2 2 2 2 2 2 2 2 2 2 2 2 2 2 2 2 2 2 2 2 2 2 2 2 2 2 2 2 2 2 2 2 2 2 2 2 2 2 2 2 2 2 2 2 2 2 2 2 2
left_child=38 4 -3 -4 5 9 8 -8 -7 11 -11 14 -13 -14 16 -16 27 -15 36 -20 34 -22 -6 -24 -23 -12 -10 28 -2 30 56 -31 33 -33 -21 -35 -19 -37 43 41 -41 42 49 50 45 -45 -47 48 -48 -40 -1 53 -53 54 -52 60 -29 58 -57 -59 -50 -62
right_child=1 2 3 -5 22 6 7 -9 26 10 25 12 13 17 15 -17 -18 18 19 20 21 24 23 -25 -26 -27 -28 29 -30 31 -32 32 -34 35 -36 37 -38 -39 39 40 -42 -43 -44 44 -46 46 47 -49 55 -51 51 52 -54 -55 -56 57 -58 59 -60 -61 61 -63
leaf_value=-0.068936690871502684 0.49843147201324584 5.3474682639042541 -12.943589881896973 -1.6478517698205035 -7.5473836183547975 -4.9302388998178337 13.429381522055596 2.8814785924294721 7.5148136320568275 -7.8600439866383871 2.9383117862369708 13.07522949695587 10.178531632056604 -3.7294536072867261 2.648578064441681 -13.878197803497315 6.7832375620642011 9.1340193835171792 4.6516590562360038 -7.6172686554136737 -4.7692500153999955 5.5282841023276834 3.8261794090271 -6.5925028743743894 -1.3372668075561525 -3.9124086837768552 0.83244155248006191 0.60784596828656778 -7.2884495569312051 7.4258579572041832 -8.0819059916904994 -6.1030950117111207 5.5011424150317909 3.5301400088745618 -1.5195532178878786 -2.399615936279297 4.5558527064323426 1.0813333209823159 -0.39849284861558754 0.74574284835221016 3.6589600086212162 0.34412319608146058 1.7643954060294413 0.93428072606930967 0.04723204601808495 -2.5347772552915244 1.7758954018777744 -2.1999478071928027 -0.26033943945557586 -2.2987908207453214 -0.91641110692705441 3.9770199798402333 -0.37046175420284277 -1.5565616412040515 0.54432491496868474 -0.82902151335678687 1.9144100408632916 -0.68032035319085582 -3.7993113006864281 1.4811684179306033 -0.55221003716642203 -2.7794004569053654
leaf_weight=6653 67 27 25 23 23 26 31 23 21 24 23 20 26 35 20 20 31 22 29 21 21 34 29 25 25 25 24 107 23 39 28 20 32 23 20 20 20 34 243 73 22 723 22 61 974 23 22 32 1790 26 49 21 20 39 382 184 86 152 28 30 55 25
leaf_count=6653 67 27 25 23 23 26 31 23 21 24 23 20 26 35 20 20 31 22 29 21 21 34 29 25 25 25 24 107 23 39 28 20 32 23 20 20 20 34 243 73 22 723 22 61 974 23 22 32 1790 26 49 21 20 39 382 184 86 152 28 30 55 25
internal_value=-0.00474962 0.702859 -2.89478 -7.53105 0.948824 1.24343 4.25751 8.93676 0.69864 0.822474 -3.03986 1.16037 2.51502 1.68022 0.48797 -5.61481 0.966619 0.706849 1.51555 -0.00719903 -1.12378 0.679697 -2.95381 -0.997285 2.61915 -0.629772 3.95088 0.590178 -1.49155 1.07181 0.0153186 2.4616 0.960782 -0.537069 -4.64277 0.908652 6.95394 -0.207907 -0.0759418 0.239812 1.42038 0.129207 -0.404762 -0.109165 -0.257817 -0.381514 -0.4158 -0.394774 -0.369505 -0.582165 -0.039113 0.349179 1.8563 0.217707 0.378255 -0.390353 1.19005 -0.806838 -1.22132 -0.324031 -0.302601 -1.24821
internal_weight=12821 1172 75 48 1097 1020 125 54 71 895 72 823 273 253 550 40 510 227 192 150 121 80 77 54 59 48 45 479 90 389 221 168 129 97 41 77 42 54 11649 1109 95 1014 291 10540 3376 2402 2341 2318 2286 269 7164 511 41 470 431 2264 193 394 212 182 1870 80
internal_count=12821 1172 75 48 1097 1020 125 54 71 895 72 823 273 253 550 40 510 227 192 150 121 80 77 54 59 48 45 479 90 389 221 168 129 97 41 77 42 54 11649 1109 95 1014 291 10540 3376 2402 2341 2318 2286 269 7164 511 41 470 431 2264 193 394 212 182 1870 80
is_linear=0
shrinkage=0.05


Tree=112
num_leaves=63
num_cat=0
split_feature=32 39 4 34 33 33 33 33 35 35 34 33 24 33 34 33 33 32 36 36 32 32 25 25 33 33 33 34 34 32 39 32 33 35 32 34 34 36 35 32 34 35 33 36 35 32 35 32 32 36 33 36 36 34 38 33 34 32 32 33 34 34
split_gain=82054.3 108548 58099.1 130395 83761.3 159531 85330.3 129313 74264 125258 101150 71988.5 70331.9 394123 166299 188141 271764 240582 113954 156016 116448 105340 95751.6 83060.4 69730.7 62920.8 232535 107484 336016 119048 260309 195428 167804 105750 127316 102908 153861 378922 161316 214566 124566 199815 121630 175804 116423 114828 82218.9 71898 129346 68214.1 117055 68141.1 117483 65815 62347.6 215153 172818 124250 118264 115634 89436.6 84152.1
threshold=496.75000000000006 1.0000000180025095e-35 1.0000000180025095e-35 433.75000000000006 431.30000000000001 451.40000000000003 111.85000000000001 139.95000000000002 1227.5000000000002 899.20000000000016 301.90000000000003 189.45000000000002 1.0000000180025095e-35 480.90000000000003 439.35000000000008 153.85000000000005 429.65000000000003 270.45000000000005 245.32500000000002 268.44166666666678 284.55000000000007 378.05000000000007 1.0000000180025095e-35 1.0000000180025095e-35 87.450000000000003 232.30000000000004 243.75000000000003 56.050000000000004 73.500000000000014 75.050000000000011 1.0000000180025095e-35 173.15000000000001 482.05000000000007 906.45000000000005 130.25000000000003 420.7000000000001 341.45000000000005 238.35416666666671 1045.6000000000001 469.55000000000007 296.45000000000005 1009.4000000000001 200.05000000000004 295.35833333333341 856.40000000000009 362.55000000000007 1175.5000000000002 478.45000000000005 457.45000000000005 227.41666666666669 237.55000000000004 357.87500000000006 369.95000000000005 240.75000000000003 1.0000000180025095e-35 389.75000000000006 301.90000000000003 113.45000000000002 356.95000000000005 324.60000000000008 196.60000000000005 181.30000000000004
decision_type=2 2 2 2 2 2 2 2 2 2 2 2 2 2 2 2 2 2 2 2 2 2 2 2 2 2 2 2 2 2 2 2 2 2 2 2 2 2 2 2 2 2 2 2 2 2 2 2 2 2 2 2 2 2 2 2 2 2 2 2 2 2
left_child=2 -2 12 4 6 -6 24 -8 9 -9 -10 -11 14 18 25 -16 17 -17 22 20 -20 -19 -14 -21 -4 35 49 29 -29 30 -28 33 51 -31 -35 36 38 -38 40 45 41 42 -1 44 -44 -40 -39 48 54 -27 -51 -33 -53 -47 55 57 58 -30 61 -59 -61 -57
right_child=1 -3 3 -5 5 -7 7 8 10 11 -12 -13 13 -15 15 16 -18 21 19 23 -22 -23 -24 -25 -26 26 27 28 47 31 -32 32 -34 34 -36 -37 37 46 39 -41 -42 -43 43 -45 -46 53 -48 -49 -50 50 -52 52 -54 -55 -56 56 -58 59 -60 60 -62 -63
leaf_value=0.016105615136854969 -0.16660741499584655 4.8699807107448585 -0.37216427333248991 -3.6029978791872659 -5.1222166547775272 -0.41214266740716998 3.2097071983508374 -0.54347299777607361 -4.1821978388184853 -1.3513075326383115 0.51149994594355419 1.8661038397370202 0.1362351667135954 -7.3178830223530529 5.0194896712447665 -3.5797300692647696 5.0503342188637834 3.6014187510808306 -0.98869265243411064 -0.15027242930521345 -4.528454692644023 -0.52266319356858737 2.8182978522446422 -2.6168746058199859 -2.6993681053904925 1.2167145893971127 6.5800408359169964 -5.8973196832033308 3.6363607324086704 -1.4682057148144061 0.1360167492003668 0.84069892567455828 3.912252439856529 3.652569235801697 -1.3935336568057537 -2.7637647276415547 -1.7904014312303982 7.1991769209504133 -0.95818806380033505 2.0962676412679935 -2.9426966273122366 4.5604791148255268 -1.4433512081590933 -5.2793753767013554 2.6186976752497935 -7.3060193946026262 3.2008019793364739 -2.8279802382316284 2.9235887029104766 1.7297677687623285 6.8876121917908852 -2.8119199640042076 0.44885144446967939 -3.2496965573728085 0.42843879256239642 -6.9099277534655164 0.4870219904023248 -1.5061654288221051 -0.96898813991359001 4.0525495407127199 0.18640752090857582 -2.8751509169737499
leaf_weight=8274 23 20 604 30 25 64 38 164 22 20 24 133 440 20 33 38 29 30 52 440 42 32 36 37 34 30 25 26 26 181 42 537 40 25 25 34 39 20 25 22 36 24 89 25 22 20 36 23 36 22 22 37 109 20 236 28 37 74 27 21 52 24
leaf_count=8274 23 20 604 30 25 64 38 164 22 20 24 133 440 20 33 38 29 30 52 440 42 32 36 37 34 30 25 26 26 181 42 537 40 25 25 34 39 20 25 22 36 24 89 25 22 20 36 23 36 22 22 37 109 20 236 28 37 74 27 21 52 24
internal_value=-0.00451213 2.17599 -0.0118499 -0.349582 -0.263055 -1.7352 -0.136952 0.434595 0.144087 0.416518 -1.73331 1.44553 0.021807 -0.365049 0.0609215 1.65056 0.788739 -0.447124 -0.232234 -0.708496 -2.57029 1.47286 0.33908 -0.341602 -0.496185 0.0361384 0.313845 0.189468 -0.335659 0.503206 2.5405 0.360126 0.764632 -0.905928 1.12952 -0.0183734 -0.00758477 1.99354 -0.0298013 -2.17185 -0.00779918 0.00472825 -0.0082727 -1.49141 -0.63826 -3.61645 4.62879 -0.0880503 0.0242819 3.05519 4.30869 0.580291 -0.377508 -5.27786 -0.174528 -0.666916 -2.33297 0.450207 -3.65373 -0.11333 1.29859 -5.04772
internal_weight=12821 43 12778 1158 1128 89 1039 401 363 317 46 153 11620 1067 10553 162 129 100 1047 571 94 62 476 477 638 10391 1705 1631 610 1021 67 954 723 231 50 8686 8652 95 8557 87 8470 8434 8410 136 111 65 56 584 561 74 44 683 146 40 525 289 116 173 79 147 73 52
internal_count=12821 43 12778 1158 1128 89 1039 401 363 317 46 153 11620 1067 10553 162 129 100 1047 571 94 62 476 477 638 10391 1705 1631 610 1021 67 954 723 231 50 8686 8652 95 8557 87 8470 8434 8410 136 111 65 56 584 561 74 44 683 146 40 525 289 116 173 79 147 73 52
is_linear=0
shrinkage=0.05


Tree=113
num_leaves=63
num_cat=0
split_feature=7 22 32 33 31 33 36 34 37 34 34 32 29 33 36 33 29 34 31 34 36 33 33 34 24 40 31 36 40 31 36 33 40 36 32 2 33 13 33 36 10 31 36 36 36 36 32 36 32 36 32 31 31 31 25 33 32 40 32 40 32 31
split_gain=103895 141259 134670 152654 239974 89447.4 83273.5 144227 77788 74757.7 182038 74216.5 65431.2 123763 180596 82665.6 63341.1 157444 223282 158120 142774 179894 131806 120083 214040 157628 123501 200482 119753 115491 212538 76350.5 108142 278540 133200 64679.5 81373.7 94924.1 92080.5 182054 70235.6 66002.3 288083 62135.2 88435.5 78310 61315.7 146409 67910.8 139814 98378.3 92968.8 78381.6 66955.6 79608.4 60296.5 57137.8 132611 68909.8 74683.3 56948.5 56037.6
threshold=1.0000000180025095e-35 1.0000000180025095e-35 173.15000000000001 356.10000000000008 140.85000000000005 391.25000000000006 330.47500000000008 54.150000000000006 3.5000000000000004 491.95000000000005 484.85000000000008 390.85000000000008 1.0000000180025095e-35 159.30000000000004 224.02500000000003 120.15000000000002 1.0000000180025095e-35 142.35000000000002 171.55000000000004 203.50000000000003 215.85833333333338 206.35000000000005 495.00000000000006 439.35000000000008 1.0000000180025095e-35 1.0000000180025095e-35 238.05000000000004 330.47500000000008 4.5000000000000009 91.750000000000014 175.41250000000005 479.15000000000003 1.5000000000000002 268.44166666666678 336.25000000000006 1.0000000180025095e-35 299.85000000000008 1.0000000180025095e-35 336.15000000000003 259.93333333333334 1.0000000180025095e-35 495.65000000000003 345.92500000000007 263.54166666666674 246.32500000000005 252.75000000000003 464.15000000000003 319.85000000000008 419.85000000000008 271.56250000000006 383.75000000000006 279.05000000000007 466.05000000000007 365.45000000000005 1.0000000180025095e-35 252.75000000000003 354.00000000000006 1.0000000180025095e-35 467.75000000000006 5.5000000000000009 307.30000000000001 395.65000000000003
decision_type=2 2 2 2 2 2 2 2 2 2 2 2 2 2 2 2 2 2 2 2 2 2 2 2 2 2 2 2 2 2 2 2 2 2 2 2 2 2 2 2 2 2 2 2 2 2 2 2 2 2 2 2 2 2 2 2 2 2 2 2 2 2
left_child=9 2 5 46 -5 12 7 -6 -7 10 16 -8 13 15 -15 -2 22 29 28 -20 -21 -22 23 31 25 -25 -27 -28 -19 30 -18 35 -33 -34 -35 41 37 40 -38 -40 55 61 -43 44 -31 -46 48 -48 50 -50 52 -52 53 54 -4 -37 60 -58 59 -59 -45 -1
right_child=1 -3 3 4 6 8 11 -9 -10 -11 -12 -13 -14 14 -16 -17 17 18 19 20 21 -23 -24 24 -26 26 27 -29 -30 43 -32 32 33 34 -36 36 38 -39 39 -41 -42 42 -44 56 45 -47 47 -49 49 -51 51 -53 -54 -55 -56 -57 57 58 -60 -61 -62 -63
leaf_value=-0.0089966843391259231 0.029379723948059662 -3.438981555855793 -0.010796885359336726 7.1769738933314446 2.8736578171903435 -4.3546710911122233 1.1865044955412547 -2.7310758580764136 -0.23854805628458658 2.9307959394795553 -4.4052037878582873 4.9168652231494585 -2.6170171700772786 -0.01762930260764228 4.852133612199264 -3.281127997264266 0.0083469830304384231 -1.518226149559021 -4.099321192502976 3.9915567117929456 -3.6269796304843007 0.73973420080426455 3.7724843813025433 6.1509094458559286 -2.6546701464653015 -0.83481779931222688 6.7547963158005757 0.18637880867776963 -6.0228314963272886 -0.12414444336338955 5.9057162416252229 1.1743127954417261 2.0972523060829746 -6.7375428989015775 -1.43350307315588 0.32691988199279876 3.8482012575672524 -1.9222809988494014 -2.3264187514781951 1.937050884271923 -1.6026928087075551 5.1019346841145312 -0.7725830519447725 -0.56654303370243209 4.3557191002097992 0.42828962216774624 5.4877380461919882 0.17784321512479118 -4.522283549308777 0.37155123673103474 4.8413307455869825 0.61301856132654053 -2.0458362559477492 1.9728775228891111 3.1312116980552673 2.4582162034511565 1.2977706825642876 -1.9302345596519963 -0.19022605634968859 -5.0217851958672206 1.5508746875097623 -0.30476601587216157
leaf_weight=7158 330 23 241 23 22 22 30 24 24 21 24 24 21 45 33 20 50 25 27 20 34 77 23 23 25 34 21 26 36 340 22 29 23 29 20 640 31 51 34 95 45 32 60 224 22 30 21 34 20 54 26 26 30 72 22 35 33 56 29 30 37 2063
leaf_count=7158 330 23 241 23 22 22 30 24 24 21 24 24 21 45 33 20 50 25 27 20 34 77 23 23 25 34 21 26 36 340 22 29 23 29 20 640 31 51 34 95 45 32 60 224 22 30 21 34 20 54 26 26 30 72 22 35 33 56 29 30 37 2063
internal_value=-0.00428653 0.441314 0.517987 0.980601 2.57191 -0.107243 1.51275 -0.0505511 -2.20713 -0.0497505 -0.0551403 2.84444 0.10789 0.241588 2.04266 -0.159792 -0.0461316 -0.408551 -1.60724 -0.615242 0.10285 -0.597818 -0.00842925 -0.0167318 1.49936 2.49792 1.46065 3.1212 -4.17668 -0.107848 1.81032 -0.0356371 -1.40363 -2.44197 -4.57263 -0.0221495 0.375214 0.162268 1.40135 0.813346 0.309924 -0.061873 1.27073 -0.280268 0.169555 2.08989 0.622119 2.20526 0.444782 -0.951107 0.692493 2.72717 0.402621 0.621886 0.252033 0.437432 -0.711394 -1.49619 -2.29794 -3.00868 -0.266373 -0.0751687
internal_weight=12821 1187 1164 669 123 495 100 46 46 11634 11613 54 449 428 78 350 11589 1092 219 158 131 111 10497 10474 129 104 81 47 61 873 72 10345 101 72 49 10244 931 771 160 129 720 9313 92 801 392 52 546 55 491 74 417 52 365 335 263 675 409 148 115 86 261 9221
internal_count=12821 1187 1164 669 123 495 100 46 46 11634 11613 54 449 428 78 350 11589 1092 219 158 131 111 10497 10474 129 104 81 47 61 873 72 10345 101 72 49 10244 931 771 160 129 720 9313 92 801 392 52 546 55 491 74 417 52 365 335 263 675 409 148 115 86 261 9221
is_linear=0
shrinkage=0.05


Tree=114
num_leaves=63
num_cat=0
split_feature=7 22 32 33 31 33 28 33 31 36 34 37 34 34 32 4 32 33 32 33 32 31 36 25 18 31 29 34 31 34 36 33 31 36 33 34 24 33 33 33 33 34 34 33 36 31 37 32 31 36 31 34 33 33 33 31 36 36 6 36 33 36
split_gain=93765.4 127486 121540 137770 216577 80726.3 83429.6 92471.8 167486 75154.3 130165 70203.7 67468.8 164289 66980.4 59392 98748.6 137979 91999.5 98907.5 114200 94331.1 85575.9 67364.2 61139.7 74262 57165.4 142660 188225 148184 148335 118955 112471 220418 110379 108375 193171 144935 226052 100233 86957.5 85663.5 71864.3 68906.3 82440.1 106331 85976.4 62479.6 54306.1 230675 63269.8 90481.4 71046.4 88490.2 84500 69756.2 66940.4 115328 91749.8 67931 126509 158682
threshold=1.0000000180025095e-35 1.0000000180025095e-35 173.15000000000001 356.10000000000008 140.85000000000005 391.25000000000006 1.0000000180025095e-35 148.65000000000001 399.25000000000006 330.47500000000008 54.150000000000006 3.5000000000000004 491.95000000000005 484.85000000000008 390.85000000000008 1.0000000180025095e-35 465.85000000000008 100.95000000000002 419.85000000000008 334.15000000000003 374.50000000000006 466.05000000000007 316.95000000000005 1.0000000180025095e-35 1.0000000180025095e-35 401.25000000000006 1.0000000180025095e-35 119.65000000000002 171.55000000000004 181.30000000000004 228.51250000000002 495.00000000000006 91.750000000000014 175.41250000000005 198.05000000000004 439.35000000000008 1.0000000180025095e-35 425.80000000000007 175.00000000000003 206.35000000000005 369.25000000000006 463.9500000000001 86.750000000000014 479.15000000000003 268.44166666666678 275.05000000000007 3.5000000000000004 347.05000000000007 495.65000000000003 345.92500000000007 383.55000000000007 380.40000000000003 444.85000000000008 457.15000000000003 414.75000000000006 435.95000000000005 190.465 169.91666666666671 1.0000000180025095e-35 339.34166666666675 271.65000000000003 316.95000000000005
decision_type=2 2 2 2 2 2 2 2 2 2 2 2 2 2 2 2 2 2 2 2 2 2 2 2 2 2 2 2 2 2 2 2 2 2 2 2 2 2 2 2 2 2 2 2 2 2 2 2 2 2 2 2 2 2 2 2 2 2 2 2 2 2
left_child=12 2 5 15 -5 6 7 -2 -9 10 -6 -7 13 26 -11 16 18 -18 19 20 21 23 -20 24 25 -4 31 32 34 -30 -31 35 33 -28 -29 43 37 38 -37 -32 -36 -40 47 48 -45 -46 -47 -34 50 -50 -1 52 54 -54 56 -53 57 -52 -58 60 61 -60
right_child=1 -3 3 4 9 11 -8 8 -10 14 -12 -13 -14 -15 -16 -17 17 -19 22 -21 -22 -23 -24 -25 -26 -27 27 28 29 30 39 -33 42 -35 40 36 -38 -39 41 -41 -42 -43 -44 44 45 46 -48 -49 49 -51 51 55 53 -55 -56 -57 58 -59 59 -61 -62 -63
leaf_value=0.040006021090767931 -0.091051407285100208 -3.2670324325561526 0.53885252830958119 6.8181252852730125 2.7299748789180409 -4.1369374405254016 -2.6466035444002887 0.49560167472208705 5.7576635646820069 1.1271793095270792 -2.594522060950597 -0.22662076950073243 2.7842561622460682 -4.1849436879158022 4.671021862824758 -1.1925456787264623 0.49090553651062346 5.9400636763799763 -3.1129130911442542 -2.6056543888151644 2.9804958398224879 -2.331948479652405 0.42704015201643897 3.5293589848686349 -1.6043977975845338 3.0682984583518085 0.0079296520203351976 -6.8779909038543714 -4.2401002524731064 3.197776103430781 -3.1294572129394069 3.5838602770929757 -0.090588014888623017 6.1121217301913671 -0.36903482303023338 5.2976880082717308 -2.5219367027282718 6.0838448887779606 1.5106952170034251 0.14555371369700879 -4.8330872890353209 -2.3713700981051833 2.6950075125694277 0.86414040197928754 -4.8076163181891811 1.1635651206970214 -3.2346950197219848 -1.1505075437354517 4.4048964387817042 -0.65776619951403337 -1.1586708083152772 -4.5870290563220069 3.932438618203868 -0.10764854579359631 -2.6886505101408282 -0.51166195869445807 -0.15683618155254783 3.2877409720420836 -1.5393842628139716 -0.26997527163287605 1.1115238242149352 -6.0417423829436308
leaf_weight=7595 341 23 198 23 22 22 26 62 20 30 24 24 21 24 24 43 26 21 31 20 61 25 38 22 27 34 50 20 24 29 33 23 589 21 24 26 25 21 30 80 20 27 20 30 26 25 20 182 35 63 25 21 23 33 35 21 2141 35 65 99 25 28
leaf_count=7595 341 23 198 23 22 22 26 62 20 30 24 24 21 24 24 43 26 21 31 20 61 25 38 22 27 34 50 20 24 29 33 23 589 21 24 26 25 21 30 80 20 27 20 30 26 25 20 182 35 63 25 21 23 33 35 21 2141 35 65 99 25 28
internal_value=-0.0040722 0.419249 0.492087 0.931571 2.44331 -0.101881 0.102495 0.271471 1.77903 1.43711 -0.0480235 -2.09677 -0.047263 -0.0523833 2.70222 0.591013 0.743484 2.92564 0.51857 0.818451 1.00505 0.611253 -1.16337 0.873104 0.647476 0.909547 -0.043825 -0.388123 -1.49449 -0.606354 0.00780082 -0.00800779 -0.0929206 1.81339 -3.7981 -0.0158952 1.42439 2.37302 1.43414 -0.810865 -2.39815 -0.328178 -0.264031 -0.0338553 -1.33345 -2.26201 -0.791217 -0.34079 -0.021042 1.15033 -0.0323562 -0.247798 -0.20927 1.55167 -0.249471 -2.54935 -0.214165 1.43507 -0.25613 -1.2358 -2.04611 -2.89493
internal_weight=12821 1187 1164 669 123 495 449 423 82 100 46 46 11634 11613 54 546 503 47 456 387 367 306 69 281 259 232 11589 1092 230 166 142 10497 862 71 64 10474 129 104 83 113 44 57 791 10345 101 71 45 771 10244 98 10146 2551 2509 56 2453 42 2418 60 2358 217 118 93
internal_count=12821 1187 1164 669 123 495 449 423 82 100 46 46 11634 11613 54 546 503 47 456 387 367 306 69 281 259 232 11589 1092 230 166 142 10497 862 71 64 10474 129 104 83 113 44 57 791 10345 101 71 45 771 10244 98 10146 2551 2509 56 2453 42 2418 60 2358 217 118 93
is_linear=0
shrinkage=0.05


Tree=115
num_leaves=63
num_cat=0
split_feature=33 32 34 34 2 23 33 31 33 33 32 32 31 32 32 32 33 34 33 25 32 32 32 32 33 34 33 34 33 33 31 31 34 33 32 31 34 24 33 33 33 31 32 32 34 32 29 32 18 32 32 31 32 37 32 31 32 31 34 21 33 6
split_gain=78063 195574 128529 122846 92880.9 145194 111919 79950.2 73149.6 94772.6 65532.2 127025 121907 65170.5 97359.2 90371.1 85393.8 68150.6 59710.1 59477.4 232136 139163 106073 87766 77363 142968 76710.2 74812.1 275571 246420 227750 161677 115365 177623 169820 129742 89998.9 89472.8 78096.8 100307 76357.3 74130.9 90206.7 139120 68260.2 93519.8 65604.5 59920.6 58838.1 57709.9 168987 166788 73445.8 119955 103791 77488.4 97722.1 59956.6 57624 57127.1 73986.4 53739.1
threshold=485.90000000000003 286.45000000000005 174.30000000000004 88.750000000000014 1.0000000180025095e-35 1.0000000180025095e-35 252.75000000000003 487.35000000000008 483.45000000000005 479.15000000000003 465.85000000000008 457.45000000000005 182.85000000000005 219.95000000000002 204.65000000000001 186.75000000000003 427.75000000000006 60.000000000000007 493.55000000000007 1.0000000180025095e-35 469.55000000000007 448.55000000000007 427.95000000000005 367.75000000000006 97.15000000000002 88.750000000000014 129.05000000000004 313.10000000000008 98.950000000000017 82.40000000000002 61.150000000000013 464.35000000000008 392.4500000000001 421.75000000000006 214.65000000000001 394.15000000000003 274.90000000000003 1.0000000180025095e-35 339.55000000000007 427.75000000000006 298.15000000000003 446.75000000000006 71.300000000000026 207.75000000000003 433.75000000000006 232.55000000000004 1.0000000180025095e-35 485.65000000000003 1.0000000180025095e-35 99.800000000000026 69.750000000000014 256.05000000000007 307.30000000000001 2.5000000000000004 289.75000000000006 372.25000000000006 252.95000000000002 254.15000000000001 293.15000000000003 1.0000000180025095e-35 284.85000000000008 1.0000000180025095e-35
decision_type=2 2 2 2 2 2 2 2 2 2 2 2 2 2 2 2 2 2 2 2 2 2 2 2 2 2 2 2 2 2 2 2 2 2 2 2 2 2 2 2 2 2 2 2 2 2 2 2 2 2 2 2 2 2 2 2 2 2 2 2 2 2
left_child=4 2 18 -3 8 7 -7 10 9 19 11 13 -12 14 15 48 61 -18 -2 27 21 22 23 41 -25 -26 -23 36 29 -29 -30 32 38 35 -35 40 -1 58 46 -40 44 49 -43 -44 -34 -46 -32 -22 -6 50 -21 -52 54 -54 55 56 57 59 -38 60 -51 -15
right_child=1 3 -4 -5 5 6 -8 -9 -10 -11 12 -13 -14 16 -16 -17 17 -19 -20 20 47 26 -24 24 25 -27 -28 28 30 -31 31 -33 33 34 -36 -37 37 -39 39 -41 -42 42 43 -45 45 -47 -48 -49 -50 52 51 -53 53 -55 -56 -57 -58 -59 -60 -61 -62 -63
leaf_value=-0.04440546272747134 -2.9458692912702209 3.0575495942946405 0.15087862068956548 -1.8953689243112291 -0.021341101887747817 0.95456385174576119 4.7213685657038829 3.2057546781456994 2.732070474823316 -2.6670974829617671 -4.0518287239074713 4.0033988517263657 0.28592320998077808 0.63060387570352461 -2.9530251256350812 2.6874784374237062 4.8473065989358091 0.76907253742218018 -6.5503775674104689 0.11969998145292118 5.075512425858399 -4.4920262614885962 2.5556657630570081 0.35760722825693536 -4.8141556644439696 0.25150151619544397 -0.29924516797065737 -0.11900587258515534 -6.2404948711395267 7.203506090044975 -0.082319522194564343 -3.9493104057940283 -0.2102193537685606 6.5504003944993023 0.1844591964374889 2.6383515096943952 2.0446789304912092 4.3568804559253511 -4.4543251001521167 -0.51033313742705755 0.49896771151285907 -0.65066012541453055 5.7626450538635261 0.79061895398532656 -5.7382281875610355 -1.4522083714178631 -2.9459809020757675 1.7352100677490236 -2.7302313798949833 -0.74498659219060626 0.40440305045672825 5.8145780966199681 -1.280124454620557 2.1983119597768082 -3.6120234801219064 -2.1934470862150195 2.1189904606860614 0.88810433573642023 -0.62274668047931503 0.6874561465448803 -3.7127979278564456 -1.5024833448231221
leaf_weight=9795 27 31 22 21 441 49 33 23 24 34 25 23 46 382 29 30 21 20 20 233 29 24 49 43 30 26 20 27 20 20 100 37 36 20 22 29 40 21 38 28 52 27 24 34 20 35 25 25 21 70 28 29 39 68 26 46 46 59 41 36 30 32
leaf_count=9795 27 31 22 21 441 49 33 23 24 34 25 23 46 382 29 30 21 20 20 233 29 24 49 43 30 26 20 27 20 20 100 37 36 20 22 29 40 21 38 28 52 27 24 34 20 35 25 25 21 70 28 29 39 68 26 46 46 59 41 36 30 32
internal_value=0.00574566 -1.25823 -3.00329 1.05733 0.0178072 0.441253 2.47047 0.289015 -0.0254391 -0.0312034 0.226319 0.330635 -1.24145 0.244084 -0.137734 0.0282075 0.681288 2.85792 -4.4797 -0.0233743 0.336969 0.162325 0.290571 0.166421 -1.23746 -2.46224 -2.58622 -0.0594225 -0.650585 2.99696 -1.02166 -0.785509 -0.49647 0.30077 3.21586 -0.411054 -0.0290191 1.44852 -1.38971 -2.78112 -1.02946 0.341244 1.73667 2.84801 -1.90285 -3.01076 -0.655052 3.52908 -0.144472 0.174187 0.716676 3.15695 -0.20039 0.930471 -0.586978 -0.312932 0.0460047 -0.443007 0.694501 -1.02047 -1.63533 0.465728
internal_weight=12801 121 69 52 12680 1175 82 1093 11505 11481 1070 999 71 976 521 492 455 41 47 11447 1041 987 943 894 99 56 44 10406 509 47 462 442 405 214 42 172 9897 102 191 66 143 795 85 58 91 55 125 54 462 710 290 57 420 107 313 287 241 195 81 136 100 414
internal_count=12801 121 69 52 12680 1175 82 1093 11505 11481 1070 999 71 976 521 492 455 41 47 11447 1041 987 943 894 99 56 44 10406 509 47 462 442 405 214 42 172 9897 102 191 66 143 795 85 58 91 55 125 54 462 710 290 57 420 107 313 287 241 195 81 136 100 414
is_linear=0
shrinkage=0.05


Tree=116
num_leaves=63
num_cat=0
split_feature=9 34 35 34 32 29 32 32 31 32 21 35 32 4 6 31 32 32 31 31 35 35 35 31 35 32 32 32 32 35 31 31 31 35 32 35 34 31 13 32 32 32 31 35 38 31 31 39 34 23 31 38 5 35 31 32 32 31 35 31 35 32
split_gain=368164 198608 924238 703016 480699 742607 664296 667784 447752 386871 727805 309722 288375 431826 462152 470082 773932 911165 368503 420286 306199 344182 268963 254170 491005 231521 259781 220513 177160 152461 146054 144283 100113 226868 495599 176273 99652.3 60831.9 32937.4 25945.1 24503.9 34476.1 37211.1 45692.7 34366 31386.9 31339.7 58865.3 28851.5 23217.1 55466.1 43687 40262.4 35682 49707.1 75807.3 37082.5 34703.4 71783.9 29830.6 29430.1 29392.5
threshold=1.0000000180025095e-35 56.050000000000004 946.45000000000016 111.85000000000001 90.850000000000009 1.0000000180025095e-35 169.65000000000001 296.05000000000007 293.05000000000007 360.55000000000007 1.0000000180025095e-35 873.05000000000007 324.55000000000007 1.0000000180025095e-35 1.0000000180025095e-35 368.55000000000007 106.65000000000002 181.85000000000005 112.55000000000001 158.40000000000003 628.55000000000007 736.45000000000016 1089.1000000000001 268.45000000000005 1018.5500000000001 354.00000000000006 419.85000000000008 284.55000000000007 237.45000000000002 1140.5000000000002 316.15000000000003 286.05000000000007 328.65000000000003 344.05000000000001 140.45000000000002 488.05000000000007 343.10000000000008 456.35000000000008 1.0000000180025095e-35 51.95000000000001 193.95000000000002 174.95000000000002 381.95000000000005 969.95000000000016 1.0000000180025095e-35 77.250000000000014 118.05000000000001 1.0000000180025095e-35 326.7000000000001 1.0000000180025095e-35 171.55000000000004 1.0000000180025095e-35 1.0000000180025095e-35 1045.6000000000001 462.85000000000008 213.35000000000005 426.65000000000003 464.35000000000008 825.45000000000016 64.950000000000017 492.45000000000005 92.350000000000009
decision_type=2 2 2 2 2 2 2 2 2 2 2 2 2 2 2 2 2 2 2 2 2 2 2 2 2 2 2 2 2 2 2 2 2 2 2 2 2 2 2 2 2 2 2 2 2 2 2 2 2 2 2 2 2 2 2 2 2 2 2 2 2 2
left_child=38 2 11 -3 -5 6 -6 22 -7 -9 36 12 13 14 15 20 37 -18 -14 -20 27 -22 -8 -4 -25 -21 30 28 32 -26 -27 -28 33 39 -35 -36 -11 -17 49 -2 41 42 48 -44 45 -42 47 -47 -40 53 51 52 59 -1 -55 -56 -57 61 60 -51 -59 -52
right_child=1 3 23 4 5 8 7 9 -10 10 -12 -13 18 -15 -16 16 17 -19 19 25 21 -23 -24 24 29 26 31 -29 -30 -31 -32 -33 -34 34 35 -37 -38 -39 40 -41 44 -43 43 -45 -46 46 -48 -49 -50 50 57 -53 -54 54 55 56 -58 58 -60 -61 -62 -63
leaf_value=-0.045275344478537163 0.3512491821860656 -8.1242664272968579 1.2136717478434245 -6.5779396230524245 8.3169782968667842 -9.1063916749954217 0.54268877744674693 8.2603914942060204 0.93075227499008184 2.98188125347269 -5.0674891608101982 -3.9881262582891126 7.6232110300371732 -6.0731926717758178 -6.1388959089914961 1.9551417456987576 16.817798309326175 2.6224629695598898 -4.5808799909508755 7.3085949626953708 -7.5131574218089767 0.47589590871440512 -7.049081034319741 14.097916278839111 2.3859475578580582 -3.4137438735961916 7.4227031534368342 -3.6650917689005533 5.4793102983740116 8.0217900707608187 1.8899295731827064 1.6285294771194458 -2.0632880679492294 7.6191555155648132 2.5010876160401567 -3.7425913801789288 7.3889773762744415 -0.87500792870650423 -0.048852618787028672 -1.1730583443361169 0.74355355714048654 1.4112129260268478 -0.50415294193304505 -3.0371240831556778 0.31163588289942856 -0.51575760783161972 -0.66348487659337296 -3.7915261032680672 1.6797916775712602 1.7479530790577766 0.81950671136703179 -2.0828284277234759 -1.9698573991656305 -0.22095178757503331 -3.589289917264666 -1.2491741816739781 0.86022159066693549 1.2397947614843197 2.998287120542011 -0.16138665304462602 -1.4103168630599976 0.074720288301182089
leaf_weight=8642 156 26 21 22 39 25 20 28 20 29 28 34 31 25 24 39 20 26 23 23 26 28 28 20 28 25 22 27 21 21 27 21 29 36 26 20 23 37 337 34 35 36 117 21 99 32 438 24 26 23 184 35 28 698 28 74 29 22 37 185 20 473
leaf_count=8642 156 26 21 22 39 25 20 28 20 29 28 34 31 25 24 39 20 26 23 23 26 28 28 20 28 25 22 27 21 21 27 21 29 36 26 20 23 37 337 34 35 36 117 21 99 32 438 24 26 23 184 35 28 698 28 74 29 22 37 185 20 473
internal_value=0.00545837 0.855709 1.23246 -0.282383 0.495819 1.14425 2.48033 1.02117 -4.64544 3.20206 1.43164 0.678882 0.891588 0.353457 0.64611 0.956282 3.67553 8.79435 2.68744 1.60227 0.133083 -3.37069 -3.88584 6.03011 7.49598 2.80746 1.71772 0.675214 1.03915 4.80131 -0.659913 4.59299 0.729374 1.02712 3.2252 -0.213555 4.93117 0.577306 -0.0791067 0.0784784 -0.331315 -0.0833344 -0.190727 -0.889605 -0.543361 -0.70337 -0.805885 -1.91966 0.0749621 -0.0510648 0.177189 -0.434349 -0.189871 -0.0753338 -0.388681 -1.28239 -0.655267 0.402361 1.39248 0.0497423 -0.0221632 0.283306
internal_weight=12801 1158 870 288 262 240 195 156 45 108 80 780 746 574 549 525 122 46 172 141 403 54 48 90 69 118 95 349 322 49 52 43 301 272 82 46 52 76 11643 190 1165 537 501 138 628 529 494 56 363 10478 1007 271 236 9471 829 131 103 736 79 208 42 657
internal_count=12801 1158 870 288 262 240 195 156 45 108 80 780 746 574 549 525 122 46 172 141 403 54 48 90 69 118 95 349 322 49 52 43 301 272 82 46 52 76 11643 190 1165 537 501 138 628 529 494 56 363 10478 1007 271 236 9471 829 131 103 736 79 208 42 657
is_linear=0
shrinkage=0.05


Tree=117
num_leaves=63
num_cat=0
split_feature=9 2 32 35 34 34 40 36 33 35 36 25 11 36 35 33 35 36 32 36 40 6 36 36 36 35 40 36 39 36 36 35 35 32 36 35 32 35 36 36 35 25 11 22 32 32 21 35 34 28 32 36 36 33 33 33 32 32 32 12 33 35
split_gain=332268 366780 524472 340195 182560 558300 650468 1.28204e+06 632236 505645 633552 484018 381168 333635 863426 521111 250239 499420 404255 393261 648884 390206 311592 675267 501409 280968 266798 209263 184097 147512 172248 281509 122978 99830.6 98725.9 110330 227509 75534.3 84070.8 63957.4 38479.6 27577.9 102504 94616.4 48243.1 46954.5 40982.8 114353 94717.4 51657.3 74416.5 41681.5 97891.7 78620.8 72585.4 39682 38984.4 118189 108070 57238.1 55023.7 37415.4
threshold=1.0000000180025095e-35 1.0000000180025095e-35 196.15000000000001 856.40000000000009 56.050000000000004 111.85000000000001 5.5000000000000009 254.65000000000006 121.65000000000002 946.45000000000016 357.87500000000006 1.0000000180025095e-35 1.0000000180025095e-35 279.31666666666672 983.85000000000002 386.00000000000006 837.70000000000016 297.71666666666675 324.55000000000007 282.87083333333339 4.5000000000000009 1.0000000180025095e-35 255.82916666666668 267.12500000000006 237.37750000000003 488.05000000000007 1.0000000180025095e-35 236.23333333333338 1.0000000180025095e-35 289.61666666666673 332.91666666666669 583.75000000000011 983.85000000000002 397.75000000000006 211.74500000000003 401.55000000000007 180.15000000000001 337.85000000000002 156.18750000000003 362.92500000000007 480.95000000000005 1.0000000180025095e-35 1.0000000180025095e-35 1.0000000180025095e-35 482.55000000000007 356.95000000000005 1.0000000180025095e-35 1274.3500000000001 267.75000000000006 1.0000000180025095e-35 453.75000000000006 259.93333333333334 206.81666666666669 191.10000000000002 77.950000000000017 288.30000000000007 435.35000000000008 409.15000000000003 365.75000000000006 1.0000000180025095e-35 419.85000000000008 861.75000000000011
decision_type=2 2 2 2 2 2 2 2 2 2 2 2 2 2 2 2 2 2 2 2 2 2 2 2 2 2 2 2 2 2 2 2 2 2 2 2 2 2 2 2 2 2 2 2 2 2 2 2 2 2 2 2 2 2 2 2 2 2 2 2 2 2
left_child=41 4 -3 -4 9 -6 8 -8 -7 12 32 13 16 14 -10 -15 18 -18 21 27 -21 22 24 -24 26 -26 -2 -20 34 -25 31 -31 -11 -29 35 37 -37 38 -28 -32 -41 -1 43 44 46 -44 49 48 51 50 56 52 53 54 -48 -54 57 58 59 60 -43 -60
right_child=1 2 3 -5 5 6 7 -9 11 10 -12 -13 -14 15 -16 -17 17 -19 19 20 -22 -23 23 29 25 -27 28 33 -30 30 39 -33 -34 -35 -36 36 -38 -39 -40 40 -42 42 45 -45 -46 -47 47 -49 -50 -51 -52 -53 55 -55 -56 -57 -58 -59 61 -61 -62 -63
leaf_value=-0.099694251357553276 4.4815357272689402 -2.4172323787754237 2.3543069381713866 10.193604926140079 -8.6217924483120445 -9.3256756912578247 12.606352389300312 -2.663713370050703 1.47990782558918 5.0282789611816412 -0.97856915381646936 6.1031480131149296 -4.7312803169091548 -3.0963993356034565 -10.431786354656879 5.6919648231998572 -7.2018767407962265 1.9418748863041402 2.1825110145237137 5.6032330528382337 -4.801940715724025 -6.2481679848262246 10.542655341191725 -2.0167893393286342 -0.94169652938842785 -9.0448477040166448 -0.14126263530673208 10.459376647255638 -3.548949559529623 0.6755219313231382 -1.6970110193604517 8.871753816604615 10.057174226930066 5.8412128448486333 -2.0634456058964132 7.0456778526306154 -0.32262789011001591 -2.5104485784258164 2.9603711924245282 0.7479771109697011 3.3029308986663821 0.2793662346508955 -0.68912517843911292 -3.0169696626209079 2.4591963379471391 -3.2591564611152366 2.0663393700944965 -2.6556828570365907 3.9487206820783949 -1.1713127353612114 2.9515285229682924 2.5528333104889969 -0.11925365626811982 3.6584311068058017 -1.6509646753470104 -3.035294498205185 -1.7253988174291757 3.5506442445975086 -0.94694694827000303 2.3160442876093317 -2.2222691069478575 -3.8751490104198454
leaf_weight=10568 37 22 25 31 20 22 27 28 32 20 31 25 33 37 29 31 28 32 23 31 29 21 22 29 20 23 74 22 33 22 21 20 31 25 32 20 22 21 31 56 20 496 52 21 27 27 29 20 29 68 25 29 28 28 24 20 26 26 24 33 23 20
leaf_count=10568 37 22 25 31 20 22 27 28 32 20 31 25 33 37 29 31 28 32 23 31 29 21 22 29 20 23 74 22 33 22 21 20 31 25 32 20 22 21 31 56 20 496 52 21 27 27 29 20 29 68 25 29 28 28 24 20 26 26 24 33 23 20
internal_value=0.00518545 0.812924 4.12411 6.69392 0.573783 -0.60763 0.086237 4.8325 -1.39697 0.931485 4.65857 -0.264298 0.522354 -1.4983 -4.18303 0.910061 0.765169 -2.32521 1.04869 3.54445 0.574066 0.429513 0.708303 2.30556 -0.261277 -5.27594 0.537354 6.09049 -0.0889751 1.22689 1.90363 4.57849 8.08506 8.00291 0.481921 0.966752 3.18609 0.226973 0.774458 0.745444 1.42033 -0.0751513 0.166123 0.303628 0.375149 -1.56749 0.315793 0.937793 1.32212 0.142036 0.274737 0.840025 0.454975 1.51527 0.383032 -1.33427 0.171465 0.250756 0.106801 0.296889 0.168504 -2.27795
internal_weight=12801 1158 78 56 1080 251 231 55 176 829 82 154 747 129 61 68 714 60 654 130 60 524 503 190 313 43 270 70 233 168 139 42 51 47 200 168 42 126 105 97 76 11643 1075 996 975 79 948 207 187 741 673 158 129 81 53 48 648 622 596 552 519 44
internal_count=12801 1158 78 56 1080 251 231 55 176 829 82 154 747 129 61 68 714 60 654 130 60 524 503 190 313 43 270 70 233 168 139 42 51 47 200 168 42 126 105 97 76 11643 1075 996 975 79 948 207 187 741 673 158 129 81 53 48 648 622 596 552 519 44
is_linear=0
shrinkage=0.05


Tree=118
num_leaves=63
num_cat=0
split_feature=9 2 32 31 13 31 31 33 33 33 36 36 6 36 36 32 36 31 33 32 33 31 32 32 33 36 34 37 36 31 32 33 31 32 36 32 36 32 31 13 33 25 11 32 31 32 31 33 32 31 31 38 31 31 32 8 40 32 32 32 32 31
split_gain=299872 331019 473336 350044 216829 1.05045e+06 598016 347467 578333 375949 242612 743948 369421 293747 811036 847730 670376 592227 503267 427154 411341 224794 813613 494820 225165 216247 207423 198986 189020 180533 192717 136150 126313 123037 348064 112766 90170.9 43447.7 37832.7 29635.8 34316.3 22621.2 67277.7 98665.2 64766.5 161689 53237 55750.1 85277.2 52232.4 50037.8 44268.7 53685.6 71302.8 41234.3 40085.8 93184.9 91915.3 73414.1 124246 70198.8 74203.3
threshold=1.0000000180025095e-35 1.0000000180025095e-35 196.15000000000001 352.05000000000007 1.0000000180025095e-35 200.55000000000004 309.25000000000006 442.60000000000008 460.75000000000006 397.45000000000005 303.53750000000008 292.81666666666672 1.0000000180025095e-35 268.44166666666678 281.71250000000003 319.55000000000007 242.6166666666667 366.75000000000006 176.45000000000002 403.85000000000008 69.350000000000009 249.25000000000003 180.15000000000001 119.35000000000001 310.10000000000008 299.01666666666671 157.80000000000004 3.5000000000000004 332.91666666666669 300.55000000000007 274.25000000000006 142.95000000000002 457.95000000000005 207.75000000000003 216.95833333333334 101.25000000000001 364.85833333333341 427.95000000000005 184.85000000000005 1.0000000180025095e-35 495.00000000000006 1.0000000180025095e-35 1.0000000180025095e-35 356.95000000000005 79.15000000000002 309.95000000000005 453.05000000000007 232.30000000000004 71.300000000000026 312.35000000000008 86.450000000000017 1.0000000180025095e-35 182.85000000000005 345.15000000000003 106.65000000000002 1.0000000180025095e-35 4.5000000000000009 470.95000000000005 433.35000000000008 409.15000000000003 365.75000000000006 273.45000000000005
decision_type=2 2 2 2 2 2 2 2 2 2 2 2 2 2 2 2 2 2 2 2 2 2 2 2 2 2 2 2 2 2 2 2 2 2 2 2 2 2 2 2 2 2 2 2 2 2 2 2 2 2 2 2 2 2 2 2 2 2 2 2 2 2
left_child=39 4 -3 -4 7 -6 -7 9 -9 10 11 13 28 16 15 -15 21 19 -16 20 -18 24 23 -23 26 -11 27 33 31 -30 36 -12 37 35 -35 38 -31 -32 -2 40 41 -1 44 49 45 54 50 48 -48 -44 -46 55 -53 -54 -43 57 -57 58 59 60 -52 -62
right_child=1 2 3 -5 5 6 -8 8 -10 25 12 -13 -14 14 18 -17 17 -19 -20 -21 -22 22 -24 -25 -26 -27 -28 -29 29 30 32 -33 -34 34 -36 -37 -38 -39 -40 -41 -42 42 43 -45 46 -47 47 -49 -50 -51 51 52 53 -55 -56 56 -58 -59 -60 -61 61 -63
leaf_value=-0.064243527213932658 -0.32606486884816999 -2.2963707100261344 3.1793543184504789 11.27356394854459 10.238463504612447 -6.0290445699294413 3.3607949513655444 -9.8187489596280191 0.3199040667840447 8.7837997073218936 6.2869941445497375 -9.7010534930229184 -4.9674258084595202 1.3433571073744033 -6.8693474740982055 14.737898681277322 3.3407980374387791 -11.678154983520509 3.7718545770645147 -8.28019357408796 -4.8656261224013111 2.2706131906220408 -3.0459330608970241 11.493698193476751 -5.107496315524692 1.5191964721679687 4.6056589660644534 -4.9549200606346133 -3.0734306153796971 -2.7006237721815705 1.1321756798774005 1.5602056045532227 6.6708892643451696 5.4298489682814655 -2.7572806449163529 -2.9924325942993164 1.1061805844732695 3.9811992365380995 1.4970855994922359 -0.31062719780376158 -1.9740016854327658 -1.00876815364911 -1.4362747950553896 -3.7455608326655168 2.7669470703601839 -4.8275789306277321 -0.12084610916319348 -0.61845190525054938 3.8493421353791888 1.9462354750860307 0.52016382859824961 -2.682808252617165 1.7099172131220499 -1.798389214064394 1.8352192560434344 1.3343245749473573 -2.7989436229070028 3.6622284975918862 -1.8500975922175815 4.0296363552411405 -3.7115017504919146 0.54398090157657863
leaf_weight=9472 93 22 34 22 32 30 39 22 39 21 39 20 20 27 25 21 37 20 20 21 26 33 38 26 21 20 25 20 21 20 32 25 24 34 21 34 70 23 41 1165 23 26 25 26 20 21 21 20 38 21 478 27 30 28 25 25 30 22 35 24 21 20
leaf_count=9472 93 22 34 22 32 30 39 22 39 21 39 20 20 27 25 21 37 20 20 21 26 33 38 26 21 20 25 20 21 20 32 25 24 34 21 34 70 23 41 1165 23 26 25 26 20 21 21 20 38 21 478 27 30 28 25 25 30 22 35 24 21 20
internal_value=0.00492618 0.772278 3.9179 6.35922 0.545094 2.7508 -0.721744 0.317539 -3.33666 0.560356 0.341577 -0.21901 1.57528 0.106275 2.68247 7.20347 -0.382677 -3.94561 -2.13992 -2.10453 -0.0459802 0.577286 2.66001 6.33502 -0.12176 5.24009 0.268913 -0.177254 2.09045 1.29882 1.84212 4.44059 3.64429 0.251237 2.30385 -0.420751 0.260224 2.32359 0.231765 -0.0713938 -0.0447945 -0.0405504 0.187752 -1.28362 0.30404 -1.13509 0.427541 1.66289 2.43622 0.107915 0.29913 0.232432 -0.841097 0.016252 0.385343 0.371745 -0.920185 0.490172 0.369436 0.5125 0.349858 -1.63566
internal_weight=12801 1158 78 56 1080 101 69 979 61 918 877 603 274 583 93 48 490 104 45 84 63 386 97 59 289 41 268 243 254 190 169 64 79 223 55 168 90 55 134 11643 10478 10455 983 72 911 72 839 79 59 46 760 740 85 58 51 655 55 600 578 543 519 41
internal_count=12801 1158 78 56 1080 101 69 979 61 918 877 603 274 583 93 48 490 104 45 84 63 386 97 59 289 41 268 243 254 190 169 64 79 223 55 168 90 55 134 11643 10478 10455 983 72 911 72 839 79 59 46 760 740 85 58 51 655 55 600 578 543 519 41
is_linear=0
shrinkage=0.05


Tree=119
num_leaves=63
num_cat=0
split_feature=9 33 32 32 31 33 38 35 36 7 13 32 33 36 32 36 32 35 32 32 31 33 35 31 35 33 33 35 31 31 31 32 31 36 35 35 32 13 33 35 31 39 4 39 25 11 32 31 35 32 31 32 31 31 38 35 36 8 32 32 32 33
split_gain=270635 223899 206343 836332 1.17817e+06 270958 258672 370543 1.14766e+06 291878 527095 817225 800386 406365 681552 574582 1.11376e+06 743666 386221 855081 268506 257954 256573 304096 363198 220764 217323 158925 149187 146751 151136 88221.4 87302.2 55524.1 236194 42084.1 36425.2 26746.3 31113 24617.9 40885.4 43836.3 25772.4 44077.7 21041.4 61169.8 89045.3 81397.1 98909 131012 65380 134207 47139.7 45159.1 39952.5 59699 107456 36177.5 83921.6 81506.3 112132 78870.7
threshold=1.0000000180025095e-35 479.15000000000003 119.35000000000001 146.55000000000004 323.85000000000008 326.45000000000005 1.0000000180025095e-35 721.20000000000016 274.85833333333341 1.0000000180025095e-35 1.0000000180025095e-35 355.75000000000006 301.35000000000008 340.8250000000001 397.75000000000006 282.87083333333339 448.55000000000007 946.45000000000016 193.95000000000002 174.95000000000002 88.15000000000002 241.45000000000002 515.45000000000016 256.05000000000007 796.40000000000009 69.350000000000009 210.15000000000001 505.05000000000007 358.75000000000006 328.65000000000003 456.35000000000008 365.75000000000006 164.25000000000003 248.28750000000005 359.15000000000009 476.45000000000005 57.20000000000001 1.0000000180025095e-35 492.35000000000008 1437.45 449.65000000000003 1.0000000180025095e-35 1.0000000180025095e-35 1.0000000180025095e-35 1.0000000180025095e-35 1.0000000180025095e-35 356.95000000000005 453.05000000000007 983.85000000000002 71.300000000000026 79.15000000000002 309.95000000000005 312.35000000000008 86.450000000000017 1.0000000180025095e-35 1162.6500000000003 225.04166666666671 1.0000000180025095e-35 464.15000000000003 433.35000000000008 409.15000000000003 120.15000000000002
decision_type=2 2 2 2 2 2 2 2 2 2 2 2 2 2 2 2 2 2 2 2 2 2 2 2 2 2 2 2 2 2 2 2 2 2 2 2 2 2 2 2 2 2 2 2 2 2 2 2 2 2 2 2 2 2 2 2 2 2 2 2 2 2
left_child=37 2 5 4 -4 21 9 -8 -9 10 13 12 -12 14 18 16 -16 -17 19 -5 -20 27 32 24 -24 -25 -11 33 -27 -15 31 -31 -22 34 36 -35 -2 38 44 40 42 -42 -39 -44 -1 47 52 50 49 -49 51 -46 -47 -52 57 56 -56 58 59 60 -55 -59
right_child=1 -3 3 6 -6 -7 7 8 -10 26 11 -13 -14 29 15 17 -18 -19 20 -21 22 -23 23 25 -26 28 -28 -29 -30 30 -32 -33 -34 35 -36 -37 -38 39 -40 -41 41 -43 43 -45 45 46 -48 48 -50 -51 53 -53 -54 54 55 -57 -58 61 -60 -61 -62 -63
leaf_value=-0.060008292958182032 0.069132649885793027 -3.4583528411003854 1.0336954328748915 3.7781687076275166 15.001629734039307 -4.1076427033073024 4.0799720823764805 -12.277919169267019 1.7610445473645187 8.4704914006319907 -5.0742454456786312 12.884342592412777 8.4690818595886235 6.4618750116099477 -6.1248617508832153 -15.13891628015609 8.7450707149505629 -2.2549347718556723 6.2868413312094553 -8.5172579768203924 6.7833142416817811 5.4570597524228308 -7.8923997792330658 -1.4663782835006716 0.56566940665245058 0.99879097280831175 2.1627505090501571 -3.5548600936758108 5.9880021898977223 -1.958978604186665 5.0095753329140802 2.0196144085181387 2.1674837493896484 0.6820851223686567 -5.3731060147285463 3.0455549468164858 2.2074982464313506 -0.1636146680927415 -1.4172232941883367 1.0950429374171842 -0.62599865758791573 -2.8407387272004159 -0.34549815741912376 -3.0078221013600177 0.071924915552139285 -1.3644611368179322 -3.5582826951375375 -0.11480386200405301 -0.91443809219028638 4.9081303771804361 2.6285997271537784 -4.7743280696868897 1.8489236604599726 0.33236526302214503 0.76501952771629611 1.5142171916507541 -3.3649347914589778 -3.2833953743889221 3.3015911636352544 -2.1098421819508077 3.8281545042991638 0.61387114665087539
leaf_weight=9457 117 31 36 26 26 38 20 24 37 22 24 22 20 23 34 21 20 24 28 31 21 23 22 34 30 29 36 29 31 22 28 38 20 104 20 23 24 948 41 31 80 31 53 22 50 25 26 21 23 34 20 20 21 519 28 21 36 21 25 32 24 34
leaf_count=9457 117 31 36 26 26 38 20 24 37 22 24 22 20 23 34 21 20 24 28 31 21 23 22 34 30 29 36 29 31 22 28 38 20 104 20 23 24 948 41 31 80 31 53 22 50 25 26 21 23 34 20 20 21 519 28 21 36 21 25 32 24 34
internal_value=0.00467987 0.733664 0.848972 1.3296 6.89122 -0.103381 0.827677 -1.82607 -3.76248 1.18239 0.825395 5.01599 1.08181 0.251579 -0.542528 -4.09474 -0.617479 -8.26746 0.750374 -2.90882 1.72048 0.344154 1.03675 0.0552975 -3.01274 1.75251 4.55534 -0.0268138 3.57655 2.90576 1.97632 0.560797 4.53169 0.328441 -0.288159 1.11012 0.43311 -0.0678241 -0.0425548 -0.295096 -0.333098 -1.24453 -0.234204 -1.12645 -0.0371546 0.183383 -1.21944 0.29462 1.83889 2.99028 0.149496 -1.31272 0.102519 0.284174 0.220811 -0.799042 -1.55808 0.353158 0.465664 0.342362 0.486875 -0.874176
internal_weight=12801 1158 1127 749 62 378 687 81 61 606 548 66 44 482 371 99 54 45 272 57 215 340 187 146 52 94 58 317 60 111 88 60 41 288 161 127 141 11643 10478 1165 1134 111 1023 75 10437 980 72 908 78 55 830 70 46 760 740 85 64 655 600 575 543 55
internal_count=12801 1158 1127 749 62 378 687 81 61 606 548 66 44 482 371 99 54 45 272 57 215 340 187 146 52 94 58 317 60 111 88 60 41 288 161 127 141 11643 10478 1165 1134 111 1023 75 10437 980 72 908 78 55 830 70 46 760 740 85 64 655 600 575 543 55
is_linear=0
shrinkage=0.05


Tree=120
num_leaves=63
num_cat=0
split_feature=9 32 32 36 34 37 36 11 35 40 36 35 13 36 34 35 36 35 32 40 36 36 34 34 35 36 40 36 32 32 36 35 35 36 36 36 35 40 36 2 36 32 36 32 35 34 34 35 32 34 34 10 32 28 36 18 35 35 36 34 36 35
split_gain=87096.9 315867 689779 625017 341209 291142 290432 547294 445469 396207 573981 486267 442859 386662 484362 920121 502366 476541 445000 359053 634253 315315 265681 597438 392622 534709 433804 699932 237499 207452 160592 145026 110616 108929 91399.2 63612.5 167523 60966.9 31613.1 29266.6 53214.9 43522.3 52334.6 62588.2 54794.4 50783.4 70964.8 45194.3 89151.3 35276.5 33754.4 33417.9 34183 34481.3 42113.8 42019.6 55877.7 39765.1 34722.7 32453.3 26308.1 29406.8
threshold=1.0000000180025095e-35 119.35000000000001 86.450000000000017 211.74500000000003 81.350000000000009 2.5000000000000004 242.6166666666667 1.0000000180025095e-35 1129.3500000000001 1.5000000000000002 236.23333333333338 588.85000000000002 1.0000000180025095e-35 253.75833333333335 402.40000000000003 1352.45 261.0750000000001 583.75000000000011 324.55000000000007 5.5000000000000009 178.41250000000005 194.35000000000002 343.10000000000008 56.050000000000004 976.85000000000002 336.08750000000003 1.0000000180025095e-35 315.3250000000001 280.85000000000008 321.25000000000006 359.37500000000006 819.1500000000002 515.45000000000016 306.96250000000003 368.12500000000006 265.81666666666672 249.95000000000002 5.5000000000000009 91.737500000000011 1.0000000180025095e-35 345.92500000000007 219.95000000000002 229.83333333333337 392.55000000000007 546.85000000000002 437.40000000000003 74.750000000000014 899.20000000000016 450.50000000000006 471.55000000000007 483.50000000000006 1.0000000180025095e-35 204.65000000000001 1.0000000180025095e-35 167.12500000000003 1.0000000180025095e-35 856.40000000000009 1009.4000000000001 189.25416666666669 201.80000000000004 295.35833333333341 546.85000000000002
decision_type=2 2 2 2 2 2 2 2 2 2 2 2 2 2 2 2 2 2 2 2 2 2 2 2 2 2 2 2 2 2 2 2 2 2 2 2 2 2 2 2 2 2 2 2 2 2 2 2 2 2 2 2 2 2 2 2 2 2 2 2 2 2
left_child=39 2 4 -4 5 35 9 13 -9 11 12 -3 19 18 16 -16 -15 -18 -8 21 -21 32 23 24 26 -26 -19 31 -22 -25 -29 -28 -11 -31 -27 36 38 -32 -2 49 41 51 43 -43 -44 46 47 48 -46 -1 -51 52 53 54 -41 56 58 -58 -56 -48 61 -60
right_child=1 6 3 -5 -6 -7 7 8 -10 10 -12 -13 -14 14 15 -17 17 22 -20 20 28 -23 -24 29 25 34 27 30 -30 33 37 -33 -34 -35 -36 -37 -38 -39 -40 40 -42 42 44 -45 45 -47 59 -49 -50 50 -52 -53 -54 -55 55 -57 57 -59 60 -61 -62 -63
leaf_value=-0.084507179411969169 -1.6788880944252016 0.55811500549316406 -1.7746165196100874 -12.16700728043266 -5.3131548808171196 5.41770250879485 -8.2659024874369305 -8.8835000344685149 0.88674427986145021 4.6325919105893094 9.2920310211181647 9.688284612723761 -5.9597726821899419 8.9754464439723805 -11.581963100433351 3.4031375975835894 -4.6800399557749435 -4.2280070452854552 1.7005535875047959 -2.722527587890625 9.8541416366895049 -4.1415986156463624 7.2099609895185992 -7.1135507440567016 12.698589408993721 1.1269224137067795 9.4787931830794729 -3.0118937405672943 2.9212293534051805 -3.4860066127777105 2.6803730765410836 4.4276667404174805 -0.5631341457366944 1.7324399089813234 5.4905788989294146 1.0002556080264706 -4.8350505793094634 -0.51602744964452885 0.51026994301640294 -0.7088547072818141 0.88103150984755274 0.73741230115942336 2.2905167136192324 3.7625972884041925 0.33462724393986643 2.2813156843185425 -2.8349253194085486 1.3602804209975923 -3.2687449250902447 -2.2181846885304703 -0.16151924693868275 -1.850927514740915 -1.8340561882654827 -2.0628396579197474 1.691134389828552 -1.7178181799975309 3.6095927715301515 0.6362000226974488 0.14918405921148356 -0.8186407062225044 1.2886388038766796 -1.385319060721296
leaf_weight=10530 20 25 39 23 26 29 24 28 20 21 20 35 24 23 20 21 30 29 21 25 30 40 22 20 20 28 27 33 21 20 35 30 20 20 21 112 20 26 94 134 216 92 25 21 94 20 29 61 21 38 42 33 30 21 33 22 23 22 93 64 29 47
leaf_count=10530 20 25 39 23 26 29 24 28 20 21 20 35 24 23 20 21 30 29 21 25 30 40 22 20 20 28 27 33 21 20 35 30 20 20 21 112 20 26 94 134 216 92 25 21 94 20 29 61 21 38 42 33 30 21 33 22 23 22 93 64 29 47
internal_value=-0.0261416 0.390709 -0.827451 -5.62986 0.161749 0.679377 0.95835 0.273052 -4.81256 2.31844 1.25408 5.88405 0.365912 0.792435 1.25909 -3.90667 1.81065 1.35416 -3.61489 1.3329 3.80141 -0.983237 1.90107 1.52309 2.60232 5.8091 1.37305 2.44875 6.99941 -2.95571 -0.202087 6.82031 2.09809 -0.876783 2.99706 0.120794 -0.614279 1.31797 0.126207 -0.0666904 0.175212 0.00841023 0.376881 1.29961 0.0448147 -0.14945 -0.330176 0.260161 -0.32338 -0.0924539 -1.13844 -0.314664 -0.202997 -0.0875921 0.0153364 0.376086 0.562588 2.15593 0.207634 -1.44737 -0.0820435 -0.365971
internal_weight=12882 1142 363 62 301 275 779 518 48 261 201 60 181 470 425 41 384 361 45 157 76 81 331 309 249 69 180 151 51 60 94 57 41 40 49 246 134 61 114 11740 1130 914 427 113 314 289 269 176 115 10610 80 487 454 424 403 269 247 45 202 93 169 140
internal_count=12882 1142 363 62 301 275 779 518 48 261 201 60 181 470 425 41 384 361 45 157 76 81 331 309 249 69 180 151 51 60 94 57 41 40 49 246 134 61 114 11740 1130 914 427 113 314 289 269 176 115 10610 80 487 454 424 403 269 247 45 202 93 169 140
is_linear=0
shrinkage=0.05


Tree=121
num_leaves=63
num_cat=0
split_feature=9 12 33 34 33 40 33 34 11 36 33 33 34 34 36 34 40 36 36 36 33 36 33 33 33 33 36 36 36 36 36 36 36 37 36 33 36 36 36 40 2 36 10 34 36 34 34 33 23 12 36 7 36 34 34 33 29 40 40 36 36 37
split_gain=78605 242982 421754 384951 551916 343885 325027 419963 306898 860165 236461 247202 277969 327866 303606 488599 216190 269622 401130 201864 186615 834355 383379 306222 298941 140110 81639.8 203240 208469 225661 326206 394892 157294 156750 87863.7 65521.3 56185.9 54320.2 49665.9 49040.5 26413.1 48026.4 37628.6 68947.2 36586.1 31837 30463.3 29165.2 24961.6 27959.4 23921.8 20698.8 37632.3 22690.5 47881.2 33985.5 29874.5 24646.2 21084.8 25587 27784 21598.8
threshold=1.0000000180025095e-35 1.0000000180025095e-35 454.35000000000008 71.050000000000026 235.25000000000003 4.5000000000000009 423.25000000000006 406.00000000000006 1.0000000180025095e-35 231.85000000000005 397.45000000000005 376.35000000000008 111.85000000000001 209.45000000000002 231.85000000000005 333.35000000000008 1.0000000180025095e-35 237.37750000000003 359.37500000000006 185.05833333333337 235.25000000000003 265.81666666666672 294.05000000000007 138.35000000000005 93.600000000000009 187.55000000000004 151.65000000000001 203.00416666666669 247.31666666666669 267.12500000000006 290.52500000000003 334.51666666666671 137.26666666666671 1.5000000000000002 364.85833333333341 200.05000000000004 271.56250000000006 113.62500000000001 311.75833333333338 5.5000000000000009 1.0000000180025095e-35 345.92500000000007 1.0000000180025095e-35 193.25000000000003 122.83000000000003 471.55000000000007 483.50000000000006 455.7000000000001 1.0000000180025095e-35 1.0000000180025095e-35 228.51250000000002 1.0000000180025095e-35 267.12500000000006 157.80000000000004 287.05000000000007 153.85000000000005 1.0000000180025095e-35 2.5000000000000004 4.5000000000000009 208.12500000000003 274.85833333333341 2.5000000000000004
decision_type=2 2 2 2 2 2 2 2 2 2 2 2 2 2 2 2 2 2 2 2 2 2 2 2 2 2 2 2 2 2 2 2 2 2 2 2 2 2 2 2 2 2 2 2 2 2 2 2 2 2 2 2 2 2 2 2 2 2 2 2 2 2
left_child=40 2 6 4 -3 -4 7 8 10 -10 11 12 16 -14 -15 -16 17 19 36 -2 23 22 -22 24 26 -9 32 39 33 -30 -31 38 37 -29 -33 -25 -19 -18 -32 -28 45 42 44 -44 -42 -1 -47 -43 49 51 -35 53 -53 56 -55 -56 57 -46 59 -59 -61 -60
right_child=1 3 5 -5 -6 -7 -8 25 9 -11 -12 -13 13 14 15 -17 20 18 -20 -21 21 -23 -24 35 -26 -27 27 28 29 30 31 34 -34 50 -36 -37 -38 -39 -40 -41 41 47 43 -45 48 46 -48 -49 -50 -51 -52 52 -54 54 55 -57 -58 58 61 60 -62 -63
leaf_value=-0.080281819655215692 -1.1847901029246193 -3.8576959069569905 9.3212547858556114 -6.0360407068922717 6.4371508992236599 1.4553040655273382 -4.3193076665202774 -1.536092529296875 5.1490362882614136 -7.2741577876241585 6.2201568785167884 -4.2635495641957162 7.8209542318185177 -1.9380140853650643 -0.98520637512207032 10.066934041976928 -0.69076047800481322 -7.7668764877319338 2.2644870467807938 5.3001914955320819 3.7133313703536985 9.0478328977312366 -5.7520760168199958 -5.0884083872256074 6.7639505473050212 -7.4544984826445591 2.42112307882309 1.5173113652250985 5.0837678158984474 -4.1326854761441547 7.4970460760593411 -2.5055664520263674 -4.3495786232607712 -4.8858441943214057 0.78101099266098184 -1.3143166003019915 -4.3455615456899004 2.1900228607654575 4.090184427992158 5.4943693312229938 -1.017622296756773 0.64132712301366113 -2.163041065177139 1.0637883291244508 -0.31038140070681669 -2.1072754496806545 -0.153443215574537 2.5622819705442952 1.1380860679883225 -0.96839180724187335 -2.4992834272838778 2.7331949667497115 0.01061910072962443 -1.7582146740478017 -1.2858652309937912 1.1034908691178198 -1.0203144561953661 -0.08059726428985596 -0.015882002678397414 2.7696252760367801 0.62124646813781181 0.90639946212371203
leaf_weight=10530 28 30 24 37 23 33 36 20 22 38 21 23 30 33 20 20 36 20 23 21 20 35 23 23 22 20 25 22 34 30 20 25 21 21 109 23 30 30 23 27 67 194 49 25 98 38 42 22 65 55 21 22 30 46 22 46 41 25 154 34 27 108
leaf_count=10530 28 30 24 37 23 33 36 20 22 38 21 23 30 33 20 20 36 20 23 21 20 35 23 23 22 20 25 22 34 30 20 25 21 21 109 23 30 30 23 27 67 194 49 25 98 38 42 22 65 55 21 22 30 46 22 46 41 25 154 34 27 108
internal_value=-0.0248345 0.371174 0.584497 -2.12233 0.609879 4.76728 0.34488 0.519969 0.738261 -2.71899 0.979746 0.848423 0.992687 3.42047 1.61206 4.54086 0.641476 -1.27452 -3.20029 1.59449 1.03767 3.31594 -1.34956 0.690585 1.07477 -4.4953 0.792872 1.12757 0.634973 1.3086 0.68853 1.50568 -0.58055 -1.90167 0.167844 -3.20136 -5.71409 0.618686 5.67477 4.01685 -0.0633559 0.166452 0.00798972 -1.0729 0.103211 -0.0878312 -1.08151 0.83698 0.200359 0.114268 -3.69256 0.205457 1.16248 0.122653 -0.512336 0.330464 0.271296 0.390031 0.587274 1.26658 1.8187 0.364295
internal_weight=12882 1142 1052 90 53 57 995 959 919 60 859 838 815 103 73 40 712 122 73 49 590 78 43 512 466 40 444 357 305 241 207 177 87 64 134 46 50 66 43 52 11740 1130 914 74 840 10610 80 216 773 708 42 653 52 601 114 68 487 446 348 86 61 262
internal_count=12882 1142 1052 90 53 57 995 959 919 60 859 838 815 103 73 40 712 122 73 49 590 78 43 512 466 40 444 357 305 241 207 177 87 64 134 46 50 66 43 52 11740 1130 914 74 840 10610 80 216 773 708 42 653 52 601 114 68 487 446 348 86 61 262
is_linear=0
shrinkage=0.05


Tree=122
num_leaves=63
num_cat=0
split_feature=9 32 32 31 34 33 32 31 33 32 34 11 33 31 33 32 31 31 34 24 31 31 31 33 33 33 31 32 33 40 33 31 40 32 31 32 31 7 33 31 33 33 33 33 37 31 38 31 32 32 40 39 37 39 33 32 32 34 40 39 32 39
split_gain=70941 292400 620207 573398 302834 291307 262013 1.00951e+06 286708 523589 417399 309530 717441 530953 758965 446605 704606 416696 292070 269839 281035 223898 255215 213767 164863 560762 205058 159609 143095 107273 233148 125240 103662 98105.6 79033.6 62884.1 38480.8 25768 45955 75852.3 111936 46445.1 44702.8 40524.4 39421.5 32962.2 24742.9 40488.5 36112.6 42513.3 45194.8 64822.6 41126.3 33260.7 113994 28720.7 57464.9 29013.5 27707.6 40593.5 53015.1 27543.4
threshold=1.0000000180025095e-35 119.35000000000001 86.450000000000017 298.75000000000006 81.350000000000009 232.30000000000004 139.05000000000004 305.65000000000003 429.65000000000003 275.60000000000008 403.65000000000003 1.0000000180025095e-35 176.45000000000002 98.550000000000011 106.25000000000001 383.75000000000006 162.45000000000002 416.15000000000003 62.550000000000004 1.0000000180025095e-35 477.45000000000005 445.15000000000003 401.25000000000006 243.75000000000003 52.350000000000001 192.65000000000001 264.85000000000008 286.45000000000005 165.05000000000004 5.5000000000000009 72.450000000000017 256.05000000000007 4.5000000000000009 397.75000000000006 189.95000000000002 1.0000000180025095e-35 286.05000000000007 1.0000000180025095e-35 356.10000000000008 279.05000000000007 460.75000000000006 336.15000000000003 409.85000000000008 495.00000000000006 3.5000000000000004 417.75000000000006 1.0000000180025095e-35 428.65000000000003 53.150000000000013 438.45000000000005 3.5000000000000004 1.0000000180025095e-35 3.5000000000000004 1.0000000180025095e-35 170.30000000000004 68.15000000000002 80.65000000000002 416.00000000000006 2.5000000000000004 1.0000000180025095e-35 225.35000000000005 1.0000000180025095e-35
decision_type=2 2 2 2 2 2 2 2 2 2 2 2 2 2 2 2 2 2 2 2 2 2 2 2 2 2 2 2 2 2 2 2 2 2 2 2 2 2 2 2 2 2 2 2 2 2 2 2 2 2 2 2 2 2 2 2 2 2 2 2 2 2
left_child=37 2 4 -4 5 35 7 -3 10 -10 11 13 -13 14 -8 19 -17 24 -11 20 21 22 23 28 32 -26 -27 -25 29 30 34 -31 -18 -12 -15 -2 -36 43 41 40 44 -39 -41 45 -40 -1 48 -48 61 55 -51 -52 -53 -49 -55 -50 -57 58 59 -58 -61 -47
right_child=1 6 3 -5 -6 -7 8 -9 9 18 33 12 -14 15 -16 16 17 -19 -20 -21 -22 -23 -24 27 25 26 -28 -29 -30 31 -32 -33 -34 -35 36 -37 -38 38 39 42 -42 -43 -44 -45 -46 46 47 53 49 50 51 52 -54 54 -56 56 57 -59 -60 60 -62 -63
leaf_value=-0.036800809139765023 0.42067093647885745 -1.4007338809967043 -1.2868357360363007 -11.031254885746883 -5.0392838239669802 6.416995067596436 -11.125413476853144 13.101503868103027 9.3185561326833888 4.4588515998125073 -7.1067857933044438 2.6705528604132791 -8.7525362367983224 3.6508662147521975 0.77561402965236359 10.709740947854931 5.6912352657318124 7.147489495575428 -3.1102056457446174 5.4498430786132817 -5.6828323781490333 4.7808157920837404 -4.4239469100689064 0.14767157700326708 -7.6555724734351749 6.0142810440063483 -0.84082601070404062 -5.0527891616821288 5.4404935598373418 0.32168744468688965 -4.3065100371837621 5.326480562210083 0.71755469495599922 -2.154373106956482 -1.4910898685455323 -2.1312151167127822 1.3403114128112794 0.097481236930023751 -0.53324691106875732 0.2694736150594858 -3.1038418666176177 -1.9352633706454574 2.7645076912024926 -1.9505420841019729 2.1134582641808426 -0.25979912315480985 -1.1813402280515555 0.070708340871624836 -2.2867975792448436 -1.1519697942052569 -0.64747158776630054 0.78788392083211389 3.8813332830156599 4.2920591950416567 -0.15083108118602209 1.6525495681625146 -0.51490947290832656 -2.450511471430461 -0.48861810555485929 -3.6432996191084386 -0.92770862695647449 0.43911643081241181
leaf_weight=8639 228 30 36 26 26 20 21 20 26 25 20 28 27 25 37 29 20 32 26 25 20 27 29 36 21 20 24 25 20 25 24 25 22 20 20 27 30 906 24 26 23 29 58 29 34 650 49 205 28 35 33 22 21 22 42 26 86 24 476 32 41 180
leaf_count=8639 228 30 36 26 26 20 21 20 26 25 20 28 27 25 37 29 20 32 26 25 20 27 29 36 21 20 24 25 20 25 24 25 22 20 20 27 30 906 24 26 23 29 58 29 34 650 49 205 28 35 33 22 21 22 42 26 86 24 476 32 41 180
internal_value=-0.0235928 0.352615 -0.819422 -5.37321 0.118567 0.606218 0.898763 4.40016 0.658613 3.54401 0.317853 0.64128 -2.93715 0.994625 -3.53338 1.52093 3.62055 2.14151 0.600117 0.455258 0.0472039 0.447906 -0.00378757 0.553537 0.64439 -0.93325 2.27513 -1.98366 1.46933 0.93629 -0.0171418 2.82408 3.08597 -4.63058 1.35546 0.150471 0.207751 -0.0601881 0.170195 0.939509 -0.152206 0.0344335 1.99224 -0.0840059 1.01827 -0.0789046 -0.263354 0.140566 -0.341013 -0.575493 0.334738 1.01941 2.29864 0.381359 1.37641 -0.717198 -0.65304 -0.744004 -0.679506 -1.25097 -2.1181 -0.108227
internal_weight=12882 1142 363 62 301 275 779 50 729 77 652 612 55 557 58 499 168 139 51 331 306 286 259 230 107 65 44 61 169 149 99 50 42 40 75 255 50 11740 1100 165 81 935 84 10640 58 10611 1972 318 1654 824 111 76 43 269 64 713 685 659 635 159 73 830
internal_count=12882 1142 363 62 301 275 779 50 729 77 652 612 55 557 58 499 168 139 51 331 306 286 259 230 107 65 44 61 169 149 99 50 42 40 75 255 50 11740 1100 165 81 935 84 10640 58 10611 1972 318 1654 824 111 76 43 269 64 713 685 659 635 159 73 830
is_linear=0
shrinkage=0.05


Tree=123
num_leaves=63
num_cat=0
split_feature=9 32 33 33 35 36 36 11 31 35 29 36 31 33 37 33 32 36 31 36 31 36 33 36 36 32 33 31 31 36 33 35 32 31 32 36 35 36 31 36 36 36 32 2 36 7 33 33 35 35 32 21 33 35 35 36 33 35 37 32 35 35
split_gain=64024.3 263891 566055 334537 615958 277270 471477 441034 653864 384380 356479 353622 339888 339426 348910 291112 418650 276313 388363 275156 271932 267653 255662 243973 433254 340655 442191 450227 398280 238519 211689 202853 362317 168805 121146 74663.8 309728 50127.9 40524.3 30524.4 48467.4 42266.1 45222.3 23561.8 43236.6 38017.9 37847.3 51104.2 52846.6 85713.5 71833.7 35995.8 35265.1 37068.8 29669.7 24892.5 41223.1 25966.1 23335.6 57714 24610.7 52901.4
threshold=1.0000000180025095e-35 119.35000000000001 376.35000000000008 252.75000000000003 574.1500000000002 242.6166666666667 247.31666666666669 1.0000000180025095e-35 98.550000000000011 1129.3500000000001 1.0000000180025095e-35 198.32500000000005 148.75000000000003 67.550000000000011 2.5000000000000004 467.05000000000007 180.15000000000001 215.85833333333338 204.45000000000002 225.04166666666671 223.55000000000004 164.22000000000003 310.10000000000008 261.0750000000001 270.65833333333336 322.65000000000003 235.25000000000003 431.55000000000007 457.95000000000005 303.53750000000008 93.600000000000009 1241.4000000000003 452.15000000000003 252.55000000000004 416.25000000000006 265.81666666666672 373.25000000000006 303.53750000000008 388.75000000000006 171.15833333333333 224.02500000000003 140.81666666666669 61.150000000000013 1.0000000180025095e-35 164.22000000000003 1.0000000180025095e-35 100.95000000000002 118.95000000000002 849.65000000000009 790.95000000000016 183.65000000000001 1.0000000180025095e-35 349.35000000000008 1018.5500000000001 1067.0500000000002 304.74166666666673 372.95000000000005 992.6500000000002 2.5000000000000004 358.65000000000003 546.85000000000002 505.05000000000007
decision_type=2 2 2 2 2 2 2 2 2 2 2 2 2 2 2 2 2 2 2 2 2 2 2 2 2 2 2 2 2 2 2 2 2 2 2 2 2 2 2 2 2 2 2 2 2 2 2 2 2 2 2 2 2 2 2 2 2 2 2 2 2 2
left_child=43 2 3 4 35 11 -7 8 -8 -9 12 13 -10 14 -3 16 -14 18 -13 20 -19 -15 -12 -18 -25 26 27 -26 31 -28 -21 32 33 -27 38 36 39 -37 -35 41 -41 42 -2 -1 -45 46 58 -48 49 50 -49 55 53 -53 -47 56 -50 -57 60 -60 61 -46
right_child=1 5 -4 -5 -6 6 7 9 10 -11 22 17 15 21 -16 -17 23 19 -20 30 -22 -23 -24 24 25 28 29 -29 -30 -31 -32 -33 -34 34 -36 37 -38 -39 -40 40 -42 -43 -44 44 45 54 47 48 51 -51 -52 52 -54 -55 -56 57 -58 -59 59 -61 -62 -63
leaf_value=-0.080295199744573886 -0.45711241272779612 -0.11121947259613962 -7.2399636445506932 5.6424077407173492 -7.9731347946020286 -7.3429915666580206 -7.4401509718461476 -8.0143784355234224 6.9489177211638422 1.1310138988494873 -5.8564160806161389 12.183921766281129 8.0690644798278814 1.4631919494042032 8.2581539392471317 -4.2215786502474826 6.2828483788863476 -4.8390454110645109 3.4031768735717325 1.4912061157226564 3.1154620311476968 -5.1943490319781835 1.1606110420227052 -6.1648016309738161 -0.012249683450769495 6.4812881565093994 -1.0257786655426027 -9.7737090610322497 8.6143851402997971 6.6962532424926771 8.0653804098566368 5.6840534916630503 -4.0846188817705427 1.1504129776587853 4.3265415169975974 3.3355351138114928 -5.8575137098630279 0.57627457929875259 -1.8027025427137102 2.6031319215122997 -0.47037235135617461 -2.1840866912495005 2.340553250312805 -0.60724532428798794 0.43908113712386698 2.0499343473537297 -2.5497440814971926 -1.1877513482215558 0.036455729141317568 -2.9147247101809528 1.976659408520008 1.5073040274779004 2.1334354745017161 -0.99961777766203053 -0.052770817756652835 1.6238061249256135 -2.3286678561457879 -0.074059346200604198 0.094553751104018272 3.259214103698731 -0.19911926364771618 3.0495228914987473
leaf_weight=10610 52 33 31 23 26 20 22 27 31 20 27 20 25 26 20 21 23 21 34 25 22 36 25 20 27 20 20 21 25 20 24 27 28 26 22 20 24 93 21 29 23 22 20 158 256 51 21 47 58 37 29 30 45 29 25 32 27 76 34 25 129 21
leaf_count=10610 52 33 31 23 26 20 22 27 31 20 27 20 25 26 20 21 23 21 34 25 22 36 25 20 27 20 20 21 25 20 24 27 28 26 22 20 24 93 21 29 23 22 20 158 256 51 21 47 58 37 29 30 45 29 25 32 27 76 34 25 129 21
internal_value=-0.0224131 0.334984 -0.77845 -0.175116 -0.608136 0.853825 0.184237 0.486535 0.966879 -4.12272 1.39801 2.18274 1.9333 0.109037 3.04703 1.48392 1.85259 3.81614 6.6553 2.14967 -0.769297 -2.40248 -2.48285 1.33455 0.923676 1.47531 -1.04738 -4.28289 2.7889 2.83524 4.71121 1.77753 0.87602 2.43667 1.26432 0.068507 -0.593628 1.06464 -0.169064 0.271668 1.2437 -0.26605 0.320017 -0.0571787 0.159871 0.284567 0.193495 -0.144042 -0.0208232 -0.941115 0.0197212 0.329322 1.07918 0.275088 1.35826 -0.0747477 -0.714819 0.429012 0.506352 1.43551 0.371326 0.636985
internal_weight=12882 1142 363 332 309 779 518 498 451 47 429 261 377 115 53 346 325 146 54 92 43 62 52 300 277 257 88 48 169 40 49 144 117 89 69 283 170 113 47 146 52 94 72 11740 1130 972 896 431 410 113 76 297 104 59 76 193 85 108 465 59 406 277
internal_count=12882 1142 363 332 309 779 518 498 451 47 429 261 377 115 53 346 325 146 54 92 43 62 52 300 277 257 88 48 169 40 49 144 117 89 69 283 170 113 47 146 52 94 72 11740 1130 972 896 431 410 113 76 297 104 59 76 193 85 108 465 59 406 277
is_linear=0
shrinkage=0.05


end of trees

feature_importances:
raw_weight_mean=1258
raw_weight_2=1212
raw_weight_1=1083
raw_weight_total=824
raw_weight_3=766
raw_weight_4=404
cooking_method_enc=273
ing_pork=206
ing_beef=182
ing_chicken=180
has_meat=157
ing_shrimp=144
n_ingredients=127
ing_pepper=118
ing_egg=96
ing_fish=77
ing_potato=68
has_fruit=63
ing_ginger=61
ing_carrot=51
ing_tomato=49
ing_cauliflower=48
ing_garlic=48
ing_tofu=46
ing_cucumber=39
ing_cabbage=34
ing_onion=29
ing_eggplant=28
ing_pineapple=14
ing_apple=2
ing_orange=1

parameters:
[boosting: gbdt]
[objective: regression]
[metric: rmse]
[tree_learner: serial]
[device_type: cpu]
[data_sample_strategy: bagging]
[data: ]
[valid: ]
[num_iterations: 1000]
[learning_rate: 0.05]
[num_leaves: 63]
[num_threads: 0]
[seed: 42]
[deterministic: 0]
[force_col_wise: 0]
[force_row_wise: 0]
[histogram_pool_size: -1]
[max_depth: -1]
[min_data_in_leaf: 20]
[min_sum_hessian_in_leaf: 0.001]
[bagging_fraction: 0.8]
[pos_bagging_fraction: 1]
[neg_bagging_fraction: 1]
[bagging_freq: 5]
[bagging_seed: 400]
[bagging_by_query: 0]
[feature_fraction: 0.8]
[feature_fraction_bynode: 1]
[feature_fraction_seed: 30056]
[extra_trees: 0]
[extra_seed: 12879]
[early_stopping_round: 0]
[early_stopping_min_delta: 0]
[first_metric_only: 0]
[max_delta_step: 0]
[lambda_l1: 0]
[lambda_l2: 0]
[linear_lambda: 0]
[min_gain_to_split: 0]
[drop_rate: 0.1]
[max_drop: 50]
[skip_drop: 0.5]
[xgboost_dart_mode: 0]
[uniform_drop: 0]
[drop_seed: 17869]
[top_rate: 0.2]
[other_rate: 0.1]
[min_data_per_group: 100]
[max_cat_threshold: 32]
[cat_l2: 10]
[cat_smooth: 10]
[max_cat_to_onehot: 4]
[top_k: 20]
[monotone_constraints: ]
[monotone_constraints_method: basic]
[monotone_penalty: 0]
[feature_contri: ]
[forcedsplits_filename: ]
[refit_decay_rate: 0.9]
[cegb_tradeoff: 1]
[cegb_penalty_split: 0]
[cegb_penalty_feature_lazy: ]
[cegb_penalty_feature_coupled: ]
[path_smooth: 0]
[interaction_constraints: ]
[verbosity: -1]
[saved_feature_importance_type: 0]
[use_quantized_grad: 0]
[num_grad_quant_bins: 4]
[quant_train_renew_leaf: 0]
[stochastic_rounding: 1]
[linear_tree: 0]
[max_bin: 255]
[max_bin_by_feature: ]
[min_data_in_bin: 3]
[bin_construct_sample_cnt: 200000]
[data_random_seed: 175]
[is_enable_sparse: 1]
[enable_bundle: 1]
[use_missing: 1]
[zero_as_missing: 0]
[feature_pre_filter: 1]
[pre_partition: 0]
[two_round: 0]
[header: 0]
[label_column: ]
[weight_column: ]
[group_column: ]
[ignore_column: ]
[categorical_feature: ]
[forcedbins_filename: ]
[precise_float_parser: 0]
[parser_config_file: ]
[objective_seed: 16083]
[num_class: 1]
[is_unbalance: 0]
[scale_pos_weight: 1]
[sigmoid: 1]
[boost_from_average: 1]
[reg_sqrt: 0]
[alpha: 0.9]
[fair_c: 1]
[poisson_max_delta_step: 0.7]
[tweedie_variance_power: 1.5]
[lambdarank_truncation_level: 30]
[lambdarank_norm: 1]
[label_gain: ]
[lambdarank_position_bias_regularization: 0]
[eval_at: ]
[multi_error_top_k: 1]
[auc_mu_weights: ]
[num_machines: 1]
[local_listen_port: 12400]
[time_out: 120]
[machine_list_filename: ]
[machines: ]
[gpu_platform_id: -1]
[gpu_device_id: -1]
[gpu_use_dp: 0]
[num_gpu: 1]

end of parameters

pandas_categorical:[]
