tree
version=v4
num_class=1
num_tree_per_iteration=1
label_index=0
max_feature_idx=40
objective=regression
feature_names=ing_apple ing_banana ing_beef ing_bell_pepper ing_cabbage ing_carrot ing_cauliflower ing_chicken ing_cucumber ing_egg ing_eggplant ing_fish ing_garlic ing_ginger ing_grape ing_kiwi ing_kumquat ing_lemon ing_onion ing_orange ing_peach ing_pepper ing_pineapple ing_pork ing_potato ing_shrimp ing_small_pepper ing_strawberry ing_tofu ing_tomato ing_watermelon raw_weight_1 raw_weight_2 raw_weight_3 raw_weight_4 raw_weight_total raw_weight_mean n_ingredients has_fruit has_meat cooking_method_enc
feature_infos=[0:1] [0:1] [0:1] none [0:1] [0:1] [0:1] [0:1] [0:1] [0:1] [0:1] [0:1] [0:1] [0:1] [0:1] [0:1] [0:1] [0:1] [0:1] [0:1] [0:1] [0:1] [0:1] [0:1] [0:1] [0:1] none [0:1] [0:1] [0:1] [0:1] [50:500] [0:500] [0:500] [0:499.89999999999998] [50.100000000000001:1824.5999999999999] [25.050000000000001:499.89999999999998] [1:6] [0:1] [0:1] [0:6]
tree_sizes=5423 5427 5429 5444 5470 5469 5465 5452 5421 5537 5474 5411 5417 5461 5431 5421 5424 5423 5472 5446 5497 5504 5479 5478 5485 5430 5526 5410 5457 5443 5531 5398 5452 5443 5424 5476 5482 5459 5447 5500 5454 5489 5493 5565 5425 5399 5507 5519 5490 5420 5539 5385 5372 5387 5376 5486 5420 5362 5404 5426 5420 5385 5452 5429 5402 5389 5404 5368 5408 5392 5491 5478 5392 5389 5401 5422 5449 5485 5424 5420 5381 5435 5394 5409 5369 5425 5430 5430 5455 5407 5422 5415 5428 5450 5416 5451 5400 5448 5464 5458 5468 5443 5454 5468 5468 5449 5410 5440 5413 5367 5448 5406 5378 5389 5420 5432 5498 5434 5451 5426 5442 5405 5433 5454 5456 5435 5431 5492 5444 5404 5426 5472 5407 5438 5455 5428 5400 5420 5406 5413 5421 5430 5480 5436 5452 5438 5420 5408 5475 5437 5410 5420 5442 5384 5441 5444 5469 5443 5436 5453 5430 5449 5413 5428 5431 5436 5381 5441 5361 5453 5470 5460 5437 5481

Tree=0
num_leaves=63
num_cat=0
split_feature=28 35 36 35 35 36 17 35 9 35 9 17 9 4 4 35 4 17 35 35 12 12 36 35 32 35 25 9 35 5 35 5 25 35 4 12 31 12 35 25 35 36 13 5 21 12 36 35 35 9 31 32 13 13 31 21 4 19 35 35 36 25
split_gain=1.92673e+08 5.53106e+07 2.04117e+07 9.07092e+06 7.0849e+06 5.14705e+06 4.35822e+06 3.49094e+06 3.45681e+06 2.81903e+06 2.43695e+06 2.51415e+06 2.4167e+06 1.96705e+06 1.77271e+06 1.70048e+06 1.18951e+06 1.18269e+06 1.03304e+06 865406 833971 830976 706601 675034 537090 628723 522401 503938 499410 497205 479084 473040 471969 469859 385170 378719 372265 371884 333114 313754 279108 267665 263251 240640 237821 220880 206692 205877 194554 187565 183156 181086 170752 167807 158247 146526 146483 142764 141807 140449 193866 136597
threshold=1.0000000180025095e-35 639.80000000000007 208.12500000000003 969.95000000000016 344.05000000000001 312.83333333333337 1.0000000180025095e-35 392.65000000000003 1.0000000180025095e-35 856.40000000000009 1.0000000180025095e-35 1.0000000180025095e-35 1.0000000180025095e-35 1.0000000180025095e-35 1.0000000180025095e-35 407.85000000000008 1.0000000180025095e-35 1.0000000180025095e-35 198.20000000000002 1327.2000000000003 1.0000000180025095e-35 1.0000000180025095e-35 142.7166666666667 1152.0500000000002 470.95000000000005 1377.7500000000002 1.0000000180025095e-35 1.0000000180025095e-35 452.25000000000006 1.0000000180025095e-35 1377.7500000000002 1.0000000180025095e-35 1.0000000180025095e-35 813.45000000000016 1.0000000180025095e-35 1.0000000180025095e-35 340.05000000000007 1.0000000180025095e-35 490.15000000000009 1.0000000180025095e-35 1291.7500000000002 272.71250000000003 1.0000000180025095e-35 1.0000000180025095e-35 1.0000000180025095e-35 1.0000000180025095e-35 265.81666666666672 1186.7000000000003 801.70000000000016 1.0000000180025095e-35 86.450000000000017 184.85000000000005 1.0000000180025095e-35 1.0000000180025095e-35 230.75000000000003 1.0000000180025095e-35 1.0000000180025095e-35 1.0000000180025095e-35 129.15000000000001 1026.7 384.55000000000007 1.0000000180025095e-35
decision_type=2 2 2 2 2 2 2 2 2 2 2 2 2 2 2 2 2 2 2 2 2 2 2 2 2 2 2 2 2 2 2 2 2 2 2 2 2 2 2 2 2 2 2 2 2 2 2 2 2 2 2 2 2 2 2 2 2 2 2 2 2 2
left_child=1 4 7 10 18 9 8 22 16 28 11 14 13 17 20 -7 19 21 58 35 29 26 -2 49 25 36 31 34 -4 32 56 38 42 50 45 39 -17 61 52 43 -18 -14 57 53 -25 -20 -12 -8 -16 55 -9 -52 -6 -5 -15 -11 -10 -3 -1 60 -38 -21
right_child=2 3 5 6 12 15 47 33 30 23 46 -13 41 54 48 24 40 -19 27 37 -22 -23 -24 44 -26 -27 -28 -29 -30 -31 -32 -33 -34 -35 -36 -37 59 -39 -40 -41 -42 -43 -44 -45 -46 -47 -48 -49 -50 -51 51 -53 -54 -55 -56 -57 -58 -59 -60 -61 -62 -63
leaf_value=164.70907795237397 172.5362995030215 169.91334727602202 185.09414230971535 172.70822670225408 167.15604374958042 192.51447553761875 186.40187554714083 180.46985047335426 180.8333850867962 192.63595177292115 175.8658456689009 182.15447553541799 172.35273721427879 171.20506989559712 174.5117177014414 195.54169762616357 178.67693881252552 177.75091664225738 166.34729287297426 176.54783838962217 174.15782607808958 171.12278756441569 179.16554474623666 196.94805637908078 206.61431284125808 206.9983543168189 170.27218686455717 170.19297531504461 189.87845058056712 173.29608936141196 186.95860063557822 170.03855865806341 172.93252720443425 191.1643816821277 169.44441594942393 176.93271895075839 197.26343475262425 182.39314989192889 168.60048900552309 176.49506557177537 183.24511843050519 175.46761198499135 172.17816762787086 175.92815212478692 202.88507018626945 168.67194315711154 178.52238162904976 191.21447547599672 177.03145432881229 198.5354755088363 183.57615740116347 187.61235050583878 168.90929882335018 175.0527434640247 173.58126478899464 195.92457551261782 184.29263772084502 173.08142126179425 165.64155818265999 202.70592208004422 201.38878435382946 180.02576133415101
leaf_weight=823 91 914 75 358 1504 65 50 24 177 105 135 65 168 111 165 45 164 34 1634 146 268 253 72 31 43 33 260 108 200 228 48 240 212 32 118 156 49 43 729 122 42 117 169 99 37 109 160 40 143 23 66 48 153 97 190 50 37 37 808 56 68 35
leaf_count=823 91 914 75 358 1504 65 50 24 177 105 135 65 168 111 165 45 164 34 1634 146 268 253 72 31 43 33 260 108 200 228 48 240 212 32 118 156 49 43 729 122 42 117 169 99 37 109 160 40 143 23 66 48 153 97 190 50 37 37 808 56 68 35
internal_value=172.286 170.282 191.237 174.928 167.687 195.226 177.849 180.693 177.218 192.052 173.039 172.467 169.205 168.842 172.172 199.833 176.133 168.476 166.102 175.455 171.581 168.375 175.465 195.941 201.451 200.567 168.134 166.873 188.574 171.139 182.444 167.923 170.769 185.706 166.68 174.712 199.593 178.213 167.71 174.2 179.608 173.631 170.36 173.694 200.178 166.493 177.307 188.541 175.682 194.322 184.44 185.276 167.318 173.208 172.705 193.697 181.431 170.037 165.171 200.647 199.661 177.22
internal_weight=12682 11469 1213 4110 7359 880 1614 333 1524 521 2496 2201 3759 3474 2136 359 1262 3173 3600 1056 1828 3139 163 246 294 251 2886 1969 275 1560 262 2626 1332 170 1861 832 218 224 2386 676 206 285 1120 554 68 1743 295 90 308 178 138 114 1657 455 301 155 214 951 1631 173 117 181
internal_count=12682 11469 1213 4110 7359 880 1614 333 1524 521 2496 2201 3759 3474 2136 359 1262 3173 3600 1056 1828 3139 163 246 294 251 2886 1969 275 1560 262 2626 1332 170 1861 832 218 224 2386 676 206 285 1120 554 68 1743 295 90 308 178 138 114 1657 455 301 155 214 951 1631 173 117 181
is_linear=0
shrinkage=1


Tree=1
num_leaves=63
num_cat=0
split_feature=28 35 35 35 35 35 17 9 31 31 9 17 9 4 4 35 4 17 35 33 35 34 35 33 12 12 32 35 32 35 25 12 9 5 35 5 25 31 34 5 4 33 35 25 35 33 13 35 31 32 32 35 34 31 12 35 13 32 35 39 32 31
split_gain=1.73887e+08 4.99178e+07 1.40293e+07 8.1865e+06 6.39412e+06 5.5064e+06 3.93329e+06 3.11977e+06 2.89835e+06 2.83563e+06 2.19935e+06 2.26902e+06 2.18108e+06 1.77526e+06 1.59987e+06 1.44409e+06 1.07353e+06 1.06738e+06 932321 911681 908965 808553 799846 763385 752659 749955 709129 628516 485804 494494 471467 461744 454804 448728 432373 426919 425952 378164 349654 348890 347615 328523 302929 252235 251895 245198 237584 233627 223423 211366 272910 292907 208824 346151 199344 187936 184962 177488 175585 172291 165811 158482
threshold=1.0000000180025095e-35 639.80000000000007 350.55000000000007 969.95000000000016 344.05000000000001 1026.7 1.0000000180025095e-35 1.0000000180025095e-35 373.85000000000008 200.55000000000004 1.0000000180025095e-35 1.0000000180025095e-35 1.0000000180025095e-35 1.0000000180025095e-35 1.0000000180025095e-35 648.85000000000002 1.0000000180025095e-35 1.0000000180025095e-35 198.20000000000002 54.250000000000007 1257.3500000000001 60.000000000000007 1474.1500000000003 54.250000000000007 1.0000000180025095e-35 1.0000000180025095e-35 369.45000000000005 831.35000000000025 1.0000000180025095e-35 623.70000000000005 1.0000000180025095e-35 1.0000000180025095e-35 1.0000000180025095e-35 1.0000000180025095e-35 1377.7500000000002 1.0000000180025095e-35 1.0000000180025095e-35 287.55000000000007 237.80000000000004 1.0000000180025095e-35 1.0000000180025095e-35 62.850000000000001 458.45000000000005 1.0000000180025095e-35 1291.7500000000002 357.90000000000003 1.0000000180025095e-35 117.95000000000002 379.65000000000003 383.75000000000006 69.750000000000014 562.75000000000011 436.30000000000001 363.75000000000006 1.0000000180025095e-35 1067.0500000000002 1.0000000180025095e-35 438.45000000000005 801.70000000000016 1.0000000180025095e-35 382.00000000000006 446.75000000000006
decision_type=2 2 2 2 2 2 2 2 2 2 2 2 2 2 2 2 2 2 2 2 2 2 2 2 2 2 2 2 2 2 2 2 2 2 2 2 2 2 2 2 2 2 2 2 2 2 2 2 2 2 2 2 2 2 2 2 2 2 2 2 2 2
left_child=1 4 9 10 18 8 7 16 15 47 11 14 13 17 24 19 22 25 -1 49 21 -7 31 57 33 30 28 -25 61 -30 35 39 40 36 -9 42 46 -11 -23 43 54 -31 59 56 -18 -29 -3 -2 -14 50 -4 -52 53 -22 -20 -8 -5 -17 -16 -6 -40 -10
right_child=2 3 5 6 12 20 55 34 26 37 -12 -13 48 -15 58 23 44 -19 32 -21 52 38 -24 27 -26 -27 -28 45 29 41 -32 -33 -34 -35 -36 -37 -38 -39 60 -41 -42 -43 -44 -45 -46 -47 -48 -49 -50 -51 51 -53 -54 -55 -56 -57 -58 -59 -60 -61 -62 -63
leaf_value=-6.7229966410239888 -1.5584816826714409 -2.100699896093646 19.75213685469194 0.65234072202749283 -4.4467053575671356 29.22432674407959 11.893559908866884 8.7244306647610443 23.690516029916161 10.189803647994996 4.8058693743989629 9.41127615231734 0.48536575671762083 0.43426857152056453 2.1506564647433435 21.77302333831787 6.1076163800024403 5.2278954502414257 -5.6055469646010287 8.788419571717581 24.443107938766481 18.353359992329668 7.5824175769693403 14.693669742168765 1.8144594400627678 -1.0688271340880939 30.063609363186742 18.254980413881068 15.466188357426569 26.17959835168087 -1.8768977718599715 4.8982071225623507 -1.9521487756045879 0.99580958132354314 13.975195360183717 -2.0988446052869163 0.65042556810350916 16.289283466339111 22.628756828308106 4.3082342317659563 -2.6632800764956719 19.949943607136355 -3.7172055999407201 3.7196518799014715 10.447387041364399 22.915790342248005 -0.066216105601844003 3.2074145841598511 3.6783688016839933 19.607661159221944 12.196394552667456 18.278055103008565 35.159315490722655 31.680870228893355 -3.3971292933192823 16.934590387344361 2.9667477036698151 28.434248466491699 4.5444063044928171 -5.705371519788426 28.015485649108889 28.951014709472659
leaf_weight=1631 36 951 22 415 858 60 26 214 41 54 295 65 211 301 165 20 164 34 1634 75 24 41 89 101 268 253 31 73 39 33 260 182 108 228 48 240 212 48 50 146 118 59 1130 115 42 46 169 90 74 26 83 26 20 53 109 64 109 20 143 398 20 22
leaf_count=1631 36 951 22 415 858 60 26 214 41 54 295 65 211 301 165 20 164 34 1634 75 24 41 89 101 268 253 31 73 39 33 260 182 108 228 48 240 212 48 50 146 118 59 1130 115 42 46 169 90 74 26 83 26 20 53 109 64 109 20 143 398 20 22
internal_value=0.036348 -1.8677 18.0393 2.54621 -4.33287 20.6263 5.32125 4.72142 18.3407 6.86271 0.751773 0.208403 -2.89053 -3.2355 -0.0716469 16.191 3.69066 -3.58362 -5.8389 13.3233 26.7411 24.5479 3.04656 18.7498 -0.63334 -3.67906 23.0416 17.5945 21.9195 20.1844 -3.90789 2.62909 -5.10658 -1.05386 9.6864 -4.10898 -1.4047 13.0601 22.0201 2.10301 -5.28964 22.1845 -4.31117 1.59915 6.99242 20.0566 -1.79371 1.84573 1.31443 15.4897 14.6723 13.6471 30.6073 29.4249 -5.46744 15.4783 1.13377 25.1036 3.26204 -4.84555 24.1678 25.5275
internal_weight=12682 11469 1213 4110 7359 985 1614 1524 717 228 2496 2201 3759 3474 2136 492 1262 3173 3600 232 268 171 1056 260 1828 3139 225 220 194 131 2886 967 1969 1560 262 2626 1332 102 111 785 1861 92 2386 639 206 119 1120 126 285 157 131 109 97 77 1743 90 524 40 308 1256 70 63
internal_count=12682 11469 1213 4110 7359 985 1614 1524 717 228 2496 2201 3759 3474 2136 492 1262 3173 3600 232 268 171 1056 260 1828 3139 225 220 194 131 2886 967 1969 1560 262 2626 1332 102 111 785 1861 92 2386 639 206 119 1120 126 285 157 131 109 97 77 1743 90 524 40 308 1256 70 63
is_linear=0
shrinkage=0.05


Tree=2
num_leaves=63
num_cat=0
split_feature=28 35 36 35 35 36 17 35 9 9 17 35 9 4 4 35 17 35 4 12 12 35 36 35 16 32 35 5 35 9 39 35 35 12 35 35 4 5 36 16 36 36 39 36 35 16 21 35 35 12 36 36 13 5 32 33 36 33 35 5 9 35
split_gain=1.56933e+08 4.50508e+07 1.67421e+07 7.43445e+06 5.7707e+06 4.19209e+06 3.22304e+06 2.85469e+06 2.46497e+06 2.35605e+06 2.41105e+06 2.28034e+06 1.96842e+06 1.66363e+06 1.60218e+06 1.39108e+06 963311 841420 822235 802336 676835 624470 594377 564645 529299 473431 526150 423160 414026 410461 386370 382880 379816 343475 333347 330549 313723 263696 256036 229400 227558 219340 203417 201476 197322 190176 189833 186025 183107 179908 175314 168948 157254 156532 146953 145808 143915 135751 135113 132252 129770 128546
threshold=1.0000000180025095e-35 639.80000000000007 208.12500000000003 1018.5500000000001 344.05000000000001 312.83333333333337 1.0000000180025095e-35 392.65000000000003 1.0000000180025095e-35 1.0000000180025095e-35 1.0000000180025095e-35 856.40000000000009 1.0000000180025095e-35 1.0000000180025095e-35 1.0000000180025095e-35 407.85000000000008 1.0000000180025095e-35 198.20000000000002 1.0000000180025095e-35 1.0000000180025095e-35 1.0000000180025095e-35 1474.1500000000003 142.7166666666667 1152.0500000000002 1.0000000180025095e-35 470.95000000000005 1377.7500000000002 1.0000000180025095e-35 452.25000000000006 1.0000000180025095e-35 1.0000000180025095e-35 813.45000000000016 458.45000000000005 1.0000000180025095e-35 1377.7500000000002 912.95000000000016 1.0000000180025095e-35 1.0000000180025095e-35 283.94500000000005 1.0000000180025095e-35 272.71250000000003 384.55000000000007 1.0000000180025095e-35 256.62500000000006 801.70000000000016 1.0000000180025095e-35 1.0000000180025095e-35 1291.7500000000002 1026.7 1.0000000180025095e-35 289.61666666666673 245.32500000000002 1.0000000180025095e-35 1.0000000180025095e-35 405.75000000000006 327.85000000000008 272.71250000000003 54.250000000000007 478.95000000000005 1.0000000180025095e-35 1.0000000180025095e-35 604.1500000000002
decision_type=2 2 2 2 2 2 2 2 2 2 2 2 2 2 2 2 2 2 2 2 2 2 2 2 2 2 2 2 2 2 2 2 2 2 2 2 2 2 2 2 2 2 2 2 2 2 2 2 2 2 2 2 2 2 2 2 2 2 2 2 2 2
left_child=1 4 7 9 17 11 8 22 18 10 13 28 14 19 16 -7 20 60 21 24 32 33 -2 30 27 26 41 35 -4 36 43 42 59 37 -10 52 49 39 -32 -5 -14 48 61 -13 57 53 -25 -20 -17 -19 -12 -11 -3 -34 -8 -50 -16 -15 -43 -6 -1 -9
right_child=2 3 5 6 12 15 54 31 34 51 50 23 40 44 56 25 -18 29 47 -21 -22 -23 -24 46 -26 -27 -28 -29 -30 -31 38 -33 45 -35 -36 -37 -38 -39 -40 -41 -42 58 -44 -45 -46 -47 -48 -49 55 -51 -52 -53 -54 -55 -56 -57 -58 -59 -60 -61 -62 -63
leaf_value=-6.4939944024834348 0.17469304014038256 -2.0005556922856225 11.589377694447835 1.550773584098746 -4.3986486973042416 18.288751948429987 14.086183836676859 10.837851563583721 8.5841545316760115 3.3342211949519625 7.6097505331039432 19.616029837192634 0.069654929691127368 3.7776274937302321 -0.61377950697205963 21.773627766927085 4.9665006416685449 -5.3252696471219272 6.0826372376510074 1.9070371613582666 -1.0153857755036693 7.2032967548691831 6.2547507299317253 22.37304837319159 3.8492008802922153 31.219175560529841 31.424924723307296 0.89627300485843375 15.945543558597564 -1.8545413307017751 19.077890736716135 17.048940575122835 -3.3980971998424554 4.9729872675980031 13.276435009638469 0.17552380853301877 -2.5301161178466631 4.3441734808812464 12.783084343728566 6.0527996985117598 2.9416997034978283 24.343380019244027 8.3074923525465305 24.454275480906169 4.4337675662001201 0.74729976384870467 27.67735152373443 9.925017656598774 28.60226745605469 -3.2272727686330813 12.904876362193717 5.6933323346354348 -0.28039562440441029 -1.6821348632242057 19.002891722179594 23.606091380119324 1.5771902722458468 0.85728943084879805 28.500044731471849 -2.4885893408785162 -4.5304243945003897 14.681006820996604
leaf_weight=1542 91 968 75 498 1379 65 55 55 179 117 54 39 168 67 160 75 34 1634 126 303 253 89 72 31 57 43 33 238 200 108 70 32 1230 147 48 273 118 127 21 30 117 34 47 48 181 31 37 42 23 109 22 216 154 149 21 40 141 98 46 97 89 36
leaf_count=1542 91 968 75 498 1379 65 55 55 179 117 54 39 168 67 160 75 34 1634 126 303 253 89 72 31 57 43 33 238 200 108 70 32 1230 147 48 273 118 127 21 30 117 34 47 48 181 31 37 42 23 109 22 216 154 149 21 40 141 98 46 97 89 36
internal_value=0.0345306 -1.77431 17.1373 2.4189 -4.11622 20.7508 5.4395 7.58815 4.84821 0.921788 0.378141 17.8861 -2.746 0.0933631 -3.07372 24.9081 -3.40444 -5.54696 3.83472 -0.462243 -3.49511 3.22974 2.86036 21.3836 -0.887032 26.3716 25.5411 -1.05235 14.7575 -4.85125 19.903 12.1213 -3.7125 2.78879 9.57635 -1.3848 -5.02516 2.29859 17.6252 1.80657 1.2487 24.6504 10.9786 22.2854 3.29372 -3.12563 25.2592 7.04323 23.4429 -5.19407 9.14255 4.86446 -1.76446 -3.21269 15.4447 25.4301 0.412555 2.04312 26.7335 -4.27312 -6.38685 12.3582
internal_weight=12682 11469 1213 4110 7359 880 1362 333 1286 2748 2415 521 3759 2339 3474 359 3173 3600 1059 1993 3139 891 163 246 1690 294 251 1633 275 1969 178 170 2886 802 227 1395 1861 655 91 528 285 218 138 87 346 1410 68 168 138 1743 76 333 1122 1379 76 63 301 165 80 1476 1631 91
internal_count=12682 11469 1213 4110 7359 880 1362 333 1286 2748 2415 521 3759 2339 3474 359 3173 3600 1059 1993 3139 891 163 246 1690 294 251 1633 275 1969 178 170 2886 802 227 1395 1861 655 91 528 285 218 138 87 346 1410 68 168 138 1743 76 333 1122 1379 76 63 301 165 80 1476 1631 91
is_linear=0
shrinkage=0.05


Tree=3
num_leaves=63
num_cat=0
split_feature=28 33 36 32 36 17 36 9 36 36 9 37 4 9 17 32 4 4 17 36 17 37 37 34 12 36 25 12 32 36 4 36 32 36 39 12 32 24 37 36 2 29 9 33 34 37 36 36 33 36 36 37 39 34 36 36 36 36 36 39 33 23
split_gain=1.41632e+08 3.14833e+07 1.51098e+07 6.89283e+06 5.25985e+06 3.81304e+06 3.78336e+06 3.021e+06 2.14867e+06 1.96134e+06 1.81731e+06 1.74888e+06 1.51088e+06 1.46181e+06 1.14981e+06 959102 957087 950852 943784 909317 858995 819558 749856 693882 557546 538496 523084 498007 423029 416970 410060 401346 401157 398112 388119 383446 363704 360239 341551 340697 338315 298199 292094 278311 277274 277141 268308 261454 318793 252426 249953 248995 248436 362706 243782 231814 225071 221707 221595 206933 200305 197103
threshold=1.0000000180025095e-35 1.0000000180025095e-35 208.12500000000003 200.40000000000003 245.32500000000002 1.0000000180025095e-35 312.83333333333337 1.0000000180025095e-35 175.41250000000005 135.25000000000003 1.0000000180025095e-35 3.5000000000000004 1.0000000180025095e-35 1.0000000180025095e-35 1.0000000180025095e-35 142.45000000000002 1.0000000180025095e-35 1.0000000180025095e-35 1.0000000180025095e-35 159.68333333333337 1.0000000180025095e-35 3.5000000000000004 2.5000000000000004 133.55000000000004 1.0000000180025095e-35 395.55000000000007 1.0000000180025095e-35 1.0000000180025095e-35 55.20000000000001 347.55833333333339 1.0000000180025095e-35 310.41666666666674 351.00000000000006 267.12500000000006 1.0000000180025095e-35 1.0000000180025095e-35 470.95000000000005 1.0000000180025095e-35 1.5000000000000002 373.83333333333337 1.0000000180025095e-35 1.0000000180025095e-35 1.0000000180025095e-35 64.65000000000002 375.65000000000003 3.5000000000000004 304.74166666666673 342.55000000000007 69.350000000000009 395.55000000000007 309.27500000000003 1.5000000000000002 1.0000000180025095e-35 279.9500000000001 281.71250000000003 242.6166666666667 321.17500000000001 344.31666666666672 384.55000000000007 1.0000000180025095e-35 332.75000000000006 1.0000000180025095e-35
decision_type=2 2 2 2 2 2 2 2 2 2 2 2 2 2 2 2 2 2 2 2 2 2 2 2 2 2 2 2 2 2 2 2 2 2 2 2 2 2 2 2 2 2 2 2 2 2 2 2 2 2 2 2 2 2 2 2 2 2 2 2 2 2
left_child=1 3 9 8 14 7 11 16 38 43 12 28 20 17 19 25 23 18 27 -3 24 -21 -11 35 26 -8 34 32 -4 45 42 -15 -5 44 37 50 47 41 -1 61 -36 49 -23 -2 -13 -9 -19 -17 58 51 -6 -10 60 -54 -18 -30 -12 -7 -49 -57 -35 -25
right_child=2 4 6 13 5 57 15 29 10 22 56 33 -14 31 -16 36 54 46 -20 21 -22 30 -24 39 -26 -27 -28 -29 55 -31 -32 -33 -34 52 40 -37 -38 -39 -40 -41 -42 -43 -44 -45 -46 -47 -48 48 -50 -51 -52 -53 53 -55 -56 59 -58 -59 -60 -61 -62 -63
leaf_value=-6.2107288060364905 0.34977889425614306 -2.4375742974295012 10.851248039737825 -3.0020228482201232 -0.39927984282846757 12.258735958039761 17.280674208535089 4.9477597830472178 -4.520614800539362 6.0918157307498433 -0.52999714246967389 17.502486769969646 -0.026216138339740166 0.89831009047186905 6.7055755604827212 22.260820836385093 3.109921066301415 0.00099570977060418377 9.0225783348083493 -1.3758256479785032 6.16043523311615 0.47283605552535052 12.074097479648994 3.5038012600380641 -1.7681851741645573 24.117665227254236 -1.9628439168875262 0.75468217999024212 12.98320306103621 11.174966663784453 3.8397232667888916 5.5316553155999442 -1.3583240881604106 28.929573128440168 -6.1218455573225583 3.2994691338609243 29.658216840167377 -6.1826988012304804 -4.8676981783958375 7.3388993359804147 -3.7936108032487477 -5.7509709248849017 3.6414192320352576 6.5495184556297632 23.680966776067564 8.3084932407862713 3.7026219540303296 19.871930751094112 28.135298230912952 -2.7621452752391944 1.5644790305020777 -2.8646271841877717 15.453394499279206 24.451234889030459 6.4221030814661875 17.808925948187571 2.8148125309414334 18.14446315765381 26.632059340043504 14.265444739185163 22.387979827880862 0.85116600956039867
leaf_weight=1188 85 348 62 751 347 80 72 108 996 83 114 104 235 92 63 75 83 95 20 405 20 588 142 359 215 48 206 159 67 72 140 95 734 22 591 153 43 211 787 50 212 218 83 23 22 142 101 27 72 445 304 294 21 24 168 107 90 20 22 67 25 87
leaf_count=1188 85 348 62 751 347 80 72 108 996 83 114 104 235 92 63 75 83 95 20 405 20 588 142 359 215 48 206 159 67 72 140 95 734 22 591 153 43 211 787 50 212 218 83 23 22 142 101 27 72 445 304 294 21 24 168 107 90 20 22 67 25 87
internal_value=0.0328041 -1.6856 16.2804 -3.4575 2.18748 3.92302 19.7132 3.41513 -4.33497 7.20875 -3.64672 16.9918 -3.90389 -0.961833 0.0828474 23.6627 2.50017 -1.3855 -1.77349 -0.183925 -4.17127 0.461034 9.8673 1.95441 -4.23226 20.0155 -4.39923 -1.90483 14.5346 7.82224 1.37833 3.25215 -2.18958 20.4071 -4.56839 1.0471 25.4939 -4.22003 -5.67556 3.42512 -5.50717 -4.00799 0.864777 1.67009 18.5813 6.85666 1.90847 24.5804 26.0181 -3.78898 0.517744 -4.1432 22.9076 20.2522 5.32684 15.4822 0.945654 13.4359 22.9071 16.4445 25.45 2.98636
internal_weight=12682 11469 1213 7869 3600 1973 880 1873 5822 333 3847 521 3643 2047 1627 359 1551 1860 1664 1564 3408 1216 225 1300 3388 120 3173 1644 303 322 811 187 1485 218 2967 804 239 2164 1975 496 803 1953 671 108 126 250 196 196 121 1735 651 1290 92 45 251 241 204 100 49 174 47 446
internal_count=12682 11469 1213 7869 3600 1973 880 1873 5822 333 3847 521 3643 2047 1627 359 1551 1860 1664 1564 3408 1216 225 1300 3388 120 3173 1644 303 322 811 187 1485 218 2967 804 239 2164 1975 496 803 1953 671 108 126 250 196 196 121 1735 651 1290 92 45 251 241 204 100 49 174 47 446
is_linear=0
shrinkage=0.05


Tree=4
num_leaves=63
num_cat=0
split_feature=28 33 36 32 36 36 31 9 36 9 21 36 9 4 16 32 31 34 21 4 34 34 36 31 12 4 25 9 36 36 9 36 39 32 32 31 25 4 31 12 16 25 5 34 36 24 23 2 33 36 12 4 12 39 25 7 31 36 33 34 9 4
split_gain=1.27823e+08 2.84137e+07 1.36512e+07 6.22078e+06 4.75101e+06 3.63539e+06 2.97964e+06 2.09634e+06 1.54465e+06 1.46594e+06 1.35017e+06 1.32386e+06 1.31929e+06 1.23504e+06 1.09511e+06 865589 865333 836129 814123 798517 759143 744939 595430 539191 428537 426818 405892 376157 368052 365585 363892 362215 360964 328380 328243 453438 323760 352084 318106 299169 293182 301193 300601 285465 283477 271151 266722 265908 251175 246300 226038 197589 197407 192494 189586 184619 184291 179951 178084 163888 162205 160156
threshold=1.0000000180025095e-35 1.0000000180025095e-35 203.00416666666669 200.40000000000003 261.0750000000001 312.83333333333337 284.05000000000007 1.0000000180025095e-35 135.25000000000003 1.0000000180025095e-35 1.0000000180025095e-35 182.42000000000004 1.0000000180025095e-35 1.0000000180025095e-35 1.0000000180025095e-35 142.45000000000002 209.75000000000003 74.750000000000014 1.0000000180025095e-35 1.0000000180025095e-35 54.150000000000006 56.050000000000004 267.12500000000006 392.45000000000005 1.0000000180025095e-35 1.0000000180025095e-35 1.0000000180025095e-35 1.0000000180025095e-35 354.05000000000007 310.41666666666674 1.0000000180025095e-35 310.41666666666674 1.0000000180025095e-35 55.20000000000001 470.95000000000005 363.75000000000006 1.0000000180025095e-35 1.0000000180025095e-35 164.25000000000003 1.0000000180025095e-35 1.0000000180025095e-35 1.0000000180025095e-35 1.0000000180025095e-35 295.25000000000006 137.26666666666671 1.0000000180025095e-35 1.0000000180025095e-35 1.0000000180025095e-35 64.65000000000002 242.6166666666667 1.0000000180025095e-35 1.0000000180025095e-35 1.0000000180025095e-35 1.0000000180025095e-35 1.0000000180025095e-35 1.0000000180025095e-35 370.35000000000008 162.62916666666669 423.25000000000006 237.80000000000004 1.0000000180025095e-35 1.0000000180025095e-35
decision_type=2 2 2 2 2 2 2 2 2 2 2 2 2 2 2 2 2 2 2 2 2 2 2 2 2 2 2 2 2 2 2 2 2 2 2 2 2 2 2 2 2 2 2 2 2 2 2 2 2 2 2 2 2 2 2 2 2 2 2 2 2 2
left_child=1 3 8 6 11 10 30 14 48 13 17 44 16 24 20 23 -5 33 -10 39 25 27 -12 -7 26 29 32 51 -9 -6 38 -14 45 -4 35 -17 37 58 -1 40 41 42 -18 -37 -3 -8 55 -34 -2 -35 54 52 -13 -19 -31 60 -21 -20 -22 -55 -23 -40
right_child=2 4 5 12 7 15 9 28 18 -11 22 21 31 -15 -16 34 19 53 57 56 36 46 -24 -25 -26 -27 -28 -29 -30 50 -32 -33 47 49 -36 43 -38 -39 61 -41 -42 -43 -44 -45 -46 -47 -48 -49 -50 -51 -52 -53 -54 59 -56 -57 -58 -59 -60 -61 -62 -63
leaf_value=-5.8909171861173828 0.33228995126836441 -3.2459319876723516 10.086031855958881 -2.8771423922402293 0.10273777957364019 15.6631076780955 -3.2576942114339227 6.9684421047016434 6.5028866281924316 1.9047991009580123 17.976686558091497 -0.99062525342385332 0.85339459660260575 0.87465397079039175 9.0707059596714217 19.815789265786449 -2.0916881487685206 20.830131635000541 9.6532395821351287 1.5495642052794045 2.4317015969588089 3.1495120943858894 25.119099811977811 22.366285514831546 -0.90577591851353645 4.6684572238188524 -1.1920035918681853 3.083210520431547 11.234728839180686 1.2201594556689983 -3.0017671202535685 5.2550724963137982 -5.5594538369258055 11.730441540360452 28.175306275833488 23.854874900535304 6.8894375522537992 6.8649956107139589 -4.9578006217743873 1.3608482402260023 4.406807641007684 1.0475463141541963 0.72738348662301355 29.690674884502705 -0.85351182074871801 -5.5687096818745569 0.42468762682242833 -3.0372442859539888 6.2220423900562789 15.217146524939782 5.0697582279934608 1.8103864762389545 1.6201451437071315 13.993602980989401 4.4670725413731169 0.69107201796311601 5.2600307146708172 14.764411979563096 4.9451904532810058 18.678053384603455 6.0091126696816808 -2.658359067440033
leaf_weight=1362 85 172 66 601 299 60 1461 216 125 148 83 458 92 173 76 62 760 43 26 88 265 342 45 60 150 117 155 101 66 228 177 95 421 75 43 108 101 75 1417 118 22 109 108 26 442 139 110 139 23 156 68 103 86 33 56 65 54 51 96 43 58 80
leaf_count=1362 85 172 66 601 299 60 1461 216 125 148 83 458 92 173 76 62 760 43 26 88 265 342 45 60 150 117 155 101 66 228 177 95 421 75 43 108 101 75 1417 118 22 109 108 26 442 139 110 139 23 156 68 103 86 33 56 65 54 51 96 43 58 80
internal_value=0.0311639 -1.60132 15.4664 -3.28462 2.0781 18.5743 -4.11822 4.03844 6.41349 -2.93742 15.9971 0.395067 -0.913741 -3.20908 3.23624 22.4796 -1.31622 14.6153 8.99421 -0.571096 2.89645 1.28556 20.4877 19.0147 -3.49569 1.88805 -3.6635 0.245321 7.96693 1.38835 -5.20178 3.08954 -3.84086 13.1964 24.2193 23.3513 4.33864 3.74774 -5.33799 -1.02007 -1.30129 -1.42983 -1.74093 24.9872 -1.5237 -3.45846 2.63878 -4.93341 1.58659 14.0851 2.48039 -0.197688 -0.577893 18.1566 1.8604 3.16254 2.96059 13.0386 3.10011 16.644 3.56415 -4.83492
internal_weight=12682 11469 1213 7869 3600 903 5822 1663 310 2786 544 1937 2047 2638 1381 359 1860 416 202 1259 1305 1323 128 120 2465 768 2315 748 282 651 3036 187 2160 297 239 196 537 436 2859 1117 999 977 868 134 614 1600 575 560 108 231 352 647 544 119 284 465 142 77 361 76 400 1497
internal_count=12682 11469 1213 7869 3600 903 5822 1663 310 2786 544 1937 2047 2638 1381 359 1860 416 202 1259 1305 1323 128 120 2465 768 2315 748 282 651 3036 187 2160 297 239 196 537 436 2859 1117 999 977 868 134 614 1600 575 560 108 231 352 647 544 119 284 465 142 77 361 76 400 1497
is_linear=0
shrinkage=0.05


Tree=5
num_leaves=63
num_cat=0
split_feature=28 35 36 35 35 36 35 35 17 9 17 9 4 9 4 35 35 17 4 12 12 9 36 4 25 12 35 35 25 36 35 25 39 35 35 39 12 36 39 34 35 2 24 23 35 2 24 29 35 36 35 23 35 33 21 9 4 35 35 40 35 32
split_gain=1.15791e+08 3.34081e+07 1.29245e+07 5.53808e+06 4.28923e+06 3.46043e+06 2.15949e+06 2.13102e+06 2.12142e+06 1.61611e+06 1.60922e+06 1.64301e+06 1.32769e+06 1.2641e+06 1.11678e+06 1.09167e+06 925322 578308 576430 478426 467279 459562 383672 379449 375126 366486 348690 333221 329143 302348 289981 280277 256065 242678 204071 201293 201151 197092 193086 190729 189993 189731 188871 186275 185065 183929 183218 192376 165766 164099 159340 158135 156924 198276 178190 151666 146285 145681 141959 138078 130233 164412
threshold=1.0000000180025095e-35 701.45000000000016 209.31250000000003 398.50000000000006 1045.6000000000001 339.34166666666675 416.25000000000006 918.1500000000002 1.0000000180025095e-35 1.0000000180025095e-35 1.0000000180025095e-35 1.0000000180025095e-35 1.0000000180025095e-35 1.0000000180025095e-35 1.0000000180025095e-35 238.55000000000004 769.55000000000007 1.0000000180025095e-35 1.0000000180025095e-35 1.0000000180025095e-35 1.0000000180025095e-35 1.0000000180025095e-35 142.7166666666667 1.0000000180025095e-35 1.0000000180025095e-35 1.0000000180025095e-35 277.35000000000008 1211.5500000000002 1.0000000180025095e-35 428.75000000000006 541.75000000000011 1.0000000180025095e-35 1.0000000180025095e-35 1401.7500000000002 1352.45 1.0000000180025095e-35 1.0000000180025095e-35 241.60000000000005 1.0000000180025095e-35 81.350000000000009 1018.5500000000001 1.0000000180025095e-35 1.0000000180025095e-35 1.0000000180025095e-35 129.15000000000001 1.0000000180025095e-35 1.0000000180025095e-35 1.0000000180025095e-35 1291.7500000000002 290.52500000000003 1309.4500000000003 1.0000000180025095e-35 648.85000000000002 104.65000000000002 1.0000000180025095e-35 1.0000000180025095e-35 1.0000000180025095e-35 801.70000000000016 1198.6500000000003 3.5000000000000004 574.1500000000002 246.25000000000003
decision_type=2 2 2 2 2 2 2 2 2 2 2 2 2 2 2 2 2 2 2 2 2 2 2 2 2 2 2 2 2 2 2 2 2 2 2 2 2 2 2 2 2 2 2 2 2 2 2 2 2 2 2 2 2 2 2 2 2 2 2 2 2 2
left_child=1 3 6 15 10 7 22 26 13 12 11 14 17 18 19 44 29 20 25 28 24 23 -2 36 30 31 -4 35 32 -7 38 43 42 59 -15 -9 51 -28 46 -12 -37 -40 57 58 -1 -34 47 -5 -20 -11 -27 -17 53 -8 -54 -46 -13 -3 -6 -18 -39 -62
right_child=2 4 5 9 8 16 52 27 -10 49 39 56 -14 34 -16 21 33 -19 48 -21 -22 -23 -24 -25 -26 50 37 -29 -30 -31 -32 -33 45 -35 -36 40 -38 60 41 -41 -42 -43 -44 -45 55 -47 -48 -49 -50 -51 -52 -53 54 -55 -56 -57 -58 -59 -60 -61 61 -63
leaf_value=-5.9492684864682275 0.060694809289688761 -0.54935168285126712 8.3378030487985324 -2.5186037959686751 1.4814048405429772 17.637375947905749 11.111092728773754 19.617026084956557 13.514360474137698 0.7433513454513847 10.475563976981425 4.0851039221189147 0.87473000891411756 7.0959205989042919 3.3651864300223822 -4.135521868471864 21.873973388671875 4.7361612191906683 5.3624321797899173 1.9813008133690113 -0.64334166456280995 -0.96793089106678964 4.8558100465138754 -1.3303432593122126 -0.98323951175889057 4.3243378876435639 11.81107365190983 22.068170483793534 1.3473171779281135 22.985197487855572 -2.2637612364019257 4.7355862818161647 -1.987883441692992 29.16135563850403 10.784376930236817 18.757925866997763 -2.1115795020399424 13.260805266726335 -4.8599998162385409 5.4894806286867928 14.32632240080366 -2.6484110935521663 -1.9555555374966453 0.19534127844549787 -5.1243690159352786 -0.11365472331960152 -4.846432456662578 -4.6575597964042474 8.9779389257016398 3.1773208835610638 8.0636591291427617 -5.9464245419169579 8.2397598214771435 6.334329098746891 13.509830836530003 -2.7766892446230536 7.61828822222623 1.2313563750111569 3.3789875188576328 25.5863859375911 17.862713268824987 14.157794178538509
leaf_weight=831 94 201 33 801 176 82 45 101 68 193 44 261 314 150 285 1841 40 27 102 253 272 135 75 128 251 99 96 70 231 39 830 120 431 32 50 46 116 113 351 34 51 134 97 107 1194 188 124 121 46 108 40 129 23 42 53 73 33 268 224 67 49 77
leaf_count=831 94 201 33 801 176 82 45 101 68 193 44 261 314 150 285 1841 40 27 102 253 272 135 75 128 251 99 96 70 231 39 830 120 431 32 50 46 116 113 351 34 51 134 97 107 1194 188 124 121 46 108 40 129 23 42 53 73 33 268 224 67 49 77
internal_value=-0.0171667 -1.57802 14.5758 -3.36708 2.48817 17.6982 6.149 15.7115 4.94077 -1.88719 1.24184 0.996861 -2.21421 4.41742 0.472532 -4.54048 22.5581 -2.54741 3.62954 -0.0214203 -2.61559 -3.80012 2.1887 -3.97281 -2.82097 3.07761 13.2416 19.103 -0.379251 19.3611 -3.01635 2.56267 -0.715823 25.3411 8.01803 18.0547 -4.13496 13.7246 -3.42434 8.30214 16.4279 -4.24896 0.0528179 2.04837 -5.36942 -1.41865 -3.04199 -2.79931 6.48617 1.61667 5.4004 -4.2541 10.2551 8.80507 11.9149 -4.9891 4.48169 0.468196 2.54405 24.1986 14.4933 15.5986
internal_weight=12709 11481 1228 7973 3508 896 332 636 1182 3526 2326 2248 3225 1114 1954 4447 260 2911 914 1669 2884 2349 169 2214 2612 766 368 268 1416 121 2361 627 1185 139 200 198 2086 335 1531 78 97 485 566 507 2098 619 1046 922 148 301 139 1970 163 87 76 1267 294 469 400 107 239 126
internal_count=12709 11481 1228 7973 3508 896 332 636 1182 3526 2326 2248 3225 1114 1954 4447 260 2911 914 1669 2884 2349 169 2214 2612 766 368 268 1416 121 2361 627 1185 139 200 198 2086 335 1531 78 97 485 566 507 2098 619 1046 922 148 301 139 1970 163 87 76 1267 294 469 400 107 239 126
is_linear=0
shrinkage=0.05


Tree=6
num_leaves=63
num_cat=0
split_feature=28 33 36 32 36 36 17 9 36 36 9 4 37 9 17 17 4 4 37 21 32 37 36 36 12 36 25 37 36 39 16 37 36 36 32 36 36 36 36 33 39 36 12 32 23 32 36 37 24 7 2 33 4 29 24 9 36 21 36 36 0 25
split_gain=1.04502e+08 2.30049e+07 1.16643e+07 5.00106e+06 3.73027e+06 3.13402e+06 2.69537e+06 1.88797e+06 1.79778e+06 1.41389e+06 1.34096e+06 1.17504e+06 1.10749e+06 1.08708e+06 846902 841554 789651 660442 646757 586161 568307 556066 515363 504409 452522 430886 421755 367188 360607 351373 345324 338423 330438 322526 321661 320569 311250 294288 272553 266979 254633 240371 238946 235198 229998 219956 219399 232086 217843 216431 212274 203388 190850 188914 226192 185242 184768 184601 180919 174003 173793 170445
threshold=1.0000000180025095e-35 54.250000000000007 209.31250000000003 230.55000000000004 236.23333333333338 315.3250000000001 1.0000000180025095e-35 1.0000000180025095e-35 172.42500000000004 146.36500000000004 1.0000000180025095e-35 1.0000000180025095e-35 3.5000000000000004 1.0000000180025095e-35 1.0000000180025095e-35 1.0000000180025095e-35 1.0000000180025095e-35 1.0000000180025095e-35 3.5000000000000004 1.0000000180025095e-35 288.45000000000005 3.5000000000000004 194.35000000000002 310.41666666666674 1.0000000180025095e-35 404.10000000000008 1.0000000180025095e-35 3.5000000000000004 241.60000000000005 1.0000000180025095e-35 1.0000000180025095e-35 1.5000000000000002 256.62500000000006 342.55000000000007 51.95000000000001 319.85000000000008 315.3250000000001 327.25000000000006 379.92500000000013 405.35000000000008 1.0000000180025095e-35 285.21250000000003 1.0000000180025095e-35 376.45000000000005 1.0000000180025095e-35 55.20000000000001 369.95000000000005 4.5000000000000009 1.0000000180025095e-35 1.0000000180025095e-35 1.0000000180025095e-35 66.350000000000009 1.0000000180025095e-35 1.0000000180025095e-35 1.0000000180025095e-35 1.0000000180025095e-35 292.81666666666672 1.0000000180025095e-35 354.05000000000007 206.81666666666669 1.0000000180025095e-35 1.0000000180025095e-35
decision_type=2 2 2 2 2 2 2 2 2 2 2 2 2 2 2 2 2 2 2 2 2 2 2 2 2 2 2 2 2 2 2 2 2 2 2 2 2 2 2 2 2 2 2 2 2 2 2 2 2 2 2 2 2 2 2 2 2 2 2 2 2 2
left_child=1 3 9 8 14 12 7 16 34 27 11 15 28 17 18 24 21 25 55 51 38 23 -20 -6 26 44 31 -2 -4 32 42 35 -14 -22 -1 -10 -9 -15 -7 -35 53 -8 60 -34 48 -30 47 -18 49 59 -42 -11 -24 54 57 -3 -12 -37 -19 -5 -23 -25
right_child=2 4 5 13 6 20 41 36 10 19 56 -13 29 37 -16 -17 46 58 22 -21 33 30 52 61 -26 -27 -28 -29 45 -31 -32 -33 43 39 -36 40 -38 -39 -40 -41 50 -43 -44 -45 -46 -47 -48 -49 -50 -51 -52 -53 -54 -55 -56 -57 -58 -59 -60 -61 -62 -63
leaf_value=-5.276798253635155 0.26618172869537821 -2.3579379213679252 9.6959470513355299 -2.4576217575337402 -0.62389376857456802 16.486170765627985 8.0399163310592243 5.0520714418560857 -4.7951089658660271 4.5843610254493923 -0.65544593203486068 0.048426259348615705 16.334313054268176 1.0115240366961806 5.823894945300859 6.457593490963891 3.5694524361173485 0.77191863880157474 -0.68813469668068228 11.717815479820159 19.12562726171393 2.1633546132829138 1.2169928751341748 1.5056456107849163 -1.4971623470324549 0.88962277788235711 -1.6454926612366618 6.7513239888208254 10.338966837796299 15.210939130368439 7.22275709219468 -2.8808914819219731 19.121649265289307 22.283502163273273 -3.8067616603832053 -2.4795717931465138 8.1974552415311344 4.976076381247152 20.643265655075297 27.298343573676217 -5.4342213214283257 13.117301117806207 4.3650108538690162 25.750364104561186 -3.6270905291913333 14.258340821911894 8.4427766859531399 8.9480618390170008 -3.571611627360352 -3.0773699591491397 -2.681968124963904 8.7123874893188482 4.0729191514423917 -5.1772870965906099 -5.4441396825453818 0.41218164968821736 2.2589100023301749 -4.9819730758666996 4.3564621969145172 -0.71525251619160257 -1.3504069742403533 4.3715851974487308
leaf_weight=1499 99 373 83 176 369 92 37 204 1085 74 114 246 52 100 58 21 227 125 493 81 57 476 356 257 243 172 226 28 44 115 39 665 32 101 495 728 128 88 69 36 284 63 122 23 148 192 32 22 119 151 93 50 70 111 85 72 104 82 49 771 38 65
leaf_count=1499 99 373 83 176 369 92 37 204 1085 74 114 246 52 100 58 21 227 125 493 81 57 476 356 257 243 172 226 28 44 115 39 665 32 101 495 728 128 88 69 36 284 63 122 23 148 192 32 22 119 151 93 50 70 111 85 72 104 82 49 771 38 65
internal_value=-0.0163084 -1.49912 13.847 -2.98158 1.87994 16.8133 3.22973 2.82503 -3.68106 5.84155 -3.08057 -3.29555 14.4179 -0.741704 -0.0934912 -3.5226 2.13166 -1.13825 -0.34511 8.40978 20.4638 1.6351 0.412517 0.638042 -3.58079 -1.46877 -3.73152 1.69598 12.5307 17.1297 2.65579 -3.882 19.1919 22.2863 -4.91187 -4.15175 6.26475 2.86727 18.2678 23.6013 -3.64702 11.2387 2.37574 21.8937 -1.76595 13.5276 4.54552 4.04467 -1.53961 -1.31938 -4.75528 6.24889 1.68628 -3.23169 -2.99039 -1.90974 0.734889 -2.7329 1.78136 -1.03907 1.90358 2.08417
internal_weight=12709 11481 1228 7980 3501 896 2079 1979 6081 332 4087 3869 541 1899 1422 3623 1647 1711 1364 205 355 1366 919 691 3602 1537 3359 127 319 222 675 3133 107 194 1994 2468 332 188 161 137 1383 100 636 55 1365 236 281 249 1217 1098 377 124 426 1006 895 445 218 810 174 947 514 322
internal_count=12709 11481 1228 7980 3501 896 2079 1979 6081 332 4087 3869 541 1899 1422 3623 1647 1711 1364 205 355 1366 919 691 3602 1537 3359 127 319 222 675 3133 107 194 1994 2468 332 188 161 137 1383 100 636 55 1365 236 281 249 1217 1098 377 124 426 1006 895 445 218 810 174 947 514 322
is_linear=0
shrinkage=0.05


Tree=7
num_leaves=63
num_cat=0
split_feature=28 35 36 35 35 36 35 17 35 9 9 17 9 35 35 17 23 35 35 9 35 35 36 39 36 35 23 23 32 31 34 7 35 12 29 38 16 29 23 35 31 31 23 35 34 9 31 31 31 7 38 16 12 36 29 7 38 29 12 16 38 36
split_gain=9.43129e+07 2.73666e+07 1.05271e+07 4.70765e+06 3.48579e+06 2.82845e+06 1.7596e+06 1.74177e+06 1.38599e+06 1.28614e+06 1.26214e+06 1.2217e+06 1.04716e+06 986437 925295 577650 449812 412135 391249 385673 380625 374590 365571 340270 325353 316130 247491 245661 241710 350918 235408 224657 209431 207694 206109 194891 398465 202144 189931 187311 184876 219965 183494 174857 164148 163976 160426 158100 157405 150232 145965 189376 142617 136001 134111 132978 128044 126294 125014 125233 194478 124703
threshold=1.0000000180025095e-35 706.35000000000014 209.31250000000003 410.55000000000007 1045.6000000000001 315.3250000000001 416.25000000000006 1.0000000180025095e-35 918.1500000000002 1.0000000180025095e-35 1.0000000180025095e-35 1.0000000180025095e-35 1.0000000180025095e-35 256.45000000000005 769.55000000000007 1.0000000180025095e-35 1.0000000180025095e-35 541.75000000000011 1401.7500000000002 1.0000000180025095e-35 1309.4500000000003 801.70000000000016 422.01666666666671 1.0000000180025095e-35 115.87500000000001 452.25000000000006 1.0000000180025095e-35 1.0000000180025095e-35 423.30000000000001 340.05000000000007 269.75000000000006 1.0000000180025095e-35 1026.7 1.0000000180025095e-35 1.0000000180025095e-35 1.0000000180025095e-35 1.0000000180025095e-35 1.0000000180025095e-35 1.0000000180025095e-35 123.25000000000001 385.35000000000008 439.55000000000007 1.0000000180025095e-35 1309.4500000000003 81.350000000000009 1.0000000180025095e-35 214.85000000000005 372.25000000000006 330.95000000000005 1.0000000180025095e-35 1.0000000180025095e-35 1.0000000180025095e-35 1.0000000180025095e-35 310.41666666666674 1.0000000180025095e-35 1.0000000180025095e-35 1.0000000180025095e-35 1.0000000180025095e-35 1.0000000180025095e-35 1.0000000180025095e-35 1.0000000180025095e-35 172.42500000000004
decision_type=2 2 2 2 2 2 2 2 2 2 2 2 2 2 2 2 2 2 2 2 2 2 2 2 2 2 2 2 2 2 2 2 2 2 2 2 2 2 2 2 2 2 2 2 2 2 2 2 2 2 2 2 2 2 2 2 2 2 2 2 2 2
left_child=1 3 6 13 10 8 24 12 25 15 11 16 20 39 22 17 21 27 28 38 26 -3 -7 32 -2 -4 58 34 29 -16 47 35 -10 56 52 37 -37 -23 54 -1 -27 -42 49 -14 -13 -41 -8 -25 -34 50 57 -52 -5 -11 55 -15 -22 -19 59 60 -6 -26
right_child=2 4 5 9 7 14 46 -9 23 53 -12 44 43 19 18 -17 -18 42 -20 -21 33 31 -24 30 61 40 -28 -29 -30 -31 -32 -33 48 -35 -36 36 -38 -39 -40 45 41 -43 -44 -45 -46 -47 -48 -49 -50 -51 51 -53 -54 -55 -56 -57 -58 -59 -60 -61 -62 -63
leaf_value=-5.4195040924690074 -1.060337129954634 -0.21785745849262184 8.7175948425078058 -2.2622556047976357 3.2198819234954734 15.193224405838272 7.7898313551113523 12.264437067508698 15.68332951201333 0.84504711149703893 4.2008288948313668 9.3083849430084236 6.2961565723384387 -3.1383188151099026 14.110026809692384 4.8795989244214955 -1.3614260904212845 -0.29755352250408706 26.704597103234494 -0.67145460396427525 5.1922639277818448 2.4949989905471313 20.673742899080604 14.754614410978375 2.4703662444383672 11.766010019850377 0.35111074369363116 -4.4243707457772734 23.257305959065757 20.917317952865211 17.38472950509254 -0.48867725743584228 18.404086787201638 7.9159405850349591 -4.0585369904041295 -0.60566535733681359 5.154093643898765 0.29352588921554329 -5.3160735237867316 -4.5980074984058996 17.745939415693282 11.554392979695248 -3.0124940146712493 9.4788541581895611 4.3677496844324573 -2.4218445798625119 10.934207430638764 9.2825724612582814 23.123036867777508 -2.5295614577781143 -2.7483579091205721 2.1096184804387716 -0.50470027450531252 3.196033473535516 -4.8711424945057304 -4.728862165397322 2.6907574029957377 -2.1457373825189108 4.6658469087481498 6.3053533222364351 0.89598684690950459 6.1369812329610198
leaf_weight=778 58 594 71 1375 298 118 87 68 36 210 295 40 137 1762 25 31 288 679 33 129 136 544 41 33 78 201 99 147 60 78 47 142 43 47 150 181 36 129 133 1465 32 26 137 63 29 92 76 22 30 153 157 23 126 87 138 142 82 107 100 23 129 33
leaf_count=778 58 594 71 1375 298 118 87 68 36 210 295 40 137 1762 25 31 288 679 33 129 136 544 41 33 78 201 99 147 60 78 47 142 43 47 150 181 36 129 133 1465 32 26 137 63 29 92 76 22 30 153 157 23 126 87 138 142 82 107 100 23 129 33
internal_value=-0.0154929 -1.42416 13.1546 -3.02746 2.29262 15.9726 5.54947 4.4958 13.697 -1.60879 1.14944 0.6955 4.02159 -4.06173 19.4406 -1.91132 0.459862 -1.98025 21.7398 -3.32773 3.3045 0.782452 16.6064 16.8619 1.97461 11.6733 2.6525 -2.46572 20.7346 19.2651 14.7863 1.35821 18.8043 4.90128 -2.29132 1.65288 0.349871 2.07302 -3.48527 -4.78598 12.4836 14.9704 -1.2853 7.29871 7.23189 -4.46942 9.25592 12.5658 20.3434 -1.07384 -0.843275 -2.12762 -2.11472 1.53372 -3.36603 -3.25694 4.25133 -0.549151 3.06675 2.7114 2.51782 3.56044
internal_weight=12709 11481 1228 8021 3460 896 332 1182 541 3382 2278 1983 1114 4639 355 3085 1914 3054 196 2304 914 1626 159 211 169 330 649 1798 163 103 102 1032 109 265 1651 890 217 673 2175 2335 259 58 1256 200 69 1557 163 55 73 1119 966 180 1501 297 2042 1904 218 786 550 450 427 111
internal_count=12709 11481 1228 8021 3460 896 332 1182 541 3382 2278 1983 1114 4639 355 3085 1914 3054 196 2304 914 1626 159 211 169 330 649 1798 163 103 102 1032 109 265 1651 890 217 673 2175 2335 259 58 1256 200 69 1557 163 55 73 1119 966 180 1501 297 2042 1904 218 786 550 450 427 111
is_linear=0
shrinkage=0.05


Tree=8
num_leaves=63
num_cat=0
split_feature=28 35 35 35 35 35 31 17 31 17 9 9 9 35 35 34 35 17 32 35 35 35 32 9 35 34 35 35 33 31 35 32 23 23 23 32 24 29 24 11 23 31 23 24 7 31 38 16 29 7 24 11 38 16 35 38 32 11 7 34 11 33
split_gain=8.51174e+07 2.47012e+07 7.23542e+06 4.1557e+06 3.22772e+06 2.70118e+06 1.70185e+06 1.57195e+06 1.47708e+06 1.20802e+06 1.21031e+06 1.17208e+06 945059 848946 742389 787609 669747 448735 438762 433777 397009 353430 345357 345162 343514 289923 280399 268391 386533 259858 245660 237892 227595 226544 223360 213025 204860 214144 191384 177666 175609 173610 169301 168177 167343 166298 163109 233217 161260 163281 207063 170334 178338 164785 159602 159519 151093 150952 148837 148730 148264 144604
threshold=1.0000000180025095e-35 701.45000000000016 365.00000000000006 404.90000000000003 1045.6000000000001 1026.7 360.35000000000008 1.0000000180025095e-35 245.75000000000003 1.0000000180025095e-35 1.0000000180025095e-35 1.0000000180025095e-35 1.0000000180025095e-35 238.55000000000004 1401.7500000000002 60.000000000000007 598.75000000000011 1.0000000180025095e-35 389.15000000000003 873.05000000000007 541.75000000000011 515.45000000000016 364.15000000000003 1.0000000180025095e-35 1309.4500000000003 150.65000000000001 117.95000000000002 918.1500000000002 59.300000000000004 100.25000000000001 628.55000000000007 450.50000000000006 1.0000000180025095e-35 1.0000000180025095e-35 1.0000000180025095e-35 316.55000000000007 1.0000000180025095e-35 1.0000000180025095e-35 1.0000000180025095e-35 1.0000000180025095e-35 1.0000000180025095e-35 132.35000000000005 1.0000000180025095e-35 1.0000000180025095e-35 1.0000000180025095e-35 419.55000000000007 1.0000000180025095e-35 1.0000000180025095e-35 1.0000000180025095e-35 1.0000000180025095e-35 1.0000000180025095e-35 1.0000000180025095e-35 1.0000000180025095e-35 1.0000000180025095e-35 1352.45 1.0000000180025095e-35 188.45000000000002 1.0000000180025095e-35 1.0000000180025095e-35 81.350000000000009 1.0000000180025095e-35 273.40000000000003
decision_type=2 2 2 2 2 2 2 2 2 2 2 2 2 2 2 2 2 2 2 2 2 2 2 2 2 2 2 2 2 2 2 2 2 2 2 2 2 2 2 2 2 2 2 2 2 2 2 2 2 2 2 2 2 2 2 2 2 2 2 2 2 2
left_child=1 3 8 13 9 6 16 12 26 10 19 17 24 -1 15 -7 22 20 21 33 32 45 29 40 34 -17 -2 28 31 -4 -23 -18 36 48 -6 55 37 39 46 44 57 -37 -22 -26 -5 -8 58 -48 49 50 51 52 -3 -54 -14 61 -31 -15 60 -11 -21 -30
right_child=2 4 5 11 7 14 18 -9 -10 59 -12 -13 54 23 -16 25 27 -19 -20 38 42 30 -24 -25 43 -27 -28 -29 35 56 -32 -33 -34 -35 -36 41 -38 -39 -40 -41 -42 -43 -44 -45 -46 -47 47 -49 -50 -51 -52 -53 53 -55 -56 -57 -58 -59 -60 -61 -62 -63
leaf_value=-4.6214204922645177 -1.7558251955570321 1.8900945557321027 2.0832257485389714 -1.5113437311406122 2.9134166893501852 22.32644431704567 15.335542054176329 11.651215228613687 10.545453612009686 9.0987404958768323 3.8409732421248721 1.4182528433308708 6.1182896255254748 -3.1696144793762144 25.070214763440585 11.138888600894383 12.70395446088579 4.3276230631203489 21.42633906006813 2.8959260683710095 -1.0104553554734608 10.026739567347937 13.851951154073081 -0.82122200027216175 5.3303134169972068 16.696286079801364 3.109713918212953 15.184931188821793 10.371822581602181 6.1235121891814837 14.830911296122785 19.505190496444705 -4.2167728569600493 -1.9032238441237876 0.33355520527170168 3.993357926607132 -4.0170528542664314 -3.8455966199239096 -0.52172687430381781 -3.7109743036642797 -5.1249865960383758 10.007410821914673 -2.9070094292362532 2.3025877394160985 -3.4270934101608064 19.721807212017954 -0.48899732136726382 4.4091487769422866 -1.5293253798256903 -1.321519985753955 -1.557207231952789 -0.9332423003635022 -1.0022465103172831 3.8242991929962522 9.3802149124145497 7.9943730390988863 9.7543793560802072 -4.7889609804461086 0.11904927185141896 4.6957167661776218 0.57482807795668756 14.238003695244883
leaf_weight=2098 39 376 20 1196 550 63 40 68 72 44 294 298 150 2012 38 28 36 29 32 344 1084 35 24 138 206 145 123 64 46 49 111 20 154 172 99 20 144 150 125 119 138 30 132 59 126 47 150 29 136 127 94 99 112 21 50 26 69 155 83 34 86 51
leaf_count=2098 39 376 20 1196 550 63 40 68 72 44 294 298 150 2012 38 28 36 29 32 344 1084 35 24 138 206 145 123 64 46 49 111 20 154 172 99 20 144 150 125 119 138 30 132 59 126 47 150 29 136 127 94 99 112 21 50 26 69 155 83 34 86 51
internal_value=-0.0147183 -1.35295 12.4969 -2.89131 2.14344 14.3591 12.7512 4.27101 4.58671 1.06227 0.850023 -1.57826 3.82051 -3.8837 18.5843 17.5399 10.896 -1.86319 15.9364 0.400002 -1.92101 15.1825 8.31615 -3.25016 3.13928 15.7968 1.93838 12.3224 11.5224 7.3534 13.6792 15.133 -2.37462 -0.231495 2.51988 10.3537 -2.21111 -2.04766 1.27884 -1.8605 -3.39558 7.60179 -1.21633 4.65622 -1.69393 17.7051 1.60409 0.304557 0.066471 0.328266 0.626732 0.96438 1.33347 -0.24016 6.93377 11.4723 8.24665 -3.28544 2.05753 7.17947 2.43171 12.4046
internal_weight=12709 11481 1228 7973 3508 994 720 1182 234 2326 2248 3432 1114 4541 274 236 455 3134 265 1954 3105 233 162 2443 914 173 162 293 229 138 146 56 1889 1137 649 173 1735 1591 817 1441 2305 50 1216 265 1322 87 692 179 965 829 702 608 509 133 200 123 118 2167 513 78 430 97
internal_count=12709 11481 1228 7973 3508 994 720 1182 234 2326 2248 3432 1114 4541 274 236 455 3134 265 1954 3105 233 162 2443 914 173 162 293 229 138 146 56 1889 1137 649 173 1735 1591 817 1441 2305 50 1216 265 1322 87 692 179 965 829 702 608 509 133 200 123 118 2167 513 78 430 97
is_linear=0
shrinkage=0.05


Tree=9
num_leaves=63
num_cat=0
split_feature=35 35 35 35 35 39 9 39 24 29 39 21 38 29 21 24 23 25 24 17 38 7 25 0 21 35 8 6 18 13 35 10 6 10 13 18 8 5 12 4 9 24 35 11 35 17 25 4 16 35 39 16 22 38 6 24 5 12 35 20 1 29
split_gain=4.0102e+07 8.05941e+06 3.98308e+06 2.22781e+06 1.16638e+06 989839 967441 859385 786371 814687 717450 618502 650113 606768 735280 696386 604784 480989 434424 429829 422473 422104 402850 399469 380558 365716 360925 405286 425222 480538 356028 352103 349023 407441 508129 689120 865762 883836 1.15408e+06 1.45193e+06 2.65525e+06 343371 330799 299819 298607 281876 266551 266362 253717 249676 249507 248282 239662 233524 311479 227903 223075 254027 220745 217542 209663 235861
threshold=758.55000000000007 463.35000000000008 1036.0000000000002 283.65000000000003 1309.4500000000003 1.0000000180025095e-35 1.0000000180025095e-35 1.0000000180025095e-35 1.0000000180025095e-35 1.0000000180025095e-35 1.0000000180025095e-35 1.0000000180025095e-35 1.0000000180025095e-35 1.0000000180025095e-35 1.0000000180025095e-35 1.0000000180025095e-35 1.0000000180025095e-35 1.0000000180025095e-35 1.0000000180025095e-35 1.0000000180025095e-35 1.0000000180025095e-35 1.0000000180025095e-35 1.0000000180025095e-35 1.0000000180025095e-35 1.0000000180025095e-35 926.15000000000009 1.0000000180025095e-35 1.0000000180025095e-35 1.0000000180025095e-35 1.0000000180025095e-35 129.15000000000001 1.0000000180025095e-35 1.0000000180025095e-35 1.0000000180025095e-35 1.0000000180025095e-35 1.0000000180025095e-35 1.0000000180025095e-35 1.0000000180025095e-35 1.0000000180025095e-35 1.0000000180025095e-35 1.0000000180025095e-35 1.0000000180025095e-35 490.15000000000009 1.0000000180025095e-35 546.85000000000002 1.0000000180025095e-35 1.0000000180025095e-35 1.0000000180025095e-35 1.0000000180025095e-35 568.95000000000016 1.0000000180025095e-35 1.0000000180025095e-35 1.0000000180025095e-35 1.0000000180025095e-35 1.0000000180025095e-35 1.0000000180025095e-35 1.0000000180025095e-35 1.0000000180025095e-35 367.75000000000006 1.0000000180025095e-35 1.0000000180025095e-35 1.0000000180025095e-35
decision_type=2 2 2 2 2 2 2 2 2 2 2 2 2 2 2 2 2 2 2 2 2 2 2 2 2 2 2 2 2 2 2 2 2 2 2 2 2 2 2 2 2 2 2 2 2 2 2 2 2 2 2 2 2 2 2 2 2 2 2 2 2 2
left_child=1 3 6 30 10 8 16 13 9 11 23 12 26 14 15 20 18 49 21 48 32 24 -9 31 25 43 27 28 29 42 -1 45 33 34 35 36 37 38 39 40 58 51 -3 60 -13 53 -12 -18 -14 -7 -32 59 -27 54 -4 -8 57 -44 -5 -6 61 -2
right_child=2 5 4 7 41 17 55 22 -10 -11 46 44 19 -15 -16 -17 47 -19 -20 -21 -22 -23 -24 -25 -26 52 -28 -29 -30 -31 50 -33 -34 -35 -36 -37 -38 -39 -40 -41 -42 -43 56 -45 -46 -47 -48 -49 -50 -51 -52 -53 -54 -55 -56 -57 -58 -59 -60 -61 -62 -63
leaf_value=-4.7058999728394424 5.1448094562101527 4.2557437644555014 10.082181968600365 11.143694773891518 9.3848891011306232 -2.2831410312678857 6.3341763986043702 -3.7993836492689326 -1.8707602714988547 -1.6933254391437522 3.8633433879171677 -1.1755551498750021 -1.1668569522446759 -4.155669794935088 -2.8890357901076125 -4.0313441642244952 -0.12720960358649622 0.96825042665972338 0.90302859848508477 7.0588727723984492 -2.5869514324480583 1.2117413975754563 -1.2886727499229333 2.3437664945423604 2.6127243669737723 6.6774412780707966 0.97668768580864984 1.1482138925844485 1.7322012230292672 2.1471222819953133 -3.1724012246026714 4.7285735608549677 -2.2529706904292106 -2.0260909631445601 -1.862389856056879 -2.1390940763552986 -1.8671056165533551 -1.1127397615975196 -0.30151161435141899 0.64590029625087675 1.4638258460909128 5.8281925771125529 10.745869611660639 0.84417367222942896 1.3045444534687094 13.951314926147461 6.2595041660724151 5.2108131390351522 3.7325899413035764 -0.70285388672210536 -4.4549168524779672 14.767053966522219 1.7443444094487601 6.0072252011535197 5.3318277341955245 0.78059397816658027 4.7812116554805213 5.7707965083611326 15.64864135155311 4.3398268782574201 0.21552211840947472 1.6559647305258389
leaf_weight=876 294 104 148 57 301 390 242 689 213 193 462 193 179 179 448 133 231 308 208 21 168 196 208 40 464 204 135 111 105 87 1496 85 140 148 149 120 118 109 114 97 84 86 75 79 327 21 155 26 31 696 508 20 28 101 45 20 42 39 52 23 30 58
leaf_count=876 294 104 148 57 301 390 242 689 213 193 462 193 179 179 448 133 231 308 208 21 168 196 208 40 464 204 135 111 105 87 1496 85 140 148 149 120 118 109 114 97 84 86 75 79 327 21 155 26 31 696 508 20 28 101 45 20 42 39 52 23 30 58
internal_value=-0.0139824 -1.76838 4.48243 -2.8707 6.45851 0.230995 3.06973 -1.92023 0.987544 1.35832 5.56535 1.76479 2.53765 -1.37043 -1.11305 -0.578702 2.66037 -0.775746 3.0304 0.238438 -0.240058 3.35744 -3.21719 7.10791 3.72093 4.46294 3.29856 3.85531 4.52011 5.36372 -3.86506 7.58433 0.0918262 0.405062 0.804852 1.33404 1.99454 2.88279 3.9608 5.63632 8.14446 8.65403 6.44004 3.6481 0.384046 8.35493 4.4653 0.412824 -0.443605 -1.27036 -3.49751 9.36049 6.08207 7.95519 8.97459 5.91024 7.89623 9.04387 13.2928 9.02675 4.22797 4.56994
internal_weight=12709 9142 3567 5893 1487 3249 2080 3013 1855 1642 1057 1449 929 2116 1937 1489 1818 1394 1561 231 1356 1353 897 440 1157 693 698 563 452 347 2880 400 1188 1048 900 751 631 513 404 290 193 430 260 461 520 315 617 257 210 1086 2004 344 232 294 193 262 156 114 109 324 382 352
internal_count=12709 9142 3567 5893 1487 3249 2080 3013 1855 1642 1057 1449 929 2116 1937 1489 1818 1394 1561 231 1356 1353 897 440 1157 693 698 563 452 347 2880 400 1188 1048 900 751 631 513 404 290 193 430 260 461 520 315 617 257 210 1086 2004 344 232 294 193 262 156 114 109 324 382 352
is_linear=0
shrinkage=0.05


Tree=10
num_leaves=63
num_cat=0
split_feature=28 35 36 35 17 9 36 35 4 9 35 35 4 35 17 35 35 12 12 16 35 16 25 5 12 5 9 25 12 32 4 6 36 35 35 21 35 36 36 39 25 16 13 35 32 32 12 5 36 12 13 25 39 4 23 36 33 25 5 36 36 9
split_gain=7.54424e+07 1.928e+07 8.17888e+06 4.05384e+06 2.67629e+06 2.14865e+06 1.98636e+06 1.50841e+06 1.40541e+06 1.19219e+06 1.16441e+06 1.13446e+06 1.12189e+06 701359 611033 595306 539314 417764 383044 385079 365464 361834 388170 328935 302248 302127 295333 285592 277415 265536 259732 256648 249522 245959 239361 225513 224427 217651 209111 199843 198180 183866 170067 160216 157424 189539 151880 149496 139307 138485 134205 126637 145048 118247 115967 115537 114420 113137 108362 107099 106468 105579
threshold=1.0000000180025095e-35 736.45000000000016 214.7416666666667 395.25000000000006 1.0000000180025095e-35 1.0000000180025095e-35 315.3250000000001 401.55000000000007 1.0000000180025095e-35 1.0000000180025095e-35 918.1500000000002 1089.1000000000001 1.0000000180025095e-35 769.55000000000007 1.0000000180025095e-35 215.05000000000004 1055.3000000000004 1.0000000180025095e-35 1.0000000180025095e-35 1.0000000180025095e-35 813.45000000000016 1.0000000180025095e-35 1.0000000180025095e-35 1.0000000180025095e-35 1.0000000180025095e-35 1.0000000180025095e-35 1.0000000180025095e-35 1.0000000180025095e-35 1.0000000180025095e-35 308.65000000000003 1.0000000180025095e-35 1.0000000180025095e-35 276.02500000000003 385.75000000000006 1129.3500000000001 1.0000000180025095e-35 452.25000000000006 115.87500000000001 264.71666666666675 1.0000000180025095e-35 1.0000000180025095e-35 1.0000000180025095e-35 1.0000000180025095e-35 1352.45 102.95000000000002 390.85000000000008 1.0000000180025095e-35 1.0000000180025095e-35 270.65833333333336 1.0000000180025095e-35 1.0000000180025095e-35 1.0000000180025095e-35 1.0000000180025095e-35 1.0000000180025095e-35 1.0000000180025095e-35 288.28333333333336 295.45000000000005 1.0000000180025095e-35 1.0000000180025095e-35 253.75833333333335 456.12500000000006 1.0000000180025095e-35
decision_type=2 2 2 2 2 2 2 2 2 2 2 2 2 2 2 2 2 2 2 2 2 2 2 2 2 2 2 2 2 2 2 2 2 2 2 2 2 2 2 2 2 2 2 2 2 2 2 2 2 2 2 2 2 2 2 2 2 2 2 2 2 2
left_child=1 3 7 15 5 8 10 37 11 12 36 18 14 33 17 61 53 21 19 23 46 22 25 27 40 42 30 50 35 -15 49 57 56 -8 -10 -12 -4 -2 -37 44 41 47 54 -18 -38 59 -9 -13 -11 51 -3 52 58 -7 -5 -14 -6 -31 -17 -46 -35 -1
right_child=2 4 6 9 32 16 13 20 34 48 28 24 55 29 -16 26 43 -19 -20 -21 -22 -23 -24 -25 -26 -27 -28 -29 -30 31 -32 -33 -34 60 -36 38 39 -39 -40 -41 -42 -43 -44 -45 45 -47 -48 -49 -50 -51 -52 -53 -54 -55 -56 -57 -58 -59 -60 -61 -62 -63
leaf_value=-4.3434375947603732 -0.58487222449759313 -1.6167473175617553 7.9246773663689112 -2.6614687499527925 5.1799184231047937 2.9867621397752253 11.779915587107341 6.529867559671402 3.1534633022270455 0.63442364526046835 13.140717273408718 0.72135260348614738 0.32371305719141646 16.051988378836185 4.2952014030554357 -3.3969534607115399 5.9453230182458832 -0.20496023258180074 1.7306316446264587 3.6104439437389377 12.317307908799913 1.9109247063356891 -0.53436732740862991 1.2555339411588817 4.4446698173770205 -0.89888410867600566 -0.784769402828012 0.89177006694323868 19.822056796632964 20.504239251478666 -1.1293763035413373 15.184647769019717 10.766495868670818 15.337645694187708 5.9447365120776645 14.038243548529488 16.516918220520022 3.2104796808106557 19.503863725662232 9.5321563093167434 3.9147255702221653 5.7662505753014406 -1.458491031042813 9.2028865027427678 8.7936142444610592 15.919519424438477 11.217588567733765 2.9499275069487725 2.6828014693606428 -1.7015225257604354 0.093439555803642549 -2.038467814241137 -4.2116490829782816 6.3639320011796627 -3.8280741203607116 2.1685505377427314 9.5489480538801725 24.604298629760745 -1.8727852476760747 12.156657145763267 19.3667147064209 -2.7105940101260231
leaf_weight=1732 59 733 68 1779 47 244 48 127 302 213 110 362 241 49 39 1311 154 294 240 56 45 53 293 195 135 278 134 170 29 106 143 21 73 91 103 35 20 105 35 106 94 23 267 50 40 22 20 95 136 124 136 154 557 29 242 131 22 20 128 58 20 105
leaf_count=1732 59 733 68 1779 47 244 48 127 302 213 110 362 241 49 39 1311 154 294 240 56 45 53 293 195 135 278 134 170 29 106 143 21 73 91 103 35 20 105 35 106 94 23 267 50 40 22 20 95 136 124 136 154 557 29 242 131 22 20 128 58 20 105
internal_value=0.00492705 -1.24366 11.7593 -2.51669 2.01557 1.71013 14.3513 5.36662 1.1529 -1.35814 12.3919 0.662622 -1.62742 17.2379 -1.92557 -3.56382 4.79884 -2.00125 -0.10353 -0.44477 8.3746 -2.1826 -2.25849 -0.628799 2.31595 -2.45536 -3.06961 -0.982451 15.2837 19.2396 -3.19629 20.3021 8.72878 14.7704 3.86334 14.5525 10.4672 1.84508 16.7711 11.1699 1.8153 1.40416 -2.64448 6.74375 12.41 11.7255 7.16765 1.18462 1.43265 -3.32626 -1.3491 -3.41997 -3.52656 3.34551 -2.80116 0.973374 6.57294 21.155 -3.26138 10.784 16.0636 -4.25011
internal_weight=12851 11617 1234 8354 3263 3121 878 356 2644 3966 523 2239 3617 355 3245 4388 477 3206 1530 1290 192 2912 2859 1234 709 2566 2551 1039 209 196 2417 147 142 159 405 180 314 164 70 246 574 480 2288 204 140 120 147 457 349 2274 869 2150 1996 273 2021 372 69 126 1439 98 111 1837
internal_count=12851 11617 1234 8354 3263 3121 878 356 2644 3966 523 2239 3617 355 3245 4388 477 3206 1530 1290 192 2912 2859 1234 709 2566 2551 1039 209 196 2417 147 142 159 405 180 314 164 70 246 574 480 2288 204 140 120 147 457 349 2274 869 2150 1996 273 2021 372 69 126 1439 98 111 1837
is_linear=0
shrinkage=0.05


Tree=11
num_leaves=63
num_cat=0
split_feature=28 35 35 35 35 35 35 31 4 4 33 35 32 23 12 35 24 32 31 35 31 35 23 4 35 24 31 32 11 12 31 37 32 31 16 25 4 35 24 29 11 32 31 33 31 31 4 14 0 29 11 0 29 24 35 24 33 23 35 11 29 32
split_gain=6.80868e+07 1.74762e+07 5.76785e+06 3.14603e+06 2.56604e+06 2.1758e+06 1.23934e+06 986912 943462 869458 746287 705343 597798 553339 512204 451378 437799 426091 409481 384483 377495 370387 331116 323827 319870 281718 271898 250922 250401 222497 211494 203412 197308 195416 187178 229631 187089 175832 169546 187818 182936 155897 153126 152272 146905 285913 146392 146206 141954 138553 127890 131881 121363 120904 116813 115395 112166 110388 109050 108961 118029 108706
threshold=1.0000000180025095e-35 639.80000000000007 648.85000000000002 1036.0000000000002 356.40000000000003 238.55000000000004 1211.5500000000002 350.15000000000003 1.0000000180025095e-35 1.0000000180025095e-35 54.250000000000007 918.1500000000002 352.75000000000006 1.0000000180025095e-35 1.0000000180025095e-35 1377.7500000000002 1.0000000180025095e-35 83.050000000000011 223.55000000000004 807.70000000000016 282.65000000000003 211.65000000000003 1.0000000180025095e-35 1.0000000180025095e-35 455.25000000000006 1.0000000180025095e-35 334.45000000000005 472.25000000000006 1.0000000180025095e-35 1.0000000180025095e-35 98.550000000000011 3.5000000000000004 293.95000000000005 169.75000000000003 1.0000000180025095e-35 1.0000000180025095e-35 1.0000000180025095e-35 779.25000000000011 1.0000000180025095e-35 1.0000000180025095e-35 1.0000000180025095e-35 140.45000000000002 407.15000000000003 425.80000000000007 287.55000000000007 449.65000000000003 1.0000000180025095e-35 1.0000000180025095e-35 1.0000000180025095e-35 1.0000000180025095e-35 1.0000000180025095e-35 1.0000000180025095e-35 1.0000000180025095e-35 1.0000000180025095e-35 899.20000000000016 1.0000000180025095e-35 299.85000000000008 1.0000000180025095e-35 1198.6500000000003 1.0000000180025095e-35 1.0000000180025095e-35 309.95000000000005
decision_type=2 2 2 2 2 2 2 2 2 2 2 2 2 2 2 2 2 2 2 2 2 2 2 2 2 2 2 2 2 2 2 2 2 2 2 2 2 2 2 2 2 2 2 2 2 2 2 2 2 2 2 2 2 2 2 2 2 2 2 2 2 2
left_child=1 4 5 8 21 33 10 12 14 22 27 20 18 15 16 23 19 42 -7 50 30 -1 24 25 53 28 -22 37 48 31 -12 61 -8 -2 35 47 -17 -4 39 40 -26 -32 -9 -34 -33 -46 55 -21 49 58 51 52 -3 59 -10 57 -43 -23 -5 60 -6 -13
right_child=2 3 6 13 9 7 32 17 54 -11 11 29 -14 -15 -16 36 -18 -19 -20 34 26 46 -24 -25 38 -27 -28 -29 -30 -31 41 44 43 -35 -36 -37 -38 -39 -40 -41 -42 56 -44 -45 45 -47 -48 -49 -50 -51 -52 -53 -54 -55 -56 -57 -58 -59 -60 -61 -62 -63
leaf_value=-4.0518823078834041 0.20584604382853616 0.094961729931572411 14.044398612998151 4.014877398176627 -1.9041036374652298 4.435532661653677 15.017467027286003 11.95782800946917 2.227772238993031 0.83260180314381926 3.7782927058991933 13.567700490436039 13.343560470091669 1.1325537148351763 1.9755452339159878 5.6162837640160603 -1.9315881424723831 8.5592543937943208 8.3611340138865149 0.55549197470942036 17.722463662283761 -2.9599054265651983 -3.531985480792073 5.6797688939411879 -0.73674674064108325 0.86653125779318418 10.901158413787684 21.298851277278022 1.3478010897202926 18.044981375048238 5.4787315414065407 13.803898227061982 18.53223817952474 4.8787781778971357 4.1064905608242208 2.5740230481003548 10.519774454290218 19.187964121500652 -2.760332191874415 -2.7617820269362943 -2.6395299807507944 8.9914504307966965 16.173699392591203 22.91115784821687 8.1375461485327758 15.429521837234498 -1.3610448981971803 -2.5274488611919126 1.3360289593105732 2.4569139117482064 -1.9940274968627811 -3.0326640935171221 -1.6747494707329083 -3.9199229328720655 4.1059904330668333 -4.6763031069971941 13.013616781968338 -4.512717742842387 5.7994757879306293 -3.7762367219635937 -3.6722600212953624 17.284626449857438
leaf_weight=1785 88 679 54 231 1128 118 29 35 272 315 21 37 38 204 333 168 292 44 152 620 21 1647 289 142 1213 121 48 26 110 31 21 78 75 30 44 143 22 24 177 157 141 52 56 27 41 20 119 41 46 87 129 42 113 108 119 119 26 123 136 99 103 42
leaf_count=1785 88 679 54 231 1128 118 29 35 272 315 21 37 38 204 333 168 292 44 152 620 21 1647 289 142 1213 121 48 26 110 31 21 78 75 30 44 143 22 24 177 157 141 52 56 27 41 20 119 41 46 87 129 42 113 108 119 119 26 123 136 99 103 42
internal_value=0.00468069 -1.18148 11.1713 1.44739 -2.6121 7.42723 14.2923 9.03431 0.519484 -1.6809 13.2375 12.3334 7.47188 3.51778 0.153536 3.97552 -0.13497 12.599 6.6455 0.154711 10.0303 -3.52784 -1.91275 3.49486 -1.76305 3.07043 12.9772 17.045 3.50759 14.0815 8.33589 13.5179 18.6567 1.39388 0.931074 0.757295 6.18406 15.627 -1.29622 -1.12472 -0.934895 9.30265 14.5522 19.6914 12.3664 10.5284 -3.06199 0.364266 3.98275 4.25092 -0.52894 -0.302326 -0.157535 -2.31104 2.7994 -3.16914 10.3322 -3.06781 4.6762 -2.18039 -2.05205 15.5438
internal_weight=12851 11617 1234 4094 7523 561 673 443 2827 3730 542 438 308 1267 2436 1063 2103 135 270 1811 189 3793 3415 873 3126 731 69 104 610 249 120 218 131 118 848 804 190 78 1688 1511 1354 99 91 102 139 61 2008 661 500 454 963 834 792 1438 391 1889 78 1770 367 1330 1231 79
internal_count=12851 11617 1234 4094 7523 561 673 443 2827 3730 542 438 308 1267 2436 1063 2103 135 270 1811 189 3793 3415 873 3126 731 69 104 610 249 120 218 131 118 848 804 190 78 1688 1511 1354 99 91 102 139 61 2008 661 500 454 963 834 792 1438 391 1889 78 1770 367 1330 1231 79
is_linear=0
shrinkage=0.05


Tree=12
num_leaves=63
num_cat=0
split_feature=28 33 36 32 17 36 36 31 9 36 9 9 37 17 36 32 37 12 21 36 31 16 38 31 21 36 9 31 23 24 29 7 31 33 32 32 9 19 31 24 31 23 7 37 9 32 36 37 31 36 32 37 36 32 23 12 23 36 38 34 37 32
split_gain=6.14483e+07 1.19873e+07 6.7203e+06 2.74515e+06 2.36085e+06 1.69093e+06 1.62323e+06 1.43181e+06 1.17982e+06 941980 762967 730958 674618 600293 543185 515622 458748 342101 338891 330519 329920 322963 326796 320133 295774 255821 234210 215646 213927 215602 237903 230864 203199 298155 267587 196672 193898 183156 182379 182234 178059 177822 176459 171932 165602 161973 161770 160818 152795 150424 143563 141533 140087 129941 128622 128074 126270 125231 122483 117548 115327 115195
threshold=1.0000000180025095e-35 1.0000000180025095e-35 214.7416666666667 211.45000000000002 1.0000000180025095e-35 267.12500000000006 315.3250000000001 284.05000000000007 1.0000000180025095e-35 162.62916666666669 1.0000000180025095e-35 1.0000000180025095e-35 3.5000000000000004 1.0000000180025095e-35 194.35000000000002 293.95000000000005 3.5000000000000004 1.0000000180025095e-35 1.0000000180025095e-35 276.02500000000003 323.85000000000008 1.0000000180025095e-35 1.0000000180025095e-35 220.15000000000001 1.0000000180025095e-35 256.62500000000006 1.0000000180025095e-35 399.25000000000006 1.0000000180025095e-35 1.0000000180025095e-35 1.0000000180025095e-35 1.0000000180025095e-35 363.75000000000006 389.75000000000006 472.25000000000006 66.050000000000011 1.0000000180025095e-35 1.0000000180025095e-35 220.15000000000001 1.0000000180025095e-35 428.65000000000003 1.0000000180025095e-35 1.0000000180025095e-35 4.5000000000000009 1.0000000180025095e-35 99.800000000000026 94.316666666666677 3.5000000000000004 120.25000000000001 299.01666666666671 343.35000000000008 3.5000000000000004 357.87500000000006 184.85000000000005 1.0000000180025095e-35 1.0000000180025095e-35 1.0000000180025095e-35 246.32500000000005 1.0000000180025095e-35 237.80000000000004 3.5000000000000004 207.75000000000003
decision_type=2 2 2 2 2 2 2 2 2 2 2 2 2 2 2 2 2 2 2 2 2 2 2 2 2 2 2 2 2 2 2 2 2 2 2 2 2 2 2 2 2 2 2 2 2 2 2 2 2 2 2 2 2 2 2 2 2 2 2 2 2 2
left_child=1 3 9 7 5 14 12 26 17 23 28 13 35 20 51 27 44 21 -11 -6 50 22 41 46 49 -26 48 -8 29 30 31 40 34 -34 -17 57 54 -24 -13 42 -9 43 56 -7 55 -37 -2 -10 -1 59 -5 -3 -19 -47 58 -16 -22 -4 -18 -14 -20 -29
right_child=2 4 6 11 19 8 15 10 47 18 -12 38 24 -15 16 32 36 52 60 -21 39 -23 37 -25 25 -27 -28 61 -30 -31 -32 -33 33 -35 -36 45 -38 -39 -40 -41 -42 -43 -44 -45 -46 53 -48 -49 -50 -51 -52 -53 -54 -55 -56 -57 -58 -59 -60 -61 -62 -63
leaf_value=-4.1586103129038339 -2.0557252616717898 -2.0410890714380829 4.2628048463301225 -2.1587287978312681 5.3234896156560172 1.8460706694956568 11.438728512658015 -1.9512194361884327 4.074283623503101 5.6541141582136403 1.6489320434524235 0.23986133924428971 9.1261706621750545 6.7725654220581051 -1.3838765330295493 13.565789735111697 1.9006012214825081 2.7521385450151907 7.3783973989486702 9.9929565949873496 0.62747818559131163 4.9414465695619585 -0.86405686653355362 7.8897454962843945 12.761683323837463 18.158979279062024 -1.766939495600039 16.204542030921349 -3.8791635166282306 -3.7715128767801214 -3.6905297474205847 -3.644060645750816 17.33906031619297 23.618630599975589 19.843335564931238 14.700376091003418 3.4361297133990698 2.4757823409474629 3.4422829276084901 -2.5991879231493242 -0.97870000419976511 0.099931057412177338 -2.1452559760854215 5.3040666762070785 1.4624014452099801 7.8959581854126668 2.1089165563781225 6.577317689952995 -3.3629305297735992 15.649571237109956 -1.0188088519554162 -0.55167393259064645 5.7887338581085208 10.702239925211126 -0.4638615904567398 1.0332681035002074 -1.8343173489488405 8.8037415329290898 0.27335102323648391 12.523832831466407 11.648972557866296 12.087297147253286
leaf_weight=855 29 234 22 535 89 459 72 1381 124 119 141 69 46 25 323 58 398 158 25 66 511 56 253 21 42 46 186 65 163 163 171 151 89 24 24 20 105 49 125 71 714 140 79 39 85 55 119 133 2050 21 571 501 50 165 107 66 58 49 163 57 43 23
leaf_count=855 29 234 22 535 89 459 72 1381 124 119 141 69 46 25 323 58 398 158 25 66 511 56 253 21 42 46 186 65 163 163 171 151 89 24 24 20 105 49 125 71 714 140 79 39 85 55 119 133 2050 21 571 501 50 165 107 66 58 49 163 57 43 23
internal_value=0.00444666 -1.12241 10.6127 -2.19826 1.2754 1.00365 12.9623 -2.73935 2.29425 4.81808 -1.93804 -0.616574 11.1911 -0.922763 0.0523008 15.5717 0.687782 1.63779 7.26313 7.31178 -1.02818 1.25263 1.03287 2.1126 13.3661 15.583 -3.48698 13.4681 -2.12243 -2.01144 -1.89274 -1.75587 17.2978 18.6728 15.4031 9.70842 1.43875 -0.322162 2.30328 -0.19439 -1.61977 1.67429 0.0690983 2.11688 -0.536904 10.3923 1.29287 5.36963 -3.59712 11.7928 -1.57022 -1.02586 3.48209 10.0007 1.12479 -0.97377 0.376539 7.39669 1.4278 11.0064 10.0789 15.1284
internal_weight=12851 11617 1234 8019 3598 3443 878 5975 1461 356 2884 2044 523 1850 1982 355 1247 1204 187 155 1825 996 940 169 212 88 3091 160 2743 2580 2417 2246 195 113 82 311 773 302 194 719 2095 638 648 498 474 240 148 257 2905 124 1106 735 208 220 668 389 569 71 561 103 68 88
internal_count=12851 11617 1234 8019 3598 3443 878 5975 1461 356 2884 2044 523 1850 1982 355 1247 1204 187 155 1825 996 940 169 212 88 3091 160 2743 2580 2417 2246 195 113 82 311 773 302 194 719 2095 638 648 498 474 240 148 257 2905 124 1106 735 208 220 668 389 569 71 561 103 68 88
is_linear=0
shrinkage=0.05


Tree=13
num_leaves=63
num_cat=0
split_feature=28 35 36 35 35 36 17 35 17 9 4 9 35 9 4 17 35 4 25 16 5 35 16 25 5 5 35 39 9 32 6 4 16 25 35 31 36 35 39 39 7 38 19 24 23 24 29 38 35 35 35 36 32 32 31 31 38 19 39 4 31 19
split_gain=5.54571e+07 1.43233e+07 6.06507e+06 2.80935e+06 1.95818e+06 1.46496e+06 1.176e+06 1.15726e+06 1.1146e+06 1.0036e+06 934038 904986 871629 868576 827286 594571 534005 445463 306806 328535 289045 276794 274721 289395 276037 259580 200020 202835 197531 189499 222687 189111 182865 188206 177481 174738 169366 168500 174308 160723 154302 173412 171814 161769 158833 143663 156208 166066 140224 138803 131084 130983 129659 157161 129318 123693 122040 161581 123501 121268 120115 118768
threshold=1.0000000180025095e-35 618.75000000000011 214.7416666666667 1036.0000000000002 304.45000000000005 315.3250000000001 1.0000000180025095e-35 401.55000000000007 1.0000000180025095e-35 1.0000000180025095e-35 1.0000000180025095e-35 1.0000000180025095e-35 918.1500000000002 1.0000000180025095e-35 1.0000000180025095e-35 1.0000000180025095e-35 769.55000000000007 1.0000000180025095e-35 1.0000000180025095e-35 1.0000000180025095e-35 1.0000000180025095e-35 813.45000000000016 1.0000000180025095e-35 1.0000000180025095e-35 1.0000000180025095e-35 1.0000000180025095e-35 1211.5500000000002 1.0000000180025095e-35 1.0000000180025095e-35 308.65000000000003 1.0000000180025095e-35 1.0000000180025095e-35 1.0000000180025095e-35 1.0000000180025095e-35 385.75000000000006 289.35000000000008 162.62916666666669 452.25000000000006 1.0000000180025095e-35 1.0000000180025095e-35 1.0000000180025095e-35 1.0000000180025095e-35 1.0000000180025095e-35 1.0000000180025095e-35 1.0000000180025095e-35 1.0000000180025095e-35 1.0000000180025095e-35 1.0000000180025095e-35 1026.7 1352.45 166.25000000000003 289.61666666666673 102.95000000000002 390.85000000000008 204.45000000000002 216.75000000000003 1.0000000180025095e-35 1.0000000180025095e-35 1.0000000180025095e-35 1.0000000180025095e-35 392.45000000000005 1.0000000180025095e-35
decision_type=2 2 2 2 2 2 2 2 2 2 2 2 2 2 2 2 2 2 2 2 2 2 2 2 2 2 2 2 2 2 2 2 2 2 2 2 2 2 2 2 2 2 2 2 2 2 2 2 2 2 2 2 2 2 2 2 2 2 2 2 2 2
left_child=1 4 7 6 28 12 9 36 11 10 18 17 37 14 15 22 34 25 19 20 40 55 23 24 39 32 27 48 31 -18 -31 50 33 56 -7 -29 -2 -4 52 45 41 43 -43 44 -3 46 47 -6 -14 -13 -1 -8 -39 54 -54 -9 58 -58 -5 -11 -16 -49
right_child=2 3 5 8 13 16 51 21 -10 59 -12 49 26 -15 60 -17 29 -19 -20 -21 -22 -23 -24 -25 -26 -27 -28 35 -30 30 -32 -33 -34 -35 -36 -37 -38 38 -40 -41 -42 42 -44 -45 -46 -47 -48 61 -50 -51 -52 -53 53 -55 -56 -57 57 -59 -60 -61 -62 -63
leaf_value=-4.0018253810853039 0.39779045134782792 0.0603203343752933 6.7631907726035401 2.8114697931443944 -1.7362444519620823 10.09976944923401 4.9332063953578471 4.9227869595148981 9.2961332264920369 2.3606096415747615 2.1903342877811784 5.1051763641167875 11.586985745429994 0.86983101148517228 -0.10661746525087733 4.0129038764880258 13.846973645930388 4.7007745816519391 0.9784146096557379 2.8256608811116988 0.57445519248403898 10.64310938941108 1.6458754385295125 -0.77977112162207229 -0.88732020068986106 3.5960879374008914 16.128809130191804 12.455864646434785 -1.7578324273039225 18.231868510776096 12.670505964188349 -1.8668522469481532 4.8011997239457243 3.1199762039845531 13.738609356063982 7.4078372192382815 3.8507774417216964 14.460484943389893 8.0455910083257933 -3.0496220389043782 -2.2941201273728962 -2.4474531142229448 0.74620697969198235 -1.9072327635590991 -1.8002264924347402 -3.4535878567968696 -3.3840782110219778 -3.6186352812010671 15.477715181870895 8.121045749664308 -3.2914039170201885 9.2408682403564466 5.77681150890532 13.931123589385642 10.203277978649389 7.8597340218482472 -0.89265806659604563 2.5486288412019267 0.72116334600293119 5.4515172685895656 2.0160792487732908 -0.29588183276355268
leaf_weight=1098 112 635 68 102 1358 48 60 85 71 340 373 161 40 301 229 39 49 152 296 62 289 45 46 309 283 156 44 40 177 126 21 171 36 101 111 30 52 20 106 972 247 267 50 189 140 227 215 203 55 50 1589 25 21 22 77 62 165 43 230 35 94 31
leaf_count=1098 112 635 68 102 1358 48 60 85 71 340 373 161 40 301 229 39 49 152 296 62 289 45 46 309 283 156 44 40 177 126 21 171 36 101 111 30 52 20 106 972 247 267 50 189 140 227 215 203 55 50 1589 25 21 22 77 62 165 43 230 35 94 31
internal_value=0.00422433 -1.06629 10.0821 1.23454 -2.40598 12.3142 0.402671 4.57717 3.20949 0.234082 -0.121346 2.84816 10.6315 -1.72052 -1.91515 -2.12794 14.7932 2.21158 -0.517785 -0.753483 -0.875611 7.21188 -2.19366 -2.24275 -2.38019 1.75737 13.1335 12.3347 -3.37872 16.5398 17.4374 -3.4791 1.33368 1.13894 12.6401 10.2924 1.49264 8.96621 9.57517 -2.52074 -1.14987 -0.929239 -1.94372 -0.595638 -0.275778 -2.268 -2.11907 -1.94823 13.8395 5.81984 -3.58171 6.20017 10.7333 10.1121 9.25475 6.1615 0.768407 -0.181238 1.36337 2.64909 0.511133 -3.17844
internal_weight=12851 11617 1234 4275 7342 878 3008 356 1267 2923 2548 1196 523 4307 4006 3683 355 985 2175 1879 1817 192 3644 3598 3289 833 209 165 3035 196 147 2858 677 641 159 70 164 314 246 3006 1528 1281 317 964 775 2034 1807 1592 95 211 2687 85 140 120 98 147 540 208 332 375 323 234
internal_count=12851 11617 1234 4275 7342 878 3008 356 1267 2923 2548 1196 523 4307 4006 3683 355 985 2175 1879 1817 192 3644 3598 3289 833 209 165 3035 196 147 2858 677 641 159 70 164 314 246 3006 1528 1281 317 964 775 2034 1807 1592 95 211 2687 85 140 120 98 147 540 208 332 375 323 234
is_linear=0
shrinkage=0.05


Tree=14
num_leaves=63
num_cat=0
split_feature=28 35 36 35 17 9 36 35 9 4 4 35 35 17 35 17 35 35 25 25 35 23 21 4 9 36 35 35 36 32 6 36 35 35 7 23 35 31 31 36 9 4 23 14 11 31 38 25 36 32 33 25 25 0 29 36 11 36 4 36 36 1
split_gain=5.005e+07 1.30349e+07 5.47373e+06 3.11359e+06 1.81489e+06 1.41927e+06 1.32213e+06 1.04443e+06 1.01829e+06 956268 811664 786645 662015 540964 481940 459105 436929 308603 276867 254682 249807 203418 201728 200255 213316 193789 183744 183092 179158 171116 202258 162025 160177 152071 152003 151790 157026 145494 144419 132767 124980 133227 116331 115374 125180 114082 108030 107612 106496 105687 100711 97676.4 93370.6 93267.1 93237.1 90692.1 90454.2 90232.7 87790.2 87652.2 86073.5 84557.3
threshold=1.0000000180025095e-35 774.25000000000011 214.7416666666667 410.55000000000007 1.0000000180025095e-35 1.0000000180025095e-35 315.3250000000001 401.55000000000007 1.0000000180025095e-35 1.0000000180025095e-35 1.0000000180025095e-35 918.1500000000002 1140.5000000000002 1.0000000180025095e-35 769.55000000000007 1.0000000180025095e-35 256.45000000000005 1107.4500000000003 1.0000000180025095e-35 1.0000000180025095e-35 813.45000000000016 1.0000000180025095e-35 1.0000000180025095e-35 1.0000000180025095e-35 1.0000000180025095e-35 264.71666666666675 1352.45 552.85000000000014 276.02500000000003 309.95000000000005 1.0000000180025095e-35 94.316666666666677 385.75000000000006 452.25000000000006 1.0000000180025095e-35 1.0000000180025095e-35 1474.1500000000003 328.65000000000003 289.35000000000008 294.05000000000007 1.0000000180025095e-35 1.0000000180025095e-35 1.0000000180025095e-35 1.0000000180025095e-35 1.0000000180025095e-35 86.450000000000017 1.0000000180025095e-35 1.0000000180025095e-35 270.65833333333336 184.85000000000005 295.45000000000005 1.0000000180025095e-35 1.0000000180025095e-35 1.0000000180025095e-35 1.0000000180025095e-35 337.55000000000007 1.0000000180025095e-35 456.12500000000006 1.0000000180025095e-35 357.87500000000006 288.28333333333336 1.0000000180025095e-35
decision_type=2 2 2 2 2 2 2 2 2 2 2 2 2 2 2 2 2 2 2 2 2 2 2 2 2 2 2 2 2 2 2 2 2 2 2 2 2 2 2 2 2 2 2 2 2 2 2 2 2 2 2 2 2 2 2 2 2 2 2 2 2 2
left_child=1 3 7 13 5 9 11 31 10 12 15 33 19 16 32 18 40 58 21 34 45 27 37 24 47 38 59 54 50 55 52 -2 -8 -4 42 36 46 -13 -24 -39 41 -1 43 44 53 -9 -14 -18 -10 -47 -6 -19 -31 61 -5 -16 -29 -34 -7 -11 -12 -3
right_child=2 4 6 8 28 17 14 20 48 26 60 22 35 -15 29 -17 23 51 -20 -21 -22 -23 25 -25 -26 -27 -28 56 -30 30 -32 -33 57 -35 -36 -37 -38 39 -40 -41 -42 -43 -44 -45 -46 49 -48 -49 -50 -51 -52 -53 -54 -55 -56 -57 -58 -59 -60 -61 -62 -63
leaf_value=-3.5817784199115743 -1.9728284819372768 1.0040324598165209 6.4250310883802531 -1.7931442329900085 4.2253023974100747 2.8827875526653508 9.594781136512756 2.7001109510660175 0.798810121803603 2.7956317220905467 0.41878077736087871 12.460765138017127 2.774291285812855 4.0572489159447809 10.580227499008179 3.9051598756550217 -2.7554761503268295 5.4437434111322673 -0.15889561882284631 1.7023823272560445 10.110953874588013 -2.8913471648411724 15.06095933460054 -0.4811104626173065 -0.42791024680951972 16.962254812778571 7.7522263485452401 -0.88653335391390553 9.1731848676999412 16.743736752101352 12.036980703898839 2.146409901248084 12.383358294230241 9.0964141938017633 -1.533865836321108 0.41313557058146277 4.8016981546301398 6.1576548324389897 9.2640656790950082 11.650776812163267 -1.9091198801104703 -1.9773726622263592 -1.1361084730992486 -1.9501976604814883 -0.94118376957239025 5.2144097140137582 1.0839907384624607 -1.3804074629947738 2.4950283648951954 8.1813006410231974 8.3531928842717953 8.8961112082004554 20.471260948181154 -1.6249171346239746 -3.1285054553788285 14.926971734911204 -2.1517609181892445 16.092536697387697 5.9987137067317962 4.9362414247111275 2.0119596194329223 -1.5243498883928572
leaf_weight=2074 29 599 68 1327 45 236 48 24 239 297 255 83 250 28 20 39 1870 140 321 211 45 322 21 126 114 39 23 948 72 105 21 135 91 246 177 107 64 22 22 22 134 138 172 54 137 71 152 154 151 52 22 24 20 40 145 30 166 20 25 57 127 35
leaf_count=2074 29 599 68 1327 45 236 48 24 239 297 255 83 250 28 20 39 1870 140 321 211 45 322 21 126 114 39 23 948 72 105 21 135 91 246 177 107 64 22 22 22 134 138 172 54 137 71 152 154 151 52 22 24 20 40 145 30 166 20 25 57 127 35
internal_value=0.00401311 -1.01297 9.57801 -1.98766 1.865 1.58817 11.6985 4.34831 -0.972898 1.11197 -1.23238 10.0999 0.676159 -2.87159 14.0535 -1.48729 -2.91367 4.24926 -1.55243 0.0990256 6.85128 -1.70625 12.4768 -2.41816 -2.53232 14.41 3.42167 -1.55869 7.44157 15.7128 16.5774 1.41801 12.0081 8.5179 -0.179647 2.11144 2.50139 11.2286 12.0951 8.90422 -3.39186 -3.48168 0.0514976 0.287646 0.436651 5.85342 2.13517 -2.65085 1.45555 6.46871 5.58073 5.94897 17.3401 0.716716 -1.92468 13.1883 -1.07507 13.0517 3.18125 3.14031 0.94845 0.864453
internal_weight=12851 11617 1234 8678 2939 2800 878 356 4040 2375 3650 523 1998 4638 355 3268 4610 425 3229 1425 192 2908 209 2264 2138 82 377 2586 139 196 146 164 159 314 1214 573 466 127 43 44 2346 2212 1037 865 811 147 402 2024 390 123 67 164 125 674 1472 50 1114 111 261 354 382 634
internal_count=12851 11617 1234 8678 2939 2800 878 356 4040 2375 3650 523 1998 4638 355 3268 4610 425 3229 1425 192 2908 209 2264 2138 82 377 2586 139 196 146 164 159 314 1214 573 466 127 43 44 2346 2212 1037 865 811 147 402 2024 390 123 67 164 125 674 1472 50 1114 111 261 354 382 634
is_linear=0
shrinkage=0.05


Tree=15
num_leaves=63
num_cat=0
split_feature=28 33 36 32 17 36 36 31 36 4 31 4 37 4 31 4 37 23 32 21 36 31 21 32 36 31 32 36 36 23 24 7 29 34 36 31 33 24 37 24 32 36 37 34 34 31 31 32 23 31 33 32 24 29 29 23 4 7 32 39 36 0
split_gain=4.5139e+07 8.8467e+06 5.0513e+06 2.02481e+06 1.92574e+06 1.28189e+06 1.2745e+06 980233 776040 571835 551102 480438 478131 447022 402693 353034 336358 331593 302528 283963 281377 278994 277940 414890 271577 261221 254413 235164 213059 212718 227518 213684 200161 190916 173758 170977 156918 153897 153860 150536 144741 134037 132246 126602 126288 112709 112525 96223.9 95211.1 94989.5 94502.1 91598.3 86908.6 90488.9 85574.4 88986.3 83883.7 83730.9 81204.5 79955.7 78600.9 77250.2
threshold=1.0000000180025095e-35 54.250000000000007 212.8666666666667 132.05000000000004 1.0000000180025095e-35 337.55000000000007 277.15833333333336 263.25000000000006 161.15000000000001 1.0000000180025095e-35 338.05000000000007 1.0000000180025095e-35 3.5000000000000004 1.0000000180025095e-35 390.80000000000001 1.0000000180025095e-35 3.5000000000000004 1.0000000180025095e-35 183.65000000000001 1.0000000180025095e-35 169.91666666666671 186.55000000000004 1.0000000180025095e-35 405.75000000000006 373.83333333333337 446.75000000000006 341.65000000000003 278.37500000000006 277.15833333333336 1.0000000180025095e-35 1.0000000180025095e-35 1.0000000180025095e-35 1.0000000180025095e-35 124.15000000000002 296.61250000000007 428.65000000000003 393.00000000000006 1.0000000180025095e-35 4.5000000000000009 1.0000000180025095e-35 338.25000000000006 94.316666666666677 3.5000000000000004 218.95000000000002 117.80000000000001 120.25000000000001 425.05000000000007 66.050000000000011 1.0000000180025095e-35 179.05000000000004 213.90000000000003 362.55000000000007 1.0000000180025095e-35 1.0000000180025095e-35 1.0000000180025095e-35 1.0000000180025095e-35 1.0000000180025095e-35 1.0000000180025095e-35 102.95000000000002 1.0000000180025095e-35 216.95833333333334 1.0000000180025095e-35
decision_type=2 2 2 2 2 2 2 2 2 2 2 2 2 2 2 2 2 2 2 2 2 2 2 2 2 2 2 2 2 2 2 2 2 2 2 2 2 2 2 2 2 2 2 2 2 2 2 2 2 2 2 2 2 2 2 2 2 2 2 2 2 2
left_child=1 3 8 7 6 12 13 45 21 17 26 29 14 16 28 39 60 24 25 58 -18 41 23 -14 37 -7 49 51 47 30 31 32 35 -26 50 -9 -20 42 -22 40 -12 -2 57 -11 -15 -1 -38 -4 52 -5 -6 -24 53 -28 55 -42 -47 -8 -10 -52 -3 -44
right_child=2 4 5 10 34 18 9 11 19 43 15 -13 22 44 -16 -17 20 -19 36 -21 38 -23 27 -25 33 -27 48 -29 -30 -31 -32 -33 -34 -35 -36 -37 46 -39 -40 -41 54 -43 61 -45 -46 56 -48 -49 -50 -51 59 -53 -54 -55 -56 -57 -58 -59 -60 -61 -62 -63
leaf_value=-3.6319351202186341 -1.9391701496008673 -1.7518228792054142 4.2784752932461831 -2.364919475977695 3.4801094214121502 9.956755053807818 1.6709058442638374 -1.7988965886250288 3.401538441375811 3.6998087981364112 -0.49204683811109301 0.80356668465516778 8.8747857715549152 1.0013092293788535 11.9987049312968 3.1166519769869354 -1.1949239281096287 -0.24665876616005941 14.34811781575857 9.0534271177017338 0.28352260733298207 5.8342164366585871 13.458664375107464 15.228737029162321 2.6449893250558527 15.760996082850866 0.042112595720650403 17.503112159823552 9.3865215059536613 -3.7796368660864896 -3.7643779194595028 -3.5808404769897466 -3.3686521851631905 6.3125374690511009 8.829322916831611 -0.82479676747015707 15.626896602766855 0.067741883697453889 1.7526185667738614 -2.0942136369032016 1.4426778531736038 1.6793491684031068 3.0972669403392152 6.4050310399743822 2.9798999821534382 -3.0119099863678258 20.468665722438271 7.3089636751516593 -2.2799567257261111 -1.3760081381743798 8.0421049717310318 9.4593944755298178 -2.2404940758432663 -1.9806214339069783 -1.7393907343702659 -1.3447846706956625 -1.4895093265920878 -0.44452636034360959 6.0633571645487914 4.4635962896876862 -0.62670442150606798 0.27576771577199305
leaf_weight=849 33 298 33 427 42 63 284 1510 49 143 419 165 116 218 76 95 248 192 121 66 603 35 41 33 100 28 511 29 134 154 149 150 155 55 53 642 28 128 253 85 272 114 239 62 128 1574 21 127 72 563 37 22 56 62 28 32 96 56 69 27 324 27
leaf_count=849 33 298 33 427 42 63 284 1510 49 143 419 165 116 218 76 95 248 192 121 66 603 35 41 33 100 28 511 29 134 154 149 150 155 55 53 642 28 128 253 85 272 114 239 62 128 1574 21 127 72 563 37 22 56 62 28 32 96 56 69 27 324 27
internal_value=-0.00774016 -0.977658 9.06702 -1.8901 1.11498 11.1362 0.860386 -2.43989 4.13722 2.09683 -0.748603 -1.81726 9.88322 0.0929791 8.75439 0.228333 -0.23584 1.63768 14.0694 6.42703 0.288076 1.82226 11.6163 10.282 2.04465 11.7427 -1.28647 13.7772 7.91572 -1.97394 -1.86723 -1.75219 -1.63329 3.94638 6.49178 -1.5083 15.3148 1.64306 0.71773 -0.0998845 0.125838 0.867029 1.9758 4.51797 1.73327 -3.16286 17.7019 6.68393 -0.557637 -1.80254 5.32301 12.0621 -0.360488 -0.176752 0.90564 1.14926 -2.92439 1.32248 4.95803 6.53242 -1.16575 2.81087
internal_weight=12821 11583 1238 8066 3517 872 3358 5444 366 1286 2622 2925 611 2072 370 931 1726 1081 261 184 1104 182 241 149 889 91 1691 92 294 2760 2606 2457 2307 155 159 2152 170 734 856 836 751 147 606 205 346 2519 49 160 701 990 106 63 629 573 332 304 1670 340 118 64 622 266
internal_count=12821 11583 1238 8066 3517 872 3358 5444 366 1286 2622 2925 611 2072 370 931 1726 1081 261 184 1104 182 241 149 889 91 1691 92 294 2760 2606 2457 2307 155 159 2152 170 734 856 836 751 147 606 205 346 2519 49 160 701 990 106 63 629 573 332 304 1670 340 118 64 622 266
is_linear=0
shrinkage=0.05


Tree=16
num_leaves=63
num_cat=0
split_feature=28 35 36 35 35 36 35 9 9 35 4 9 35 4 35 4 16 12 16 25 21 12 9 16 25 5 36 12 4 23 32 25 35 5 35 33 35 12 29 32 32 35 34 0 36 36 32 35 36 39 31 25 39 35 31 0 39 31 4 36 4 34
split_gain=4.0738e+07 1.09224e+07 4.5588e+06 1.77765e+06 1.61544e+06 1.1569e+06 927398 730942 693739 627330 559649 530622 456873 455035 380592 371922 329943 304979 315817 250729 247574 247339 219601 214773 210698 210072 200293 191517 179589 170889 170062 168088 165935 165522 161448 162877 158259 152334 146982 166164 157373 291257 236123 135612 133031 125323 122832 122049 117787 113396 111986 111907 112940 110138 105619 92360 90970.5 90852.9 87907.7 92494 86611 84684.3
threshold=1.0000000180025095e-35 686.45000000000016 212.8666666666667 422.45000000000005 1018.5500000000001 337.55000000000007 341.25000000000006 1.0000000180025095e-35 1.0000000180025095e-35 774.25000000000011 1.0000000180025095e-35 1.0000000180025095e-35 238.55000000000004 1.0000000180025095e-35 446.95000000000005 1.0000000180025095e-35 1.0000000180025095e-35 1.0000000180025095e-35 1.0000000180025095e-35 1.0000000180025095e-35 1.0000000180025095e-35 1.0000000180025095e-35 1.0000000180025095e-35 1.0000000180025095e-35 1.0000000180025095e-35 1.0000000180025095e-35 278.37500000000006 1.0000000180025095e-35 1.0000000180025095e-35 1.0000000180025095e-35 196.15000000000001 1.0000000180025095e-35 1291.7500000000002 1.0000000180025095e-35 648.85000000000002 138.35000000000005 670.35000000000002 1.0000000180025095e-35 1.0000000180025095e-35 270.45000000000005 405.75000000000006 1107.4500000000003 1.0000000180025095e-35 1.0000000180025095e-35 281.71250000000003 108.52500000000002 186.75000000000003 1241.4000000000003 162.62916666666669 1.0000000180025095e-35 408.95000000000005 1.0000000180025095e-35 1.0000000180025095e-35 1291.7500000000002 273.45000000000005 1.0000000180025095e-35 1.0000000180025095e-35 487.35000000000008 1.0000000180025095e-35 303.53750000000008 1.0000000180025095e-35 225.90000000000003
decision_type=2 2 2 2 2 2 2 2 2 2 2 2 2 2 2 2 2 2 2 2 2 2 2 2 2 2 2 2 2 2 2 2 2 2 2 2 2 2 2 2 2 2 2 2 2 2 2 2 2 2 2 2 2 2 2 2 2 2 2 2 2 2
left_child=1 3 6 12 8 9 45 15 13 30 11 21 60 17 -7 16 19 18 25 27 38 23 28 24 33 31 -22 43 37 32 36 55 -9 56 48 -36 50 51 40 -40 42 -42 46 49 -32 -2 -11 -18 -8 -6 -4 52 -14 -17 -44 -3 -5 -16 59 -10 -1 -56
right_child=2 4 5 10 7 14 34 29 58 20 -12 -13 22 -15 57 53 47 -19 -20 -21 26 -23 -24 -25 -26 -27 -28 -29 -30 -31 44 -33 -34 -35 35 -37 -38 -39 39 -41 41 -43 54 -45 -46 -47 -48 -49 -50 -51 -52 -53 -54 -55 61 -57 -58 -59 -60 -61 -62 -63
leaf_value=-3.1846213170773474 -1.2030551805496217 -0.91751427788841744 6.3166101187797423 -1.7255773589754513 1.9380731624208001 9.9086413274045864 3.1571648631179543 4.824088826583278 1.7190891970120283 15.395597859621049 1.0529154528323879 0.96132698282300222 -2.3203368103197604 2.0293884743464319 13.972670391868144 3.6256317268636895 3.6920400927143713 1.5049820367350759 3.3013741112181116 3.4843787618366813 11.290934907180677 0.018839249051520675 -0.34100838574285836 2.0030390123277906 -0.1799904570493569 0.90771749248206446 15.979684061162613 2.8124419849869366 -0.61506250570967513 1.5112931165695191 7.6214870795607572 0.61691980206340724 7.9123048718295879 -0.55941104230386285 4.2392916407585153 9.0200135184872536 2.2097777523472906 -0.86222283973156844 10.299484270269222 4.0814748720044181 9.2396756338036585 17.384109106517975 6.7406079698491981 -1.6919867525100711 10.973108506329517 1.8895349101957521 10.61608436856328 8.6288793790908098 6.1555610521853747 0.4406374475313351 10.429348976612092 -1.2265661751331631 -3.1249888668976253 6.5626525331111187 7.992683153567107 -2.9399798436959586 -2.4608353172445057 16.957154925664266 5.0877461665017272 3.587246174762182 -1.812603313023927 12.441317441463472
leaf_weight=2012 50 954 96 1073 209 61 57 124 174 20 295 249 1511 292 170 133 31 251 56 145 69 254 161 40 208 216 34 148 159 25 80 181 67 220 25 62 20 161 22 21 23 21 54 50 47 95 41 21 77 320 20 172 613 42 23 60 692 30 35 107 122 20
leaf_count=2012 50 954 96 1073 209 61 57 124 174 20 295 249 1511 292 170 133 31 251 56 145 69 254 161 40 208 216 34 148 159 25 80 181 67 220 25 62 20 161 22 21 23 21 54 50 47 95 41 21 77 320 20 172 613 42 23 60 692 30 35 107 122 20
internal_value=-0.00735316 -0.928775 8.61367 -1.96837 1.33886 10.5794 3.93036 2.73957 0.546973 9.38906 -1.01619 -1.23928 -2.55604 0.204593 13.3659 2.21696 1.81666 -0.105559 -0.381119 1.58594 10.7819 -1.45961 -2.13328 -1.62778 -1.694 -0.52727 12.8387 1.20729 -2.24359 5.39858 7.54613 -0.786648 5.90739 -1.85265 5.96905 7.64624 6.31748 -2.34898 9.91715 7.26278 10.4822 13.1268 9.74571 0.796998 8.86185 0.823125 12.1831 5.68576 4.88012 1.03225 7.0257 -2.45323 -2.55256 4.33052 8.2129 -1.03719 -2.01385 14.4203 2.72477 2.43045 -3.10618 10.0618
internal_weight=12821 11583 1238 7942 3641 872 366 1315 2326 611 3031 2736 4911 2010 261 1099 924 1718 1467 872 348 2487 2777 2233 2193 1411 103 727 2616 216 263 1195 191 1985 221 87 136 2457 245 43 202 44 158 579 127 145 61 52 134 529 116 2296 2124 175 97 1014 1765 200 316 281 2134 43
internal_count=12821 11583 1238 7942 3641 872 366 1315 2326 611 3031 2736 4911 2010 261 1099 924 1718 1467 872 348 2487 2777 2233 2193 1411 103 727 2616 216 263 1195 191 1985 221 87 136 2457 245 43 202 44 158 579 127 145 61 52 134 529 116 2296 2124 175 97 1014 1765 200 316 281 2134 43
is_linear=0
shrinkage=0.05


Tree=17
num_leaves=63
num_cat=0
split_feature=28 35 36 17 35 9 36 35 4 12 35 4 9 17 35 35 35 35 17 12 35 21 25 35 9 36 4 25 32 4 32 35 33 35 12 29 32 32 34 34 35 12 36 39 2 32 25 23 23 36 24 35 32 31 33 31 35 40 29 39 24 2
split_gain=3.6766e+07 9.85747e+06 4.11432e+06 1.85432e+06 1.60433e+06 1.44835e+06 1.04411e+06 836976 812626 613181 566166 505084 478886 437493 397043 389002 347169 343485 331482 234301 226516 223436 214071 211472 209077 180764 172663 172394 168116 162163 153481 145707 146996 142829 133866 132651 149963 142029 265790 213101 124626 115822 113104 111368 154436 110856 110226 110066 108359 106303 106163 103885 105048 103621 102110 101068 95723.9 95340.3 87283.1 86520.6 101278 95295.7
threshold=1.0000000180025095e-35 686.45000000000016 212.8666666666667 1.0000000180025095e-35 422.45000000000005 1.0000000180025095e-35 337.55000000000007 341.25000000000006 1.0000000180025095e-35 1.0000000180025095e-35 774.25000000000011 1.0000000180025095e-35 1.0000000180025095e-35 1.0000000180025095e-35 932.50000000000011 238.55000000000004 1241.4000000000003 446.95000000000005 1.0000000180025095e-35 1.0000000180025095e-35 1129.3500000000001 1.0000000180025095e-35 1.0000000180025095e-35 1291.7500000000002 1.0000000180025095e-35 278.37500000000006 1.0000000180025095e-35 1.0000000180025095e-35 405.75000000000006 1.0000000180025095e-35 196.15000000000001 648.85000000000002 138.35000000000005 670.35000000000002 1.0000000180025095e-35 1.0000000180025095e-35 270.45000000000005 405.75000000000006 136.55000000000004 1.0000000180025095e-35 562.75000000000011 1.0000000180025095e-35 108.52500000000002 1.0000000180025095e-35 1.0000000180025095e-35 186.75000000000003 1.0000000180025095e-35 1.0000000180025095e-35 1.0000000180025095e-35 162.62916666666669 1.0000000180025095e-35 926.15000000000009 316.55000000000007 456.35000000000008 57.500000000000007 408.95000000000005 1198.6500000000003 5.5000000000000009 1.0000000180025095e-35 1.0000000180025095e-35 1.0000000180025095e-35 1.0000000180025095e-35
decision_type=2 2 2 2 2 2 2 2 2 2 2 2 2 2 2 2 2 2 2 2 2 2 2 2 2 2 2 2 2 2 2 2 2 2 2 2 2 2 2 2 2 2 2 2 2 2 2 2 2 2 2 2 2 2 2 2 2 2 2 2 2 2
left_child=1 4 7 5 13 8 10 42 9 14 30 12 18 15 47 -1 29 -8 19 27 -10 35 48 -11 26 -23 34 43 51 41 33 49 -33 55 46 37 -37 39 -39 45 -32 53 -2 50 -45 -12 59 -3 56 -9 58 -5 -53 -7 -42 -4 -16 -41 -6 60 -17 -61
right_child=2 3 6 28 11 16 17 31 20 23 21 -13 -14 -15 22 24 -18 -19 -20 -21 -22 25 -24 -25 -26 -27 -28 -29 -30 -31 40 32 -34 -35 -36 36 -38 38 -40 57 54 -43 -44 44 -46 -47 -48 -49 -50 -51 -52 52 -54 -55 -56 -57 -58 -59 -60 61 -62 -63
leaf_value=-2.9726057323753459 -1.142902463078499 -0.50888900683288563 6.0007796876132495 3.9190155823924102 -1.1075907230026583 1.9089965819815795 9.4132094086193643 2.999306616134811 1.9417827968400989 1.6163699728663858 14.625818028450013 1.0002696724084474 0.91326063459058371 3.8038675240107942 0.16147178846972909 -2.1468210848911906 6.3309482292695485 13.699326016902925 4.1233232748729218 -0.002696767929823153 4.5976943663679632 10.726388143888419 2.2739327038004555 5.2137996825187107 -0.32395796286439676 15.180699654186473 -0.58430938510774821 -0.23832274962954478 9.5869928850067989 5.5030521383652324 6.3752897637955686 4.0273270373344427 8.5690128746412455 2.0992888623476027 -0.87738998253134237 9.7845100337808795 3.8774011146454583 8.5843615163456306 16.35654247457331 6.9532598257064819 10.823631053404375 5.0013975449970793 1.7950581905716345 -2.6632355886478005 -1.0633665223772399 10.085280195096644 -1.1652378633683331 -1.8528675291995977 -0.8580243059162852 5.8477830464963789 -2.6896449221419054 8.3393702320430592 4.3632118128813238 4.7134505768080022 6.969759336471558 9.9078814296424387 1.4624373308517213 10.696539109403439 -2.4106099198628592 -3.3741333568286245 -3.5778195170795217 -1.9885680678262876
leaf_weight=2124 50 962 96 49 935 300 61 57 352 365 20 295 249 28 413 1361 88 200 27 252 104 69 169 46 161 34 159 207 36 52 47 25 62 20 158 22 21 22 22 75 55 42 95 556 207 41 172 181 158 77 154 46 26 37 25 20 215 22 149 439 136 173
leaf_count=2124 50 962 96 49 935 300 61 57 352 365 20 295 249 28 413 1361 88 200 27 252 104 69 169 46 161 34 159 207 36 52 47 25 62 20 158 22 21 22 22 75 55 42 95 556 207 41 172 181 158 77 154 46 26 37 25 20 215 22 149 439 136 173
internal_value=-0.0069855 -0.882336 8.18299 1.27192 -1.86995 1.03239 10.0504 3.73384 0.605867 0.252981 8.91961 -0.965378 -1.17732 -2.42824 -0.0929846 -2.46398 3.46905 12.6976 -1.38663 -1.4471 2.54752 10.2428 0.659517 2.019 -2.07241 12.1967 -2.18077 -1.61195 6.58738 2.88472 7.16882 5.6706 7.26393 6.0016 -2.28484 9.42129 6.89964 9.95807 12.4705 9.25843 8.41876 2.52548 0.781968 -1.75405 -2.2292 11.574 -2.38233 -0.721715 0.312397 4.63612 -1.46121 5.69493 6.90354 2.2169 9.6193 6.67442 0.606866 7.80225 -1.2867 -2.48159 -2.27682 -2.98246
internal_weight=12821 11583 1238 3641 7942 3484 872 366 2965 2509 611 3031 2736 4911 2098 4883 519 261 2487 2460 456 348 955 411 2759 103 2598 2208 157 431 263 221 87 136 2439 245 43 202 44 158 127 379 145 2001 763 61 2281 1143 786 134 1238 121 72 337 80 116 628 97 1084 2109 1497 612
internal_count=12821 11583 1238 3641 7942 3484 872 366 2965 2509 611 3031 2736 4911 2098 4883 519 261 2487 2460 456 348 955 411 2759 103 2598 2208 157 431 263 221 87 136 2439 245 43 202 44 158 127 379 145 2001 763 61 2281 1143 786 134 1238 121 72 337 80 116 628 97 1084 2109 1497 612
is_linear=0
shrinkage=0.05


Tree=18
num_leaves=63
num_cat=0
split_feature=28 37 36 17 36 36 9 17 36 9 4 36 12 16 4 25 12 37 36 31 13 21 13 37 32 36 21 32 31 25 36 17 37 36 36 36 32 4 4 16 0 36 36 31 36 38 37 31 9 9 36 37 34 36 19 34 39 2 21 29 38 32
split_gain=3.31813e+07 6.14471e+06 3.71317e+06 1.77865e+06 1.4353e+06 1.37729e+06 1.09538e+06 966980 942306 915221 877279 588759 512363 540545 407354 404532 370036 366791 321047 312545 259754 256629 247792 247716 230799 214178 204114 309072 196999 186017 176355 175810 164370 162070 157125 156980 151677 147067 142323 138449 145405 137037 131920 129453 120654 106138 101731 101034 97942.9 94537.6 93763.6 92076.2 91486.3 110561 90168.9 89734.2 84439.4 160517 117477 93136.8 120415 82667.5
threshold=1.0000000180025095e-35 2.5000000000000004 212.8666666666667 1.0000000180025095e-35 230.82500000000005 231.85000000000005 1.0000000180025095e-35 1.0000000180025095e-35 337.55000000000007 1.0000000180025095e-35 1.0000000180025095e-35 115.87500000000001 1.0000000180025095e-35 1.0000000180025095e-35 1.0000000180025095e-35 1.0000000180025095e-35 1.0000000180025095e-35 3.5000000000000004 138.91250000000005 390.80000000000001 1.0000000180025095e-35 1.0000000180025095e-35 1.0000000180025095e-35 4.5000000000000009 183.65000000000001 354.05000000000007 1.0000000180025095e-35 405.75000000000006 446.75000000000006 1.0000000180025095e-35 278.37500000000006 1.0000000180025095e-35 1.5000000000000002 277.15833333333336 325.81666666666672 120.62500000000001 405.75000000000006 1.0000000180025095e-35 1.0000000180025095e-35 1.0000000180025095e-35 1.0000000180025095e-35 161.15000000000001 310.41666666666674 388.75000000000006 185.05833333333337 1.0000000180025095e-35 3.5000000000000004 345.15000000000003 1.0000000180025095e-35 1.0000000180025095e-35 283.94500000000005 1.5000000000000002 413.85000000000008 412.12500000000006 1.0000000180025095e-35 388.20000000000005 1.0000000180025095e-35 1.0000000180025095e-35 1.0000000180025095e-35 1.0000000180025095e-35 1.0000000180025095e-35 362.55000000000007
decision_type=2 2 2 2 2 2 2 2 2 2 2 2 2 2 2 2 2 2 2 2 2 2 2 2 2 2 2 2 2 2 2 2 2 2 2 2 2 2 2 2 2 2 2 2 2 2 2 2 2 2 2 2 2 2 2 2 2 2 2 2 2 2
left_child=1 5 11 4 18 31 7 10 17 14 12 -2 13 15 16 20 22 19 -3 33 32 44 29 38 28 37 27 -19 -10 39 61 35 56 -4 -18 -1 47 -11 48 40 46 -23 -8 -12 -13 -34 -6 -5 -20 51 -16 -37 53 -26 -47 -27 58 -58 59 60 -7 -28
right_child=2 3 8 36 9 6 42 -9 24 25 43 21 -14 -15 50 -17 34 26 23 -21 -22 41 -24 -25 52 55 30 -29 -30 -31 -32 -33 45 -35 -36 49 -38 -39 -40 -41 -42 -43 -44 -45 -46 54 -48 -49 -50 -51 -52 -53 -54 -55 -56 -57 57 -59 -60 -61 -62 -63
leaf_value=-3.0681688110623231 -0.57662449443978925 -1.9391179889669954 5.6717344404663894 4.0232198650616091 -0.92580024680407191 -1.7201575723332359 0.35576600241080181 8.073638888972777 8.4795706067766456 2.6036730948599027 0.27924925524617822 2.29560776606754 0.30735173654949172 3.7600793422654619 1.6492104672967163 -0.087480552535918021 1.4561184016731679 7.6335511887895651 -0.94271691881030506 10.34312136267361 -0.69308857310761862 4.332562065504967 1.6254153788838996 1.1384847535793463 12.091009939976825 4.9742141861385774 11.68486492459367 13.117673359495221 13.520063754490444 1.4156340738687714 15.069937344255118 1.7341413259506226 -1.3897840787510345 8.0288582825393817 4.0583927573263647 -2.7299471734623548 8.9594457991661578 5.7105899175008146 0.87991821112013191 2.1820741092270994 -2.8040327543797705 7.8652662929260373 2.4618804953881166 2.314870027188332 4.9061050491333011 -3.2226669149123284 0.26949053810974027 6.8800926716960209 0.56224306501993326 -1.018753357976675 3.4015226721204819 -2.0163567939161067 16.327083934610709 15.624325688680015 0.079679112136363986 8.9324819746471587 -3.4709529134709403 -1.5257670912944095 -3.6080433079894156 -3.2707329305883963 -3.3295980969345886 7.8855586171150209
leaf_weight=1011 70 341 160 84 406 921 118 27 63 248 211 108 311 43 146 288 211 116 893 76 319 47 242 268 123 45 41 33 28 158 29 24 745 134 80 963 31 45 152 47 69 66 201 124 75 149 317 49 123 134 160 852 20 27 24 21 419 142 142 146 133 22
leaf_count=1011 70 341 160 84 406 921 118 27 63 248 211 108 311 43 146 288 211 116 893 76 319 47 242 268 123 45 41 33 28 158 29 24 745 134 80 963 31 45 152 47 69 66 201 124 75 149 317 49 123 134 160 852 20 27 24 21 419 142 142 146 133 22
internal_value=-0.00663622 -0.838219 7.77384 0.707073 0.496384 -1.69646 -1.14046 -1.35779 9.54788 1.35157 -1.41964 3.54715 -1.63687 -1.81107 0.900106 -1.88095 0.567037 8.47363 -0.559971 7.48492 -2.04545 4.52237 0.190197 -0.232471 12.0627 3.66047 9.99156 8.84816 10.0305 -0.158172 11.8434 -2.52805 -2.19837 6.74607 2.17152 -2.5626 5.80986 3.08084 -0.54704 -0.45455 -0.611016 6.39591 1.68282 1.03273 3.36548 -1.64886 -0.401724 5.07575 -0.760522 -2.30035 2.56545 -2.39497 13.1505 12.727 -2.76454 6.23366 -2.46346 -2.97859 -2.24812 -2.08719 -1.92325 10.3581
internal_weight=12821 11583 1238 4136 3972 7447 4463 4144 872 2195 4117 366 3782 3471 1836 3428 1530 611 1777 370 3140 296 1239 1436 261 359 241 149 91 997 92 2984 2821 294 291 2960 164 293 1168 839 792 113 319 335 183 918 723 133 1016 1949 306 1815 170 150 173 66 1903 561 1342 1200 1054 63
internal_count=12821 11583 1238 4136 3972 7447 4463 4144 872 2195 4117 366 3782 3471 1836 3428 1530 611 1777 370 3140 296 1239 1436 261 359 241 149 91 997 92 2984 2821 294 291 2960 164 293 1168 839 792 113 319 335 183 918 723 133 1016 1949 306 1815 170 150 173 66 1903 561 1342 1200 1054 63
is_linear=0
shrinkage=0.05


Tree=19
num_leaves=63
num_cat=0
split_feature=28 33 36 32 17 9 36 31 36 4 17 9 4 9 12 9 31 37 36 5 4 21 36 16 12 32 16 25 32 36 16 25 5 5 12 31 36 17 9 33 31 37 36 21 34 31 33 31 36 37 13 32 31 21 36 36 4 31 13 25 37 40
split_gain=2.99461e+07 5.79137e+06 3.35114e+06 1.51134e+06 1.30991e+06 897366 850431 793716 531355 498745 441044 432925 433545 421866 408300 343540 335919 354820 325084 305099 285988 231608 216307 214089 213653 208296 203881 224675 199299 197627 197325 192879 208086 183149 182647 177791 172234 169982 164532 164442 161427 149579 145530 203839 144426 144196 141087 140466 131679 123364 123118 122456 118868 112505 111315 108890 104157 98814.4 95502.3 94772.7 91154.4 89735.3
threshold=1.0000000180025095e-35 80.250000000000014 212.8666666666667 232.55000000000004 1.0000000180025095e-35 1.0000000180025095e-35 337.55000000000007 279.05000000000007 115.87500000000001 1.0000000180025095e-35 1.0000000180025095e-35 1.0000000180025095e-35 1.0000000180025095e-35 1.0000000180025095e-35 1.0000000180025095e-35 1.0000000180025095e-35 390.80000000000001 3.5000000000000004 259.93333333333334 1.0000000180025095e-35 1.0000000180025095e-35 1.0000000180025095e-35 324.15000000000009 1.0000000180025095e-35 1.0000000180025095e-35 183.65000000000001 1.0000000180025095e-35 1.0000000180025095e-35 416.25000000000006 265.81666666666672 1.0000000180025095e-35 1.0000000180025095e-35 1.0000000180025095e-35 1.0000000180025095e-35 1.0000000180025095e-35 446.75000000000006 278.37500000000006 1.0000000180025095e-35 1.0000000180025095e-35 302.85000000000008 214.85000000000005 3.5000000000000004 311.75833333333338 1.0000000180025095e-35 295.25000000000006 162.45000000000002 393.00000000000006 363.75000000000006 311.75833333333338 3.5000000000000004 1.0000000180025095e-35 455.45000000000005 236.25000000000003 1.0000000180025095e-35 331.58333333333343 185.05833333333337 1.0000000180025095e-35 425.05000000000007 1.0000000180025095e-35 1.0000000180025095e-35 2.5000000000000004 3.5000000000000004
decision_type=2 2 2 2 2 2 2 2 2 2 2 2 2 2 2 2 2 2 2 2 2 2 2 2 2 2 2 2 2 2 2 2 2 2 2 2 2 2 2 2 2 2 2 2 2 2 2 2 2 2 2 2 2 2 2 2 2 2 2 2 2 2
left_child=1 3 8 7 5 9 15 37 -2 14 13 12 24 20 19 16 17 29 52 26 23 55 -16 33 30 35 27 41 53 -4 31 32 50 34 58 -8 49 38 56 45 -15 -3 43 -18 -20 -23 -27 -22 -6 -11 -9 -30 -7 -19 -21 -10 -1 -48 59 60 -5 -50
right_child=2 4 6 10 48 18 25 11 21 36 -12 -13 -14 40 22 -17 42 28 44 54 47 39 -24 -25 -26 46 -28 -29 51 -31 -32 -33 -34 -35 -36 -37 -38 -39 -40 -41 -42 -43 -44 -45 -46 -47 57 -49 61 -51 -52 -53 -54 -55 -56 -57 -58 -59 -60 -61 -62 -63
leaf_value=-2.6397962981522216 -0.54779330066272192 -1.6245307818426167 4.3640385639149208 -2.0131861516223402 4.5263483877535222 0.39612976852804427 8.0555919707767547 -2.1520192672392948 2.1808273812411012 -0.19907270545051214 6.1574418214651256 1.2426277219632249 0.76581560266090598 -0.14332718602190281 0.93902435825935981 11.97862691271539 7.0653860851869759 6.8216764337741411 3.1551924535343723 0.70282103041112431 0.3212856040226193 2.113395311214306 3.8229322924846558 3.5591644172315244 0.0040059296069321808 11.576386641458541 1.9865625241085103 0.70104675733037602 14.462449923428622 7.0743968863822069 2.976570523868908 -0.17291878275412681 -0.24939291560759314 0.5039099570573905 0.44532996852893708 12.844060271126885 3.1847628877891374 2.153952342271805 -1.0861025435164275 10.189166314601898 2.7828780702182225 -0.47749182357166364 12.715852131563075 11.724126431193108 5.718438667517443 6.4508499087709374 12.812015090669906 3.3461648686365653 5.606448006629944 1.9664691726423122 -0.8531434306309591 9.0566698956489571 2.7231882986815084 10.382421007079465 3.0397817976772785 4.6607997859319052 -1.3887247778601566 17.349231356666202 -0.19784700092654561 -0.29881535044738222 -0.92309682130387471 10.02737729522315
leaf_weight=2769 70 492 115 656 108 136 63 1976 108 105 26 157 205 73 314 51 59 78 186 250 127 27 82 27 189 121 76 246 22 162 22 174 177 195 162 28 167 20 201 20 133 673 34 39 78 66 28 55 24 176 201 20 92 31 64 75 177 21 159 140 271 22
leaf_count=2769 70 492 115 656 108 136 63 1976 108 105 26 157 205 73 314 51 59 78 186 250 127 27 82 27 189 121 76 246 22 162 22 174 177 195 162 28 167 20 201 20 133 673 34 39 78 66 28 55 24 176 201 20 92 31 64 75 177 21 159 140 271 22
internal_value=-0.00630441 -0.796308 7.38515 -1.50065 0.978355 0.757336 9.07049 -1.88424 3.36979 0.392609 -0.312748 -1.31563 -1.45206 -0.396945 0.0825674 8.04995 7.69216 7.01208 2.71811 -0.237054 -0.643279 4.29625 1.5362 -0.855651 -1.61806 11.4596 -0.536103 -0.67198 8.96194 5.94916 -1.73828 -1.77931 -1.89805 -0.930951 -1.13253 9.52897 1.91306 -2.44099 -2.4702 6.07612 1.74592 -0.961907 9.89726 8.91937 3.91252 5.19159 12.493 1.2354 5.48054 1.15728 -2.0321 11.8883 1.33512 7.83437 1.17914 3.19721 -2.56463 14.7565 -1.34103 -1.51138 -1.69451 7.72081
internal_weight=12821 11583 1238 8292 3291 3137 872 6268 366 2645 2024 3101 2944 1998 2197 611 560 428 492 1801 1792 296 396 1610 2739 261 1487 1411 151 277 2550 2528 2354 1583 1388 91 448 3167 3147 113 206 1165 132 98 264 93 170 182 154 281 2177 42 228 109 314 183 2946 49 1226 1067 927 46
internal_count=12821 11583 1238 8292 3291 3137 872 6268 366 2645 2024 3101 2944 1998 2197 611 560 428 492 1801 1792 296 396 1610 2739 261 1487 1411 151 277 2550 2528 2354 1583 1388 91 448 3167 3147 113 206 1165 132 98 264 93 170 182 154 281 2177 42 228 109 314 183 2946 49 1226 1067 927 46
is_linear=0
shrinkage=0.05


Tree=20
num_leaves=63
num_cat=0
split_feature=28 35 36 35 35 17 35 35 9 36 17 4 17 9 35 9 4 4 39 35 12 35 24 12 35 5 36 25 12 25 35 9 5 25 4 32 25 36 36 33 33 12 13 39 13 13 4 25 35 12 5 35 18 33 36 19 6 32 18 2 25 36
split_gain=2.68347e+07 7.60078e+06 3.16743e+06 1.6871e+06 867840 781532 774326 665639 665417 619533 467758 400287 373922 355537 331984 318489 308646 289813 276765 255370 222284 191335 169759 177258 161598 156090 152117 146346 144437 139910 136307 132130 129285 124708 114441 111939 105968 104256 103709 101912 98700.8 98639.7 95838.7 95589.1 92907.9 91323.4 84296.3 82697 80305 80044.9 80014.5 79684.2 78434.2 75958.8 73865.1 72931.6 70923.1 68268.3 67782.8 77173.6 67434.9 66378.2
threshold=1.0000000180025095e-35 579.05000000000007 220.71250000000001 912.95000000000016 926.15000000000009 1.0000000180025095e-35 350.55000000000007 341.25000000000006 1.0000000180025095e-35 382.25000000000006 1.0000000180025095e-35 1.0000000180025095e-35 1.0000000180025095e-35 1.0000000180025095e-35 1257.3500000000001 1.0000000180025095e-35 1.0000000180025095e-35 1.0000000180025095e-35 1.0000000180025095e-35 1474.1500000000003 1.0000000180025095e-35 796.40000000000009 1.0000000180025095e-35 1.0000000180025095e-35 162.25000000000003 1.0000000180025095e-35 311.75833333333338 1.0000000180025095e-35 1.0000000180025095e-35 1.0000000180025095e-35 1009.4000000000001 1.0000000180025095e-35 1.0000000180025095e-35 1.0000000180025095e-35 1.0000000180025095e-35 405.75000000000006 1.0000000180025095e-35 268.44166666666678 91.737500000000011 54.250000000000007 59.300000000000004 1.0000000180025095e-35 1.0000000180025095e-35 1.0000000180025095e-35 1.0000000180025095e-35 1.0000000180025095e-35 1.0000000180025095e-35 1.0000000180025095e-35 1175.5000000000002 1.0000000180025095e-35 1.0000000180025095e-35 473.9500000000001 1.0000000180025095e-35 294.05000000000007 273.75000000000006 1.0000000180025095e-35 1.0000000180025095e-35 396.15000000000003 1.0000000180025095e-35 1.0000000180025095e-35 1.0000000180025095e-35 369.95000000000005
decision_type=2 2 2 2 2 2 2 2 2 2 2 2 2 2 2 2 2 2 2 2 2 2 2 2 2 2 2 2 2 2 2 2 2 2 2 2 2 2 2 2 2 2 2 2 2 2 2 2 2 2 2 2 2 2 2 2 2 2 2 2 2 2
left_child=1 6 7 10 9 8 24 38 17 -4 11 13 15 20 18 16 28 19 35 22 25 -9 23 36 -1 29 30 46 32 45 -20 34 33 44 49 -6 42 -17 -2 -13 -15 47 52 -16 -8 55 -10 61 -7 50 60 -11 -5 -23 -32 56 58 -45 59 -3 -26 -19
right_child=2 3 4 5 14 48 12 21 27 51 -12 39 -14 40 43 37 -18 41 26 -21 -22 53 -24 -25 31 -27 -28 -29 -30 -31 54 -33 -34 -35 -36 -37 -38 -39 -40 -41 -42 -43 -44 57 -46 -47 -48 -49 -50 -51 -52 -53 -54 -55 -56 -57 -58 -59 -60 -61 -62 -63
leaf_value=-2.7491813790183297 -1.8986485635080645 -2.0318031956926244 6.5156888110538338 -0.060822740973573979 10.311194458344708 5.0411167891520376 -1.9833104071067209 4.1421261071510935 3.0730158824327529 9.4480683184684597 4.3265780787314139 2.6610092759132389 5.1352447105490642 2.3547901187208482 10.987463821064344 -0.26254391130450722 0.38019170798690971 1.839981414877369 10.409473752975465 3.7268693547514156 0.79055420047288494 6.1155248513092868 -0.44825508464105601 2.5862045234091142 -2.4692700149923832 0.38115058242694877 10.729836403982979 6.6105755117806524 -0.3457917811541722 0.2526250199821678 3.4126075661700703 -0.59471582042405735 -0.44707233704653693 -0.60492214165996161 -0.83075192532721598 13.452432618490079 1.9975417811399194 1.9737863485406084 1.3510916649892737 0.8651321628536478 0.51652127037810924 5.9492822289466858 1.7265847290555638 12.837176303863528 -0.93186032390064111 -0.13400024954966683 5.6379430159142148 5.1135819039174493 7.930884859778665 -1.0295101333210486 -1.1756033152750094 12.288754059718206 1.4944898828864099 9.940076619386673 6.9527746218006783 0.73615043206912723 -0.44351198982517676 16.149531461511341 -0.5488399172709747 -0.7411744649832448 -1.285650693168936 4.5558983188409075
leaf_weight=1202 31 592 394 428 92 53 1914 184 204 47 62 127 23 128 33 143 226 167 20 82 269 37 210 170 1792 257 35 44 232 206 23 148 206 215 157 41 153 82 118 209 170 24 135 35 236 187 38 28 44 131 146 52 100 20 41 41 159 28 132 144 129 26
leaf_count=1202 31 592 394 428 92 53 1914 184 204 47 62 127 23 128 33 143 226 167 20 82 269 37 210 170 1792 257 35 44 232 206 23 148 206 215 157 41 153 82 118 209 170 24 135 35 236 187 38 28 44 131 146 52 100 20 41 41 159 28 132 144 129 26
internal_value=0.0081168 -0.738543 7.02648 0.842139 8.75362 1.97958 -1.77746 3.30205 1.74514 7.40417 0.0340992 -0.0674398 -1.21758 -0.304385 10.6653 -1.26248 -1.3973 1.32958 9.71217 1.02759 -0.54592 4.92625 0.842517 1.11743 -2.27267 -0.755181 7.9604 3.95805 -1.54062 -0.95507 6.80647 -2.04384 -1.64844 -1.75308 -2.13491 11.2795 0.811433 0.552474 0.674971 1.54393 1.30611 2.90487 0.537716 13.1674 -1.8679 -1.1533 3.47577 2.57426 6.35194 -2.22806 -2.30402 10.9401 0.233744 7.45747 5.68053 -1.33178 -1.41433 14.3093 -1.59217 -1.77929 -2.38979 2.20586
internal_weight=12802 11571 1231 4589 841 1906 6982 390 1809 493 2683 2621 3277 2285 348 3254 3029 1523 252 1278 1987 241 1196 986 3705 1718 119 286 2803 1461 84 2503 2571 2365 2355 133 816 225 149 336 298 245 663 96 2150 1255 242 221 97 2198 2067 99 528 57 64 1068 1027 63 868 736 1921 193
internal_count=12802 11571 1231 4589 841 1906 6982 390 1809 493 2683 2621 3277 2285 348 3254 3029 1523 252 1278 1987 241 1196 986 3705 1718 119 286 2803 1461 84 2503 2571 2365 2355 133 816 225 149 336 298 245 663 96 2150 1255 242 221 97 2198 2067 99 528 57 64 1068 1027 63 868 736 1921 193
is_linear=0
shrinkage=0.05


Tree=21
num_leaves=63
num_cat=0
split_feature=28 37 36 17 36 36 17 36 4 37 4 36 37 36 21 37 37 7 36 24 36 12 16 12 36 23 36 25 39 24 21 29 2 17 25 13 29 36 40 36 14 11 11 38 23 36 40 7 36 39 5 25 12 7 37 24 21 0 36 36 36 18
split_gain=2.42183e+07 4.62808e+06 2.8586e+06 1.28632e+06 1.0992e+06 1.04878e+06 675897 669988 666124 498951 483396 409156 368931 344005 303645 282417 266931 258206 244161 191277 190304 173364 167833 173614 159405 158082 140090 138543 197380 168062 199560 203747 143213 136152 135382 141589 131986 128740 126720 119950 115332 134322 114487 112300 111004 107427 105158 104886 103380 111956 100048 106793 113202 99755.4 93132.7 91696.2 90057.4 105169 89102.1 87110.1 81886 77918.8
threshold=1.0000000180025095e-35 2.5000000000000004 220.71250000000001 1.0000000180025095e-35 195.71666666666673 235.01250000000002 1.0000000180025095e-35 312.83333333333337 1.0000000180025095e-35 1.5000000000000002 1.0000000180025095e-35 115.87500000000001 3.5000000000000004 314.11666666666673 1.0000000180025095e-35 4.5000000000000009 2.5000000000000004 1.0000000180025095e-35 382.25000000000006 1.0000000180025095e-35 398.41666666666669 1.0000000180025095e-35 1.0000000180025095e-35 1.0000000180025095e-35 271.56250000000006 1.0000000180025095e-35 357.87500000000006 1.0000000180025095e-35 1.0000000180025095e-35 1.0000000180025095e-35 1.0000000180025095e-35 1.0000000180025095e-35 1.0000000180025095e-35 1.0000000180025095e-35 1.0000000180025095e-35 1.0000000180025095e-35 1.0000000180025095e-35 101.08333333333334 5.5000000000000009 138.91250000000005 1.0000000180025095e-35 1.0000000180025095e-35 1.0000000180025095e-35 1.0000000180025095e-35 1.0000000180025095e-35 185.05833333333337 2.5000000000000004 1.0000000180025095e-35 250.32500000000002 1.0000000180025095e-35 1.0000000180025095e-35 1.0000000180025095e-35 1.0000000180025095e-35 1.0000000180025095e-35 3.5000000000000004 1.0000000180025095e-35 1.0000000180025095e-35 1.0000000180025095e-35 344.31666666666672 357.87500000000006 288.28333333333336 1.0000000180025095e-35
decision_type=2 2 2 2 2 2 2 2 2 2 2 2 2 2 2 2 2 2 2 2 2 2 2 2 2 2 2 2 2 2 2 2 2 2 2 2 2 2 2 2 2 2 2 2 2 2 2 2 2 2 2 2 2 2 2 2 2 2 2 2 2 2
left_child=1 5 11 4 39 33 8 12 9 21 13 -2 -4 15 45 25 18 24 -9 20 42 27 23 34 48 36 50 28 29 30 31 43 -30 37 35 -15 40 -1 -26 -3 41 47 44 -7 53 -13 -18 55 -14 -50 51 52 -12 56 -16 -6 57 -11 -5 -25 -10 -17
right_child=2 3 7 58 10 6 -8 16 60 19 26 14 17 22 54 61 46 -19 -20 -21 -22 -23 -24 59 38 -27 -28 -29 32 -31 -32 -33 -34 -35 -36 -37 -38 -39 -40 -41 -42 -43 -44 -45 -46 -47 -48 -49 49 -51 -52 -53 -54 -55 -56 -57 -58 -59 -60 -61 -62 -63
leaf_value=-2.781775923682885 -0.41892967473215131 -1.6564223217629117 5.9306003367100502 4.6093939301722191 1.4064702947393135 -0.79998973898638959 7.9949983596801761 7.0134337419445076 -0.098352209927253839 0.43227597804348411 1.3165137406704683 1.7436876158912977 9.7658173230229597 0.19722720984481762 3.6700965600855215 1.5347808520899016 9.4594680075949817 4.1307757483078884 10.473178799317616 -2.0671200177108751 1.1092541973751326 0.13159637745859018 5.0751299289294654 2.0850077395354001 12.938308910890058 -1.0794438157276989 5.1587003603577619 -0.18702453657609525 -3.0725710531587627 -3.2316667329019575 -3.1946620512699737 -2.8987434533926155 -1.2197535843089007 1.8502742135808583 2.8584926712530101 2.6205806535085046 -0.82738900953587502 -2.009635828236394 8.5870577158751313 -0.52764541227202266 -1.5767483504092108 -0.6809402865074764 -1.8412488742642208 -2.2929395818626968 -1.7087634633060631 4.0750611760786608 12.270092051489312 -0.31987995090958193 8.676674897854145 3.7682087103525799 4.7872672943507926 4.1844609970742086 4.3245857252393449 -1.4086057312400255 6.7664156059307219 -0.072203075698041547 -1.0867112813677107 -3.085257452184504 8.1087219783237998 4.8337283679417204 1.6513286288725917 3.9711386319918511
leaf_weight=704 67 338 283 136 601 1057 21 103 93 623 294 120 49 307 34 207 47 26 101 169 208 134 35 70 44 241 44 139 427 134 138 156 138 21 87 75 212 2315 27 775 61 158 146 143 131 84 114 146 26 21 34 47 35 135 85 127 140 22 21 49 238 39
leaf_count=704 67 338 283 136 601 1057 21 103 93 623 294 120 49 307 34 207 47 26 101 169 208 134 35 70 44 241 44 139 427 134 138 156 138 21 87 75 212 2315 27 775 61 158 146 143 131 84 114 146 26 21 34 47 35 135 85 127 140 22 21 49 238 39
internal_value=0.00771095 -0.701616 6.67515 0.638338 0.463315 -1.44786 -0.953702 8.31594 -0.996695 -1.17337 0.980731 3.13694 7.08014 0.69933 3.87454 0.347471 9.92756 8.76574 8.72635 -0.477864 -0.286701 -1.6173 1.71142 1.5112 9.48735 0.0970852 2.47761 -1.7178 -1.81482 -1.53537 -1.38323 -1.19888 -2.62002 -2.16178 1.07842 0.673016 0.31436 -2.18969 11.2836 -0.870437 0.535815 0.660686 -0.529273 -0.9779 -0.347019 2.70366 11.4496 0.903222 8.15886 6.48353 2.18988 1.95501 1.63652 -0.153119 5.88175 1.14851 0.0627932 0.312298 5.07746 3.21683 1.15973 1.92103
internal_weight=12802 11571 1231 4139 3982 7432 4392 841 4371 4040 2869 390 476 2415 323 1792 365 193 204 1574 1405 2466 623 588 167 1546 454 2332 2193 1628 1494 1356 565 3040 469 382 1305 3019 71 1113 1093 1032 1197 1200 1051 204 161 874 96 47 410 376 329 920 119 728 785 645 157 119 331 246
internal_count=12802 11571 1231 4139 3982 7432 4392 841 4371 4040 2869 390 476 2415 323 1792 365 193 204 1574 1405 2466 623 588 167 1546 454 2332 2193 1628 1494 1356 565 3040 469 382 1305 3019 71 1113 1093 1032 1197 1200 1051 204 161 874 96 47 410 376 329 920 119 728 785 645 157 119 331 246
is_linear=0
shrinkage=0.05


Tree=22
num_leaves=63
num_cat=0
split_feature=28 35 36 35 17 35 9 35 9 36 35 9 17 17 16 25 24 23 35 35 35 35 35 35 9 23 23 33 7 24 5 24 35 13 18 11 35 11 20 16 23 24 11 7 36 36 36 32 18 34 34 14 35 33 0 32 21 37 32 36 24 7
split_gain=2.1857e+07 6.2825e+06 2.57989e+06 1.39053e+06 893155 736846 731691 552626 471885 420404 417474 354649 279238 275567 232148 213399 212322 206679 201311 192457 183483 181764 180563 161295 155037 150872 138824 138495 132872 121227 119257 116478 108794 105001 98824.5 97530.6 97188.4 96880.2 92505 90976.3 90532.5 94883 89029.8 87916.5 87885.8 86597.4 76929.7 74059.4 71933.9 74870.2 139597 71302.4 69987.3 67534.1 67499.1 66133.1 65644.4 68293.5 65525.7 63961.2 63724.5 74830.1
threshold=1.0000000180025095e-35 774.25000000000011 220.71250000000001 410.55000000000007 1.0000000180025095e-35 1211.5500000000002 1.0000000180025095e-35 341.25000000000006 1.0000000180025095e-35 332.91666666666669 1198.6500000000003 1.0000000180025095e-35 1.0000000180025095e-35 1.0000000180025095e-35 1.0000000180025095e-35 1.0000000180025095e-35 1.0000000180025095e-35 1.0000000180025095e-35 190.45000000000002 769.55000000000007 926.15000000000009 1309.4500000000003 574.1500000000002 796.40000000000009 1.0000000180025095e-35 1.0000000180025095e-35 1.0000000180025095e-35 220.95000000000002 1.0000000180025095e-35 1.0000000180025095e-35 1.0000000180025095e-35 1.0000000180025095e-35 1474.1500000000003 1.0000000180025095e-35 1.0000000180025095e-35 1.0000000180025095e-35 1175.5000000000002 1.0000000180025095e-35 1.0000000180025095e-35 1.0000000180025095e-35 1.0000000180025095e-35 1.0000000180025095e-35 1.0000000180025095e-35 1.0000000180025095e-35 91.737500000000011 431.45000000000005 268.44166666666678 405.75000000000006 1.0000000180025095e-35 237.80000000000004 1.0000000180025095e-35 1.0000000180025095e-35 1067.0500000000002 294.05000000000007 1.0000000180025095e-35 351.00000000000006 1.0000000180025095e-35 1.5000000000000002 405.75000000000006 345.92500000000007 1.0000000180025095e-35 1.0000000180025095e-35
decision_type=2 2 2 2 2 2 2 2 2 2 2 2 2 2 2 2 2 2 2 2 2 2 2 2 2 2 2 2 2 2 2 2 2 2 2 2 2 2 2 2 2 2 2 2 2 2 2 2 2 2 2 2 2 2 2 2 2 2 2 2 2 2
left_child=1 3 7 12 6 9 10 44 13 11 14 20 18 16 15 26 17 22 -1 45 -4 29 35 -9 40 31 30 -7 37 52 33 32 51 34 -3 39 58 38 54 -5 41 42 43 56 -2 -11 -10 -29 49 50 55 -12 -8 -25 -24 -22 -20 -58 -6 -49 61 -17
right_child=2 4 5 8 36 27 21 23 46 19 25 -13 -14 -15 -16 60 -18 -19 24 -21 48 -23 28 53 -26 -27 -28 47 -30 -31 -32 -33 -34 -35 -36 -37 -38 -39 -40 -41 -42 -43 -44 -45 -46 -47 -48 59 -50 -51 -52 -53 -54 -55 -56 -57 57 -59 -60 -61 -62 -63
leaf_value=-2.4256339984735891 -1.7827696554122434 -0.37612547340084401 5.3871354036045371 -0.87030076164824932 3.6699431344656883 7.9374078197323756 2.3749193155933082 3.740069453628815 0.46085024947437631 7.1431522944798846 2.7965816410621667 11.535783320665359 3.4500396579504016 3.581786230632237 3.1523758465399991 2.2114148186154021 -2.0107641395241829 -1.9605449866549067 -1.3373782318431751 10.798393018784061 7.231265950096506 5.5035942512292131 0.49909391764161043 5.5187083476298566 -0.28837519226921987 0.27291642197448279 -0.9600510142831935 11.105339699586233 -1.3922691352157432 -0.30783546343445778 1.4671977582575821 0.83616600988841638 4.994478390393434 1.1647510438696627 1.0228876270644076 -2.1944679072985411 7.2442233584143896 -1.0971220340372789 -2.2083254092080256 2.1695613891035319 -2.8617828503251079 -2.8479954741729632 -2.7290421928078432 -2.6160042788754119 1.2088110348935857 10.082894065163352 1.9301856222645992 15.794085016704742 5.1383057307738529 9.7460493910880324 4.5760810673236847 -0.0087507510185241694 3.9150423869752049 9.1249372482299815 -2.1933885335922243 10.943102309817361 -3.0171625997199389 -1.6613010740008176 6.9099970626831055 11.891668235687982 -0.41104676927839007 -0.24841427240106795
leaf_weight=1534 31 700 305 1589 71 23 209 184 231 104 241 32 24 35 77 219 370 316 1670 93 28 65 773 37 177 92 253 60 176 32 193 82 54 194 154 141 44 144 35 25 192 180 181 188 118 33 145 21 26 42 32 25 114 20 24 21 122 389 20 21 35 36
leaf_count=1534 31 700 305 1589 71 23 209 184 231 104 241 32 24 35 77 219 370 316 1670 93 28 65 773 37 177 92 253 60 176 32 193 82 54 194 154 141 44 144 35 25 192 180 181 188 118 33 145 21 26 42 32 25 114 20 24 21 122 389 20 21 35 36
internal_value=0.00732541 -0.666535 6.3414 -1.34186 1.34343 7.90015 1.15022 2.9801 -0.658608 7.28176 0.807351 6.44829 -1.92931 -0.833352 0.464362 0.348344 -0.87636 -0.746131 -1.95718 9.04293 6.08969 3.07275 -0.61412 4.46002 -1.72529 2.09946 0.107413 11.4423 -0.127741 2.62767 0.325034 2.51747 2.94831 0.114693 -0.123844 -0.933384 5.3149 0.100288 0.307532 -0.823215 -1.81233 -1.73852 -1.66021 -1.57854 0.586402 7.85127 1.02748 12.2326 7.52782 8.03292 7.14463 2.53292 2.91849 6.78405 0.418015 8.82205 -1.48912 -1.98501 4.38204 13.8429 1.58955 1.86414
internal_weight=12802 11571 1231 8661 2910 841 2775 390 4004 716 2355 486 4657 3628 1861 1784 3593 3223 4633 230 454 420 2907 241 3099 494 1494 125 1152 355 1241 402 320 1048 854 1755 135 976 832 1614 2922 2730 2550 2369 149 137 376 102 149 123 81 266 323 57 797 49 2181 511 91 42 290 255
internal_count=12802 11571 1231 8661 2910 841 2775 390 4004 716 2355 486 4657 3628 1861 1784 3593 3223 4633 230 454 420 2907 241 3099 494 1494 125 1152 355 1241 402 320 1048 854 1755 135 976 832 1614 2922 2730 2550 2369 149 137 376 102 149 123 81 266 323 57 797 49 2181 511 91 42 290 255
is_linear=0
shrinkage=0.05


Tree=23
num_leaves=63
num_cat=0
split_feature=28 35 36 35 35 35 35 4 9 36 9 9 4 16 35 25 24 12 7 11 35 37 35 24 12 24 0 16 25 9 24 9 36 4 25 12 12 9 12 16 4 9 7 33 36 36 0 29 11 35 7 16 29 38 33 35 33 40 36 31 35 12
split_gain=1.9726e+07 5.67005e+06 2.32835e+06 1.3093e+06 665003 623506 498745 397001 384788 392527 368966 333596 325502 306938 286071 224150 196295 178021 177858 161589 156987 146225 145568 136233 131715 128113 128057 124341 144627 119345 117654 107968 107253 103841 101844 101285 100312 95492.4 92747.8 92690.1 91999.4 85421.7 83879.6 81248.8 79317 78045.1 77275.3 77830.8 81108.9 72904.5 72402.5 70765.8 70606 70544.8 84671.2 177516 149137 77404.9 90889.2 75800.8 74413.8 69246.9
threshold=1.0000000180025095e-35 786.30000000000007 220.71250000000001 455.25000000000006 1211.5500000000002 1198.6500000000003 341.25000000000006 1.0000000180025095e-35 1.0000000180025095e-35 310.41666666666674 1.0000000180025095e-35 1.0000000180025095e-35 1.0000000180025095e-35 1.0000000180025095e-35 301.00000000000006 1.0000000180025095e-35 1.0000000180025095e-35 1.0000000180025095e-35 1.0000000180025095e-35 1.0000000180025095e-35 763.75000000000011 3.5000000000000004 796.40000000000009 1.0000000180025095e-35 1.0000000180025095e-35 1.0000000180025095e-35 1.0000000180025095e-35 1.0000000180025095e-35 1.0000000180025095e-35 1.0000000180025095e-35 1.0000000180025095e-35 1.0000000180025095e-35 415.47500000000008 1.0000000180025095e-35 1.0000000180025095e-35 1.0000000180025095e-35 1.0000000180025095e-35 1.0000000180025095e-35 1.0000000180025095e-35 1.0000000180025095e-35 1.0000000180025095e-35 1.0000000180025095e-35 1.0000000180025095e-35 220.95000000000002 91.737500000000011 282.87083333333339 1.0000000180025095e-35 1.0000000180025095e-35 1.0000000180025095e-35 1089.1000000000001 1.0000000180025095e-35 1.0000000180025095e-35 1.0000000180025095e-35 1.0000000180025095e-35 55.650000000000013 574.1500000000002 292.00000000000006 5.5000000000000009 277.15833333333336 289.35000000000008 495.15000000000003 1.0000000180025095e-35
decision_type=2 2 2 2 2 2 2 2 2 2 2 2 2 2 2 2 2 2 2 2 2 2 2 2 2 2 2 2 2 2 2 2 2 2 2 2 2 2 2 2 2 2 2 2 2 2 2 2 2 2 2 2 2 2 2 2 2 2 2 2 2 2
left_child=1 3 6 14 8 7 44 11 9 21 12 16 17 15 31 24 18 25 19 27 32 53 -8 43 26 34 41 28 38 33 -13 40 -11 35 39 -16 45 50 -3 42 51 52 46 -6 -2 49 47 48 -5 -23 -9 61 -7 54 55 57 59 58 60 -56 -4 -1
right_child=2 5 4 10 23 13 22 37 -10 20 -12 30 -14 -15 29 -17 -18 -19 -20 -21 -22 36 -24 -25 -26 -27 -28 -29 -30 -31 -32 -33 -34 -35 -36 -37 -38 -39 -40 -41 -42 -43 -44 -45 -46 -47 -48 -49 -50 -51 -52 -53 -54 -55 56 -57 -58 -59 -60 -61 -62 -63
leaf_value=-2.2988450879117086 -1.6936312029438636 0.3561622550920141 3.8815942138433459 -0.53615957160389882 8.7722313109412795 1.9296691730325148 3.5530659934424835 2.4659448617741413 11.241735716660818 6.2975708074806152 1.1339174021984109 2.5321283484009776 0.85616779083217787 6.9377094215154642 -1.6025360905414816 4.7275363445784278 -1.0028560002967393 0.31342609558279155 -0.80973364974036444 -0.51984253253867019 9.4917286655732571 6.1080006186519906 6.4448492527008057 7.2985341794111509 3.7185865966522176 -2.002974988193317 -1.3607937498526139 3.3926407794518902 2.2779794852480744 0.043109563548200239 -1.2794071506370199 -0.88207083048031398 9.1802536877718843 -0.1203297282328139 0.13457537910948367 -0.24795088054159203 10.012569360299544 4.8106748587045915 1.7821181370863615 1.3537021405640104 -0.95411946307142059 3.568113203417687 -1.9121432462037899 12.322350850162737 1.1483704817165636 3.8573682875633239 -3.0079097248259048 -1.7186486209455496 -1.6835799212891904 9.306461555480956 0.077247001396285167 0.75163076877593993 0.082899710215055031 7.3577979858104996 3.1923974403313231 8.9279550705637245 5.6757595991476997 6.3795373194926492 5.9619304551018608 -0.8378676509857178 -0.0062451565265655524 -1.2190986213804802
leaf_weight=2467 31 579 32 1143 20 254 184 267 48 121 322 254 321 40 2042 89 231 302 197 188 112 62 57 22 92 269 33 55 165 147 22 181 44 143 236 148 22 39 142 42 154 63 231 83 118 25 42 214 178 25 36 20 65 26 28 28 39 37 27 20 20 158
leaf_count=2467 31 579 32 1143 20 254 184 267 48 121 322 254 321 40 2042 89 231 302 197 188 112 62 57 22 92 269 33 55 165 147 22 181 44 143 236 148 22 39 142 42 154 63 231 83 118 25 42 214 178 25 36 20 65 26 28 28 39 37 27 20 20 158
internal_value=0.00695914 -0.633209 6.02433 -1.26019 7.50514 1.32068 2.83109 0.918 6.91767 6.60696 -0.473914 0.626212 -0.647762 2.69776 -1.73542 2.4132 0.342218 -0.829457 0.57654 0.818432 8.04697 5.5868 4.23701 10.8701 2.00694 -0.976017 1.62749 1.0858 0.942602 -1.33869 2.22831 -2.06558 7.06629 -1.42575 -0.843586 -1.51099 6.92588 2.48188 0.637002 -0.968368 -2.14211 1.88564 -1.02231 11.633 0.557082 6.31957 -0.891966 -0.834071 -0.69077 7.0271 2.18214 -2.21128 1.55337 4.8886 4.61069 5.35475 3.37913 4.49225 3.60833 1.51312 2.38627 -2.23385
internal_weight=12802 11571 1231 8760 841 2811 390 2175 716 668 3300 1833 2978 636 5460 596 1557 2657 1326 1129 277 391 241 125 507 2355 415 941 886 2480 276 2980 165 2333 2086 2190 134 342 721 1850 2799 382 1808 103 149 112 1577 1535 1321 87 303 2645 319 257 231 144 87 116 79 48 52 2625
internal_count=12802 11571 1231 8760 841 2811 390 2175 716 668 3300 1833 2978 636 5460 596 1557 2657 1326 1129 277 391 241 125 507 2355 415 941 886 2480 276 2980 165 2333 2086 2190 134 342 721 1850 2799 382 1808 103 149 112 1577 1535 1321 87 303 2645 319 257 231 144 87 116 79 48 52 2625
is_linear=0
shrinkage=0.05


Tree=24
num_leaves=63
num_cat=0
split_feature=28 35 36 35 35 17 35 9 35 17 36 17 4 9 9 4 9 4 35 35 39 35 23 16 23 5 24 35 40 5 25 40 25 35 16 38 19 24 7 9 29 38 16 29 19 33 31 33 40 35 31 36 36 4 34 33 39 2 38 24 29 19
split_gain=1.78027e+07 5.12794e+06 2.10134e+06 1.18002e+06 600165 574787 536837 500853 450117 357560 348833 334720 291685 278145 255834 255459 247360 224696 186166 169187 166258 158622 154468 151222 144986 138892 137315 131375 128722 127395 125017 115500 115354 103428 102465 126994 117052 104041 109691 99775.4 95538 93395.8 174426 103560 94030.3 91968.7 89080.8 180792 100101 99079.4 155354 89104.3 88783.2 85559.3 84875.5 84384 81918.5 126485 98653.9 105138 110749 98238
threshold=1.0000000180025095e-35 579.05000000000007 220.71250000000001 912.95000000000016 1211.5500000000002 1.0000000180025095e-35 304.45000000000005 1.0000000180025095e-35 341.25000000000006 1.0000000180025095e-35 336.08750000000003 1.0000000180025095e-35 1.0000000180025095e-35 1.0000000180025095e-35 1.0000000180025095e-35 1.0000000180025095e-35 1.0000000180025095e-35 1.0000000180025095e-35 1474.1500000000003 926.15000000000009 1.0000000180025095e-35 769.55000000000007 1.0000000180025095e-35 1.0000000180025095e-35 1.0000000180025095e-35 1.0000000180025095e-35 1.0000000180025095e-35 796.40000000000009 2.5000000000000004 1.0000000180025095e-35 1.0000000180025095e-35 5.5000000000000009 1.0000000180025095e-35 1009.4000000000001 1.0000000180025095e-35 1.0000000180025095e-35 1.0000000180025095e-35 1.0000000180025095e-35 1.0000000180025095e-35 1.0000000180025095e-35 1.0000000180025095e-35 1.0000000180025095e-35 1.0000000180025095e-35 1.0000000180025095e-35 1.0000000180025095e-35 54.250000000000007 282.65000000000003 269.35000000000008 2.5000000000000004 675.1500000000002 167.75000000000003 276.02500000000003 247.31666666666669 1.0000000180025095e-35 237.80000000000004 59.300000000000004 1.0000000180025095e-35 1.0000000180025095e-35 1.0000000180025095e-35 1.0000000180025095e-35 1.0000000180025095e-35 1.0000000180025095e-35
decision_type=2 2 2 2 2 2 2 2 2 2 2 2 2 2 2 2 2 2 2 2 2 2 2 2 2 2 2 2 2 2 2 2 2 2 2 2 2 2 2 2 2 2 2 2 2 2 2 2 2 2 2 2 2 2 2 2 2 2 2 2 2 2
left_child=1 6 8 11 10 7 39 17 -2 14 13 12 16 19 15 23 22 18 24 46 -21 -12 25 29 26 34 41 -10 -6 32 -9 -30 56 -22 35 37 -37 38 40 53 -3 43 44 -5 -43 -14 49 48 -48 50 -4 -50 -16 -1 -35 -18 58 -58 59 60 -8 -60
right_child=2 3 4 5 28 -7 9 30 27 -11 21 -13 45 -15 52 -17 55 -19 -20 20 33 -23 -24 -25 -26 -27 -28 -29 31 -31 -32 -33 -34 54 -36 36 -38 -39 -40 -41 -42 42 -44 -45 -46 -47 47 -49 51 -51 -52 -53 -54 -55 -56 -57 57 -59 61 -61 -62 -63
leaf_value=-2.0945967033574684 0.52922747870219633 0.41589745568869524 8.8607058842976887 1.976230808179225 7.753697017942156 5.3977477748369438 -0.93694194647312345 2.9211217028173535 3.3754126760622736 4.7732973905710079 7.1235535733627557 3.6521035286688033 2.3718162888617029 10.198665265476002 -0.50386083697138184 0.25723438971566365 2.045818281953689 2.4735437165717689 3.1252563026620122 8.5102211088329174 7.6083018319947389 9.8548304995793981 -1.5851246639196555 2.0328946835841193 -0.52690023043285616 0.78482296948475172 -0.3268856812772748 6.1226067701975504 12.78971569273207 -0.30970268354445474 5.8184906233440756 9.1334741049342689 -0.47645986179851896 1.5045150583440607 2.1528443985515171 -1.9351492666685954 0.7934896027788203 -1.4336127218518939 -1.2376926341475072 -0.82375520863086804 -0.96179373579420102 -0.58801564882908552 3.2098589920749272 0.29752028539401143 1.9551502217849095 0.66579457002393372 7.2224395855053052 10.153945817947388 1.9093711789449057 2.5427650840445 4.0022238075733183 5.2561557474782914 1.3442592452745885 -0.89739027811756622 5.762741320371628 0.34609312451937618 -2.3091000381514863 -0.9626716239479598 -2.7808169267437561 -2.309717802469637 -2.2162412474143136 0.49825586447348957
leaf_weight=2690 149 634 21 403 35 97 1322 242 184 26 132 62 127 34 132 272 128 245 82 77 28 89 268 33 211 254 181 57 54 262 44 36 273 22 36 240 47 175 176 183 157 189 48 119 45 209 37 20 30 66 76 59 128 158 25 170 653 238 188 204 194 26
leaf_count=2690 149 634 21 403 35 97 1322 242 184 26 132 62 127 34 132 272 128 245 82 77 28 89 268 33 211 254 181 57 54 262 44 36 273 22 36 240 47 175 176 183 157 189 48 119 45 209 37 20 30 66 76 59 128 158 25 170 653 238 188 204 194 26
internal_value=0.00661118 -0.601548 5.72311 0.696787 7.12988 1.64806 -1.45489 1.447 2.68954 -1.07089 6.57179 0.0210049 -0.0648891 5.83437 -1.1096 -1.21712 -0.267154 1.08647 0.820559 5.51249 6.87821 8.22348 -0.468619 -1.33531 0.662545 -0.294551 0.91734 4.02516 10.3266 -1.36839 3.36687 11.3272 -1.45792 5.20267 -0.481692 -0.548062 -1.4883 -0.311768 -0.108745 -1.95546 0.142449 1.19745 0.464255 1.59354 -0.0989453 1.31063 4.84068 5.7377 5.0367 4.03722 5.05406 4.12803 0.405983 -2.02818 3.76953 1.07618 -1.55277 -1.94945 -1.37002 -1.24405 -1.10065 -2.38242
internal_weight=12802 11571 1231 4589 841 1906 6982 1809 390 3951 716 2683 2621 495 3925 3665 2285 1523 1278 461 152 221 1987 3393 1196 1719 985 241 125 3360 286 90 3098 75 1465 1429 287 1142 967 3031 791 804 282 522 234 336 309 146 126 163 97 89 260 2848 47 298 2825 891 1934 1720 1516 214
internal_count=12802 11571 1231 4589 841 1906 6982 1809 390 3951 716 2683 2621 495 3925 3665 2285 1523 1278 461 152 221 1987 3393 1196 1719 985 241 125 3360 286 90 3098 75 1465 1429 287 1142 967 3031 791 804 282 522 234 336 309 146 126 163 97 89 260 2848 47 298 2825 891 1934 1720 1516 214
is_linear=0
shrinkage=0.05


Tree=25
num_leaves=63
num_cat=0
split_feature=28 33 36 32 36 36 34 9 4 36 37 9 36 9 12 5 33 34 25 33 21 9 25 32 40 4 23 1 24 11 29 37 36 9 12 32 32 36 36 39 32 37 36 37 4 0 11 32 33 36 12 4 36 36 33 33 34 13 36 7 39 36
split_gain=1.63101e+07 2.97695e+06 2.11116e+06 919311 680690 559037 457060 365826 391798 342776 333173 297566 220941 220575 216266 221479 215820 208620 203372 199534 193252 228595 174639 148761 146705 143680 134248 127960 140365 138823 157648 119664 140673 119100 117870 114109 113417 112602 109230 105231 101719 127055 99260.7 105290 83170.8 80511 76096.2 70722.5 76961.3 69538.6 69217.7 76028.4 68268.4 67072.9 66636 86621.5 66040.5 64200.5 61484.2 61009.6 59862.6 58177
threshold=1.0000000180025095e-35 85.65000000000002 245.32500000000002 311.50000000000006 314.11666666666673 161.15000000000001 285.00000000000006 1.0000000180025095e-35 1.0000000180025095e-35 404.10000000000008 3.5000000000000004 1.0000000180025095e-35 204.23333333333338 1.0000000180025095e-35 1.0000000180025095e-35 1.0000000180025095e-35 468.85000000000008 107.60000000000001 1.0000000180025095e-35 183.95000000000002 1.0000000180025095e-35 1.0000000180025095e-35 1.0000000180025095e-35 396.15000000000003 2.5000000000000004 1.0000000180025095e-35 1.0000000180025095e-35 1.0000000180025095e-35 1.0000000180025095e-35 1.0000000180025095e-35 1.0000000180025095e-35 1.5000000000000002 318.41250000000008 1.0000000180025095e-35 1.0000000180025095e-35 452.15000000000003 322.65000000000003 263.54166666666674 208.12500000000003 1.0000000180025095e-35 407.65000000000003 3.5000000000000004 245.32500000000002 4.5000000000000009 1.0000000180025095e-35 1.0000000180025095e-35 1.0000000180025095e-35 244.65000000000001 279.05000000000007 315.3250000000001 1.0000000180025095e-35 1.0000000180025095e-35 406.92500000000001 327.25000000000006 401.75000000000006 267.40000000000003 276.75000000000006 1.0000000180025095e-35 243.56250000000003 1.0000000180025095e-35 1.0000000180025095e-35 371.92500000000007
decision_type=2 2 2 2 2 2 2 2 2 2 2 2 2 2 2 2 2 2 2 2 2 2 2 2 2 2 2 2 2 2 2 2 2 2 2 2 2 2 2 2 2 2 2 2 2 2 2 2 2 2 2 2 2 2 2 2 2 2 2 2 2 2
left_child=1 3 5 7 10 17 9 8 14 16 33 22 -12 25 15 18 19 -2 31 35 21 -7 39 54 60 34 27 28 29 30 42 32 -1 50 46 53 -11 -9 -10 45 41 -22 -14 59 -41 56 52 -26 -49 -16 51 -3 -5 -4 55 -8 -6 -34 -20 -44 -21 -24
right_child=2 4 6 13 11 20 23 37 38 36 12 -13 26 -15 49 -17 -18 -19 58 24 40 -23 61 -25 47 -27 -28 -29 -30 -31 -32 -33 57 -35 -36 -37 -38 -39 -40 44 -42 -43 43 -45 -46 -47 -48 48 -50 -51 -52 -53 -54 -55 -56 -57 -58 -59 -60 -61 -62 -63
leaf_value=-2.2521135719800771 0.097087398364946453 -1.1327031313341909 4.6391545543901236 -0.53649291231244955 1.7921738559673042 2.8044342231452468 10.380372290611268 -0.54948803082288034 -0.98111175049590749 7.9648641374376083 -0.11547714460029966 4.2905600453837449 1.7836385428760111 1.8189842639844629 -0.81058165017728112 -0.51520161567072209 1.7024626083374024 5.5251778548955919 -1.2284137690314358 7.1823966272946071 3.7268448708386259 8.174173773418774 2.5912210816517476 12.900112517674765 10.107337903976441 1.401247483661229 -0.16241696934874467 -1.0618934884071352 0.12801171007855186 0.34610781481005548 0.50652936098981749 -1.4406046959559446 -1.6906170961021179 0.8546885852676791 1.1355539063222646 8.3913666123693655 11.648779883751503 1.1504984331969172 0.66933054452613283 0.23460273302750279 2.5910909938812257 7.671017660772887 3.2241284383473054 5.3477833367123893 2.4789337847001698 -0.81726199543994404 -1.7384118324887436 10.108701733442453 6.9675494177219193 0.6714666461200377 0.4199524562122921 0.21797879262012432 0.71268804988523171 6.2878893676996235 11.332207880020142 6.0389202241544373 3.8448292374610902 -0.51647081985030063 0.033670284455265716 1.0924720157717551 4.021984338760376 5.0353020143508918
leaf_weight=1840 154 560 161 788 159 200 20 249 162 45 512 118 205 158 289 426 25 20 193 29 29 22 80 36 46 132 164 50 145 127 113 1617 1194 148 121 33 39 160 263 262 20 69 153 49 49 23 113 26 78 109 120 128 127 100 20 27 52 129 193 43 31 35
leaf_count=1840 154 560 161 788 159 200 20 249 162 45 512 118 205 158 289 426 25 20 193 29 29 22 80 36 46 132 164 50 145 127 113 1617 1194 148 121 33 39 160 263 262 20 69 153 49 49 23 113 26 78 109 120 128 127 100 20 27 52 129 193 43 31 35
internal_value=-0.00288689 -0.585403 5.47087 -1.09213 0.685333 3.02602 7.22598 -1.33431 -1.42675 6.70815 0.285789 1.97795 0.735974 0.0563451 -1.53083 -1.61099 6.237 0.721006 -1.70135 6.46193 4.20564 3.33657 1.56448 10.3078 7.63907 -0.161061 1.15155 1.39505 1.54217 1.83935 2.17619 -1.7905 -1.96937 -0.449293 -0.340543 5.62112 9.67525 0.115543 0.0402208 1.19087 5.84068 6.50386 2.59546 3.27473 0.588211 1.99184 -0.514286 8.47488 7.75284 -0.404694 -0.688141 -0.881413 -0.363109 5.27085 8.91496 7.88635 2.29804 -1.57613 -0.597372 2.75647 5.54952 3.33507
internal_weight=12788 11558 1230 8263 3295 514 716 6824 6415 613 2517 778 1561 1439 5990 5592 529 174 5166 504 340 222 660 103 210 1281 1049 885 835 690 563 4780 3163 956 1149 294 84 409 425 545 118 98 450 245 311 234 1028 150 104 398 808 688 915 261 67 47 211 1323 386 196 60 115
internal_count=12788 11558 1230 8263 3295 514 716 6824 6415 613 2517 778 1561 1439 5990 5592 529 174 5166 504 340 222 660 103 210 1281 1049 885 835 690 563 4780 3163 956 1149 294 84 409 425 545 118 98 450 245 311 234 1028 150 104 398 808 688 915 261 67 47 211 1323 386 196 60 115
is_linear=0
shrinkage=0.05


Tree=26
num_leaves=63
num_cat=0
split_feature=35 35 35 7 11 0 35 39 25 29 35 29 17 23 25 21 38 14 17 2 21 35 14 17 23 29 20 21 39 29 14 29 1 21 36 35 21 23 32 12 17 38 1 35 36 36 36 25 30 23 35 20 32 36 20 11 6 0 18 22 13 33
split_gain=7.77499e+06 1.49586e+06 968060 479552 388798 380943 384746 371566 375358 345082 338084 285399 242954 242494 229080 225302 215131 212009 185641 181379 179496 160631 157282 156776 157338 156481 172765 158888 136837 134739 172298 133216 128965 126196 124802 124274 123413 120237 117210 114003 112647 110120 108757 98651 93799.6 92805.7 89461.6 87019.7 77985.1 76593.8 69249.6 68702.2 67871.7 67073.1 66716.2 66511.3 65951.1 63626 69910.7 66662.8 65814.7 62760.9
threshold=758.55000000000007 353.05000000000007 1257.3500000000001 1.0000000180025095e-35 1.0000000180025095e-35 1.0000000180025095e-35 1036.0000000000002 1.0000000180025095e-35 1.0000000180025095e-35 1.0000000180025095e-35 536.6500000000002 1.0000000180025095e-35 1.0000000180025095e-35 1.0000000180025095e-35 1.0000000180025095e-35 1.0000000180025095e-35 1.0000000180025095e-35 1.0000000180025095e-35 1.0000000180025095e-35 1.0000000180025095e-35 1.0000000180025095e-35 149.40000000000003 1.0000000180025095e-35 1.0000000180025095e-35 1.0000000180025095e-35 1.0000000180025095e-35 1.0000000180025095e-35 1.0000000180025095e-35 1.0000000180025095e-35 1.0000000180025095e-35 1.0000000180025095e-35 1.0000000180025095e-35 1.0000000180025095e-35 1.0000000180025095e-35 256.62500000000006 1474.1500000000003 1.0000000180025095e-35 1.0000000180025095e-35 51.95000000000001 1.0000000180025095e-35 1.0000000180025095e-35 1.0000000180025095e-35 1.0000000180025095e-35 912.95000000000016 251.51250000000002 452.87500000000006 379.92500000000013 1.0000000180025095e-35 1.0000000180025095e-35 1.0000000180025095e-35 614.25000000000011 1.0000000180025095e-35 455.45000000000005 257.88000000000005 1.0000000180025095e-35 1.0000000180025095e-35 1.0000000180025095e-35 1.0000000180025095e-35 1.0000000180025095e-35 1.0000000180025095e-35 1.0000000180025095e-35 277.35000000000008
decision_type=2 2 2 2 2 2 2 2 2 2 2 2 2 2 2 2 2 2 2 2 2 2 2 2 2 2 2 2 2 2 2 2 2 2 2 2 2 2 2 2 2 2 2 2 2 2 2 2 2 2 2 2 2 2 2 2 2 2 2 2 2 2
left_child=1 18 3 4 5 6 13 9 19 10 15 14 29 17 22 32 20 25 21 38 -12 -1 23 24 35 26 27 42 31 30 36 33 51 41 -17 -4 -8 55 -9 49 54 -23 45 -27 -22 48 -16 -30 -2 52 -10 56 -38 -29 -18 -5 57 58 59 60 -3 -31
right_child=2 7 11 37 -6 -7 12 8 50 -11 16 -13 -14 -15 46 34 40 -19 -20 -21 44 28 -24 -25 -26 43 -28 53 47 61 -32 -33 -34 -35 -36 -37 39 -39 -40 -41 -42 -43 -44 -45 -46 -47 -48 -49 -50 -51 -52 -53 -54 -55 -56 -57 -58 -59 -60 -61 -62 -63
leaf_value=-2.0563459633137375 3.2925869211292409 0.90107809980355347 3.6973968245089055 0.57957287065054952 0.32694246642659985 -0.72927532288850405 4.4260066109495764 -2.4815903303915996 0.052790654825709639 -1.4738461699145728 2.0868789686135165 1.2354385949098148 7.1455126963163682 0.29278235812630277 5.59742846429348 -0.65247039938686602 -0.29621153369545938 -1.0284135233681158 2.9651640879719157 -0.25428385280477805 0.99363816717051745 -0.6629774460116471 -0.049517125457525256 7.9563169618447622 1.8092397258251527 -0.0074679744824514551 -0.45404569652615767 2.3454447423472637 -2.1839900568521062 3.170422458648682 -0.64895046997070316 -2.5772382291587626 -3.0287958526611329 -1.7709982835051439 -2.7111280549778027 6.0471623990442849 3.2319747965755283 -2.1117282593044742 -1.20980727405904 5.5962473930851111 3.1747541915802731 -2.1267582614656906 0.1786782478464061 2.2931875263715717 -1.02143926934616 6.0733739852905275 9.15744606781006 -0.8352669150338059 0.10450940675102174 0.17564383955562818 1.3526222518295241 -2.4866167393597691 0.39577124786376955 1.0670394614711405 -2.8075755009728098 -1.7190682830980848 -0.60335435310760177 -2.3356243348121644 -0.46581201662057597 -1.7432654580899649 -0.25625936396213039 0.69754823831063284
leaf_weight=1088 469 836 209 312 364 114 231 228 295 312 437 91 38 226 60 426 180 53 23 423 263 1350 25 24 79 118 49 286 606 38 25 148 30 434 89 77 135 58 882 31 21 142 29 77 74 29 25 149 20 34 157 22 25 160 31 35 166 20 159 28 144 79
leaf_count=1088 469 836 209 312 364 114 231 228 295 312 437 91 38 226 60 426 180 53 23 423 263 1350 25 24 79 118 49 286 606 38 25 148 30 434 89 77 135 58 882 31 21 142 29 77 74 29 25 149 20 34 157 22 25 160 31 35 166 20 159 28 144 79
internal_value=-0.00274254 -0.778192 1.95738 1.59712 1.84376 2.08741 2.23663 -0.22333 -0.761955 0.106864 0.275416 3.81057 3.26881 1.8036 4.28019 -0.113624 1.01792 2.06828 -1.51374 -1.1353 1.41823 -1.54004 3.79476 4.04182 3.78443 2.20096 2.44424 2.58726 -1.34147 3.02246 3.39262 -1.13166 0.214296 -1.02058 -1.00824 4.33003 3.6142 -0.00449603 -1.47104 2.78074 -0.317599 -0.802292 3.15836 0.900996 0.551158 3.32518 6.64449 -1.91782 3.1622 2.33084 0.504281 0.285054 2.78882 1.88682 -0.66518 0.347721 0.330122 0.460667 0.50859 0.66229 0.73102 1.5007
internal_weight=12788 9163 3625 3035 2630 2266 2152 5223 1985 3238 2926 590 636 1516 499 1920 1006 1290 3940 1533 774 3917 414 389 365 1237 1042 993 2829 598 481 2074 1405 1926 515 286 456 405 1110 225 232 1492 547 195 337 518 85 755 489 194 452 1375 160 446 211 347 1353 1187 1167 1008 980 117
internal_count=12788 9163 3625 3035 2630 2266 2152 5223 1985 3238 2926 590 636 1516 499 1920 1006 1290 3940 1533 774 3917 414 389 365 1237 1042 993 2829 598 481 2074 1405 1926 515 286 456 405 1110 225 232 1492 547 195 337 518 85 755 489 194 452 1375 160 446 211 347 1353 1187 1167 1008 980 117
is_linear=0
shrinkage=0.05


Tree=27
num_leaves=63
num_cat=0
split_feature=28 35 36 35 17 35 9 34 4 9 36 35 17 4 33 35 31 32 17 35 9 16 38 32 19 31 14 35 32 32 31 40 35 24 16 25 31 36 35 1 9 35 25 29 13 31 36 38 24 33 35 35 36 24 4 31 38 39 19 24 24 31
split_gain=1.44147e+07 3.69342e+06 1.82552e+06 797196 636623 613642 520475 385680 329463 321862 301152 244340 226829 224566 198889 182305 181332 236955 168474 150524 143131 134205 140153 131767 131691 130534 129658 124345 121947 139372 138445 124305 121295 118890 116341 130835 107207 103755 100134 99379.6 98872.7 122185 182473 97364.8 90833.4 84417.6 104537 99690.4 80838.6 76060.1 76951 75915.1 75341.2 74922.6 70141.4 65435 63521.9 92314.5 88351.4 61094.7 60979.8 60463.6
threshold=1.0000000180025095e-35 769.55000000000007 245.32500000000002 422.45000000000005 1.0000000180025095e-35 449.15000000000003 1.0000000180025095e-35 285.00000000000006 1.0000000180025095e-35 1.0000000180025095e-35 404.10000000000008 1198.6500000000003 1.0000000180025095e-35 1.0000000180025095e-35 468.85000000000008 648.85000000000002 213.45000000000002 371.05000000000007 1.0000000180025095e-35 1309.4500000000003 1.0000000180025095e-35 1.0000000180025095e-35 1.0000000180025095e-35 396.15000000000003 1.0000000180025095e-35 310.95000000000005 1.0000000180025095e-35 879.1500000000002 207.75000000000003 343.35000000000008 366.75000000000006 5.5000000000000009 263.75000000000006 1.0000000180025095e-35 1.0000000180025095e-35 1.0000000180025095e-35 419.55000000000007 142.7166666666667 1118.0500000000002 1.0000000180025095e-35 1.0000000180025095e-35 1067.0500000000002 1.0000000180025095e-35 1.0000000180025095e-35 1.0000000180025095e-35 296.75000000000006 198.32500000000005 1.0000000180025095e-35 1.0000000180025095e-35 258.85000000000008 774.25000000000011 552.85000000000014 311.75833333333338 1.0000000180025095e-35 1.0000000180025095e-35 115.95000000000002 1.0000000180025095e-35 1.0000000180025095e-35 1.0000000180025095e-35 1.0000000180025095e-35 1.0000000180025095e-35 430.25000000000006
decision_type=2 2 2 2 2 2 2 2 2 2 2 2 2 2 2 2 2 2 2 2 2 2 2 2 2 2 2 2 2 2 2 2 2 2 2 2 2 2 2 2 2 2 2 2 2 2 2 2 2 2 2 2 2 2 2 2 2 2 2 2 2 2
left_child=1 3 5 12 6 37 8 10 11 13 14 26 20 18 15 36 17 -17 21 48 32 22 33 25 -24 -9 34 -12 -18 31 49 61 -1 43 35 44 -4 -2 52 53 41 42 45 51 56 47 -47 -7 54 50 -31 -5 -6 -13 -8 -39 57 -3 -58 -10 -34 -30
right_child=2 4 7 9 38 40 19 23 59 -11 27 39 -14 -15 -16 16 28 -19 -20 -21 -22 -23 24 -25 -26 -27 -28 -29 29 30 -32 -33 60 -35 -36 -37 -38 55 -40 -41 -42 -43 -44 -45 -46 46 -48 -49 -50 -51 -52 -53 -54 -55 -56 -57 58 -59 -60 -61 -62 -63
leaf_value=-1.8554362590863154 -0.35115775154531004 0.53981247204141991 5.2617575737467988 -0.79721105675321668 2.328232408292366 3.0373723090433877 1.983925414587552 5.9171585298353628 2.1346328072593765 0.89616189543105651 7.9701252770802329 1.8835142888034448 2.7594845510298209 0.5332568918708821 1.5050129404067993 8.0465798944234859 9.546166295730151 1.5171179923144253 2.5826660686069065 4.5732431368011497 -0.41529838410635717 1.523890345312398 -2.1911242473475143 12.046062517166138 0.59352334981061972 10.343413951661852 -1.9127829680022073 12.412796256655739 5.6259999385246866 7.1456508194024755 9.9315323662757891 7.9676949722426276 -1.2668549292082414 -1.7117788854589067 2.2706021706936723 1.0483302237110212 1.3928815269470216 4.4524708604812622 5.8452520738568232 -1.6089825558441657 6.8266395690611432 7.7567975592613223 7.4910420843533103 -1.5399870873043389 0.7390859943601702 6.9101514483320301 3.0769813112590625 -0.69459991625377115 -0.33861098704916059 8.7869874437650051 3.076255512237549 -0.17838970999819015 5.8313013009727008 0.2339004559950395 4.2767148751569426 1.3029208152852161 -1.5339305799779961 -0.60051401224409962 0.88968846046406291 0.35993516599399999 -2.3106041946411131 2.3054308944735036
leaf_weight=2275 100 283 171 1166 66 121 273 31 325 357 63 316 31 342 25 24 52 33 36 69 271 58 318 36 49 36 85 21 26 26 50 28 2086 300 59 250 20 20 57 27 35 20 28 273 210 29 46 21 33 24 21 862 20 88 38 94 206 476 46 57 150 29
leaf_count=2275 100 283 171 1166 66 121 273 31 325 357 63 316 31 342 25 24 52 33 36 69 271 58 318 36 49 36 85 21 26 26 50 28 2086 300 59 250 20 20 57 27 35 20 28 273 210 29 46 21 33 24 21 862 20 88 38 94 206 476 46 57 150 29
internal_value=-0.00260541 -0.55023 5.14329 -1.07752 0.964848 2.86984 0.800999 6.77535 0.521883 -0.532119 6.29967 0.270215 -1.50371 -0.681912 5.85805 6.07397 6.81682 4.26637 -0.817637 2.4419 -1.53135 -0.85809 -0.904638 9.60634 -1.81933 8.29545 -0.0120571 9.08079 7.3847 6.83373 7.91614 5.25577 -1.5984 -0.775575 0.0935388 0.00621947 4.85664 0.824337 4.22006 1.32791 4.32896 3.99908 3.69233 -0.653514 -0.207153 3.20217 4.55914 2.48546 2.0144 6.49684 5.32741 -0.534181 3.1429 1.52419 2.26407 1.85547 -0.403701 -0.175333 -1.09152 1.86982 -1.33687 3.87515
internal_weight=12788 11558 1230 8574 2984 514 2841 716 2428 3761 613 2046 4813 3404 529 504 313 57 3062 413 4782 3026 2968 103 367 67 1615 84 256 204 121 83 4511 2601 1530 1471 191 214 143 431 300 265 245 2301 1221 217 75 142 344 71 47 2028 86 404 311 114 1011 759 252 382 2236 55
internal_count=12788 11558 1230 8574 2984 514 2841 716 2428 3761 613 2046 4813 3404 529 504 313 57 3062 413 4782 3026 2968 103 367 67 1615 84 256 204 121 83 4511 2601 1530 1471 191 214 143 431 300 265 245 2301 1221 217 75 142 344 71 47 2028 86 404 311 114 1011 759 252 382 2236 55
is_linear=0
shrinkage=0.05


Tree=28
num_leaves=63
num_cat=0
split_feature=28 35 35 35 17 35 31 35 4 35 33 4 17 0 24 17 24 31 7 0 33 33 33 33 32 32 11 35 14 33 24 11 24 7 29 35 29 25 34 32 34 20 11 35 40 35 31 32 24 38 29 35 1 35 19 38 29 11 7 38 21 20
split_gain=1.30093e+07 3.33509e+06 1.41349e+06 693228 590205 475837 408350 396070 289585 275508 242574 226924 204713 183847 189187 177079 172534 203163 166465 151744 150457 159900 144284 255360 143234 173639 140213 140122 136738 136705 132145 132089 129515 134136 127429 126406 119798 115996 116341 112241 110686 107542 100704 97425.8 96541.7 104347 127665 93981.6 92939.3 92738.9 115384 89949.3 88660 97569.1 88130.2 83241.8 82917.3 83303.6 80562.1 88919.7 90505.8 73875.5
threshold=1.0000000180025095e-35 758.55000000000007 648.85000000000002 422.45000000000005 1.0000000180025095e-35 280.25000000000006 143.65000000000001 1241.4000000000003 1.0000000180025095e-35 1257.3500000000001 77.950000000000017 1.0000000180025095e-35 1.0000000180025095e-35 1.0000000180025095e-35 1.0000000180025095e-35 1.0000000180025095e-35 1.0000000180025095e-35 485.85000000000008 1.0000000180025095e-35 1.0000000180025095e-35 460.75000000000006 401.75000000000006 55.650000000000013 134.50000000000003 71.300000000000026 383.75000000000006 1.0000000180025095e-35 361.85000000000008 1.0000000180025095e-35 374.75000000000006 1.0000000180025095e-35 1.0000000180025095e-35 1.0000000180025095e-35 1.0000000180025095e-35 1.0000000180025095e-35 178.95000000000002 1.0000000180025095e-35 1.0000000180025095e-35 74.750000000000014 460.60000000000008 436.30000000000001 1.0000000180025095e-35 1.0000000180025095e-35 1241.4000000000003 2.5000000000000004 490.15000000000009 417.75000000000006 352.75000000000006 1.0000000180025095e-35 1.0000000180025095e-35 1.0000000180025095e-35 912.95000000000016 1.0000000180025095e-35 557.85000000000002 1.0000000180025095e-35 1.0000000180025095e-35 1.0000000180025095e-35 1.0000000180025095e-35 1.0000000180025095e-35 1.0000000180025095e-35 1.0000000180025095e-35 1.0000000180025095e-35
decision_type=2 2 2 2 2 2 2 2 2 2 2 2 2 2 2 2 2 2 2 2 2 2 2 2 2 2 2 2 2 2 2 2 2 2 2 2 2 2 2 2 2 2 2 2 2 2 2 2 2 2 2 2 2 2 2 2 2 2 2 2 2 2
left_child=1 3 5 12 7 -2 -4 8 13 16 24 15 35 14 18 31 17 20 26 43 21 22 39 47 27 44 28 -7 34 -18 42 32 33 36 41 -1 52 38 -25 -8 -11 51 49 -6 -26 -46 -47 -24 56 50 -9 -3 53 -5 -51 -40 57 58 59 60 -37 -55
right_child=2 4 6 11 19 10 9 30 -10 40 -12 -13 -14 -15 -16 -17 29 -19 -20 -21 -22 -23 23 37 25 -27 -28 -29 -30 -31 -32 -33 -34 -35 -36 48 -38 -39 55 -41 -42 -43 -44 -45 45 46 -48 -49 -50 54 -52 -53 -54 61 -56 -57 -58 -59 -60 -61 -62 -63
leaf_value=-1.8621371984607629 0.60036113314531958 0.97292779597143331 3.2818727426984342 -0.44259341863945151 3.8765847085955296 3.8342263862734942 6.9378159734420484 4.1045298109561967 1.7590390408133993 8.4169032057126358 1.0501545280218125 0.67948579155533018 2.6215103228246015 -1.8870302368685143 -0.8702178392073382 2.7480019851734765 1.7678347522562203 11.448272904482756 -0.62629700060861637 0.072239857628231957 2.2866028571128845 9.3734174389839175 4.3199315032788688 4.9857142315592089 5.2432518537528816 7.6781382602194093 -0.35899870227312008 7.0071496469003183 -1.4140111569772689 7.0065840530395507 0.38263439941406252 -1.6635201604750294 -1.523800469590781 -1.4727835075334221 -0.038705406194837227 -0.74744923221956761 -1.3453814176693841 9.6237776976365321 8.7229648551940908 10.833553499441882 12.401170332535454 -0.91105421298742295 0.8363646100884603 7.1491875028610226 0.94041389409630072 4.7902076619570373 0.18691368758678439 -0.16770785331726076 -2.2939490023845903 0.89522904100892853 1.4970158439402566 1.9857500796690239 -2.2124391608768041 0.35380235969549884 4.5082067762102396 5.0322497893463485 -2.1826850731790914 -2.1273912683273983 -2.0394429904077112 -2.0222419796958566 -1.4610700710322047 -2.3062525227045021
leaf_weight=1362 148 444 89 1218 94 61 64 158 369 72 63 358 31 97 276 38 33 22 258 21 20 50 28 105 40 23 236 81 57 20 100 312 325 294 203 1790 263 26 50 26 23 50 81 30 63 61 20 20 217 86 58 433 54 784 21 22 211 206 205 200 591 27
leaf_count=1362 148 444 89 1218 94 61 64 158 369 72 63 358 31 97 276 38 33 22 258 21 20 50 28 105 40 23 236 81 57 20 100 312 325 294 203 1790 263 26 50 26 23 50 81 30 63 61 20 20 217 86 58 433 54 784 21 22 211 206 205 200 591 27
internal_value=-0.00247514 -0.522719 4.88612 -1.03374 0.88892 3.03213 6.43573 0.734667 0.4694 6.91885 3.90568 -0.516429 -1.42853 0.237717 0.343032 -0.645581 6.43746 6.76706 0.542233 4.0027 6.51649 6.73285 6.34567 5.7298 4.42115 3.58219 0.754095 5.64413 0.975401 3.74472 2.00995 -0.684933 -0.581959 -0.466012 1.09593 -1.45478 -0.339844 6.5053 6.04722 8.06325 9.38152 1.3444 2.41275 4.66834 3.0702 2.46658 3.65359 2.45008 -1.29255 2.80806 3.40436 1.47299 -0.212884 -0.159668 1.60432 7.59525 -1.22471 -1.15715 -1.08541 -1.00964 -0.924581 0.265243
internal_weight=12788 11558 1230 8486 3072 560 670 2927 2423 581 412 3673 4813 2054 1957 3315 486 433 1681 145 411 391 341 251 349 207 1423 142 1187 53 504 3277 2965 2640 1130 4782 2346 203 177 90 95 927 404 124 184 144 81 48 3420 323 216 877 2083 2029 107 72 3203 2992 2786 2581 2381 811
internal_count=12788 11558 1230 8486 3072 560 670 2927 2423 581 412 3673 4813 2054 1957 3315 486 433 1681 145 411 391 341 251 349 207 1423 142 1187 53 504 3277 2965 2640 1130 4782 2346 203 177 90 95 927 404 124 184 144 81 48 3420 323 216 877 2083 2029 107 72 3203 2992 2786 2581 2381 811
is_linear=0
shrinkage=0.05


Tree=29
num_leaves=63
num_cat=0
split_feature=28 35 36 35 35 35 23 9 35 24 32 9 33 16 36 16 1 25 23 0 29 9 9 24 35 32 9 12 29 0 24 33 35 35 35 35 32 32 21 32 12 34 39 36 1 16 33 12 40 35 38 33 25 39 0 23 24 36 36 33 35 32
split_gain=1.17409e+07 3.00992e+06 1.51017e+06 629778 459619 369811 279144 271896 267917 235320 224628 224176 199754 192659 170379 168414 165685 163516 154594 140583 145564 138635 137507 128163 126715 122610 121126 120001 119823 108015 105710 218451 103837 91958.9 88558.5 86116.6 94368 126337 100368 102754 81986 81444.1 81250.4 79932.9 73697.1 76909.4 72513.3 71931.2 68689.9 75610 63163.1 60244.1 57977.4 80615.6 57799.3 58837.1 59893.8 56874.5 55721.7 54455.7 53817.1 53497.1
threshold=1.0000000180025095e-35 758.55000000000007 216.95833333333334 444.45000000000005 1241.4000000000003 1089.1000000000001 1.0000000180025095e-35 1.0000000180025095e-35 370.55000000000007 1.0000000180025095e-35 442.25000000000006 1.0000000180025095e-35 97.15000000000002 1.0000000180025095e-35 386.78333333333336 1.0000000180025095e-35 1.0000000180025095e-35 1.0000000180025095e-35 1.0000000180025095e-35 1.0000000180025095e-35 1.0000000180025095e-35 1.0000000180025095e-35 1.0000000180025095e-35 1.0000000180025095e-35 290.55000000000007 321.25000000000006 1.0000000180025095e-35 1.0000000180025095e-35 1.0000000180025095e-35 1.0000000180025095e-35 1.0000000180025095e-35 468.85000000000008 654.95000000000016 1107.4500000000003 736.45000000000016 1045.6000000000001 136.15000000000001 196.15000000000001 1.0000000180025095e-35 371.05000000000007 1.0000000180025095e-35 189.85000000000005 1.0000000180025095e-35 269.52000000000004 1.0000000180025095e-35 1.0000000180025095e-35 434.45000000000005 1.0000000180025095e-35 4.5000000000000009 505.05000000000007 1.0000000180025095e-35 239.60000000000002 1.0000000180025095e-35 1.0000000180025095e-35 1.0000000180025095e-35 1.0000000180025095e-35 1.0000000180025095e-35 91.737500000000011 224.02500000000003 77.950000000000017 100.95000000000002 128.35000000000005
decision_type=2 2 2 2 2 2 2 2 2 2 2 2 2 2 2 2 2 2 2 2 2 2 2 2 2 2 2 2 2 2 2 2 2 2 2 2 2 2 2 2 2 2 2 2 2 2 2 2 2 2 2 2 2 2 2 2 2 2 2 2 2 2
left_child=1 3 8 21 6 10 9 18 57 11 14 13 -12 16 26 17 19 27 23 20 33 24 30 28 60 32 34 42 29 40 31 46 59 47 43 36 -36 -38 39 51 44 -34 50 48 45 52 -7 -3 49 -4 -6 -39 53 -5 55 56 -26 -2 -23 61 -1 -10
right_child=2 4 5 7 15 22 -8 -9 25 -11 12 -13 -14 -15 -16 -17 -18 -19 -20 -21 -22 58 -24 -25 54 -27 -28 -29 -30 -31 -32 -33 41 -35 35 -37 37 38 -40 -41 -42 -43 -44 -45 -46 -47 -48 -49 -50 -51 -52 -53 -54 -55 -56 -57 -58 -59 -60 -61 -62 -63
leaf_value=-2.1018009769916537 -1.6137942799206439 0.74285657159979479 5.8756502316548271 -0.10095730520919775 3.128847541742855 7.8680066264592687 -0.69734159751335778 0.96163299184637718 5.9163621771335606 -0.53130005816786985 9.9265989553521976 2.3295353663380673 4.8651965427398682 3.2914168214787622 7.0778866200833708 6.016414211414479 -1.527647347335356 3.9828477768670947 -1.6186207446235199 -1.3994831579252027 -0.23293224326586082 -0.79644241405267213 11.230887653516687 -1.4256660135920909 -0.94189534089890725 0.16465565760930378 7.3422354670933316 3.2916826772980574 -1.3637509215137233 -2.2179344548628879 4.4135168997446703 3.0129780119115654 6.7098027484981646 2.2272357422789062 7.91940189562738 2.0769335315341042 1.7635884929161805 3.9166478118896486 8.2900766937821011 2.0138341565926869 0.7571400381858574 3.0352180857360365 0.53870381472202444 4.4073284085094926 -2.2803219415924767 2.0786851012458403 10.939051006151283 1.89772300236387 1.5207162685195605 1.8418705486115954 1.0039147434865727 7.0454922270774851 0.52209052050397509 -0.87026022462368469 -3.7224684579031813 -2.0263346753942391 -1.9958994238541046 0.83851164792431521 0.6058497949080035 1.6661797420453217 -1.5169327524568907 2.6911159305936763
leaf_weight=480 29 804 26 994 72 117 375 313 20 295 44 267 35 72 74 27 83 84 324 71 241 199 23 305 1913 30 35 82 253 65 30 22 38 161 32 21 26 25 27 24 223 25 208 160 44 36 23 162 60 21 68 40 210 518 21 155 145 128 110 59 2178 36
leaf_count=480 29 804 26 994 72 117 375 313 20 295 44 267 35 72 74 27 83 84 324 71 241 199 23 305 1913 30 35 82 253 65 30 22 38 161 32 21 26 25 27 24 223 25 208 160 44 36 23 162 60 21 68 40 210 518 21 155 145 128 110 59 2178 36
internal_value=-0.00235139 -0.496583 4.64182 -0.982056 0.844474 5.77989 0.561718 -0.44007 1.94475 0.780711 5.1853 0.988687 7.68421 0.76409 4.83957 2.16731 0.644532 1.96512 -0.587693 0.769821 0.882409 -1.32438 7.57747 -0.461552 -1.38926 3.12166 4.5063 1.57096 -0.336048 -0.211642 7.13982 7.64469 3.62003 1.12092 4.29145 5.10149 5.46652 4.91376 5.61983 4.80975 -0.147243 5.25163 1.1655 3.69986 -0.259161 -0.208575 8.37254 0.93653 2.64195 4.07332 2.09674 5.84209 -0.256392 -0.364515 -1.11169 -1.08691 -1.01616 0.385538 -0.297245 2.72619 -1.62255 3.84299
internal_weight=12788 11558 1230 8486 3072 865 2531 3285 365 2156 650 1861 79 1594 571 541 1522 514 2972 1439 1368 5201 215 2648 4892 208 497 430 2343 2090 192 162 178 1127 462 195 174 142 116 89 2025 63 348 267 1802 1758 140 966 107 47 140 65 1722 1512 2234 2213 2058 157 309 115 2658 56
internal_count=12788 11558 1230 8486 3072 865 2531 3285 365 2156 650 1861 79 1594 571 541 1522 514 2972 1439 1368 5201 215 2648 4892 208 497 430 2343 2090 192 162 178 1127 462 195 174 142 116 89 2025 63 348 267 1802 1758 140 966 107 47 140 65 1722 1512 2234 2213 2058 157 309 115 2658 56
is_linear=0
shrinkage=0.05


Tree=30
num_leaves=63
num_cat=0
split_feature=35 35 7 17 35 39 24 38 11 16 24 29 21 38 35 16 14 29 24 37 17 19 35 35 35 39 29 36 24 29 21 0 35 29 19 21 9 11 36 10 6 13 8 18 5 12 12 36 7 40 9 11 21 2 39 21 35 36 9 13 8 39
split_gain=5.15561e+06 1.00295e+06 546811 592652 481657 355015 342038 376547 311965 301814 279306 244814 241076 272193 234585 224496 223287 230690 231101 219412 205005 190523 176897 142516 140962 140104 135577 132009 126112 126581 136545 122025 109369 109353 105139 100534 96387.7 88671.7 83561.3 82030.5 95650.8 104744 132045 186532 96917 147195 80672.8 80432.7 79567.8 79163.4 74476 73554.1 71246.4 73544.5 67213.3 66087.9 63113.3 61759.1 61048.1 60133.5 60350 58664.8
threshold=758.55000000000007 344.05000000000001 1.0000000180025095e-35 1.0000000180025095e-35 1211.5500000000002 1.0000000180025095e-35 1.0000000180025095e-35 1.0000000180025095e-35 1.0000000180025095e-35 1.0000000180025095e-35 1.0000000180025095e-35 1.0000000180025095e-35 1.0000000180025095e-35 1.0000000180025095e-35 886.1500000000002 1.0000000180025095e-35 1.0000000180025095e-35 1.0000000180025095e-35 1.0000000180025095e-35 2.5000000000000004 1.0000000180025095e-35 1.0000000180025095e-35 552.85000000000014 105.25000000000001 552.85000000000014 1.0000000180025095e-35 1.0000000180025095e-35 268.44166666666678 1.0000000180025095e-35 1.0000000180025095e-35 1.0000000180025095e-35 1.0000000180025095e-35 680.80000000000007 1.0000000180025095e-35 1.0000000180025095e-35 1.0000000180025095e-35 1.0000000180025095e-35 1.0000000180025095e-35 321.17500000000001 1.0000000180025095e-35 1.0000000180025095e-35 1.0000000180025095e-35 1.0000000180025095e-35 1.0000000180025095e-35 1.0000000180025095e-35 1.0000000180025095e-35 1.0000000180025095e-35 309.27500000000003 1.0000000180025095e-35 3.5000000000000004 1.0000000180025095e-35 1.0000000180025095e-35 1.0000000180025095e-35 1.0000000180025095e-35 1.0000000180025095e-35 1.0000000180025095e-35 497.55000000000007 308.02500000000003 1.0000000180025095e-35 1.0000000180025095e-35 1.0000000180025095e-35 1.0000000180025095e-35
decision_type=2 2 2 2 2 2 2 2 2 2 2 2 2 2 2 2 2 2 2 2 2 2 2 2 2 2 2 2 2 2 2 2 2 2 2 2 2 2 2 2 2 2 2 2 2 2 2 2 2 2 2 2 2 2 2 2 2 2 2 2 2 2
left_child=1 23 3 4 6 10 7 8 14 21 11 12 13 22 33 20 17 18 31 38 34 -9 39 -1 -7 28 36 -5 29 30 -25 37 -21 35 56 54 52 58 -14 40 41 42 43 44 45 50 47 -4 51 -29 -3 -26 -16 -54 -2 -39 -15 -12 61 60 -24 -6
right_child=2 5 46 27 16 24 -8 9 -10 -11 57 -13 19 15 26 -17 -18 -19 -20 32 -22 -23 59 25 48 -27 -28 49 -30 -31 -32 -33 -34 -35 -36 -37 -38 55 -40 -41 -42 -43 -44 -45 -46 -47 -48 -49 -50 -51 -52 -53 53 -55 -56 -57 -58 -59 -60 -61 -62 -63
leaf_value=-1.9394146862010324 3.2760477698901123 3.6308629578383513 -0.78494520093555809 3.3247677991264748 5.8246306204795841 -1.0735508871257238 -0.076391699834546051 -0.45456673312408546 0.39392355605578205 3.3941705523548942 -0.7208586875900207 -1.0838980879288973 -0.67187234874499047 -2.5786786794662477 3.6177262491529643 3.0376019212603573 -0.90418616042417632 1.0549402320447068 1.7659305550363087 0.09898183760336704 3.309736783229388 2.4208373773185645 3.0055913025491381 -0.48033213164100091 0.33275052637453806 -1.6594196771492955 1.593652887379422 4.8262125922573942 -2.2722992479801181 -2.156111764319149 -1.4431856183699954 1.1351125424297956 1.9983636740905544 -0.082967963455354468 1.2824246644973756 1.0167168276513567 4.5768081925084108 4.6730893226230847 -2.3086168324047667 -0.34826069662554399 -0.22812689181928542 -0.081632565286935577 -0.14308713801205158 -0.025350654224166647 0.70021266035619201 0.82425657502003014 1.8600113906242228 0.61178609856284705 -1.040611569567631 8.0776789273971161 1.9265692054610892 -0.80086291155429812 2.7940378989223564 0.62848754251996686 1.7125869470534565 1.5555890882716461 -0.98320273975251427 -2.1391388768951098 6.892067600431897 1.0325997431141636 1.1723270170024185 4.0551192454565159
leaf_weight=605 136 189 243 57 80 1115 335 377 244 76 213 291 295 110 220 40 34 96 109 360 26 68 170 1581 516 837 153 36 158 162 480 26 96 85 34 202 113 34 106 144 153 149 120 128 96 100 54 179 236 39 97 198 214 48 139 34 142 120 42 96 61 113
leaf_count=605 136 189 243 57 80 1115 335 377 244 76 213 291 295 110 220 40 34 96 109 360 26 68 170 1581 516 837 153 36 158 162 480 26 96 85 34 202 113 34 106 144 153 149 120 128 96 100 54 179 236 39 97 198 214 48 139 34 142 120 42 96 61 113
internal_value=0.00979165 -0.615642 1.61855 1.8601 1.71478 -0.176995 1.40608 1.64541 2.03541 0.482154 0.141941 0.29429 0.442171 0.762591 2.34116 -0.488948 3.0246 3.27475 3.76128 -0.251388 -0.94107 -0.0151791 1.0557 -1.23535 -0.692235 -1.10298 2.92112 5.13852 -0.90737 -0.810357 -0.704577 4.42235 0.498852 1.56925 -1.32751 1.86367 3.26247 4.70443 -1.10453 0.769664 0.925653 1.12648 1.37307 1.67133 2.1219 2.47548 0.0403543 -0.192493 -0.24469 6.51698 3.05283 0.0183871 2.95434 2.3973 2.48579 3.11434 -1.67964 -1.23195 5.16454 2.08438 2.52148 4.7886
internal_weight=12810 9224 3586 3110 2978 5401 2410 2075 1554 521 3336 3003 2712 1855 1310 352 568 534 438 857 312 445 1503 3823 2065 3218 748 132 2381 2223 2061 329 456 562 286 477 595 303 401 1176 1032 879 730 610 482 386 476 422 950 75 286 714 482 262 275 68 252 333 235 327 231 193
internal_count=12810 9224 3586 3110 2978 5401 2410 2075 1554 521 3336 3003 2712 1855 1310 352 568 534 438 857 312 445 1503 3823 2065 3218 748 132 2381 2223 2061 329 456 562 286 477 595 303 401 1176 1032 879 730 610 482 386 476 422 950 75 286 714 482 262 275 68 252 333 235 327 231 193
is_linear=0
shrinkage=0.05


Tree=31
num_leaves=63
num_cat=0
split_feature=28 35 36 17 35 36 9 9 9 5 35 31 5 1 7 32 34 24 35 17 35 32 31 31 35 17 36 16 33 32 36 25 32 9 14 7 24 31 29 38 31 35 0 32 24 36 36 33 36 36 36 36 32 0 36 20 35 29 36 35 7 30
split_gain=1.05339e+07 2.46924e+06 1.03821e+06 567246 524675 438229 340418 243009 221909 220867 202036 175076 179413 172026 164527 147095 284332 142281 141479 140486 126186 125795 246123 133208 123620 123365 116763 114834 110476 114180 129725 108488 100225 99927.7 95984.9 98336.7 99417.1 89801.5 88923.2 86497.3 84995.5 84805.7 83780.2 93912.8 82224.9 81999 100209 128721 81771 85050.3 80979.9 77086.7 75176 75130.8 74923.9 72675.8 77135.4 70983.1 65719.8 65564.9 62295.5 61811.3
threshold=1.0000000180025095e-35 774.25000000000011 169.91666666666671 1.0000000180025095e-35 441.75000000000006 342.55000000000007 1.0000000180025095e-35 1.0000000180025095e-35 1.0000000180025095e-35 1.0000000180025095e-35 769.55000000000007 385.35000000000008 1.0000000180025095e-35 1.0000000180025095e-35 1.0000000180025095e-35 301.65000000000003 86.750000000000014 1.0000000180025095e-35 324.65000000000003 1.0000000180025095e-35 166.25000000000003 431.35000000000008 177.15000000000001 187.95000000000002 1018.5500000000001 1.0000000180025095e-35 276.02500000000003 1.0000000180025095e-35 183.95000000000002 324.55000000000007 294.05000000000007 1.0000000180025095e-35 192.55000000000004 1.0000000180025095e-35 1.0000000180025095e-35 1.0000000180025095e-35 1.0000000180025095e-35 477.45000000000005 1.0000000180025095e-35 1.0000000180025095e-35 209.75000000000003 953.35000000000014 1.0000000180025095e-35 440.45000000000005 1.0000000180025095e-35 311.75833333333338 281.71250000000003 111.85000000000001 262.35833333333341 234.04166666666669 261.0750000000001 349.01666666666671 358.65000000000003 1.0000000180025095e-35 220.71250000000001 1.0000000180025095e-35 588.85000000000002 1.0000000180025095e-35 460.35000000000008 1474.1500000000003 1.0000000180025095e-35 1.0000000180025095e-35
decision_type=2 2 2 2 2 2 2 2 2 2 2 2 2 2 2 2 2 2 2 2 2 2 2 2 2 2 2 2 2 2 2 2 2 2 2 2 2 2 2 2 2 2 2 2 2 2 2 2 2 2 2 2 2 2 2 2 2 2 2 2 2 2
left_child=1 4 18 6 19 8 9 25 11 13 58 12 21 14 17 45 -17 24 -2 20 -1 23 -23 26 61 34 -4 33 -25 30 48 51 -10 39 35 36 38 52 55 44 -20 -24 43 -5 57 46 47 -13 49 -30 -14 -8 -12 59 -27 56 -6 60 -7 -26 -22 -3
right_child=2 3 5 42 7 10 31 -9 32 -11 37 15 50 -15 -16 16 -18 -19 40 -21 27 22 41 28 53 54 -28 -29 29 -31 -32 -33 -34 -35 -36 -37 -38 -39 -40 -41 -42 -43 -44 -45 -46 -47 -48 -49 -50 -51 -52 -53 -54 -55 -56 -57 -58 -59 -60 -61 -62 -63
leaf_value=-1.668338927218544 -0.026892130906167239 0.42523880349055254 2.5891145597353127 3.7589265047042981 -0.44372881989210833 4.860542564208691 1.2023664553768387 0.8669945295257051 4.6594113787015283 1.5228877561336214 5.3472499081066687 7.8525144100189213 9.0016301285136837 -1.8228560409843924 -0.78500097773662991 11.95158516427745 4.0007247144525699 -0.48174296772812264 1.456343082934618 2.5340577874183658 -0.91463797698362281 9.4623665800094603 0.94874505996704106 3.111273255199194 1.3395936584011556 0.056112720655358363 -1.2351269588470459 2.2263361961509172 6.3288569862192325 8.2719604232094515 0.92507159818302509 4.0798070338537107 8.7277566363171832 -0.11917758543199548 -2.7583770241737366 -1.3408745283207419 -1.3142202971774644 11.017935566280201 -1.2039077583784448 -2.1266088368431686 4.5854250599356261 5.4980994200706483 0.88188530445098889 7.5060429990291597 -2.0153799457746184 7.3485817986985911 1.3131105098724367 3.2789847305417066 8.0261162501573562 1.8802797521863663 4.6056369554996497 2.8427062407211223 8.3574645456671721 -0.69609676202138271 4.1375327614220714 -2.0455994479082249 0.17320895127728408 -1.8969027190218939 7.9902024078369145 3.5312689536326638 -1.7816382916976832 -1.8194622095674278
leaf_weight=1216 115 737 99 102 1221 104 259 336 24 374 28 25 22 100 292 23 22 296 60 25 2760 25 21 226 439 23 25 26 22 22 22 53 41 240 50 348 295 23 266 223 34 20 20 20 234 23 25 40 20 21 20 99 80 42 22 54 866 227 20 37 224 32
leaf_count=1216 115 737 99 102 1221 104 259 336 24 374 28 25 22 100 292 23 22 296 60 25 2760 25 21 226 439 23 25 26 22 22 22 53 41 240 50 348 295 23 266 223 34 20 20 20 234 23 25 40 20 21 20 99 80 42 22 54 866 227 20 37 224 32
internal_value=0.00930207 -0.462598 4.36571 0.799579 -0.885755 5.01024 0.641018 -0.41112 4.42722 0.408744 6.81189 4.17563 3.76418 0.197761 0.305528 5.64696 8.0645 0.506687 1.14925 -1.20502 -1.22317 3.51169 5.55219 3.217 0.734018 -0.547669 1.8181 -1.08557 3.73791 5.06147 4.23053 1.96854 7.2256 -1.1076 -0.585398 -0.549775 -0.447887 8.18117 -0.34171 -1.17228 2.58814 3.16794 3.88147 4.37321 -1.1105 4.68422 4.00333 5.03803 5.38481 4.1563 6.9083 1.65598 7.57704 1.33109 2.05147 -0.23459 -0.187731 -1.04456 5.36533 1.50995 -0.979721 0.331831
internal_weight=12810 11558 1252 2902 8656 1043 2760 3481 788 2349 255 723 565 1975 1875 158 45 1583 209 5175 5150 523 66 457 1287 3145 124 3934 333 107 85 411 65 3908 3100 3050 2702 131 2407 3668 94 41 142 122 3445 113 90 65 63 43 42 358 108 518 45 2141 2087 3211 124 476 2984 769
internal_count=12810 11558 1252 2902 8656 1043 2760 3481 788 2349 255 723 565 1975 1875 158 45 1583 209 5175 5150 523 66 457 1287 3145 124 3934 333 107 85 411 65 3908 3100 3050 2702 131 2407 3668 94 41 142 122 3445 113 90 65 63 43 42 358 108 518 45 2141 2087 3211 124 476 2984 769
is_linear=0
shrinkage=0.05


Tree=32
num_leaves=63
num_cat=0
split_feature=28 35 36 35 36 35 4 24 9 35 9 7 16 9 31 5 24 11 14 32 34 35 29 32 31 31 1 7 36 0 11 11 9 32 32 20 35 31 31 35 31 36 36 37 35 36 11 35 36 36 4 0 20 24 7 16 32 29 21 36 16 9
split_gain=9.50683e+06 2.23495e+06 936983 429216 395502 362437 228810 208526 200273 182337 180356 173183 172390 167602 158006 161920 155851 158632 137815 132753 256610 127685 121556 113530 222126 120492 113307 121407 106533 99977.6 98166.4 97850.1 94536.8 90938.2 90453.3 81396.2 81268.8 81045.9 77497.7 76537.1 76492.4 74004.1 92877.2 85284 73902.6 73084.4 73050.6 87232.6 104439 132323 72559.5 71428.8 69904.4 71080.6 76641.2 69024.6 67846.3 65174.1 71258.2 89568.4 69003.1 64733.4
threshold=1.0000000180025095e-35 686.45000000000016 169.91666666666671 1018.5500000000001 342.55000000000007 350.55000000000007 1.0000000180025095e-35 1.0000000180025095e-35 1.0000000180025095e-35 769.55000000000007 1.0000000180025095e-35 1.0000000180025095e-35 1.0000000180025095e-35 1.0000000180025095e-35 385.35000000000008 1.0000000180025095e-35 1.0000000180025095e-35 1.0000000180025095e-35 1.0000000180025095e-35 301.65000000000003 86.750000000000014 324.65000000000003 1.0000000180025095e-35 431.35000000000008 177.15000000000001 189.95000000000002 1.0000000180025095e-35 1.0000000180025095e-35 276.02500000000003 1.0000000180025095e-35 1.0000000180025095e-35 1.0000000180025095e-35 1.0000000180025095e-35 356.95000000000005 192.55000000000004 1.0000000180025095e-35 1474.1500000000003 477.45000000000005 216.75000000000003 953.35000000000014 236.25000000000003 311.75833333333338 274.85833333333341 3.5000000000000004 117.95000000000002 261.0750000000001 1.0000000180025095e-35 753.35000000000014 294.05000000000007 244.52666666666667 1.0000000180025095e-35 1.0000000180025095e-35 1.0000000180025095e-35 1.0000000180025095e-35 1.0000000180025095e-35 1.0000000180025095e-35 358.65000000000003 1.0000000180025095e-35 1.0000000180025095e-35 250.32500000000002 1.0000000180025095e-35 1.0000000180025095e-35
decision_type=2 2 2 2 2 2 2 2 2 2 2 2 2 2 2 2 2 2 2 2 2 2 2 2 2 2 2 2 2 2 2 2 2 2 2 2 2 2 2 2 2 2 2 2 2 2 2 2 2 2 2 2 2 2 2 2 2 2 2 2 2 2
left_child=1 5 21 11 8 44 10 12 14 -6 30 16 13 26 15 23 17 18 22 41 -21 -2 29 25 -25 28 27 31 -4 32 51 36 35 46 -10 50 -5 56 -23 -26 -12 42 43 -16 -1 -17 47 -27 49 -49 -3 52 53 54 57 61 -11 58 60 -60 -7 -46
right_child=2 3 4 7 9 6 -8 -9 34 37 40 -13 -14 -15 19 45 -18 -19 -20 20 -22 38 -24 24 39 33 -28 -29 -30 -31 -32 -33 -34 -35 -36 -37 -38 -39 -40 -41 -42 -43 -44 -45 55 -47 -48 48 -50 -51 -52 -53 -54 -55 -56 -57 -58 -59 59 -61 -62 -63
leaf_value=-1.7316959128660316 -0.025547522280527198 0.78746923489576692 2.4651865033270086 1.6910578330586814 5.097060049733809 -0.26281610493314617 0.61131170548104308 -0.038746018419746592 4.4264407396316532 5.0798874676227577 -0.47969068800961534 -0.94707642461607855 4.2475854433816052 2.8454992862997082 7.0059539590563098 8.5515485113317311 -0.78154999762773514 -0.64337763829558503 -1.7522441272302107 11.354005871648376 3.8006884054704146 1.4997887864938151 -0.31247668183492544 8.9892481670379638 0.90130787349882591 2.869954474464707 -1.0621139509258446 -0.0093030092047734405 -1.1733706703186035 -1.1397794464849076 -1.6554331870642818 0.23518084913492202 2.1119459888275296 5.8978198347864925 8.2913687612952263 -1.078865914106369 3.9564694803814557 10.467038834613303 4.6080867454923435 5.2231943231821063 1.0838463040929969 6.9811528313419089 1.7417874939301434 3.1034831098147801 -1.2450352408382768 4.3753549295663836 0.42568811462039041 3.7952570354237274 2.0632406063079833 8.4368246291364937 1.9239543439352023 -2.5156660678169946 -2.4180449082933624 -1.404432201132936 -1.341111395829234 1.6912470857302351 7.9395912882685664 -1.2491151224807424 -0.54892017939298055 -1.9632642553435813 2.3856701974868773 -0.26396388650231856
leaf_weight=714 115 786 103 499 124 1511 359 238 24 28 135 300 58 177 28 22 269 255 55 23 22 65 211 25 21 184 54 144 25 53 314 110 187 37 41 50 43 23 29 20 186 23 34 28 2771 20 21 34 25 28 171 55 58 295 302 21 80 259 575 139 25 179
leaf_count=714 115 786 103 499 124 1511 359 238 24 28 135 300 58 177 28 22 269 255 55 23 22 65 211 25 21 184 54 144 25 53 314 110 187 37 41 50 43 23 29 20 186 23 34 28 2771 20 21 34 25 28 171 55 58 295 302 21 80 259 575 139 25 179
internal_value=0.00883697 -0.439469 4.14743 0.581895 4.75973 -0.912777 -0.596002 1.30154 4.20586 6.4713 -0.708463 0.174498 1.59554 1.44576 3.96685 3.57597 0.339678 0.510273 0.704708 5.36461 7.66127 1.09178 0.797391 3.33611 5.27458 3.05615 1.15428 1.30464 1.75453 0.985188 -0.811564 1.59484 1.07951 3.56256 6.86432 0.887789 1.87079 7.77211 2.45873 3.00955 0.426284 4.45001 3.80317 5.05472 -1.27494 6.56288 3.26665 3.4868 4.79139 5.89145 0.99054 -0.729248 -0.698194 -0.666079 -0.588592 -1.16517 7.19819 -0.498014 -0.411554 -0.824262 -0.219709 -1.18551
internal_weight=12810 11558 1252 3660 1043 7898 4213 1323 788 255 3854 2337 1085 1027 723 565 2037 1768 1513 158 45 209 1458 523 66 457 850 796 128 1247 3533 652 1194 329 65 1007 542 131 94 41 321 113 90 56 3685 42 292 271 87 62 957 3219 3164 3106 2811 2971 108 2509 2250 714 1536 2950
internal_count=12810 11558 1252 3660 1043 7898 4213 1323 788 255 3854 2337 1085 1027 723 565 2037 1768 1513 158 45 209 1458 523 66 457 850 796 128 1247 3533 652 1194 329 65 1007 542 131 94 41 321 113 90 56 3685 42 292 271 87 62 957 3219 3164 3106 2811 2971 108 2509 2250 714 1536 2950
is_linear=0
shrinkage=0.05


Tree=33
num_leaves=63
num_cat=0
split_feature=28 35 36 35 36 4 16 12 25 35 2 7 35 4 32 13 12 0 35 35 11 32 32 35 31 32 16 35 38 31 25 31 32 32 7 24 19 24 35 31 31 11 29 32 20 7 7 21 38 37 14 20 32 31 35 32 37 11 25 1 35 37
split_gain=8.57991e+06 2.02343e+06 845627 437047 356941 294239 237658 256554 178970 171252 206368 179470 174048 169515 165806 162307 123130 119435 116130 115236 105055 101909 185734 99601.9 98082.8 106999 96692.5 96369.2 85989.6 207538 111340 94006.4 121276 86704.2 84415.9 94544 82112.7 80816.6 79817.6 79697.4 78861.7 78221.8 85929.5 74536.3 73752.7 75334.5 73270.2 72105.4 91642.1 79311.4 71918.6 74792.7 71138.6 70019.6 69490.2 67663 134880 62978.8 62790.6 60826.3 60444.6 59834.4
threshold=1.0000000180025095e-35 774.25000000000011 169.91666666666671 458.45000000000005 342.55000000000007 1.0000000180025095e-35 1.0000000180025095e-35 1.0000000180025095e-35 1.0000000180025095e-35 466.05000000000007 1.0000000180025095e-35 1.0000000180025095e-35 1067.0500000000002 1.0000000180025095e-35 278.85000000000008 1.0000000180025095e-35 1.0000000180025095e-35 1.0000000180025095e-35 166.25000000000003 324.65000000000003 1.0000000180025095e-35 80.65000000000002 102.95000000000002 1437.45 184.85000000000005 329.05000000000007 1.0000000180025095e-35 1291.7500000000002 1.0000000180025095e-35 266.65000000000003 1.0000000180025095e-35 158.40000000000003 412.25000000000006 433.35000000000008 1.0000000180025095e-35 1.0000000180025095e-35 1.0000000180025095e-35 1.0000000180025095e-35 774.25000000000011 286.05000000000007 474.15000000000003 1.0000000180025095e-35 1.0000000180025095e-35 242.65000000000001 1.0000000180025095e-35 1.0000000180025095e-35 1.0000000180025095e-35 1.0000000180025095e-35 1.0000000180025095e-35 1.5000000000000002 1.0000000180025095e-35 1.0000000180025095e-35 435.35000000000008 209.75000000000003 579.05000000000007 192.55000000000004 3.5000000000000004 1.0000000180025095e-35 1.0000000180025095e-35 1.0000000180025095e-35 1089.1000000000001 3.5000000000000004
decision_type=2 2 2 2 2 2 2 2 2 2 2 2 2 2 2 2 2 2 2 2 2 2 2 2 2 2 2 2 2 2 2 2 2 2 2 2 2 2 2 2 2 2 2 2 2 2 2 2 2 2 2 2 2 2 2 2 2 2 2 2 2 2
left_child=1 3 19 18 9 6 7 8 15 -4 11 12 21 16 40 17 20 36 -1 -2 34 -11 -23 -9 -14 43 37 58 30 -30 31 32 -24 54 35 50 44 41 -16 -12 -6 42 46 -26 45 57 47 48 -20 -49 51 -5 -27 -21 -33 56 -56 59 -7 -3 -10 -13
right_child=2 5 4 13 14 27 -8 23 60 10 39 61 24 -15 38 -17 -18 -19 26 53 -22 22 28 -25 25 52 -28 -29 29 -31 -32 33 -34 -35 -36 -37 -38 -39 -40 -41 -42 -43 -44 -45 -46 -47 -48 49 -50 -51 -52 -53 -54 -55 55 -57 -58 -59 -60 -61 -62 -63
leaf_value=-1.5020850984086511 -0.024270145400710728 0.35885973917282049 2.5059921964906877 -0.11343434130399943 4.1377795891012807 1.4294481303477111 2.8773489469991009 1.3815566368494183 0.74442797446284781 1.065167810803368 3.1598636300135885 3.9295494363421484 3.8091312805811564 0.72298235533064648 5.0136488750063144 1.0442500886705759 0.49707910077646372 -2.0063642596396116 -0.49174578551069364 1.3085364756981532 -1.4611116065766854 8.9003500491380692 4.1037350972493494 4.6452764148712156 7.6441762810661693 10.847103591918945 1.880001791715622 3.9687683170916994 -0.10129576809704305 5.9128157033370101 7.485421494394541 2.5027167423204943 8.8722993950049087 0.9870956255042036 -1.2738026152411812 -1.280460047017673 1.6433982615749683 -1.8191045112111643 7.9709656103157274 -0.37400059975959637 7.3455923875172928 -1.7628612074220606 -1.7378904339158909 3.4314888000488284 -1.8219786444131068 -1.016686338171136 -1.6039291163636191 -2.1108165809494293 -1.5489990540640017 -0.87703162120856559 -2.4598125696182254 -2.0954852741591785 7.0751396083831795 4.1486045970636258 0.11099727749824524 5.5000583444279858 5.670671432713668 -0.79247866385737387 3.478650051497278 -1.6204118914720489 2.1637844051051345 0.47288893461227421
leaf_weight=1220 115 729 155 1661 95 340 102 360 209 21 39 21 24 338 29 291 300 91 2202 60 295 24 30 25 21 25 30 51 32 26 32 44 24 23 278 237 62 262 107 27 24 253 256 21 68 197 255 167 226 592 35 49 25 34 20 99 24 177 42 41 117 31
leaf_count=1220 115 729 155 1661 95 340 102 360 209 21 39 21 24 338 29 291 300 91 2202 60 295 24 30 25 21 25 30 51 32 26 32 44 24 23 278 237 62 262 107 27 24 253 256 21 68 197 255 167 226 592 35 49 25 34 20 99 24 177 42 41 117 31
internal_value=0.00839512 -0.417495 3.94006 -0.800551 4.52174 0.725073 0.514232 0.4124 0.182976 3.99556 4.36031 4.66832 4.95099 -0.335831 6.14773 -0.0278323 -0.461183 -0.256386 -1.07217 1.03719 -0.573699 4.45537 4.64372 1.59349 6.65573 7.39832 -0.948555 1.9273 4.35513 2.59469 4.70009 4.36247 6.2231 3.88402 -0.457864 -0.343419 -0.131388 -0.968696 7.34036 1.71419 4.78473 -0.912304 -0.854113 5.53783 -0.222177 -0.127084 -0.788381 -0.723127 -0.590156 -1.1485 -0.216153 -0.17023 8.96112 2.3358 4.24033 4.77498 3.14355 0.0579759 1.65475 0.25347 1.25383 1.86885
internal_weight=12810 11558 1252 8656 1043 2902 2469 2367 1982 788 633 567 515 3193 255 1656 2855 1365 5463 209 2555 399 378 385 116 92 4243 433 354 58 296 264 54 210 2260 1982 1274 4213 136 66 119 3951 3698 42 1212 1144 3442 3187 2428 759 1745 1710 50 94 187 143 44 947 382 770 326 52
internal_count=12810 11558 1252 8656 1043 2902 2469 2367 1982 788 633 567 515 3193 255 1656 2855 1365 5463 209 2555 399 378 385 116 92 4243 433 354 58 296 264 54 210 2260 1982 1274 4213 136 66 119 3951 3698 42 1212 1144 3442 3187 2428 759 1745 1710 50 94 187 143 44 947 382 770 326 52
is_linear=0
shrinkage=0.05


Tree=34
num_leaves=63
num_cat=0
split_feature=28 37 36 17 17 9 36 4 9 16 12 12 5 4 9 5 32 36 31 5 36 36 32 36 32 34 23 34 1 32 31 31 36 36 40 36 38 19 37 33 32 4 23 32 31 15 32 34 11 36 21 24 11 29 36 36 36 37 36 32 33 33
split_gain=7.74337e+06 1.16663e+06 763178 513282 366813 361619 322139 319121 280535 271804 252686 236351 198992 185160 173684 169784 149640 149192 136923 139997 134738 129497 123127 119204 111141 229535 109319 108421 97966.9 97348.5 186917 104663 95358 94027.1 87553.1 107652 83834 120798 96694.1 80786.7 80225 79473.3 75693.7 73787.1 71172.6 70084.9 69285 68555.1 67262.5 67043.7 66686.7 78035.4 94544.5 93852.2 68907.8 66443.6 81920.9 78488.4 63016.7 59437.7 56421 56271.7
threshold=1.0000000180025095e-35 2.5000000000000004 169.91666666666671 1.0000000180025095e-35 1.0000000180025095e-35 1.0000000180025095e-35 342.55000000000007 1.0000000180025095e-35 1.0000000180025095e-35 1.0000000180025095e-35 1.0000000180025095e-35 1.0000000180025095e-35 1.0000000180025095e-35 1.0000000180025095e-35 1.0000000180025095e-35 1.0000000180025095e-35 278.85000000000008 262.35833333333341 385.35000000000008 1.0000000180025095e-35 251.51250000000002 354.05000000000007 110.05000000000001 288.28333333333336 301.65000000000003 86.750000000000014 1.0000000180025095e-35 106.45000000000002 1.0000000180025095e-35 431.35000000000008 177.15000000000001 189.95000000000002 276.02500000000003 303.53750000000008 3.5000000000000004 258.81250000000006 1.0000000180025095e-35 1.0000000180025095e-35 1.5000000000000002 405.35000000000008 192.55000000000004 1.0000000180025095e-35 1.0000000180025095e-35 356.95000000000005 474.15000000000003 1.0000000180025095e-35 288.45000000000005 249.75000000000003 1.0000000180025095e-35 261.0750000000001 1.0000000180025095e-35 1.0000000180025095e-35 1.0000000180025095e-35 1.0000000180025095e-35 273.75000000000006 311.75833333333338 274.85833333333341 3.5000000000000004 302.01666666666671 137.45000000000002 159.30000000000004 401.75000000000006
decision_type=2 2 2 2 2 2 2 2 2 2 2 2 2 2 2 2 2 2 2 2 2 2 2 2 2 2 2 2 2 2 2 2 2 2 2 2 2 2 2 2 2 2 2 2 2 2 2 2 2 2 2 2 2 2 2 2 2 2 2 2 2 2
left_child=1 4 27 8 5 7 14 9 11 10 12 13 26 15 18 28 44 -7 19 29 -6 41 -5 -9 55 -26 36 -2 42 31 -31 32 -4 -13 -24 -36 38 45 50 -18 -16 59 47 48 -8 -38 -15 -3 61 -21 51 52 53 54 -1 56 57 -20 -12 -10 -32 -33
right_child=2 3 6 22 20 17 16 23 21 -11 58 33 -14 46 40 -17 39 -19 24 49 -22 -23 34 -25 25 -27 -28 -29 -30 30 60 43 -34 -35 35 -37 37 -39 -40 -41 -42 -43 -44 -45 -46 -47 -48 -49 -50 -51 -52 -53 -54 -55 -56 -57 -58 -59 -60 -61 -62 -63
leaf_value=-1.1706469754827127 0.59472356782877511 -0.43391088076774614 2.1863052457860372 -0.014098702158246721 1.3263617912928263 -0.42767019996109107 3.9308906281621834 -0.39158018800829142 -0.3777785010410078 2.5738781359960452 -0.36519626731683008 0.58830674901360369 -0.11755223705964063 0.21970982576310638 3.9755865929027401 0.62939393639956653 6.2697691908069686 1.2826890073579682 6.4719225691897542 7.8914036252281896 6.7409797215461742 3.3247697107493881 2.4583546865630796 1.1664301116191047 10.468289085056471 3.3245522238991478 -1.9453055730381887 4.3055313608863139 -2.038024644066792 8.1888979339599626 0.80293002128601076 2.8483331666167442 -1.2561241579055786 2.1449302784590558 1.963928689956665 6.4041179973025653 -2.3646151315130872 0.40764891759915783 -0.75272139581273423 9.0840653363396147 7.6154419387259145 2.6685091203142859 -1.1213534283312447 5.3025871621595853 6.9783126354217533 -0.40745385740444351 1.4845104359831485 0.48383505958042061 0.20640276500156951 3.8915213441848757 -2.0291173322701161 -2.0883390617370607 -1.9828994517125389 -1.8932641249436601 -0.57176315603657302 6.4359014200127653 1.4886453025481281 2.7281574802739281 0.83879474727488368 1.0200709327555648 4.5136458320277084 4.9010226298601198
leaf_weight=920 187 1439 103 28 27 240 95 266 99 53 272 366 465 250 24 380 102 272 28 22 20 64 74 228 23 22 446 22 101 25 20 232 25 132 20 43 334 55 1609 34 41 58 341 37 24 53 191 237 21 20 243 210 261 247 1005 23 34 28 181 328 21 39
leaf_count=920 187 1439 103 28 27 240 95 266 99 53 272 366 465 250 24 380 102 272 28 22 20 64 74 228 23 22 446 22 101 25 20 232 25 132 20 43 334 55 1609 34 41 58 341 37 24 53 191 237 21 20 243 210 261 247 1005 23 34 28 181 328 21 39
internal_value=0.00797537 -0.39662 3.74305 0.274406 -0.772674 -0.800792 4.29565 -0.896624 0.161285 -0.991795 -1.02179 -0.00636053 -1.10991 -0.177037 3.79578 -0.343787 5.84035 0.480958 3.57321 3.20934 3.63045 1.21082 3.00715 0.327501 4.87438 6.9758 -1.19564 0.985335 -0.51839 2.9863 4.78133 2.72707 1.51396 1.00091 3.62463 4.99453 -1.12791 -1.78497 -1.0633 6.97334 6.2715 0.93187 -0.442296 3.19904 4.5455 -2.09658 0.767503 -0.304134 2.93249 5.9867 -1.23646 -1.16358 -1.08376 -0.975715 -0.857983 4.03754 3.42462 4.60004 0.115869 0.695979 2.70354 3.14374
internal_weight=12810 11558 1252 4151 7407 7360 1043 6848 3986 6354 6301 3437 5848 2939 788 2498 255 512 723 565 47 549 165 494 158 45 5383 209 2118 523 66 457 128 498 137 63 4937 442 4495 136 65 485 2017 329 119 387 441 1676 292 42 2886 2643 2433 2172 1925 113 90 56 453 427 41 271
internal_count=12810 11558 1252 4151 7407 7360 1043 6848 3986 6354 6301 3437 5848 2939 788 2498 255 512 723 565 47 549 165 494 158 45 5383 209 2118 523 66 457 128 498 137 63 4937 442 4495 136 65 485 2017 329 119 387 441 1676 292 42 2886 2643 2433 2172 1925 113 90 56 453 427 41 271
is_linear=0
shrinkage=0.05


Tree=35
num_leaves=63
num_cat=0
split_feature=28 35 36 35 35 17 17 35 4 25 35 31 9 12 39 12 12 9 9 4 36 31 5 4 5 10 13 16 25 36 36 35 10 35 35 9 31 34 31 31 24 4 19 31 10 16 31 31 13 11 12 25 33 25 5 33 1 9 25 12 16 5
split_gain=6.74097e+06 1.66048e+06 849109 436566 342028 261994 254167 230917 229174 194097 186860 176148 175683 148944 135047 128360 119844 116523 113634 113079 111380 100484 99664.5 94888.5 94868.2 81768.6 81386.7 80322.8 81338.4 79989 98021 101980 78211.4 105974 76108.2 76100.9 73458.5 72966.1 69589.2 65868.9 63680.2 63166.6 61923.3 60114.3 60039.9 58376.1 57989.6 83712.6 63789.9 57041.8 56343.7 55338.1 54334.9 54286 55262.9 54254.9 53701 53525 53836 57257.7 57034 57839.6
threshold=1.0000000180025095e-35 579.05000000000007 273.75000000000006 946.45000000000016 449.15000000000003 1.0000000180025095e-35 1.0000000180025095e-35 1401.7500000000002 1.0000000180025095e-35 1.0000000180025095e-35 347.05000000000007 488.85000000000008 1.0000000180025095e-35 1.0000000180025095e-35 1.0000000180025095e-35 1.0000000180025095e-35 1.0000000180025095e-35 1.0000000180025095e-35 1.0000000180025095e-35 1.0000000180025095e-35 140.81666666666669 120.25000000000001 1.0000000180025095e-35 1.0000000180025095e-35 1.0000000180025095e-35 1.0000000180025095e-35 1.0000000180025095e-35 1.0000000180025095e-35 1.0000000180025095e-35 283.94500000000005 312.83333333333337 912.95000000000016 1.0000000180025095e-35 419.15000000000003 1437.45 1.0000000180025095e-35 273.45000000000005 363.95000000000005 259.55000000000007 453.05000000000007 1.0000000180025095e-35 1.0000000180025095e-35 1.0000000180025095e-35 390.80000000000001 1.0000000180025095e-35 1.0000000180025095e-35 275.05000000000007 179.05000000000004 1.0000000180025095e-35 1.0000000180025095e-35 1.0000000180025095e-35 1.0000000180025095e-35 334.15000000000003 1.0000000180025095e-35 1.0000000180025095e-35 168.85000000000005 1.0000000180025095e-35 1.0000000180025095e-35 1.0000000180025095e-35 1.0000000180025095e-35 1.0000000180025095e-35 1.0000000180025095e-35
decision_type=2 2 2 2 2 2 2 2 2 2 2 2 2 2 2 2 2 2 2 2 2 2 2 2 2 2 2 2 2 2 2 2 2 2 2 2 2 2 2 2 2 2 2 2 2 2 2 2 2 2 2 2 2 2 2 2 2 2 2 2 2 2
left_child=1 6 4 12 20 8 10 9 13 11 41 14 15 17 32 19 25 24 23 22 -2 -22 27 45 26 37 42 28 56 -16 31 -31 33 -4 -15 -10 -18 -6 -8 40 49 57 44 -32 -5 50 47 -35 -48 -14 53 -19 -7 54 -12 -49 -3 58 59 60 61 -1
right_child=2 3 7 5 16 52 38 -9 35 -11 18 -13 39 34 29 -17 36 51 -20 -21 21 -23 -24 -25 -26 -27 -28 -29 -30 30 43 -33 -34 46 -36 -37 -38 -39 -40 -41 -42 -43 -44 -45 -46 -47 48 55 -50 -51 -52 -53 -54 -55 -56 -57 -58 -59 -60 -61 -62 -63
leaf_value=-1.4289020388966642 -0.6336187669845379 -0.73652322449436392 3.4851200001214142 -0.8685942964446618 2.8829101259301524 2.2818699357410273 1.175801718980074 8.7173029049022777 1.8159352303804639 8.0801238687414862 -1.0187222127239219 7.7441690670119385 1.2356872713057703 1.402495444039896 5.5212409496307373 0.77193932636957208 3.7332371072769166 1.1193015268161184 0.43272068056601365 0.59164478308020663 4.8908115673065184 1.0557701211709243 0.45035078937966211 0.27205305694891463 1.1513302317408975 0.67361651979386805 0.85007234159974188 1.3824897468090058 0.22463260326468576 2.9067165601821174 1.6575786905629295 -1.912532142970873 2.2153029441833496 6.7932029860360288 4.4203017361786054 4.0991223343394019 7.7987216299772264 5.9920763468742377 4.8927238416671761 3.0285003765209302 -1.4776790800903525 -0.30829817260943215 1.3767179459333421 4.6941601472023207 0.3755860533504784 1.3431292738765479 6.4530935431635656 1.0473959636688233 3.4182991361618047 -1.311512499054273 -0.055381194450285123 3.6406690025329591 4.6256751924168835 -0.12941760336148686 -0.13912111795101409 4.6861856528690886 -2.3603505864458265 -0.40033684804491554 -0.42741225946422978 -0.44083511778704265 1.3143543267250062 -0.56263374842058578
leaf_weight=2618 92 1294 93 410 334 48 34 37 214 38 2119 36 261 228 22 321 25 168 239 307 20 117 268 232 172 40 159 50 226 21 28 23 30 21 23 44 20 20 20 37 28 216 44 39 127 32 129 20 20 24 230 25 51 224 195 21 53 202 192 186 20 208
leaf_count=2618 92 1294 93 410 334 48 34 37 214 38 2119 36 261 228 22 321 25 168 239 307 20 117 268 232 172 40 159 50 226 21 28 23 30 21 23 44 20 20 20 37 28 216 44 39 127 32 129 20 20 24 230 25 51 224 195 21 53 202 192 186 20 208
internal_value=-0.00138097 -0.378343 3.49263 0.360938 2.27849 0.992556 -0.864548 4.89582 0.83941 4.63446 -0.891239 4.37416 -0.016183 0.579526 4.11437 -0.162027 3.09563 0.329775 -0.61694 -0.298425 0.712002 1.61563 -0.442927 -0.699681 0.0935764 2.81644 -0.15228 -0.59043 -0.653142 2.76695 2.22106 0.387564 4.65091 4.89127 1.67903 2.20532 5.54012 3.05857 2.55244 1.03348 0.797646 -1.1376 -0.42659 3.42514 -0.574347 -0.780196 5.51104 4.22605 6.04574 1.02119 -0.804743 1.4459 3.48928 -0.872652 -0.944599 2.91117 -0.800415 -1.18988 -1.23935 -1.29077 -1.34631 -1.36514
internal_weight=12795 11549 1246 4582 668 1713 6967 578 1614 541 6913 503 2869 1356 467 2519 439 1105 3271 2198 229 137 1891 3032 912 394 740 1623 1573 133 111 44 334 304 251 258 45 354 54 350 313 3642 581 67 537 2800 211 62 149 285 2768 193 99 2538 2314 41 1347 3426 3224 3032 2846 2826
internal_count=12795 11549 1246 4582 668 1713 6967 578 1614 541 6913 503 2869 1356 467 2519 439 1105 3271 2198 229 137 1891 3032 912 394 740 1623 1573 133 111 44 334 304 251 258 45 354 54 350 313 3642 581 67 537 2800 211 62 149 285 2768 193 99 2538 2314 41 1347 3426 3224 3032 2846 2826
is_linear=0
shrinkage=0.05


Tree=36
num_leaves=63
num_cat=0
split_feature=28 35 35 35 35 23 32 31 35 29 11 23 29 24 35 12 7 34 34 31 24 20 38 33 31 31 35 10 23 25 32 1 11 16 30 24 11 29 21 7 7 31 14 11 35 31 40 39 14 21 37 32 23 1 39 21 38 35 39 24 35 7
split_gain=6.08373e+06 1.49858e+06 618788 394001 299355 236409 203751 210374 179338 162094 160004 156620 147693 135836 136793 131201 127350 122068 201852 156624 120749 127485 120047 187576 114135 106879 104510 103515 102022 99628.6 102210 99034.4 95858.2 81180.1 93484.9 78539.3 77941.8 81728.2 94253.2 97291.3 76409.7 75393.4 75015.5 76670.4 72539.8 78661 73387.5 88124 72431.1 68666.5 66698.8 64347.9 64271.6 61247.6 60865.8 59948.7 62463.5 56864.9 53810 52982.4 56642.5 51652.1
threshold=1.0000000180025095e-35 579.05000000000007 365.00000000000006 946.45000000000016 1401.7500000000002 1.0000000180025095e-35 390.85000000000008 273.45000000000005 334.65000000000003 1.0000000180025095e-35 1.0000000180025095e-35 1.0000000180025095e-35 1.0000000180025095e-35 1.0000000180025095e-35 1198.6500000000003 1.0000000180025095e-35 1.0000000180025095e-35 265.80000000000001 131.25000000000003 293.05000000000007 1.0000000180025095e-35 1.0000000180025095e-35 1.0000000180025095e-35 437.50000000000006 487.35000000000008 287.55000000000007 849.65000000000009 1.0000000180025095e-35 1.0000000180025095e-35 1.0000000180025095e-35 73.15000000000002 1.0000000180025095e-35 1.0000000180025095e-35 1.0000000180025095e-35 1.0000000180025095e-35 1.0000000180025095e-35 1.0000000180025095e-35 1.0000000180025095e-35 1.0000000180025095e-35 1.0000000180025095e-35 1.0000000180025095e-35 179.05000000000004 1.0000000180025095e-35 1.0000000180025095e-35 536.6500000000002 405.35000000000008 2.5000000000000004 1.0000000180025095e-35 1.0000000180025095e-35 1.0000000180025095e-35 2.5000000000000004 200.40000000000003 1.0000000180025095e-35 1.0000000180025095e-35 1.0000000180025095e-35 1.0000000180025095e-35 1.0000000180025095e-35 466.05000000000007 1.0000000180025095e-35 1.0000000180025095e-35 117.95000000000002 1.0000000180025095e-35
decision_type=2 2 2 2 2 2 2 2 2 2 2 2 2 2 2 2 2 2 2 2 2 2 2 2 2 2 2 2 2 2 2 2 2 2 2 2 2 2 2 2 2 2 2 2 2 2 2 2 2 2 2 2 2 2 2 2 2 2 2 2 2 2
left_child=1 8 25 10 6 9 7 22 52 13 11 12 16 14 32 24 20 18 19 41 21 31 23 -4 27 -2 -24 29 35 30 57 33 40 34 49 36 37 38 39 53 48 -8 43 -16 -32 51 -47 -48 55 -3 -51 -46 59 -10 -43 -5 -57 -9 -21 60 -1 -7
right_child=2 3 4 5 -6 61 17 15 28 -11 -12 -13 -14 -15 42 -17 -18 -19 -20 58 -22 -23 26 -25 -26 -27 -28 -29 -30 -31 44 -33 -34 -35 -36 -37 -38 -39 -40 -41 -42 54 -44 -45 45 46 47 -49 -50 50 -52 -53 -54 -55 -56 56 -58 -59 -60 -61 -62 -63
leaf_value=-1.3817832153911391 0.50877250838800492 1.3005357176279102 2.3064196164887321 2.5006583008209518 8.2814377217679418 -0.12963706363240879 5.5496968133108959 4.2053810826054328 0.088747100917592525 0.03959428948828899 -1.0203754355060473 -0.8565484271005348 -0.79425783886058299 0.26906067054827237 3.1323926832587996 6.8623891289169725 -0.54018275232470414 8.0524150651076738 0.47521941936933082 8.0976874393495653 -0.48837180230421606 -1.3293701634687538 -2.6350065497415409 6.9433632304271065 6.2460719242328553 3.0465637818822322 2.0680315611815012 0.95676300557884009 -1.5369034136808108 6.5992664490427293 0.44355473334972678 -1.4420449698513205 -0.18029546930332377 3.0099925874395574 -1.5487121832998176 -1.3607606618460346 -1.3089757684927321 -1.2038010763217086 -0.76683779842573796 -1.177059272779615 0.19629152708727382 1.4624678604943413 0.09694037914276124 1.255217764207295 5.8325422164721372 4.0778258954777433 2.7059145854579079 -1.2562087017556895 -0.55685265525694827 -0.7626279122140035 0.78437188574658023 3.1872553250619347 -1.9899558465559406 -2.0253631421497889 4.8186757781288847 1.8208937983985085 -0.2387273423525752 7.2716912950788233 5.1544580285747852 -1.8375879781586784 -0.86329487289168672 -2.0592567335450798
leaf_weight=672 191 680 239 227 37 225 42 54 1618 251 348 351 278 206 244 37 282 29 26 44 216 68 21 24 41 53 27 37 252 28 26 44 99 47 38 241 229 254 677 181 92 35 30 70 39 34 36 23 31 83 434 56 182 35 22 148 49 21 24 189 2437 41
leaf_count=672 191 680 239 227 37 225 42 54 1618 251 348 351 278 206 244 37 282 29 26 44 216 68 21 24 41 53 27 37 252 28 26 44 99 47 38 241 229 254 677 181 92 35 30 70 39 34 36 23 31 83 434 56 182 35 22 148 49 21 24 189 2437 41
internal_value=-0.00131193 -0.359426 3.318 0.342891 3.86785 0.942928 3.69862 3.30149 -0.82132 1.19477 -0.0153739 0.123357 0.281858 1.4372 1.68027 4.01534 0.439976 5.02777 4.57329 5.21132 0.611656 0.782105 2.30989 2.72956 3.74866 1.06001 0.0104524 3.45941 -0.567897 3.75151 3.47561 0.890386 1.25138 0.970439 0.89282 -0.492413 -0.422516 -0.349098 -0.262641 -0.0765227 1.51049 3.94227 2.48569 2.71391 2.91894 3.26129 2.22759 1.16136 1.77622 0.970329 0.536014 4.27322 -1.07525 0.0439837 2.75785 1.9468 1.3086 5.06395 7.0589 -1.02478 -0.975364 -0.42706
internal_weight=12795 11549 1246 4582 1002 1713 965 743 6967 1447 2869 2521 2170 1196 990 432 1892 222 193 167 1610 1394 311 263 395 244 48 354 3487 317 289 1326 646 1282 1235 3235 2994 2765 2511 1834 547 99 344 314 214 188 93 59 455 1197 517 95 3480 1653 57 424 197 75 68 3298 3109 266
internal_count=12795 11549 1246 4582 1002 1713 965 743 6967 1447 2869 2521 2170 1196 990 432 1892 222 193 167 1610 1394 311 263 395 244 48 354 3487 317 289 1326 646 1282 1235 3235 2994 2765 2511 1834 547 99 344 314 214 188 93 59 455 1197 517 95 3480 1653 57 424 197 75 68 3298 3109 266
is_linear=0
shrinkage=0.05


Tree=37
num_leaves=63
num_cat=0
split_feature=28 37 36 17 9 17 9 4 16 36 9 12 25 4 12 5 4 36 5 4 13 32 2 12 34 36 39 32 25 36 8 1 36 36 10 2 12 40 39 36 34 34 13 32 33 36 32 32 34 32 36 36 0 40 36 36 0 33 24 25 0 36
split_gain=5.49056e+06 897410 707129 343346 301150 290989 252230 251210 242914 232030 224476 197221 190402 184357 176673 171201 139194 138002 131828 125396 120971 105942 142648 141747 91831 94430.8 84868.8 116586 101602 113463 84558.5 84222.9 83399.8 82248.1 81981 90633.7 81705.3 74273.5 72751.2 72573.3 69586.9 76427.9 68742.6 66811.4 66516.8 100533 152203 143744 130575 69955.2 64524.3 63996.9 63617.6 63010.2 60990 58958.3 56242.4 55389.2 55309.7 54492.3 53535.6 53014.6
threshold=1.0000000180025095e-35 2.5000000000000004 267.12500000000006 1.0000000180025095e-35 1.0000000180025095e-35 1.0000000180025095e-35 1.0000000180025095e-35 1.0000000180025095e-35 1.0000000180025095e-35 142.7166666666667 1.0000000180025095e-35 1.0000000180025095e-35 1.0000000180025095e-35 1.0000000180025095e-35 1.0000000180025095e-35 1.0000000180025095e-35 1.0000000180025095e-35 290.52500000000003 1.0000000180025095e-35 1.0000000180025095e-35 1.0000000180025095e-35 184.85000000000005 1.0000000180025095e-35 1.0000000180025095e-35 425.15000000000003 434.02500000000003 1.0000000180025095e-35 469.55000000000007 1.0000000180025095e-35 312.83333333333337 1.0000000180025095e-35 1.0000000180025095e-35 258.81250000000006 377.65000000000009 1.0000000180025095e-35 1.0000000180025095e-35 1.0000000180025095e-35 4.5000000000000009 1.0000000180025095e-35 316.95000000000005 214.10000000000005 61.500000000000007 1.0000000180025095e-35 88.500000000000014 286.30000000000001 250.32500000000002 364.15000000000003 315.15000000000003 1.0000000180025095e-35 278.85000000000008 373.83333333333337 234.04166666666669 1.0000000180025095e-35 1.0000000180025095e-35 304.74166666666673 300.5750000000001 1.0000000180025095e-35 277.35000000000008 1.0000000180025095e-35 1.0000000180025095e-35 1.0000000180025095e-35 222.88333333333335
decision_type=2 2 2 2 2 2 2 2 2 2 2 2 2 2 2 2 2 2 2 2 2 2 2 2 2 2 2 2 2 2 2 2 2 2 2 2 2 2 2 2 2 2 2 2 2 2 2 2 2 2 2 2 2 2 2 2 2 2 2 2 2 2
left_child=1 4 9 6 5 7 14 8 11 -2 13 12 15 24 16 20 18 -6 31 36 30 23 44 40 25 26 27 53 29 -28 34 42 -9 61 35 38 50 -15 60 -21 41 57 56 -5 45 46 47 49 -48 -23 58 -7 -45 -4 -13 -14 -3 -11 -8 -18 -1 -16
right_child=2 3 10 43 17 51 19 32 -10 21 -12 54 55 37 33 -17 59 -19 -20 39 -22 22 -24 -25 -26 -27 28 -29 -30 -31 -32 -33 -34 -35 -36 -37 -38 -39 -40 -41 -42 -43 -44 52 -46 -47 48 -49 -50 -51 -52 -53 -54 -55 -56 -57 -58 -59 -60 -61 -62 -63
leaf_value=-1.2574702129098494 -0.015387940067419057 -0.44956137342788138 2.2610663001820193 -0.12233775312250311 -0.23915858106459861 1.2966389849161111 0.62099318876650267 -0.38559275860343367 2.5344776162734401 1.0161391801528028 7.7670139932632454 -0.37407346347724829 -0.459100474720392 9.4033497901189893 -0.065597840044647457 -0.1409744452347915 0.45074210412167304 1.422425552217971 0.56222058718308043 2.102332607943278 -0.35944865879968985 2.8303514533094134 -0.36676307641542877 5.5551071643829353 6.6848712638572412 5.9892166975067882 0.40078959042026158 7.5745507649012982 5.1727579365173977 3.3687588422517503 -0.56896404185424654 -1.8904128397225728 0.91172423463115715 3.1877321548121316 -0.62405483840471687 -0.63675476217374927 2.4721904260898704 5.1458549177646642 -1.8034884718398372 5.6464502894878388 3.5235823571914811 -1.4619778474171958 0.25273328487207924 3.2639231396099881 5.1544573424458511 0.4494707028071086 8.9792915117172978 -0.43854587503841946 3.3342527908086783 6.0453874007515296 2.8671098446023877 4.9480337262153631 0.34990020123395055 4.103848829975326 0.7973378490456331 0.69659919403900539 -1.678874990795598 3.4787105242411296 -1.3638083418210349 2.1335053305192431 -2.8964153719883341 1.0502586339576954
leaf_weight=2164 118 1546 59 22 278 24 351 235 52 148 45 276 278 21 160 464 384 227 372 52 445 64 26 22 27 41 62 21 30 67 444 98 262 35 408 376 67 20 1032 20 32 27 345 126 50 30 21 28 20 23 29 24 22 217 186 183 99 27 39 55 51 318
leaf_count=2164 118 1546 59 22 278 24 351 235 52 148 45 276 278 21 160 464 384 227 372 52 445 64 26 22 27 41 62 21 30 67 444 98 262 35 408 376 67 20 1032 20 32 27 345 126 50 30 21 28 20 23 29 24 22 217 186 183 99 27 39 55 51 318
internal_value=-0.00124633 -0.341455 3.1521 0.248166 -0.670923 -0.757137 0.153941 -0.784298 -0.868911 1.98557 4.36835 -0.896971 -0.975578 4.09766 -0.00722947 -1.05908 -0.15858 0.507732 -0.30494 1.13945 -1.14567 2.44138 3.1482 1.718 3.84502 3.69074 3.48408 3.98318 2.55181 1.94229 -1.22385 -0.459434 0.298305 0.848065 -1.29599 -1.37165 0.850953 7.32652 -1.45675 3.08681 1.35724 1.01406 -0.388964 2.44859 3.53544 3.10022 3.60998 2.67745 6.22561 3.6803 0.591709 3.12234 2.83076 3.70992 0.0975337 -0.000330324 -0.523544 1.39608 0.422513 0.661567 -1.29521 0.67675
internal_weight=12795 11549 1246 4140 7409 6904 3970 6856 6359 636 610 6307 5845 565 3412 5384 2899 505 2460 558 4920 518 262 256 524 497 456 297 159 129 4475 2088 497 513 4031 3623 486 41 3247 72 234 202 1990 170 236 186 156 115 41 87 419 48 148 276 462 461 1645 175 390 439 2215 478
internal_count=12795 11549 1246 4140 7409 6904 3970 6856 6359 636 610 6307 5845 565 3412 5384 2899 505 2460 558 4920 518 262 256 524 497 456 297 159 129 4475 2088 497 513 4031 3623 486 41 3247 72 234 202 1990 170 236 186 156 115 41 87 419 48 148 276 462 461 1645 175 390 439 2215 478
is_linear=0
shrinkage=0.05


Tree=38
num_leaves=63
num_cat=0
split_feature=28 32 36 17 9 25 16 36 4 38 17 19 4 31 29 23 4 33 31 9 32 12 12 9 33 36 31 25 32 29 13 29 15 36 33 36 4 12 4 32 40 39 32 25 12 39 23 31 5 0 31 34 12 25 31 36 36 36 36 5 31 36
split_gain=4.95523e+06 814398 638497 424385 388662 233306 219794 202957 201700 193437 172968 168125 161847 156153 168777 143395 136795 130483 126079 119910 102759 141971 98387.2 93818.8 93282.9 86058.3 85963.4 85210.5 84252.1 82281.2 81783.6 75429.8 75035 74471.3 72150.8 90911.2 71733.3 71597.2 84391.7 70227.4 93760.9 88881.1 100369 68709.5 67781.6 64439.8 62275.3 61973.6 61426.6 59862.1 93857.8 55819.6 55394 54768.1 54552.9 96699.2 152845 55059.3 53399.3 52998.8 52408.5 48936.2
threshold=1.0000000180025095e-35 111.65000000000002 262.35833333333341 1.0000000180025095e-35 1.0000000180025095e-35 1.0000000180025095e-35 1.0000000180025095e-35 142.7166666666667 1.0000000180025095e-35 1.0000000180025095e-35 1.0000000180025095e-35 1.0000000180025095e-35 1.0000000180025095e-35 388.75000000000006 1.0000000180025095e-35 1.0000000180025095e-35 1.0000000180025095e-35 202.90000000000003 343.35000000000008 1.0000000180025095e-35 242.65000000000001 1.0000000180025095e-35 1.0000000180025095e-35 1.0000000180025095e-35 405.35000000000008 255.82916666666668 302.25000000000006 1.0000000180025095e-35 51.95000000000001 1.0000000180025095e-35 1.0000000180025095e-35 1.0000000180025095e-35 1.0000000180025095e-35 318.41250000000008 347.65000000000003 231.85000000000005 1.0000000180025095e-35 1.0000000180025095e-35 1.0000000180025095e-35 364.15000000000003 3.5000000000000004 1.0000000180025095e-35 316.55000000000007 1.0000000180025095e-35 1.0000000180025095e-35 1.0000000180025095e-35 1.0000000180025095e-35 372.25000000000006 1.0000000180025095e-35 1.0000000180025095e-35 284.05000000000007 56.050000000000004 1.0000000180025095e-35 1.0000000180025095e-35 488.85000000000008 281.71250000000003 312.83333333333337 340.8250000000001 265.81666666666672 1.0000000180025095e-35 375.65000000000003 449.30000000000001
decision_type=2 2 2 2 2 2 2 2 2 2 2 2 2 2 2 2 2 2 2 2 2 2 2 2 2 2 2 2 2 2 2 2 2 2 2 2 2 2 2 2 2 2 2 2 2 2 2 2 2 2 2 2 2 2 2 2 2 2 2 2 2 2
left_child=1 10 7 4 5 6 9 -2 13 15 12 32 18 14 19 17 22 29 52 30 21 34 26 44 54 27 58 39 -12 36 43 -19 -11 -18 -9 -36 -3 38 48 41 -41 42 -22 45 53 -4 -28 -8 -7 50 -5 -52 -1 59 55 -15 -57 -58 -6 -20 -14 -59
right_child=2 3 8 49 16 37 47 20 -10 11 28 -13 60 24 -16 -17 33 31 23 -21 25 -23 -24 -25 -26 -27 46 -29 -30 -31 -32 -33 -34 -35 35 -37 -38 -39 -40 40 -42 -43 -44 -45 -46 -47 -48 -49 -50 -51 51 -53 -54 -55 -56 56 57 61 -60 -61 -62 -63
leaf_value=-1.0746049707369416 -0.014618563621257574 -0.23865272719084635 3.1464838360917984 1.7926178349070252 -0.34962116302445878 0.19683151203008672 1.0544896688726213 1.0670388963781605 7.3786415178667415 -1.5469663495394963 4.5352090023812792 0.70058364548853469 -0.14353600207585701 6.9861324389775596 -0.79390419769287113 -0.93270053215022242 2.0807795608662212 0.82126103293570418 -0.84480496071253008 6.8715353876352312 4.8110711302608253 5.0689305108169034 2.5976663542936929 0.92394968666762944 7.0204392361640933 0.20716727432750523 1.6117333464833217 6.6649945068359377 0.5071806601741734 -1.0388730497641878 5.7566000444548475 -0.37122548707798558 -0.025215225048521736 5.4877584934234624 5.7478318166732798 1.0375587236313593 0.64901807806437162 2.339605653844774 2.3512920060753824 2.1330788701772692 6.6154460992131918 0.033556057299886435 0.84375213813781746 5.581912577558648 0.53694088153205211 1.2462601192792258 -0.77741988397413686 3.4625381168566252 2.0930140757814368 0.24543722505154819 3.1138483756297344 6.0728169424193252 -0.25110398705604425 0.35867443153491391 6.1934239333016539 0.61472330093383798 6.6729245185852051 3.3392462462950974 1.0537283090027898 0.29413075524297633 1.1639238209084228 6.1115183639526371
leaf_weight=3228 118 1542 174 75 215 468 90 242 44 586 21 119 264 24 25 517 53 568 1430 24 44 29 73 107 40 21 227 20 34 273 28 173 94 23 20 21 267 64 60 20 28 28 25 22 122 60 31 38 47 23 37 28 218 117 35 34 22 78 99 110 108 20
leaf_count=3228 118 1542 174 75 215 468 90 242 44 586 21 119 264 24 25 517 53 568 1430 24 44 29 73 107 40 21 227 20 34 273 28 173 94 23 20 21 267 64 60 20 28 28 25 22 122 60 31 38 47 23 37 28 218 117 35 34 22 78 99 110 108 20
internal_value=-0.00118401 -0.324382 2.99449 0.0943637 0.0215076 -0.137795 -0.271226 1.84985 4.1137 -0.334332 -0.745382 -1.0332 -0.772289 3.86855 3.15712 -0.167149 1.10547 -0.0269475 -0.842638 3.47782 2.29163 1.73708 0.86906 -0.513989 4.80495 3.22185 0.648451 3.60554 2.04516 -0.229744 3.19102 0.542853 -1.33661 3.11184 1.39565 3.33525 -0.107637 0.75321 0.576637 3.18355 4.74779 2.40949 3.37364 2.91041 -0.600475 2.65925 1.32466 1.76938 0.369881 2.60946 2.99784 4.38848 -1.02251 -0.68422 4.38889 4.03407 3.574 4.41247 0.0928362 -0.763452 0.236049 3.90502
internal_weight=12795 11549 1246 5790 5627 4906 4267 616 630 4139 5759 799 5704 586 333 3340 721 2823 5332 308 498 312 645 1886 253 186 572 165 55 2082 284 741 680 76 283 41 1809 639 575 145 48 97 69 256 1779 234 258 128 515 163 140 65 3446 1657 213 178 154 120 314 1540 372 98
internal_count=12795 11549 1246 5790 5627 4906 4267 616 630 4139 5759 799 5704 586 333 3340 721 2823 5332 308 498 312 645 1886 253 186 572 165 55 2082 284 741 680 76 283 41 1809 639 575 145 48 97 69 256 1779 234 258 128 515 163 140 65 3446 1657 213 178 154 120 314 1540 372 98
is_linear=0
shrinkage=0.05


Tree=39
num_leaves=63
num_cat=0
split_feature=35 35 23 7 35 7 20 24 4 17 11 0 35 39 30 35 21 1 24 21 16 23 38 11 31 37 25 1 2 35 17 31 35 24 32 32 32 37 11 33 20 23 35 24 33 33 0 31 35 40 2 0 11 40 19 16 11 35 31 31 7 4
split_gain=2.17371e+06 624301 239729 238067 218963 215884 223602 232594 186355 168722 161532 149194 128865 119932 111728 121363 109504 107434 103235 100969 86655.5 84448.1 82020.5 92548.1 95620.3 81761.1 81361.3 77191.6 73250.2 69296.5 63508.6 61687.2 61066 64056.2 58934.5 64011 81984.6 56402.9 55835.7 54550.5 54175.9 53924.6 58030.8 54104.4 51733 51186.9 50367.2 47031.8 52538.6 45626.9 45018.8 48449.4 44251.7 43640.4 43506.5 43261.8 40786.3 41515.3 47715.7 39934.3 39657.9 39019.9
threshold=546.85000000000002 1036.0000000000002 1.0000000180025095e-35 1.0000000180025095e-35 290.55000000000007 1.0000000180025095e-35 1.0000000180025095e-35 1.0000000180025095e-35 1.0000000180025095e-35 1.0000000180025095e-35 1.0000000180025095e-35 1.0000000180025095e-35 1522.8500000000001 1.0000000180025095e-35 1.0000000180025095e-35 899.20000000000016 1.0000000180025095e-35 1.0000000180025095e-35 1.0000000180025095e-35 1.0000000180025095e-35 1.0000000180025095e-35 1.0000000180025095e-35 1.0000000180025095e-35 1.0000000180025095e-35 448.05000000000007 2.5000000000000004 1.0000000180025095e-35 1.0000000180025095e-35 1.0000000180025095e-35 1377.7500000000002 1.0000000180025095e-35 309.25000000000006 1352.45 1.0000000180025095e-35 469.55000000000007 128.35000000000005 90.850000000000009 1.5000000000000002 1.0000000180025095e-35 97.15000000000002 1.0000000180025095e-35 1.0000000180025095e-35 100.95000000000002 1.0000000180025095e-35 447.90000000000003 132.60000000000002 1.0000000180025095e-35 100.25000000000001 753.35000000000014 5.5000000000000009 1.0000000180025095e-35 1.0000000180025095e-35 1.0000000180025095e-35 1.5000000000000002 1.0000000180025095e-35 1.0000000180025095e-35 1.0000000180025095e-35 918.1500000000002 205.95000000000002 477.45000000000005 1.0000000180025095e-35 1.0000000180025095e-35
decision_type=2 2 2 2 2 2 2 2 2 2 2 2 2 2 2 2 2 2 2 2 2 2 2 2 2 2 2 2 2 2 2 2 2 2 2 2 2 2 2 2 2 2 2 2 2 2 2 2 2 2 2 2 2 2 2 2 2 2 2 2 2 2
left_child=4 2 5 8 41 6 7 10 9 11 14 12 20 16 15 17 18 19 27 50 22 38 23 24 45 -21 28 30 -15 -25 40 -11 33 -10 35 36 -17 -18 -5 -12 46 42 -1 52 -14 -3 55 48 -4 -9 51 59 60 -26 -24 -6 57 -7 -59 61 -44 -2
right_child=1 3 47 21 13 56 -8 49 32 31 39 -13 44 26 -16 34 37 -19 -20 25 -22 -23 54 29 53 -27 -28 -29 -30 -31 -32 -33 -34 -35 -36 -37 -38 -39 -40 -41 -42 -43 43 -45 -46 -47 -48 -49 -50 -51 -52 -53 -54 -55 -56 -57 -58 58 -60 -61 -62 -63
leaf_value=-1.321628480382375 1.3500698149325601 -0.31104321777820587 -0.81919376779170272 0.82907605367873982 0.16658043951531168 -0.56044714822722919 -1.4160722672000152 -0.77137599941648427 3.3385382528309941 2.2330506412188211 -0.67004931739644513 -0.62680721373497683 2.6955406873654097 -1.220470728467409 -0.94249758245423443 1.1735197654366494 -1.8130554507477115 -1.2925179564952851 -1.0682995716854931 -0.64296370316131979 3.884465890460544 -2.338325907389323 0.23652849793434144 -0.10327653368410555 1.249870422908238 0.83034853824076404 -0.010785476393882455 -2.1074288114121087 -0.23928511500080629 3.0481583776928129 2.490390295406868 5.201629743618625 5.2402937126159674 0.28572843432426454 3.4233979884992567 1.4655761670854999 5.5506699095601624 -0.52414065893770767 -1.5359303716955515 0.58198684143594337 -2.2277690500020983 -1.8154049374698815 -0.57524039657505488 -1.7056036893872246 5.6459779024124153 1.7689228245059547 -2.022350686330062 -0.71770000501223019 2.6398963980052783 0.37423819641824124 0.66592925829432348 -0.15154990059573478 -1.5555073458782949 3.7952246615641259 2.2348526593297722 2.3487191583799283 -2.2065926667182678 2.8238231647014622 -0.014706626900455409 3.0577221298217774 -1.5385265684760778 2.2594786097844173
leaf_weight=536 614 32 21 179 1822 348 119 244 122 30 173 79 39 724 64 20 99 50 200 113 36 30 183 103 21 565 291 38 258 21 29 42 35 20 57 335 23 595 29 175 24 153 1962 138 24 391 26 489 23 135 186 41 137 85 32 23 31 20 57 45 113 146
leaf_count=536 614 32 21 179 1822 348 119 244 122 30 173 79 39 724 64 20 99 50 200 113 36 30 183 103 21 565 291 38 258 21 29 42 35 20 57 335 23 595 29 175 24 153 1962 138 24 391 26 489 23 135 186 41 137 85 32 23 31 20 57 45 113 146
internal_value=-0.00112481 0.734423 0.412149 1.59508 -0.578542 0.560174 0.709366 0.79407 1.8622 1.62354 0.962327 1.46239 1.63307 -0.34146 1.1168 1.17685 -0.161553 0.992011 0.0138583 1.05881 1.4807 0.141651 1.381 1.65989 1.94808 0.584796 -0.745086 0.12417 -0.962685 0.430434 0.168245 3.96472 3.36964 2.90857 1.92468 1.69869 3.51479 -0.708006 0.49934 -0.0404334 0.132708 -0.900659 -0.852164 -0.745086 3.81952 1.61157 0.162987 -0.576812 0.988967 -0.363308 1.37023 1.52507 -0.685163 3.29096 0.533953 0.193783 -0.455706 -0.327994 0.722574 1.61046 -0.627699 1.52477
internal_weight=12795 5627 4094 1533 7168 3561 3105 2986 1295 1118 2607 1046 967 4129 2259 2195 2856 1760 2162 1710 904 238 868 653 529 678 1273 1962 982 124 1924 72 177 142 435 378 43 694 208 348 1895 3039 2886 2350 63 423 1871 533 44 379 1032 846 2212 106 215 1845 456 425 77 805 2075 760
internal_count=12795 5627 4094 1533 7168 3561 3105 2986 1295 1118 2607 1046 967 4129 2259 2195 2856 1760 2162 1710 904 238 868 653 529 678 1273 1962 982 124 1924 72 177 142 435 378 43 694 208 348 1895 3039 2886 2350 63 423 1871 533 44 379 1032 846 2212 106 215 1845 456 425 77 805 2075 760
is_linear=0
shrinkage=0.05


Tree=40
num_leaves=63
num_cat=0
split_feature=28 32 36 16 12 9 5 32 25 32 36 31 0 32 9 10 36 31 33 6 34 23 23 2 31 36 32 36 31 7 32 38 32 32 9 20 37 36 24 23 11 32 32 16 13 7 29 20 29 13 31 31 39 36 32 36 33 32 31 36 11 34
split_gain=4.4601e+06 631073 557824 382334 296234 218807 169729 152468 149975 148021 126538 120367 119534 119303 119133 117286 142819 131824 150886 119718 108886 98196.8 97477.2 92968.6 84195.5 129450 106736 94607.6 83387.2 82948.6 94511.2 126079 92441.8 81506.1 80089.3 79839.4 88671.3 76577.8 71205.9 75078.2 72100.8 68022.2 73910.3 66468.6 63459 63283.5 64087.8 62400 59252.5 58744.5 85902.5 93747.2 83587 84799.9 67269.3 56081.6 53046.3 52464.6 52280.5 53936.2 52242.4 52041.3
threshold=1.0000000180025095e-35 75.050000000000011 241.60000000000005 1.0000000180025095e-35 1.0000000180025095e-35 1.0000000180025095e-35 1.0000000180025095e-35 95.850000000000009 1.0000000180025095e-35 111.65000000000002 368.12500000000006 200.55000000000004 1.0000000180025095e-35 467.75000000000006 1.0000000180025095e-35 1.0000000180025095e-35 297.71666666666675 112.55000000000001 296.75000000000006 1.0000000180025095e-35 130.05000000000004 1.0000000180025095e-35 1.0000000180025095e-35 1.0000000180025095e-35 449.65000000000003 306.96250000000003 247.80000000000004 272.71250000000003 388.75000000000006 1.0000000180025095e-35 134.05000000000004 1.0000000180025095e-35 394.45000000000005 482.55000000000007 1.0000000180025095e-35 1.0000000180025095e-35 3.5000000000000004 324.15000000000009 1.0000000180025095e-35 1.0000000180025095e-35 1.0000000180025095e-35 315.15000000000003 277.15000000000003 1.0000000180025095e-35 1.0000000180025095e-35 1.0000000180025095e-35 1.0000000180025095e-35 1.0000000180025095e-35 1.0000000180025095e-35 1.0000000180025095e-35 240.15000000000001 372.25000000000006 1.0000000180025095e-35 281.71250000000003 192.55000000000004 289.61666666666673 148.65000000000001 321.25000000000006 243.95000000000002 124.42500000000003 1.0000000180025095e-35 345.80000000000007
decision_type=2 2 2 2 2 2 2 2 2 2 2 2 2 2 2 2 2 2 2 2 2 2 2 2 2 2 2 2 2 2 2 2 2 2 2 2 2 2 2 2 2 2 2 2 2 2 2 2 2 2 2 2 2 2 2 2 2 2 2 2 2 2
left_child=1 11 7 4 5 6 8 20 12 -9 34 -1 21 15 38 17 -17 -4 19 22 58 35 49 29 25 27 -27 -20 57 30 -11 32 41 -15 61 36 48 -5 39 40 43 42 56 45 -14 46 47 -13 60 50 -19 -52 53 -53 -55 -10 -32 -7 59 -2 -3 -6
right_child=2 3 13 37 10 28 -8 9 55 23 -12 14 44 33 -16 16 -18 18 24 -21 -22 -23 -24 -25 -26 26 -28 -29 -30 -31 31 -33 -34 -35 -36 -37 -38 -39 -40 -41 -42 -43 -44 -45 -46 -47 -48 -49 -50 -51 51 52 -54 54 -56 -57 -58 -59 -60 -61 -62 -63
leaf_value=-1.0576792870755645 -0.98211004281273251 -0.23297917623124073 0.46522294362386074 1.6857610188191758 0.30604738358491568 -0.045203140045174617 0.4731137106174097 5.2657501983642581 -0.051813173301454643 -0.5529034886360169 2.6323598754874777 -0.29545698309794299 -2.2355264104168184 7.5099921544392902 0.74388307820348176 -2.0917385721206663 3.5769676856994632 6.2673928165435795 4.1515586119890218 -0.092026383181413027 3.82585545539856 -1.1135398714206157 0.45789884080489474 -1.1570536593596141 7.1192080803406546 0.014919259331443094 4.2968115584794866 7.6124198045486056 1.6867896951881112 -0.84721259203824129 1.838125483910827 -0.31725063323974612 6.2187593308362104 3.9684718921780586 2.168418588018731 -1.6084037746806616 0.20371254051959081 4.0275740772485733 -1.5253551734027579 -1.5729355999600818 -1.4426964769020996 0.69837941080331811 5.6574646216172439 2.4412937927246094 0.77273088917136201 -1.3888860988193716 -1.3165398140748343 -2.7128221299913196 -1.115484289969974 1.4550091569240278 2.7224375581679245 7.7854052592878764 2.1781539171934128 3.6965389478206632 6.5074537005917783 0.9695979099566211 4.1328214293718339 0.95982159968788761 -2.4143837065923783 1.0863663571234792 -0.98675221125066503 1.8412242681459814
leaf_weight=1725 52 1455 30 128 581 319 621 35 353 25 89 2368 142 33 170 20 25 35 40 24 20 507 24 24 39 22 43 39 153 22 68 30 22 32 76 122 658 48 201 171 188 32 26 20 20 169 174 27 298 26 144 23 32 80 29 217 40 219 21 80 273 61
leaf_count=1725 52 1455 30 128 581 319 621 35 353 25 89 2368 142 33 170 20 25 35 40 24 20 507 24 24 39 22 43 39 153 22 68 30 22 32 76 122 658 48 201 171 188 32 26 20 20 169 174 27 298 26 144 23 32 80 29 217 40 219 21 80 273 61
internal_value=-0.00297896 -0.308502 2.85047 0.0265876 -0.0390226 -0.173557 -0.296529 1.55487 -0.414687 2.19479 0.854037 -0.716036 -0.537991 3.72062 -0.547075 3.52361 1.05754 3.69976 3.86149 3.33622 0.356385 -0.473145 3.54558 1.82288 5.0584 4.50026 2.84756 5.86009 0.656816 2.09276 2.35893 2.69286 3.17319 5.76647 0.633604 -0.357436 -0.300574 2.32444 -0.613218 -0.554399 -0.495278 2.76956 3.26418 -0.430697 -1.86414 -0.451676 -0.390022 -0.322709 -0.464355 3.74641 3.9201 3.65336 4.47076 5.02654 4.4444 0.33704 2.68801 0.363905 -0.0971403 0.271512 -0.352065 0.451913
internal_weight=12790 11553 1237 6340 6164 5357 4666 497 4045 324 807 5213 3475 740 3488 675 45 630 600 417 173 3313 393 289 183 144 65 79 691 265 243 218 188 65 718 2806 2684 176 3318 3117 2946 166 134 2758 162 2738 2569 2395 2026 369 343 308 164 132 109 570 108 538 153 132 1728 642
internal_count=12790 11553 1237 6340 6164 5357 4666 497 4045 324 807 5213 3475 740 3488 675 45 630 600 417 173 3313 393 289 183 144 65 79 691 265 243 218 188 65 718 2806 2684 176 3318 3117 2946 166 134 2758 162 2738 2569 2395 2026 369 343 308 164 132 109 570 108 538 153 132 1728 642
is_linear=0
shrinkage=0.05


Tree=41
num_leaves=63
num_cat=0
split_feature=33 31 16 24 36 17 17 38 37 34 19 39 25 29 31 24 7 39 31 36 37 36 21 29 29 2 16 34 33 34 40 33 38 23 21 25 36 36 31 31 33 36 36 40 33 33 36 39 25 24 29 21 31 38 33 29 36 40 24 7 37 38
split_gain=1.032e+06 321337 270445 226459 254801 214728 183354 315042 170204 150222 137181 134286 171902 129377 124545 123241 116977 110843 110457 108790 107967 100501 98779.6 96674.1 91551.3 85104.6 81120.6 79622.6 79268.6 90194.6 78659 84261 71711.1 73081.4 73754.3 70041.7 68284.9 65320.9 64176.6 62736.6 86288.7 61500.8 58693.9 58472.7 63184.4 83075.1 56937.4 56898.6 72243.8 66434.9 76070.5 84782.4 70803.5 66430.4 56589.7 61025.6 54208.7 53091.1 51611.6 54758.1 51431.8 49016
threshold=132.60000000000002 365.45000000000005 1.0000000180025095e-35 1.0000000180025095e-35 371.92500000000007 1.0000000180025095e-35 1.0000000180025095e-35 1.0000000180025095e-35 1.5000000000000002 94.850000000000009 1.0000000180025095e-35 1.0000000180025095e-35 1.0000000180025095e-35 1.0000000180025095e-35 150.75000000000003 1.0000000180025095e-35 1.0000000180025095e-35 1.0000000180025095e-35 488.85000000000008 241.60000000000005 1.5000000000000002 245.32500000000002 1.0000000180025095e-35 1.0000000180025095e-35 1.0000000180025095e-35 1.0000000180025095e-35 1.0000000180025095e-35 204.45000000000002 324.60000000000008 76.950000000000003 3.5000000000000004 372.95000000000005 1.0000000180025095e-35 1.0000000180025095e-35 1.0000000180025095e-35 1.0000000180025095e-35 234.04166666666669 182.42000000000004 273.45000000000005 256.05000000000007 310.10000000000008 384.55000000000007 452.87500000000006 1.5000000000000002 356.10000000000008 198.05000000000004 245.32500000000002 1.0000000180025095e-35 1.0000000180025095e-35 1.0000000180025095e-35 1.0000000180025095e-35 1.0000000180025095e-35 109.05000000000001 1.0000000180025095e-35 159.30000000000004 1.0000000180025095e-35 273.75000000000006 1.5000000000000002 1.0000000180025095e-35 1.0000000180025095e-35 2.5000000000000004 1.0000000180025095e-35
decision_type=2 2 2 2 2 2 2 2 2 2 2 2 2 2 2 2 2 2 2 2 2 2 2 2 2 2 2 2 2 2 2 2 2 2 2 2 2 2 2 2 2 2 2 2 2 2 2 2 2 2 2 2 2 2 2 2 2 2 2 2 2 2
left_child=1 5 3 4 6 8 7 9 47 16 -9 15 25 17 -4 20 18 43 54 60 22 -22 24 26 -3 -13 32 -15 38 -30 -5 -32 33 34 58 -6 -7 -19 -16 -8 -41 -37 61 -11 45 -45 -33 49 -49 50 51 52 -1 -54 -2 56 -56 -18 59 -21 -10 -23
right_child=2 11 14 30 35 36 39 10 19 13 -12 12 -14 27 28 -17 57 37 -20 23 21 42 -24 -25 -26 -27 -28 -29 29 -31 31 46 -34 -35 -36 41 -38 -39 -40 40 -42 -43 -44 44 -46 -47 -48 48 -50 -51 -52 -53 53 -55 55 -57 -58 -59 -60 -61 -62 -63
leaf_value=-1.0171733021904046 -0.66402999933308626 0.4691490324138588 0.447002838003008 -1.1022745342971991 1.9859428775328472 1.1271658186401641 1.4900993969043097 -0.70712136238066914 -0.64667915436873524 1.2605803804397584 1.3877647963554964 -1.0054102671675593 0.93786511475935375 -1.532196414504539 0.22539484858512882 -0.9336525244866648 -2.1620815817362224 -0.48280511167314322 4.4924376630783085 1.1584455709264148 0.24902484413899786 1.5468070360027593 -1.7992517277345819 -1.3111556325808611 -1.3346312436190519 0.23372115351877271 3.3866290841783795 1.0163070345279015 2.7731581574394593 7.1079650691577374 -0.42220997711022695 -1.066662746667862 -0.93896340377035392 -0.81094251551212526 -0.52645204879167518 2.1749348770488393 4.5898957014083868 1.7585428057944599 3.814814359491522 2.2064316099180896 6.1717759977216309 5.7362903921692459 3.4954227522015575 5.6458155477588825 6.3872719594410494 1.7850107506701822 1.9017946587432002 -1.341392601332281 -0.13214198787134498 -1.5956203110246774 -1.5629823136603695 -1.5651864470505135 -0.1353817631310241 -1.3205107356688774 0.69010735911496346 -0.036504255711078286 1.5458589118795079 -0.10718857903050744 -0.49726173091625825 -0.21841008880559137 -0.14988490363227189 0.25062774955902412
leaf_weight=355 67 814 38 199 166 35 60 519 1292 25 92 535 211 44 20 155 39 36 20 480 292 352 59 101 77 187 21 101 21 28 201 20 113 109 127 22 24 335 33 34 23 27 32 22 21 38 84 659 152 166 174 164 1418 129 473 164 304 162 69 85 873 92
leaf_count=355 67 814 38 199 166 35 60 519 1292 25 92 535 211 44 20 155 39 36 20 480 292 352 59 101 77 187 21 101 21 28 201 20 113 109 127 22 24 335 33 34 23 27 32 22 21 38 84 659 152 166 174 164 1418 129 473 164 304 162 69 85 873 92
internal_value=-0.00283001 -0.275148 0.737925 0.646557 0.822528 -0.467039 0.684664 0.592759 -0.494349 0.917717 -0.391688 0.172506 -0.317577 1.55088 2.8903 0.416632 0.597273 1.94846 0.812971 -0.240319 0.538456 0.9793 0.182068 0.163362 0.313267 -0.684472 0.311695 0.242968 3.80055 5.25019 -0.328967 0.175585 0.246005 0.399915 0.573349 2.47626 2.53573 1.54105 2.46032 2.61859 3.80648 4.13731 1.42728 3.37439 4.0268 3.20064 1.33094 -0.752564 -1.11475 -0.630481 -0.558957 -0.474397 -0.380344 -0.234206 0.739965 0.839931 1.02492 -0.505899 0.793656 0.951308 -0.446355 1.27823
internal_weight=12790 9352 3438 3298 2794 6546 2579 2462 6487 1851 611 2806 933 622 140 1873 1229 477 1028 3270 1718 768 950 1105 891 722 1004 145 102 49 504 305 983 870 761 215 59 371 53 117 57 49 476 106 81 60 104 3217 811 2406 2240 2066 1902 1547 1008 941 777 201 634 565 2165 444
internal_count=12790 9352 3438 3298 2794 6546 2579 2462 6487 1851 611 2806 933 622 140 1873 1229 477 1028 3270 1718 768 950 1105 891 722 1004 145 102 49 504 305 983 870 761 215 59 371 53 117 57 49 476 106 81 60 104 3217 811 2406 2240 2066 1902 1547 1008 941 777 201 634 565 2165 444
is_linear=0
shrinkage=0.05


Tree=42
num_leaves=63
num_cat=0
split_feature=35 35 16 23 38 17 29 35 23 24 11 19 17 24 9 11 29 35 1 23 33 35 29 38 16 20 24 39 11 39 0 33 17 32 32 8 19 24 35 35 12 35 31 39 39 10 24 35 18 6 35 34 32 32 34 31 32 15 33 35 20 34
split_gain=1.63248e+06 405186 298356 200349 206589 231705 219549 233416 171510 159249 151734 150023 138945 130854 123849 103664 110629 100014 93409.9 90178.2 85604 80680.7 78153.4 84748.1 128393 75213.5 74982.3 80438 68504.3 66834.8 64978.8 62608.6 56523.7 55018.7 54812.6 54723.3 53189.8 52126.8 50222.3 49984.3 56330.3 49365.7 52220.5 47658.1 46927.9 44658.5 43689.2 41851.2 41600.9 41488.8 58889.4 40886 39410.2 47833.5 39265.4 42583.7 37666.5 36825.5 35930.1 35892.6 35487.6 32968.3
threshold=801.70000000000016 470.90000000000003 1.0000000180025095e-35 1.0000000180025095e-35 1.0000000180025095e-35 1.0000000180025095e-35 1.0000000180025095e-35 1309.4500000000003 1.0000000180025095e-35 1.0000000180025095e-35 1.0000000180025095e-35 1.0000000180025095e-35 1.0000000180025095e-35 1.0000000180025095e-35 1.0000000180025095e-35 1.0000000180025095e-35 1.0000000180025095e-35 190.45000000000002 1.0000000180025095e-35 1.0000000180025095e-35 431.30000000000001 1000.2500000000001 1.0000000180025095e-35 1.0000000180025095e-35 1.0000000180025095e-35 1.0000000180025095e-35 1.0000000180025095e-35 1.0000000180025095e-35 1.0000000180025095e-35 1.0000000180025095e-35 1.0000000180025095e-35 477.05000000000001 1.0000000180025095e-35 113.45000000000002 347.05000000000007 1.0000000180025095e-35 1.0000000180025095e-35 1.0000000180025095e-35 1522.8500000000001 1175.5000000000002 1.0000000180025095e-35 1118.0500000000002 81.15000000000002 1.0000000180025095e-35 1.0000000180025095e-35 1.0000000180025095e-35 1.0000000180025095e-35 654.95000000000016 1.0000000180025095e-35 1.0000000180025095e-35 886.1500000000002 208.15000000000001 467.75000000000006 177.00000000000003 239.65000000000001 443.05000000000007 421.65000000000003 1.0000000180025095e-35 379.65000000000003 1309.4500000000003 1.0000000180025095e-35 117.80000000000001
decision_type=2 2 2 2 2 2 2 2 2 2 2 2 2 2 2 2 2 2 2 2 2 2 2 2 2 2 2 2 2 2 2 2 2 2 2 2 2 2 2 2 2 2 2 2 2 2 2 2 2 2 2 2 2 2 2 2 2 2 2 2 2 2
left_child=1 12 3 4 6 11 7 10 9 15 13 37 17 14 41 16 18 -1 25 22 52 -4 23 26 36 30 27 -19 33 34 32 -22 44 -8 -7 49 57 39 54 48 60 42 -2 -43 47 56 -12 -3 -6 50 -16 61 53 -5 -9 -56 -44 -25 -15 -23 -41 -35
right_child=2 8 21 20 5 29 28 38 -10 -11 46 -13 -14 58 35 -17 -18 19 -20 -21 31 59 -24 24 -26 -27 -28 -29 -30 -31 -32 -33 -34 51 -36 -37 -38 -39 -40 40 -42 43 45 -45 -46 -47 -48 -49 -50 -51 -52 -53 -54 -55 55 -57 -58 -59 -60 -61 -62 -63
leaf_value=-0.92862181832605195 -1.1538078296184542 0.6383803068584406 1.7336090368383072 0.6127522969245911 -0.79578571263899589 4.3122207162115309 2.79020653133807 4.1200838908996609 -0.91414612131741113 -0.84067541385145406 0.41408013570236002 1.7547556860106335 2.6597290246775658 0.07125732164398417 2.2494204434752465 -0.5281822916071911 -0.53535392806940796 -0.078299524023884126 -1.4428881288620463 -1.37708340416583 2.3349159242890098 3.5735524507991054 -1.237944350510725 -2.027079734670457 2.0828082975414062 -1.2018256924514261 -1.1147428453548409 -0.62795523309683143 -1.5959722506503264 0.79906870278906317 -0.92777724833715536 -0.56954646770443229 2.6944678388323102 0.12265375398313827 1.5799122506572356 1.0153790463294301 0.64494080451130875 -1.9531110017918625 4.9024450838565832 0.50019704279574484 2.7824951762738439 3.6715814345205824 1.3284129473094417 1.7549051513075828 0.3317675586243759 0.55920329879807384 -1.7616232633590698 1.2224739268390152 1.4619761019945146 1.5768325843811035 4.59907547056675 1.0912370861386476 1.0598422172665598 -0.90142029528788337 2.7916955743493008 0.23577683806419372 2.256821656560239 -0.1199236419694177 1.4847407329650153 5.8458852005004891 -1.7873541990915935 -1.6353435238202412
leaf_weight=1627 20 897 51 65 281 45 23 42 374 319 205 91 33 157 40 308 259 2435 57 258 55 57 269 199 27 56 257 916 48 47 63 28 35 139 31 28 25 52 36 88 23 48 309 100 689 115 26 466 22 25 80 92 40 264 88 20 169 29 63 25 21 33
leaf_count=1627 20 897 51 65 281 45 23 42 374 319 205 91 33 157 40 308 259 2435 57 258 55 57 269 199 27 56 257 916 48 47 63 28 35 139 31 28 25 52 36 88 23 48 309 100 689 115 26 466 22 25 80 92 40 264 88 20 169 29 63 25 21 33
internal_value=-0.00268851 -0.32845 0.97684 0.876044 1.04453 0.310603 1.31446 1.56227 0.0981534 0.218382 1.33892 -0.108739 -0.575844 1.57307 1.83147 0.33776 0.443513 -0.593516 0.555545 -0.470024 -0.0957507 3.29514 -0.413729 -0.356703 -1.19467 0.607181 -0.291673 -0.228549 0.152371 2.28117 0.6543 1.3551 0.702058 0.444777 3.19773 3.03904 -1.54444 -0.456948 3.22536 -0.278097 0.533942 1.55695 1.35908 2.37653 0.668074 1.44383 0.169196 0.838078 -0.631856 3.42982 3.81586 0.240441 -0.422093 -0.602268 2.82286 2.31838 1.65666 -1.7845 0.476028 4.26634 0.0594762 -0.214636
internal_weight=12790 9598 3192 3059 2607 701 1906 1571 3523 3149 1385 578 6075 1154 934 2830 2522 6042 2263 4415 452 133 4157 3888 280 2206 3608 3351 335 123 2150 83 2087 287 76 173 253 487 186 435 132 761 613 148 2052 593 231 1363 303 145 120 264 369 329 150 108 478 228 220 82 109 172
internal_count=12790 9598 3192 3059 2607 701 1906 1571 3523 3149 1385 578 6075 1154 934 2830 2522 6042 2263 4415 452 133 4157 3888 280 2206 3608 3351 335 123 2150 83 2087 287 76 173 253 487 186 435 132 761 613 148 2052 593 231 1363 303 145 120 264 369 329 150 108 478 228 220 82 109 172
is_linear=0
shrinkage=0.05


Tree=43
num_leaves=63
num_cat=0
split_feature=35 35 35 39 25 17 38 23 24 7 17 19 0 24 20 35 29 29 11 21 24 0 33 29 21 6 1 32 10 23 6 35 29 32 39 21 38 29 24 2 24 33 33 7 21 32 37 29 34 35 25 33 23 35 7 24 2 35 22 21 24 2
split_gain=1.47331e+06 365681 226271 204081 223070 198570 174017 154788 143722 143702 125398 110537 104733 104467 97108.4 93511.1 93335.2 88299.7 100549 83696.3 78389.6 72964.1 69705.7 66614 97730 73593.4 65110.5 66936.7 67402.9 64389.8 60882.3 60496.4 59369.7 58997.7 57856.8 72452 81583.6 93688.4 67563.2 55783.6 54940.6 53459.7 51987.6 49061.8 77827.8 48729.9 47765.7 47626.8 47774.3 47418.1 43222.7 40357.9 39273.3 41663.1 38951.8 50133 38496.6 39519.9 38108.9 43636.9 38046 36816.7
threshold=801.70000000000016 470.90000000000003 1309.4500000000003 1.0000000180025095e-35 1.0000000180025095e-35 1.0000000180025095e-35 1.0000000180025095e-35 1.0000000180025095e-35 1.0000000180025095e-35 1.0000000180025095e-35 1.0000000180025095e-35 1.0000000180025095e-35 1.0000000180025095e-35 1.0000000180025095e-35 1.0000000180025095e-35 290.55000000000007 1.0000000180025095e-35 1.0000000180025095e-35 1.0000000180025095e-35 1.0000000180025095e-35 1.0000000180025095e-35 1.0000000180025095e-35 396.05000000000007 1.0000000180025095e-35 1.0000000180025095e-35 1.0000000180025095e-35 1.0000000180025095e-35 452.15000000000003 1.0000000180025095e-35 1.0000000180025095e-35 1.0000000180025095e-35 1118.0500000000002 1.0000000180025095e-35 144.15000000000001 1.0000000180025095e-35 1.0000000180025095e-35 1.0000000180025095e-35 1.0000000180025095e-35 1.0000000180025095e-35 1.0000000180025095e-35 1.0000000180025095e-35 317.40000000000003 465.55000000000007 1.0000000180025095e-35 1.0000000180025095e-35 484.05000000000007 2.5000000000000004 1.0000000180025095e-35 290.50000000000006 892.35000000000002 1.0000000180025095e-35 193.85000000000005 1.0000000180025095e-35 93.850000000000009 1.0000000180025095e-35 1.0000000180025095e-35 1.0000000180025095e-35 609.55000000000007 1.0000000180025095e-35 1.0000000180025095e-35 1.0000000180025095e-35 1.0000000180025095e-35
decision_type=2 2 2 2 2 2 2 2 2 2 2 2 2 2 2 2 2 2 2 2 2 2 2 2 2 2 2 2 2 2 2 2 2 2 2 2 2 2 2 2 2 2 2 2 2 2 2 2 2 2 2 2 2 2 2 2 2 2 2 2 2 2
left_child=1 10 3 5 21 6 13 8 9 12 15 40 14 23 17 52 20 18 19 26 22 33 29 24 25 -2 27 28 30 -4 56 -26 54 42 35 36 37 38 -17 47 -8 -15 49 44 -24 -29 -21 48 58 -5 61 -7 53 -1 55 -6 57 -3 59 60 -35 -36
right_child=2 7 16 4 32 51 11 -9 -10 -11 -12 -13 -14 41 -16 34 -18 -19 -20 46 -22 -23 43 -25 31 -27 -28 45 -30 -31 -32 -33 -34 39 50 -37 -38 -39 -40 -41 -42 -43 -44 -45 -46 -47 -48 -49 -50 -51 -52 -53 -54 -55 -56 -57 -58 -59 -60 -61 -62 -63
leaf_value=-1.165222966804933 3.5757253187894822 1.1858452470920866 2.4347621708191358 -0.04809003915801268 2.0308847377944188 2.0307617197036745 0.09554997984191467 -0.8684388185505143 -0.79864164217372302 -0.65147507373299174 2.5267425628322542 2.2468024462984322 -1.3058817193275545 -0.3948617690931196 -1.3239419903073992 0.3127425857986828 0.22796024903655054 -0.33636842802580863 -0.27942446036552027 -0.34707573018350657 0.86544270431132697 -2.2583696912316715 5.2554630051579396 0.85602734444455975 1.1213625431890595 1.470367095834118 -1.1435424863840595 3.2397284879287085 0.052801069885390461 -0.17082937627003111 0.248506560208683 3.1595176341858782 -0.38781672077519552 0.36248977203623522 -1.1150014780417616 -0.75117751048316084 -1.1128316840190375 -1.1050990217007124 -0.86426915329168841 0.49293662084606837 -1.9263644739201196 1.4387094808902061 -1.3243093462217423 1.646085927316121 2.538055405811388 0.74347841243805557 0.60609099896003804 -1.4322427571529435 0.90675076463919013 1.9727084065351557 -0.064455631732702121 4.4678631368673072 -1.5613553205581561 -0.63874985467045442 0.14741420251567192 0.19589841767799024 0.51348180831370194 1.9893778899038932 -2.3887601218440317 -0.89829491856900701 -1.3217945762169667 -0.29072941557781118
leaf_weight=445 140 392 130 42 277 25 290 374 319 335 33 57 82 92 70 1178 64 243 246 181 76 34 57 135 211 59 33 60 160 29 151 44 42 239 506 504 167 156 136 312 38 70 21 28 49 29 480 84 89 94 203 53 146 2416 41 43 117 251 22 166 39 185
leaf_count=445 140 392 130 42 277 25 290 374 319 335 33 57 82 92 70 1178 64 243 246 181 76 34 57 135 211 59 33 60 160 29 151 44 42 239 506 504 167 156 136 312 38 70 21 28 49 29 480 84 89 94 203 53 146 2416 41 43 117 251 22 166 39 185
internal_value=-0.00255409 -0.312027 0.927998 0.761227 0.380038 1.24635 1.07879 0.0932457 0.207463 0.320872 -0.547052 0.214482 0.451428 1.52187 0.511145 -0.56384 1.99063 0.565971 0.670385 0.796411 2.29636 0.0231382 2.66751 1.83114 2.1211 2.95152 1.04647 1.10878 0.999286 1.95953 1.16552 1.47304 1.3914 0.0931483 -0.368047 -0.226979 -0.0655884 0.0533842 0.190921 -0.0550956 -0.138696 0.397422 0.99111 3.50759 3.9993 2.42634 0.345088 -0.322679 -0.154746 1.34864 -0.705884 3.68674 -0.761457 -0.720637 1.5984 1.78431 1.34771 1.49951 -0.357478 -0.256829 0.126205 -0.894321
internal_weight=12790 9598 3192 2759 1545 1214 1136 3523 3149 2830 6075 385 2495 751 2413 6042 433 2343 2100 1854 369 1142 293 589 454 199 1193 1160 1071 159 911 255 403 1108 3035 2141 1637 1470 1314 951 328 162 157 134 106 89 661 639 555 136 894 78 3007 2861 361 320 760 643 466 444 278 691
internal_count=12790 9598 3192 2759 1545 1214 1136 3523 3149 2830 6075 385 2495 751 2413 6042 433 2343 2100 1854 369 1142 293 589 454 199 1193 1160 1071 159 911 255 403 1108 3035 2141 1637 1470 1314 951 328 162 157 134 106 89 661 639 555 136 894 78 3007 2861 361 320 760 643 466 444 278 691
is_linear=0
shrinkage=0.05


Tree=44
num_leaves=63
num_cat=0
split_feature=28 36 4 12 16 25 9 5 4 32 19 13 36 0 32 32 10 36 32 34 32 2 36 2 32 32 36 39 9 36 36 25 34 33 32 36 40 36 32 34 34 33 40 20 32 33 36 36 10 8 34 5 25 39 32 12 1 34 24 18 33 36
split_gain=3.79296e+06 445816 435947 345948 286764 251292 219282 172342 163576 153912 142461 122423 117401 111109 99685.1 155379 112265 101390 94754.2 91615.7 89932.2 87847.6 86916.6 81962.9 75156.5 84569.6 74583.1 73548.3 72486.3 69666.4 68547.1 64501.2 67730.3 106798 99058.3 92017.7 86952.5 63813 62742.5 56725.6 64238.3 55722.3 54376.2 50179.9 49276.5 48714.8 47626.1 45763.3 39907.9 39712.3 38478.1 37941.5 36890 39699.6 50808.9 36648.1 35155.8 34535 33459.6 32832.8 32356.8 31351.2
threshold=1.0000000180025095e-35 245.32500000000002 1.0000000180025095e-35 1.0000000180025095e-35 1.0000000180025095e-35 1.0000000180025095e-35 1.0000000180025095e-35 1.0000000180025095e-35 1.0000000180025095e-35 95.850000000000009 1.0000000180025095e-35 1.0000000180025095e-35 285.21250000000003 1.0000000180025095e-35 467.75000000000006 482.55000000000007 1.0000000180025095e-35 305.71000000000004 111.65000000000002 130.05000000000004 373.00000000000006 1.0000000180025095e-35 271.56250000000006 1.0000000180025095e-35 134.05000000000004 327.65000000000003 362.92500000000007 1.0000000180025095e-35 1.0000000180025095e-35 312.83333333333337 386.78333333333336 1.0000000180025095e-35 127.80000000000003 296.75000000000006 407.65000000000003 302.01666666666671 5.5000000000000009 162.62916666666669 376.45000000000005 279.9500000000001 392.4500000000001 191.10000000000002 4.5000000000000009 1.0000000180025095e-35 288.45000000000005 127.45000000000002 190.465 384.55000000000007 1.0000000180025095e-35 1.0000000180025095e-35 297.85000000000008 1.0000000180025095e-35 1.0000000180025095e-35 1.0000000180025095e-35 421.65000000000003 1.0000000180025095e-35 1.0000000180025095e-35 262.00000000000006 1.0000000180025095e-35 1.0000000180025095e-35 429.65000000000003 159.68333333333337
decision_type=2 2 2 2 2 2 2 2 2 2 2 2 2 2 2 2 2 2 2 2 2 2 2 2 2 2 2 2 2 2 2 2 2 2 2 2 2 2 2 2 2 2 2 2 2 2 2 2 2 2 2 2 2 2 2 2 2 2 2 2 2 2
left_child=2 9 3 4 5 6 7 10 14 19 11 13 52 21 16 -16 31 -18 -11 -2 23 27 -6 24 -20 37 41 43 55 -7 -8 32 33 34 38 -35 39 -26 47 -34 -41 -5 -10 56 46 -22 -39 -3 49 59 -12 -31 53 54 -4 -14 57 58 -1 -29 -37 -9
right_child=1 8 12 26 22 29 30 61 42 18 50 -13 28 -15 15 -17 17 -19 20 -21 45 -23 -24 -25 25 -27 -28 48 -30 51 -32 -33 36 35 -36 60 -38 44 -40 40 -42 -43 -44 -45 -46 -47 -48 -49 -50 -51 -52 -53 -54 -55 -56 -57 -58 -59 -60 -61 -62 -63
leaf_value=-0.6774549598309908 -0.091624900142241061 2.6588276550544436 0.26331917006763622 0.0057648110962208654 0.40451040668734195 -0.022894057480018003 -0.0064425549007529493 -0.65854919279274882 7.8290265464782722 4.5575988479786451 0.44913970323181468 -0.19249306851313694 0.96944045657242739 -2.2274827765538392 7.7072801971435556 2.5283374675682615 -2.033091473579407 2.8857955596663736 -0.61125932459173538 3.5015371036529546 5.7796914148330689 -0.29675717514613859 2.6331480738791555 -1.3491485792657603 0.88182283737221556 -0.90752472650437133 1.4691734072326879 -1.4111549080204926 3.2923725290996275 0.75432522366292609 1.330317731752052 5.0388303531540766 0.87395407472338005 6.8303152855899603 0.52868893773932202 2.387842537675585 -0.78915203802449552 4.0662251015504207 5.8758347590764366 5.498338737487793 2.0113073302166806 0.84287896809146923 4.5631265126741853 -1.8340693197467113 5.0401874621709197 2.3701282306150957 1.8805186284177098 4.1593832850456236 -0.30614271564251289 -0.41118754570682842 2.6910616014314734 2.8723696978195856 1.5472328621149065 -0.48563933862107139 2.6291593797504902 3.0687109318646519 -1.7907504851305032 0.7752545761434656 -1.1519337436744383 -0.52173249610757411 4.8137435771800856 0.15135837269955427
leaf_weight=2775 157 201 417 564 87 605 705 146 25 36 114 729 378 149 30 28 20 22 29 20 20 649 88 23 49 21 162 1269 41 262 111 45 28 36 38 28 23 36 21 25 28 307 26 110 24 22 81 68 118 126 23 23 50 182 24 22 79 38 429 113 27 658
leaf_count=2775 157 201 417 564 87 605 705 146 25 36 114 729 378 149 30 28 20 22 29 20 20 649 88 23 49 21 162 1269 41 262 111 45 28 36 38 28 23 36 21 25 28 307 26 110 24 22 81 68 118 126 23 23 50 182 24 22 79 38 429 113 27 658
internal_value=-0.00242638 2.62897 -0.284175 -0.38451 -0.479898 -0.51791 -0.603126 -0.687548 3.43465 1.51066 -0.770308 -0.803514 0.656038 -0.879592 3.22627 5.2071 3.03793 0.543468 2.1316 0.314382 1.84525 -0.844395 1.5252 1.50215 1.7754 2.10342 0.484048 -0.914677 1.29013 0.280727 0.175396 3.22238 3.06608 3.34956 2.9291 4.86508 1.92399 2.43621 3.24364 2.69439 3.65613 0.300821 6.16406 -0.783408 2.97639 3.99373 2.55304 3.03815 -1.19166 -1.26096 0.825521 0.925255 0.240534 0.135662 0.392072 1.0849 -0.748608 -0.723213 -0.740985 -1.33843 3.57874 0.00428561
internal_weight=12790 1237 11553 10439 9406 9231 8341 7525 719 518 6721 6584 1114 5855 668 58 610 42 341 177 305 5706 175 263 240 211 1033 5057 441 890 816 568 523 419 328 91 104 190 290 81 53 871 51 3431 141 42 117 269 1626 1508 137 285 673 623 441 400 3321 3242 3204 1382 55 804
internal_count=12790 1237 11553 10439 9406 9231 8341 7525 719 518 6721 6584 1114 5855 668 58 610 42 341 177 305 5706 175 263 240 211 1033 5057 441 890 816 568 523 419 328 91 104 190 290 81 53 871 51 3431 141 42 117 269 1626 1508 137 285 673 623 441 400 3321 3242 3204 1382 55 804
is_linear=0
shrinkage=0.05


Tree=45
num_leaves=63
num_cat=0
split_feature=28 35 36 31 9 24 35 37 35 34 0 23 36 31 31 12 23 9 14 29 32 29 35 32 31 36 36 23 32 36 33 35 35 39 32 32 32 24 36 14 31 20 29 12 9 40 0 29 12 31 35 35 31 36 30 14 40 35 35 23 29 23
split_gain=3.33641e+06 652522 347911 187941 179955 170275 143875 128229 126841 116613 105383 99316.8 93121 135416 115376 114076 91087.7 87994.6 79419.7 78868.2 73490.2 67731.9 126972 81649.7 153605 145989 85802.6 88316.5 79553.2 113522 87127.8 65962.8 83974 85933.5 73424.7 101855 77942.3 65459.3 64721.6 62904.1 60466.8 57964.3 57736.1 55435.4 53501.6 49291.4 48139.9 52721.2 47510 47476.1 46350.5 45732.9 42980.9 39984.9 37224.1 35516 34132.3 33682.6 33486.1 33231.2 34468.8 32568.4
threshold=1.0000000180025095e-35 849.65000000000009 185.05833333333337 487.35000000000008 1.0000000180025095e-35 1.0000000180025095e-35 1241.4000000000003 4.5000000000000009 392.65000000000003 425.15000000000003 1.0000000180025095e-35 1.0000000180025095e-35 395.55000000000007 437.35000000000008 449.65000000000003 1.0000000180025095e-35 1.0000000180025095e-35 1.0000000180025095e-35 1.0000000180025095e-35 1.0000000180025095e-35 256.95000000000005 1.0000000180025095e-35 946.45000000000016 455.45000000000005 109.05000000000001 277.15833333333336 245.32500000000002 1.0000000180025095e-35 213.35000000000005 230.82500000000005 123.95000000000002 367.75000000000006 1099.0500000000002 1.0000000180025095e-35 144.15000000000001 62.600000000000009 390.85000000000008 1.0000000180025095e-35 283.94500000000005 1.0000000180025095e-35 236.25000000000003 1.0000000180025095e-35 1.0000000180025095e-35 1.0000000180025095e-35 1.0000000180025095e-35 1.5000000000000002 1.0000000180025095e-35 1.0000000180025095e-35 1.0000000180025095e-35 471.05000000000007 1257.3500000000001 856.40000000000009 284.05000000000007 150.0291666666667 1.0000000180025095e-35 1.0000000180025095e-35 4.5000000000000009 562.75000000000011 716.85000000000002 1.0000000180025095e-35 1.0000000180025095e-35 1.0000000180025095e-35
decision_type=2 2 2 2 2 2 2 2 2 2 2 2 2 2 2 2 2 2 2 2 2 2 2 2 2 2 2 2 2 2 2 2 2 2 2 2 2 2 2 2 2 2 2 2 2 2 2 2 2 2 2 2 2 2 2 2 2 2 2 2 2 2
left_child=1 4 7 9 8 6 11 53 59 12 16 18 13 15 -15 17 37 21 19 41 -5 23 -23 24 -4 -25 28 31 29 -26 -30 -28 34 -34 35 -33 45 39 -16 42 -6 44 48 46 -3 -36 47 55 54 -40 -11 -14 -17 -2 57 -8 -47 -10 -58 60 -1 -7
right_child=2 5 3 20 40 61 43 -9 10 50 -12 -13 51 14 38 52 -18 -19 -20 -21 -22 22 -24 25 26 -27 27 -29 30 -31 -32 32 33 -35 36 -37 -38 -39 49 -41 -42 -43 -44 -45 -46 56 -48 -49 -50 -51 -52 -53 -54 -55 -56 -57 58 -59 -60 -61 -62 -63
leaf_value=-0.63192814071388315 -0.22713156396417117 0.80782479127781814 6.378000793633638 4.3135848913873946 -0.14880255913153162 -0.3233418582705781 1.8734126488513807 4.0714800715446477 -0.22945371911955253 3.6262475521344211 -1.7814229958007735 -0.49842964806455248 3.5734464627045854 -2.2008186378479002 4.1589480113983157 3.4974697149716891 -0.94750095551158042 4.5771449642521995 -1.0476281614426304 -0.17030341841385399 8.281948096752167 -2.4309902334213258 3.2031006458401681 -2.4722226186232135 1.9079736329741399 2.8188091993331912 2.0261001782652772 0.62185173175401154 1.0065575366670436 -1.7540561011343294 4.5876196711403985 3.3333714348929271 3.9034082347696479 -0.5682086172558013 0.76956833540038627 8.0568293132781985 5.6648212418411719 -0.81515485157598144 2.2107629407729426 -1.7201960557796916 0.77484909109874456 -0.75878939090990549 -0.69455083235688919 2.6897488173339159 1.8009067932120812 4.9230771449896009 -0.8544392879192646 0.096895982325077068 0.54019205842462437 -0.81981021761894235 6.8005500513574351 6.3868634986877444 6.345713713875524 1.1931031477020448 -1.6309575443466504 -0.27161863417852494 1.5166675818187221 0.13301280242905741 4.2159863233566286 -1.2727887577667345 -1.2378153612996745 -1.7461770066748497
leaf_weight=3623 123 833 27 28 348 320 238 26 1502 23 120 235 52 25 20 26 455 49 68 213 20 20 20 22 59 32 81 36 33 33 35 21 22 21 22 25 33 387 28 61 361 51 364 78 162 26 26 64 328 24 23 20 27 83 39 21 27 1118 20 244 251 46
leaf_count=3623 123 833 27 28 348 320 238 26 1502 23 120 235 52 25 20 26 455 49 68 213 20 20 20 22 59 32 81 36 33 33 35 21 22 21 22 25 33 387 28 61 361 51 364 78 162 26 26 64 328 24 23 20 27 83 39 21 27 1118 20 244 251 46
internal_value=0.00805525 -0.2537 2.5038 2.91598 -0.443783 0.488953 0.671331 0.762711 -0.507676 2.75884 -0.320177 0.44899 2.6314 2.47895 0.725612 2.71616 -0.278957 2.53797 0.61677 0.706666 5.96707 2.3755 0.386055 2.5139 2.70572 0.663204 2.50501 2.96109 1.55294 0.594419 2.84975 3.24368 3.69817 1.7196 4.18713 5.90047 3.5714 -0.198886 1.74173 -0.128987 0.321491 0.885245 -0.100021 1.48467 0.969513 2.84421 1.21534 1.38195 -0.0275713 0.812037 5.2134 4.35495 4.94846 0.345099 -0.0976076 1.69949 3.46945 -0.0747829 2.66531 -0.70683 -0.671184 -0.502168
internal_weight=12768 11556 1212 980 9201 2355 1989 232 8492 932 4374 1562 886 814 97 717 4254 664 1327 1259 48 615 40 575 521 54 494 334 160 92 68 298 217 43 174 46 128 3799 72 3412 709 1046 3351 427 995 95 349 323 2987 52 46 72 53 206 2659 259 73 2620 47 4118 3874 366
internal_count=12768 11556 1212 980 9201 2355 1989 232 8492 932 4374 1562 886 814 97 717 4254 664 1327 1259 48 615 40 575 521 54 494 334 160 92 68 298 217 43 174 46 128 3799 72 3412 709 1046 3351 427 995 95 349 323 2987 52 46 72 53 206 2659 259 73 2620 47 4118 3874 366
is_linear=0
shrinkage=0.05


Tree=46
num_leaves=63
num_cat=0
split_feature=35 35 7 4 14 35 7 16 35 0 23 29 23 19 29 17 31 0 11 35 31 9 35 35 32 31 23 32 11 1 31 12 33 12 23 8 32 29 11 32 31 11 7 38 33 25 33 32 23 33 31 32 12 11 31 4 38 9 9 32 13 32
split_gain=1.12101e+06 284965 239322 227490 158034 166502 149072 142101 112844 106462 109369 93704.1 92645.7 87461.6 82760.1 81886.4 80307.9 82583.5 76647.1 75828.4 82568.8 68568.1 66403.3 63234 61934.5 61536.9 60482.6 60335.6 57142.7 52256.1 51764.3 48818.5 48661.9 40843.8 39507 39292.1 37657.1 37477.1 38971.8 36517 35456.8 35365.2 35160.5 36080.5 34944.9 69140.1 42141.5 33576.4 31840.2 39216 30237.7 29562.1 28888.2 28532.4 40991.7 34611.6 27974.4 27897 27399 26551.2 78262.5 26363.1
threshold=801.70000000000016 416.25000000000006 1.0000000180025095e-35 1.0000000180025095e-35 1.0000000180025095e-35 1211.5500000000002 1.0000000180025095e-35 1.0000000180025095e-35 1437.45 1.0000000180025095e-35 1.0000000180025095e-35 1.0000000180025095e-35 1.0000000180025095e-35 1.0000000180025095e-35 1.0000000180025095e-35 1.0000000180025095e-35 107.15000000000002 1.0000000180025095e-35 1.0000000180025095e-35 1129.3500000000001 268.45000000000005 1.0000000180025095e-35 546.85000000000002 1522.8500000000001 485.65000000000003 200.55000000000004 1.0000000180025095e-35 362.55000000000007 1.0000000180025095e-35 1.0000000180025095e-35 477.45000000000005 1.0000000180025095e-35 444.85000000000008 1.0000000180025095e-35 1.0000000180025095e-35 1.0000000180025095e-35 53.150000000000013 1.0000000180025095e-35 1.0000000180025095e-35 438.45000000000005 249.25000000000003 1.0000000180025095e-35 1.0000000180025095e-35 1.0000000180025095e-35 388.05000000000007 1.0000000180025095e-35 423.25000000000006 88.500000000000014 1.0000000180025095e-35 477.05000000000001 189.95000000000002 421.65000000000003 1.0000000180025095e-35 1.0000000180025095e-35 66.450000000000017 1.0000000180025095e-35 1.0000000180025095e-35 1.0000000180025095e-35 1.0000000180025095e-35 336.25000000000006 1.0000000180025095e-35 403.85000000000008
decision_type=2 2 2 2 2 2 2 2 2 2 2 2 2 2 2 2 2 2 2 2 2 2 2 2 2 2 2 2 2 2 2 2 2 2 2 2 2 2 2 2 2 2 2 2 2 2 2 2 2 2 2 2 2 2 2 2 2 2 2 2 2 2
left_child=1 15 3 4 5 12 9 23 14 10 11 22 13 16 19 25 27 18 21 51 -21 33 41 24 48 -1 28 -2 -4 30 31 53 -25 44 37 -23 -12 38 42 -6 -20 58 43 -27 45 59 -46 -38 49 52 -47 -5 -7 54 -24 -56 -48 -57 -3 60 -18 -29
right_child=2 6 26 8 39 7 -8 -9 -10 -11 36 -13 -14 -15 -16 -17 17 -19 40 20 -22 35 29 32 -26 34 -28 61 -30 -31 -32 -33 -34 -35 -36 -37 47 -39 -40 -41 -42 -43 -44 -45 46 50 56 -49 -50 -51 -52 -53 -54 -55 55 57 -58 -59 -60 -61 -62 -63
leaf_value=-0.7236206898342542 0.75623641111412832 0.09955797125005518 0.18907359264035156 1.4419836549141385 -1.4259151841890305 1.201017862628438 -0.80769597648953406 5.3905900774002085 5.7340628910064702 -1.4705696756202802 -1.8872466825971417 -0.54962929842319896 -0.19050211684596272 2.7617196869504239 0.17399307325482372 2.2778337926245653 -0.77139477671537193 -1.0761434946420059 1.046502267755568 6.2702342915534972 2.6215735377608866 2.3477772556245329 -1.7095513226091861 1.8399796244791813 -0.97961465460913522 -0.13053487014710721 -1.6377405753776211 -2.9359199311422266 -1.9043257551474704 -1.0335498613119125 1.9899649982426604 1.290525019261026 4.711476514816284 1.660933223930307 -1.2064310348475422 0.26924109767984461 1.2609307559552017 -1.112453098388182 -1.0626726817886034 0.75927478671073922 -0.4619424078555312 -0.74065071215367195 -1.0388102417738418 -0.99314020660727531 2.4876693363847409 -0.034762263298034668 0.38213446982975663 -0.57471971669182276 0.46597228086355963 3.3050585790113973 2.1213006424835359 2.7394893489516621 2.4545294113583487 -0.13461775628296105 0.45138140159913087 0.96180016626546427 2.131380246147033 2.7883931448062262 0.83776949961408453 0.61062817724184559 1.7044046220325288 -0.79116596830518626
leaf_weight=2330 49 1313 345 191 94 208 480 25 20 102 51 329 266 56 60 26 133 53 56 20 69 144 20 36 28 2011 67 23 36 50 65 194 25 156 135 27 27 144 150 24 128 115 127 129 58 20 87 322 66 33 87 57 59 185 946 162 31 24 139 275 42 38
leaf_count=2330 49 1313 345 191 94 208 480 25 20 102 51 329 266 56 60 26 133 53 56 20 69 144 20 36 28 2011 67 23 36 50 65 194 25 156 135 27 27 144 150 24 128 115 127 129 58 20 87 322 66 33 87 57 59 185 946 162 31 24 139 275 42 38
internal_value=0.00765249 -0.262838 0.819124 0.994059 0.801338 0.896572 0.025395 1.72044 2.06951 0.124278 0.165545 0.25405 0.667852 0.823916 1.88489 -0.520947 0.74679 0.856799 0.939151 2.1895 3.4415 1.10267 0.336343 1.51878 1.28685 -0.535425 -0.252353 -0.550317 -0.00872792 0.558127 0.607991 0.549318 3.01682 0.926298 -0.372779 2.01959 -0.61816 -0.328834 -0.282148 -0.98147 -0.00285055 0.103379 -0.230503 -0.182533 0.76995 0.575889 1.38411 -0.432707 1.46025 1.67899 1.7183 1.7402 1.47801 0.441769 0.534331 0.573975 0.841682 1.19749 0.170227 0.304249 -0.177203 -1.59984
internal_weight=12768 9576 3192 2744 2327 2209 4524 480 417 4044 3942 3542 1729 1463 397 5052 1407 1297 1244 337 89 1060 3213 455 394 5026 448 110 381 1646 1596 1531 61 889 2696 171 400 2561 2417 118 184 1567 2267 2140 733 557 176 349 366 300 107 248 267 1337 1152 1132 118 186 1452 450 175 61
internal_count=12768 9576 3192 2744 2327 2209 4524 480 417 4044 3942 3542 1729 1463 397 5052 1407 1297 1244 337 89 1060 3213 455 394 5026 448 110 381 1646 1596 1531 61 889 2696 171 400 2561 2417 118 184 1567 2267 2140 733 557 176 349 366 300 107 248 267 1337 1152 1132 118 186 1452 450 175 61
is_linear=0
shrinkage=0.05


Tree=47
num_leaves=63
num_cat=0
split_feature=35 7 17 14 35 35 11 24 23 0 35 7 29 0 20 35 17 29 29 4 32 35 35 23 11 35 31 24 11 9 32 32 1 24 31 6 31 4 38 35 23 31 34 23 31 10 32 37 29 11 24 7 4 34 29 31 24 32 35 37 35 14
split_gain=1.01448e+06 259676 235750 228714 217904 199962 186333 163574 118680 116682 128526 100545 98548.6 91851.6 82156.1 87978.3 87483.2 72744.5 70768.5 92153.6 72710.8 69374.9 61262.8 59895.9 57467.7 54317.2 53503.1 53019 55307.4 52747.2 49373.1 49099.2 44476.7 42068.1 40211.3 38689.2 52852.8 37951.5 36615.9 35437.3 36113.2 35308.1 35084.9 34128.7 46865.5 44192.7 38417.7 36551.6 33970.9 33672.4 35297.6 36324.4 32950.3 32585 30495.5 29805.7 29781.5 67410.8 53459.8 46818.8 43928.4 29620.7
threshold=711.55000000000007 1.0000000180025095e-35 1.0000000180025095e-35 1.0000000180025095e-35 1309.4500000000003 320.75000000000006 1.0000000180025095e-35 1.0000000180025095e-35 1.0000000180025095e-35 1.0000000180025095e-35 1036.0000000000002 1.0000000180025095e-35 1.0000000180025095e-35 1.0000000180025095e-35 1.0000000180025095e-35 536.6500000000002 1.0000000180025095e-35 1.0000000180025095e-35 1.0000000180025095e-35 1.0000000180025095e-35 174.95000000000002 1522.8500000000001 1067.0500000000002 1.0000000180025095e-35 1.0000000180025095e-35 918.1500000000002 474.15000000000003 1.0000000180025095e-35 1.0000000180025095e-35 1.0000000180025095e-35 445.35000000000008 237.45000000000002 1.0000000180025095e-35 1.0000000180025095e-35 309.25000000000006 1.0000000180025095e-35 240.15000000000001 1.0000000180025095e-35 1.0000000180025095e-35 97.65000000000002 1.0000000180025095e-35 66.450000000000017 359.15000000000003 1.0000000180025095e-35 166.15000000000001 1.0000000180025095e-35 211.45000000000002 4.5000000000000009 1.0000000180025095e-35 1.0000000180025095e-35 1.0000000180025095e-35 1.0000000180025095e-35 1.0000000180025095e-35 81.350000000000009 1.0000000180025095e-35 61.150000000000013 1.0000000180025095e-35 95.850000000000009 1036.0000000000002 4.5000000000000009 1129.3500000000001 1.0000000180025095e-35
decision_type=2 2 2 2 2 2 2 2 2 2 2 2 2 2 2 2 2 2 2 2 2 2 2 2 2 2 2 2 2 2 2 2 2 2 2 2 2 2 2 2 2 2 2 2 2 2 2 2 2 2 2 2 2 2 2 2 2 2 2 2 2 2
left_child=5 2 3 4 6 39 7 9 11 10 17 12 13 14 15 16 27 29 19 20 -12 35 53 24 56 -19 31 28 55 32 -31 -22 43 41 -21 36 -6 -38 -23 -1 48 -17 -37 44 52 47 -45 -46 49 50 51 -41 -2 -4 -8 -7 57 -3 -58 -59 -61 -43
right_child=1 23 22 -5 21 8 54 -9 -10 -11 18 -13 -14 -15 -16 33 -18 25 -20 34 26 38 -24 -25 -26 -27 -28 -29 -30 30 -32 -33 -34 -35 -36 42 37 -39 -40 40 -42 61 -44 46 45 -47 -48 -49 -50 -51 -52 -53 -54 -55 -56 -57 58 59 -60 60 -62 -63
leaf_value=-0.98329632920278631 -0.31238304122291027 -2.5114658269015226 2.8503780132684953 -1.302718541838906 3.9823934197425843 -1.2405416383193089 -0.15047049513006622 -0.094411647875269566 -0.88969142350595198 -0.68643417097628123 -0.25563867956399922 -0.74939132526651775 -0.7539490368185926 -1.6202586199045184 -1.5639295968456546 -1.0840144704495158 3.2395035823186245 -0.49220277049572642 0.67995637242208451 5.0089108972838439 3.6623958181589842 4.1554648810625077 4.0069351387402374 -1.6407924530537503 -1.8349757585260607 1.2828336334725221 4.3886299024928697 -0.79013381195325538 -0.73638724412396561 1.396555352124681 3.490119922300801 1.5758206895006357 -0.63570929252086805 -0.2756667406470687 2.608225498006151 1.8097633161544799 1.3002069172997999 3.1776963537389582 1.7076730776916851 -0.2981591115877868 -1.2649949212552638 0.76614506997182208 -0.76726300290652683 1.8667839675180375 1.2976490161971936 0.42089231913271069 -0.085045310899063406 2.899394372654589 -1.1795217341687305 -1.1336835642339604 -1.1528833554530966 -1.1180326418433753 1.5266372492819122 0.7155841227733728 -1.4483846404231513 0.15344069413535488 0.39753988456726075 0.12304278090596199 -3.0244816129406296 0.40325938279812157 3.4390051467852163 -0.88461993123803817
leaf_weight=497 93 22 39 132 28 39 349 393 439 96 40 442 357 75 69 28 21 153 114 33 32 50 63 76 45 60 22 197 200 164 34 237 47 135 37 25 146 33 22 2185 157 922 28 31 568 143 135 38 166 165 145 144 33 33 52 2288 25 329 21 26 22 28
leaf_count=497 93 22 39 132 28 39 349 393 439 96 40 442 357 75 69 28 21 153 114 33 32 50 63 76 45 60 22 197 200 164 34 237 47 135 37 25 146 33 22 2185 157 922 28 31 568 143 135 38 166 165 145 144 33 33 52 2288 25 329 21 26 22 28
internal_value=0.00726987 0.65893 0.819487 0.737366 0.820583 -0.297547 0.681853 0.842162 -0.102779 1.0166 1.09778 -0.0308239 0.0420384 0.113045 0.146148 0.176733 0.0246947 0.863662 1.77923 2.09174 1.74317 2.03405 2.86827 -0.334767 -0.1322 0.00780748 2.01792 -8.90696e-05 0.0615013 1.00542 1.75606 1.82404 0.868812 0.551706 3.73998 1.6537 1.96232 1.64634 3.40753 -0.5926 -0.527044 0.665914 0.448315 0.93674 1.06144 1.21152 0.279453 1.39809 -0.48574 -0.442099 -0.395975 -0.348851 0.169265 1.87193 -0.318779 0.130078 0.0399912 0.178876 -1.16469 0.335872 1.79464 0.717491
internal_weight=12768 4069 3503 3368 3236 8699 2904 2503 5240 2110 2014 4801 4359 4002 3927 3858 2745 1499 515 401 331 332 135 566 490 213 291 2724 2527 1286 198 269 1088 1113 70 260 207 179 72 3459 2962 978 53 1041 875 749 166 606 2805 2639 2474 2329 126 72 401 2327 445 399 46 377 48 950
internal_count=12768 4069 3503 3368 3236 8699 2904 2503 5240 2110 2014 4801 4359 4002 3927 3858 2745 1499 515 401 331 332 135 566 490 213 291 2724 2527 1286 198 269 1088 1113 70 260 207 179 72 3459 2962 978 53 1041 875 749 166 606 2805 2639 2474 2329 126 72 401 2327 445 399 46 377 48 950
is_linear=0
shrinkage=0.05


Tree=48
num_leaves=63
num_cat=0
split_feature=35 35 24 11 35 7 0 17 14 16 25 24 0 23 23 17 35 22 14 7 39 35 36 16 38 39 25 19 24 36 36 7 35 38 39 35 21 11 36 23 32 32 36 21 37 7 21 36 32 32 21 36 7 35 33 2 21 32 38 7 33 33
split_gain=918438 234317 203983 203686 180809 123771 123592 112296 124213 110053 103865 92030.1 88307.7 92469.3 72842.3 70333.1 67920.3 60465.6 58940.7 54523.9 54302.6 52639.9 51676.4 54728 68161 54549.6 59088.2 51178.5 50590.6 49851 65541.1 49043.8 57464.7 49207.2 47357.5 41504.9 40838.4 55511.5 52760.9 40820.3 40763.6 56876.7 46411.1 38564.2 53992.4 38134.9 45460 35792.3 35765.4 40785.9 35478.5 67888.3 35008.1 45531.9 33750.6 32263.5 31842.3 31821.7 30819.8 28941.3 28805 27644.7
threshold=801.70000000000016 416.25000000000006 1.0000000180025095e-35 1.0000000180025095e-35 1211.5500000000002 1.0000000180025095e-35 1.0000000180025095e-35 1.0000000180025095e-35 1.0000000180025095e-35 1.0000000180025095e-35 1.0000000180025095e-35 1.0000000180025095e-35 1.0000000180025095e-35 1.0000000180025095e-35 1.0000000180025095e-35 1.0000000180025095e-35 604.1500000000002 1.0000000180025095e-35 1.0000000180025095e-35 1.0000000180025095e-35 1.0000000180025095e-35 918.1500000000002 96.950000000000017 1.0000000180025095e-35 1.0000000180025095e-35 1.0000000180025095e-35 1.0000000180025095e-35 1.0000000180025095e-35 1.0000000180025095e-35 386.78333333333336 330.47500000000008 1.0000000180025095e-35 1377.7500000000002 1.0000000180025095e-35 1.0000000180025095e-35 1026.7 1.0000000180025095e-35 1.0000000180025095e-35 254.65000000000006 1.0000000180025095e-35 120.85000000000001 184.85000000000005 238.35416666666671 1.0000000180025095e-35 1.5000000000000002 1.0000000180025095e-35 1.0000000180025095e-35 290.52500000000003 53.150000000000013 88.500000000000014 1.0000000180025095e-35 257.88000000000005 1.0000000180025095e-35 1352.45 417.65000000000003 1.0000000180025095e-35 1.0000000180025095e-35 469.55000000000007 1.0000000180025095e-35 1.0000000180025095e-35 401.75000000000006 163.20000000000002
decision_type=2 2 2 2 2 2 2 2 2 2 2 2 2 2 2 2 2 2 2 2 2 2 2 2 2 2 2 2 2 2 2 2 2 2 2 2 2 2 2 2 2 2 2 2 2 2 2 2 2 2 2 2 2 2 2 2 2 2 2 2 2 2
left_child=1 15 3 4 6 11 7 8 14 10 18 12 13 16 17 22 36 21 19 -6 -9 54 -1 24 25 28 55 40 43 30 -12 32 33 -4 47 -33 37 -3 -38 52 42 56 -23 -24 -45 -43 -47 -8 -15 -50 57 -52 53 -5 58 -27 60 -18 -2 61 -42 -16
right_child=2 5 31 39 9 -7 34 20 -10 -11 29 -13 -14 48 59 -17 50 -19 -20 -21 -22 27 23 -25 -26 26 -28 -29 -30 -31 -32 35 -34 -35 -36 -37 38 -39 -40 -41 41 45 -44 44 -46 46 -48 -49 49 -51 51 -53 -54 -55 -56 -57 -58 -59 -60 -61 -62 -63
leaf_value=-0.87247152993779464 1.0863387646024474 0.37033102222111625 0.048514281283956254 -0.018542666880815638 1.8766853812962667 -0.73567006622130682 0.94778430496945099 3.6050967537520222 -1.2296564009259729 4.9826653706175943 4.2310521741067211 -0.62497025855392696 -1.2979400993622456 -1.7483997494566677 -0.47771011982113126 2.1218587173865391 0.71464607668696434 -0.21887220522252526 -0.99702649613221495 0.32589729755697117 0.6308270227341426 4.3297340412934622 -0.1158343788158661 1.8680201860574579 -1.2720729824887613 -1.0310156048849597 0.025211721527545403 3.7185787333796423 -1.0133967133777402 5.3950877688147809 0.95273954709370923 -0.026298393521990093 1.6749829792840913 -1.3632903994097338 -2.5268660606876501 -2.9668531264577593 -0.029429827633985259 -0.68394595276618353 -1.4205347943453142 -1.5089867560267449 -0.28070455147669865 1.6041538940224394 1.440013216119824 -1.3534188535478382 -0.25038447181948204 1.3411819550346156 -0.91940508978707458 -1.5166341685331786 1.616510888338089 -0.48771955539402234 0.56728065260361105 -0.96182518692120267 -1.5150629488130412 1.9823504412546755 -0.441840300321579 -0.35915603979744692 -1.2131132058799268 1.9027849815175182 -0.094599356735125192 -1.1153807939709846 2.2090495586395265 0.75750443169787052
leaf_weight=736 404 1311 311 255 281 480 34 57 68 28 31 382 97 51 64 26 740 82 24 71 21 24 2145 26 229 683 240 24 211 22 30 21 44 77 31 28 430 138 81 50 26 505 33 162 352 61 35 26 25 292 344 92 33 32 50 242 32 61 64 37 21 155
leaf_count=736 404 1311 311 255 281 480 34 57 68 28 31 382 97 51 64 26 740 82 24 71 21 24 2145 26 229 683 240 24 211 22 30 21 44 77 31 28 430 138 81 50 26 505 33 162 352 61 35 26 25 292 344 92 33 32 50 242 32 61 64 37 21 155
internal_value=0.00690637 -0.237928 0.74141 0.909772 1.08207 0.0234385 0.856861 0.949609 0.863753 1.93945 1.7538 0.11354 0.190578 0.231079 0.951787 -0.471979 0.317474 1.09733 1.40042 1.56388 2.80433 1.18172 -0.485397 -0.41899 -0.432935 -0.385311 -0.673861 1.44636 -0.268181 3.35466 2.61877 -0.207506 -0.037468 -0.231663 -0.940007 -1.70662 0.134388 0.269924 -0.249938 -0.180377 1.37237 1.26471 2.65674 -0.209046 -0.598033 1.4305 0.51701 -0.12013 -0.519483 -0.321771 0.60757 0.244625 0.027218 0.204553 0.792924 -0.855243 0.0034443 0.805129 0.924843 0.17801 0.831739 0.396528
internal_weight=12768 9576 3192 2711 2341 4524 1854 1763 1685 487 459 4044 3662 3565 1617 5052 3197 1361 376 352 78 1279 5026 4290 4264 4035 1165 761 2870 83 61 481 432 388 91 49 1960 1449 511 370 737 680 57 2659 514 601 96 60 368 317 1237 436 320 287 518 925 79 801 468 256 47 219
internal_count=12768 9576 3192 2711 2341 4524 1854 1763 1685 487 459 4044 3662 3565 1617 5052 3197 1361 376 352 78 1279 5026 4290 4264 4035 1165 761 2870 83 61 481 432 388 91 49 1960 1449 511 370 737 680 57 2659 514 601 96 60 368 317 1237 436 320 287 518 925 79 801 468 256 47 219
is_linear=0
shrinkage=0.05


Tree=49
num_leaves=63
num_cat=0
split_feature=28 35 36 17 31 9 38 16 35 23 29 17 25 31 35 19 5 36 36 31 33 9 31 16 38 19 18 5 36 31 40 39 32 29 36 31 36 33 31 39 36 15 35 32 31 36 40 31 11 24 36 31 24 24 11 33 39 2 15 32 35 31
split_gain=2.85912e+06 407456 275207 178939 164258 137723 112976 124641 108084 93359.4 90071.9 90027.8 94646.3 85999.9 84954.6 75829.7 75760.6 73313.6 93933.1 79097.3 134254 99328 70063.2 68395.5 75950.9 92365.6 62790.3 75868.1 82053.8 79854.8 138564 114989 91326.3 99595.8 102402 116153 102860 83466.5 73110.4 61556.7 86020 60109.7 60010.3 59462.4 52719.2 51444.8 50506.2 50420.7 49644.9 53173.3 48626.9 51621 44580.5 43729.9 44024 43517.9 43471.6 59615.3 43447.4 42169.5 40419.7 35353.9
threshold=1.0000000180025095e-35 849.65000000000009 185.05833333333337 1.0000000180025095e-35 487.35000000000008 1.0000000180025095e-35 1.0000000180025095e-35 1.0000000180025095e-35 628.55000000000007 1.0000000180025095e-35 1.0000000180025095e-35 1.0000000180025095e-35 1.0000000180025095e-35 154.35000000000005 1118.0500000000002 1.0000000180025095e-35 1.0000000180025095e-35 342.55000000000007 334.51666666666671 437.35000000000008 200.05000000000004 1.0000000180025095e-35 316.15000000000003 1.0000000180025095e-35 1.0000000180025095e-35 1.0000000180025095e-35 1.0000000180025095e-35 1.0000000180025095e-35 261.0750000000001 345.15000000000003 4.5000000000000009 1.0000000180025095e-35 469.55000000000007 1.0000000180025095e-35 268.44166666666678 115.95000000000002 309.27500000000003 354.2000000000001 245.75000000000003 1.0000000180025095e-35 311.75833333333338 1.0000000180025095e-35 290.55000000000007 256.95000000000005 180.85000000000005 322.91666666666674 1.0000000180025095e-35 388.75000000000006 1.0000000180025095e-35 1.0000000180025095e-35 434.02500000000003 445.15000000000003 1.0000000180025095e-35 1.0000000180025095e-35 1.0000000180025095e-35 381.90000000000003 1.0000000180025095e-35 1.0000000180025095e-35 1.0000000180025095e-35 385.45000000000005 1118.0500000000002 208.05000000000004
decision_type=2 2 2 2 2 2 2 2 2 2 2 2 2 2 2 2 2 2 2 2 2 2 2 2 2 2 2 2 2 2 2 2 2 2 2 2 2 2 2 2 2 2 2 2 2 2 2 2 2 2 2 2 2 2 2 2 2 2 2 2 2 2
left_child=1 5 8 6 17 11 9 15 -2 10 14 12 16 -13 48 58 23 18 19 21 -21 26 -19 24 42 41 27 29 -29 32 46 -32 33 34 35 -4 37 59 -28 55 -41 -26 -1 -6 -37 -25 -31 -7 49 -3 51 60 56 54 -16 -5 -44 -58 -8 -36 -24 -46
right_child=2 3 4 39 43 47 7 -9 -10 -11 -12 13 -14 -15 53 -17 -18 22 -20 20 -22 -23 50 45 25 -27 38 28 -30 30 31 -33 -34 -35 36 44 -38 -39 -40 40 -42 -43 52 -45 61 -47 -48 -49 -50 -51 -52 -53 -54 -55 -56 -57 57 -59 -60 -61 -62 -63
leaf_value=-0.72915680613993861 0.31349554453139683 0.89115776108547817 4.4354393261450307 2.3397298852602644 4.0485508680343631 0.084671871277567909 -1.0908686903071283 1.3761495349142288 3.3287703323364255 -0.35625157376060956 -0.20796644629216662 -1.4027091154585714 0.10436458012571742 2.1932807675997417 2.06900076808946 0.84854220698957572 0.0021257813123607993 5.7232340530112937 -0.8518847299658735 -1.4244703236748191 3.2064387099496252 4.7765001903188988 2.6006793497049294 0.15461591588599344 -1.4832487484121506 0.45226929222030199 -0.57334809882773297 6.5223109086354576 2.1859534479491414 3.7890291353066767 3.9172466131357049 -1.0572579815274192 5.177767335284841 -0.89862325350443539 2.5648946622632587 -0.99718449672063203 0.970258064688863 6.9488992327451715 2.9463327929973602 -0.7611409917954477 3.3834418614705406 -0.0040942821510230442 -0.2102093787258987 7.6181353449821474 2.7431233264957413 2.9762629985809328 6.9414179850507667 1.1775930849618692 -0.52697920003533372 -0.35729152942754472 4.5771338254977492 0.88144417790805596 -0.90169268366892164 0.53001382027332689 0.61721410593565773 5.0252056035128509 -0.76170521937328473 -0.04868361681919426 0.36853834625522969 5.2593918585777288 4.8333630162935997 0.86905148151980827
leaf_weight=2205 197 496 27 48 28 580 376 90 35 286 255 23 687 60 225 73 665 27 23 34 29 47 92 70 526 87 36 24 20 24 26 21 22 30 53 30 37 20 25 31 21 79 2207 20 33 21 27 129 100 103 39 34 407 102 68 22 1048 407 59 20 26 106
leaf_count=2205 197 496 27 48 28 580 376 90 35 286 255 23 687 60 225 73 665 27 23 34 29 47 92 70 526 87 36 24 20 24 26 21 22 30 53 30 37 20 25 31 21 79 2207 20 33 21 27 129 100 103 39 34 407 102 68 22 1048 407 59 20 26 106
internal_value=0.00656105 -0.23575 2.31691 0.351102 2.6835 -0.385955 0.249228 -0.338839 0.768386 0.464314 0.638281 -0.44185 -0.458024 1.1968 0.835532 -0.642676 -0.508057 2.53659 2.29156 2.39619 0.707218 2.56562 3.33915 -0.556133 -0.573924 -1.07105 2.38677 2.5648 4.55124 2.38118 3.65307 1.6946 2.05143 1.85823 2.11193 1.39022 3.20004 4.08715 0.869144 2.21573 0.912633 -1.2901 -0.519094 5.53588 0.90371 0.805765 5.45794 0.283525 0.504314 0.676483 3.00213 2.59802 -0.40526 1.42166 1.73207 3.18374 -0.350086 -0.562255 -0.892926 3.30311 3.09263 1.31398
internal_weight=12768 11556 1212 2355 980 9201 2233 598 232 1635 1349 8492 8409 83 1094 508 7722 932 714 691 63 628 218 7057 6966 692 581 520 44 476 98 47 378 356 326 196 130 93 61 122 52 605 6274 48 169 91 51 709 699 599 191 152 4069 395 293 70 3662 1455 435 73 118 139
internal_count=12768 11556 1212 2355 980 9201 2233 598 232 1635 1349 8492 8409 83 1094 508 7722 932 714 691 63 628 218 7057 6966 692 581 520 44 476 98 47 378 356 326 196 130 93 61 122 52 605 6274 48 169 91 51 709 699 599 191 152 4069 395 293 70 3662 1455 435 73 118 139
is_linear=0
shrinkage=0.05


Tree=50
num_leaves=63
num_cat=0
split_feature=35 16 35 38 17 35 29 23 24 7 19 20 9 32 29 23 35 40 1 36 17 38 16 21 11 7 24 36 35 35 7 35 23 37 25 31 17 36 29 21 36 19 32 34 35 23 33 33 11 4 24 36 31 36 11 21 31 36 22 11 20 35
split_gain=796307 218051 196794 156033 190602 111738 97943.3 93889.9 93323.2 96962.4 92405.4 88216.7 74063.6 67561.6 66850.4 69704.4 66585 63338.8 62918.7 62352.1 62545.2 60717.9 86421.7 62403.6 81305.1 91142.7 82640 59196.1 60772.2 55866.6 51716.4 50607.5 49099.9 48609.5 46449.4 52077.4 44365.3 59324.5 45118 51018.2 70933.5 43804.8 39663 39385.2 37456.1 37292.4 53344.8 41339.8 37896.6 37282.8 36888.3 39302.7 36000.7 56127 34518.4 32667.9 61942.5 32796.2 32480.7 34676.5 32460.6 48541.1
threshold=856.40000000000009 1.0000000180025095e-35 478.95000000000005 1.0000000180025095e-35 1.0000000180025095e-35 1522.8500000000001 1.0000000180025095e-35 1.0000000180025095e-35 1.0000000180025095e-35 1.0000000180025095e-35 1.0000000180025095e-35 1.0000000180025095e-35 1.0000000180025095e-35 417.95000000000005 1.0000000180025095e-35 1.0000000180025095e-35 1118.0500000000002 3.5000000000000004 1.0000000180025095e-35 91.737500000000011 1.0000000180025095e-35 1.0000000180025095e-35 1.0000000180025095e-35 1.0000000180025095e-35 1.0000000180025095e-35 1.0000000180025095e-35 1.0000000180025095e-35 239.38333333333335 953.35000000000014 1227.5000000000002 1.0000000180025095e-35 367.75000000000006 1.0000000180025095e-35 1.5000000000000002 1.0000000180025095e-35 112.55000000000001 1.0000000180025095e-35 240.34333333333339 1.0000000180025095e-35 1.0000000180025095e-35 254.65000000000006 1.0000000180025095e-35 321.25000000000006 445.90000000000003 1000.2500000000001 1.0000000180025095e-35 220.95000000000002 265.65000000000003 1.0000000180025095e-35 1.0000000180025095e-35 1.0000000180025095e-35 311.75833333333338 464.35000000000008 310.41666666666674 1.0000000180025095e-35 1.0000000180025095e-35 432.95000000000005 291.72500000000008 1.0000000180025095e-35 1.0000000180025095e-35 1.0000000180025095e-35 1089.1000000000001
decision_type=2 2 2 2 2 2 2 2 2 2 2 2 2 2 2 2 2 2 2 2 2 2 2 2 2 2 2 2 2 2 2 2 2 2 2 2 2 2 2 2 2 2 2 2 2 2 2 2 2 2 2 2 2 2 2 2 2 2 2 2 2 2
left_child=2 3 14 5 10 6 8 11 9 16 50 12 18 29 15 19 34 42 30 -1 21 23 41 24 25 26 31 28 -8 -10 36 -21 54 -25 35 -2 38 -38 39 58 -41 -23 -6 -7 -3 46 -18 -48 -49 -14 60 -52 55 -54 -11 -37 57 -57 59 -4 61 -5
right_child=1 44 7 4 17 43 27 -9 13 32 -12 -13 49 -15 -16 -17 45 -19 -20 20 -22 22 -24 33 -26 -27 -28 -29 -30 -31 -32 -33 -34 -35 -36 52 37 -39 -40 40 -42 -43 -44 -45 -46 -47 47 48 -50 -51 51 -53 53 -55 -56 56 -58 -59 -60 -61 -62 -63
leaf_value=-0.79127178376842766 -0.93294563302518552 1.5906200121981757 0.61151151368712764 -0.78634379953542288 2.0002038102064814 3.9565033341708933 0.13809408501880924 -0.63772360780330384 0.13735459163397939 0.80110110342223761 1.1759824325872024 -1.3890363636907641 0.70385659066364603 -1.1368809130191804 -1.0396162536096047 -1.0589750816039185 0.71026217823332927 3.1298789816552945 -1.3883133883061616 -0.050779043874867702 2.0191611772775651 -1.3406034062258823 1.664593901236852 -1.3156080126762391 -0.91648522862811499 -0.9186908934122594 -0.82575445029586847 -0.33213740597893776 3.228257539639106 2.0328284229223548 -0.42226149218381287 0.40238916367795485 -1.417838318018537 -0.40338252741293829 1.8708645900636911 1.2644028533450558 0.081943495053312054 3.8053663545846939 -0.41055575163531915 0.23040973907287143 -0.86527925344160761 0.55672957599163053 -0.73980285835266113 1.4309994335357961 3.5801378772683345 0.91500197088017188 4.678577062061855 2.7144393551511832 0.99534898792825099 2.5417483611901606 -0.68132074983740187 -3.2179915125553422 3.7444984686785734 0.93577692408276647 -1.2649935175543248 1.0842359441400364 -1.5913478979558657 -0.57676947632351439 -0.81031350345940012 -0.091869614312711817 -1.3038299189644984 0.37078132295608524
leaf_weight=614 37 35 1112 188 28 38 41 431 154 167 86 91 344 75 384 335 47 55 69 1972 30 289 30 192 306 287 269 256 26 52 357 896 38 610 150 223 23 20 274 565 200 34 25 26 73 68 21 147 41 30 37 26 29 46 23 151 33 37 49 208 87 175
leaf_count=614 37 35 1112 188 28 38 41 431 154 167 86 91 344 75 384 335 47 55 69 1972 30 289 30 192 306 287 269 256 26 52 357 896 38 610 150 223 23 20 274 565 200 34 25 26 73 68 21 147 41 30 37 26 29 46 23 151 33 37 49 208 87 175
internal_value=-0.0217495 0.733433 -0.228311 0.643114 0.00782562 0.876316 0.80571 0.0568219 0.971841 1.15586 -0.34077 0.146394 0.189373 0.14802 -0.400495 -0.358643 1.36239 1.94124 0.103327 -0.31621 -0.256864 -0.270841 -0.902458 -0.221644 -0.135612 -0.0658259 0.0122016 0.0141467 1.33726 0.615824 0.13998 0.0907965 0.222856 -0.621771 1.09005 0.879395 0.221874 1.81377 0.193447 0.270999 -0.0560449 -1.14088 0.707748 2.93052 2.93539 1.95582 2.23228 2.57456 2.33953 0.851281 -0.59504 -1.7282 1.0086 2.02182 0.550995 0.837447 0.406627 0.757336 0.453752 0.500676 -0.436398 -0.228501
internal_weight=12762 2741 10021 2633 707 1926 1862 3773 1539 1258 599 3342 3251 281 6248 5864 1030 108 2877 5529 4915 4885 353 4532 3730 3424 3137 323 67 206 2808 2868 228 802 706 556 2451 43 2408 2134 765 323 53 64 108 324 256 209 188 374 513 63 519 75 190 444 221 188 1369 1320 450 363
internal_count=12762 2741 10021 2633 707 1926 1862 3773 1539 1258 599 3342 3251 281 6248 5864 1030 108 2877 5529 4915 4885 353 4532 3730 3424 3137 323 67 206 2808 2868 228 802 706 556 2451 43 2408 2134 765 323 53 64 108 324 256 209 188 374 513 63 519 75 190 444 221 188 1369 1320 450 363
is_linear=0
shrinkage=0.05


Tree=51
num_leaves=63
num_cat=0
split_feature=28 36 9 4 5 17 25 36 16 9 36 31 31 31 31 34 1 2 7 33 36 33 19 38 15 40 31 31 33 36 31 33 37 33 4 37 33 36 40 25 36 36 21 31 36 40 40 31 23 25 40 34 33 21 33 36 36 31 31 31 40 31
split_gain=2.26602e+06 306634 276622 225917 159798 162334 119361 110805 102621 99120.6 89800 88855.1 83478 87553.9 75493.1 82825 73917.9 65899.3 69018.2 65536 107313 88802.3 63287.1 60932.4 83994.3 60457.5 113187 120848 110499 61389.7 65870.3 62902.8 57839.5 56530.8 54002.7 50868.9 49382.6 48835.2 46471.2 46416.2 46107.9 41972.4 40649.7 37048.6 34618 34324.8 33340.1 59306.7 33250.9 32611.5 32449.8 46594.6 41377.7 31914.8 31592.3 31272.7 31059 30550.7 39854.7 30316.2 38380.6 29400.8
threshold=1.0000000180025095e-35 273.75000000000006 1.0000000180025095e-35 1.0000000180025095e-35 1.0000000180025095e-35 1.0000000180025095e-35 1.0000000180025095e-35 161.15000000000001 1.0000000180025095e-35 1.0000000180025095e-35 347.55833333333339 236.25000000000003 454.65000000000003 432.95000000000005 477.45000000000005 444.2000000000001 1.0000000180025095e-35 1.0000000180025095e-35 1.0000000180025095e-35 245.50000000000003 296.61250000000007 131.25000000000003 1.0000000180025095e-35 1.0000000180025095e-35 1.0000000180025095e-35 4.5000000000000009 355.45000000000005 205.95000000000002 341.15000000000003 230.82500000000005 280.75000000000006 62.850000000000001 1.5000000000000002 103.30000000000003 1.0000000180025095e-35 4.5000000000000009 290.25000000000006 371.92500000000007 5.5000000000000009 1.0000000180025095e-35 328.7166666666667 180.97500000000005 1.0000000180025095e-35 64.950000000000017 234.04166666666669 1.0000000180025095e-35 1.5000000000000002 264.85000000000008 1.0000000180025095e-35 1.0000000180025095e-35 1.0000000180025095e-35 86.750000000000014 396.05000000000007 1.0000000180025095e-35 326.45000000000005 328.7166666666667 311.75833333333338 375.65000000000003 282.65000000000003 430.25000000000006 1.0000000180025095e-35 150.75000000000003
decision_type=2 2 2 2 2 2 2 2 2 2 2 2 2 2 2 2 2 2 2 2 2 2 2 2 2 2 2 2 2 2 2 2 2 2 2 2 2 2 2 2 2 2 2 2 2 2 2 2 2 2 2 2 2 2 2 2 2 2 2 2 2 2
left_child=2 7 3 4 5 6 8 43 16 14 57 44 13 25 15 17 22 18 19 21 -21 45 23 32 55 26 27 28 -9 30 33 38 53 -27 49 37 -33 -5 -31 61 -10 -37 -35 -2 54 -3 -29 -48 -34 59 -22 52 -52 -1 -4 -25 -36 58 -7 -13 -61 -6
right_child=1 9 11 35 39 10 -8 12 40 -11 -12 34 -14 -15 -16 -17 -18 -19 -20 20 50 -23 -24 24 -26 29 -28 46 -30 31 -32 36 48 42 56 41 -38 -39 -40 -41 -42 -43 -44 -45 -46 -47 47 -49 -50 -51 51 -53 -54 -55 -56 -57 -58 -59 -60 60 -62 -63
leaf_value=-0.63575750987821067 -1.7321323741566053 1.2703500317364205 -0.13670507298563334 0.15423402690788485 -0.39818179065861359 0.39600642839174593 0.075426592578007268 2.0310526359081269 0.27817250373674202 5.4319790608542311 3.9193365494410197 0.43249118190846947 4.6017720583988275 -1.638794417608352 4.5386154932975771 5.4989422814412556 -1.6420439943438396 0.41876826584339144 0.30526868328452111 6.2083239055448969 1.2370051950216294 -0.33910064203985812 0.5334611185293161 -1.04555281261366 0.19444945155342749 -0.054840972068461974 5.4377731733322143 1.4749428345097435 5.783115422725678 -0.11675649130716921 3.8006492689251901 -2.8885101595893503 -0.31456013993533982 0.9890461616516113 1.4873587942123414 -0.23744463160634044 0.16736519061602081 1.1992845107958867 3.1787128966787588 1.5012491569374546 2.4267914456479693 2.4727525681853297 3.9016752429630444 0.46503578573962057 0.59406123716722836 2.8577686590045248 1.2802153360275996 -2.4775278278759547 -0.77536697472435434 2.1449158440275893 2.7611209937371317 1.9046505823731423 5.870748635996943 -1.2553427330085212 -1.8464024013280871 -1.883072551152333 4.0310996961593633 -1.100914833762429 2.5033121045430504 -0.50047817727178334 1.6499977684839342 0.28481072743311142
leaf_weight=2881 22 41 272 798 205 89 835 80 94 35 24 361 23 21 50 22 160 40 32 31 24 29 131 461 121 47 25 36 26 20 32 20 2804 25 30 20 39 130 23 66 34 50 23 150 165 201 21 21 455 41 20 32 23 224 30 147 20 22 30 25 122 681
leaf_count=2881 22 41 272 798 205 89 835 80 94 35 24 361 23 21 50 22 160 40 32 31 24 29 131 461 121 47 25 36 26 20 32 20 2804 25 30 20 39 130 23 66 34 50 23 150 165 201 21 21 455 41 20 32 23 224 30 147 20 22 30 25 122 681
internal_value=-0.020662 2.01573 -0.238645 -0.316827 -0.392278 -0.460988 -0.491688 1.27348 -0.554726 2.85268 1.09205 0.528654 1.66226 1.51497 2.68703 2.50001 -0.579057 2.36052 2.5399 2.71822 3.64111 2.27551 -0.555514 -0.575626 -1.00862 1.66617 2.28107 1.85217 2.95137 1.10498 1.83865 0.191493 -0.526027 1.17776 0.931722 0.398672 -0.868525 0.300631 1.64594 0.222071 0.848899 1.69841 2.38468 0.184003 0.0116579 2.58883 0.358389 -0.598656 -0.378895 0.788449 2.83724 3.34931 4.42441 -0.680455 -0.306543 -1.24805 2.50486 0.610807 0.92726 0.678971 1.28427 0.126782
internal_weight=12762 1234 11528 10462 9464 8512 8347 654 7512 580 165 1066 482 459 545 495 7384 473 433 401 130 271 7224 7093 729 438 209 184 106 229 127 102 6364 95 599 998 59 928 43 952 128 70 48 172 467 242 78 42 3259 549 99 75 43 3105 302 608 50 141 119 508 147 886
internal_count=12762 1234 11528 10462 9464 8512 8347 654 7512 580 165 1066 482 459 545 495 7384 473 433 401 130 271 7224 7093 729 438 209 184 106 229 127 102 6364 95 599 998 59 928 43 952 128 70 48 172 467 242 78 42 3259 549 99 75 43 3105 302 608 50 141 119 508 147 886
is_linear=0
shrinkage=0.05


Tree=52
num_leaves=63
num_cat=0
split_feature=28 36 4 12 16 25 13 36 13 5 0 17 33 36 36 34 36 34 32 32 5 36 33 19 38 15 36 12 36 34 36 21 36 31 31 31 33 31 32 31 10 32 33 36 36 24 32 31 32 21 32 40 32 5 36 34 36 36 36 36 32 25
split_gain=2.04508e+06 276738 248911 197431 164435 143303 136265 123037 109327 99768.9 76445.9 103421 105474 81528 76180.4 82624.8 92674.9 73397.7 66334.7 128731 67704.9 64993.1 60611 55193.9 66203.4 62359.2 52619.1 51977 50729.7 49891.5 47845.1 47206.5 75306.3 120821 73111 84171.5 85800.6 56118.7 49821.6 47159.1 53909.3 71021.5 46986.8 42894.1 42836.1 42622.8 41673.3 40378.2 57178.4 41432 33311.1 32943.2 32106.5 30310.6 30156.4 28684.7 28379.6 38849.3 37903.1 30457.4 29858.2 26801.7
threshold=1.0000000180025095e-35 273.75000000000006 1.0000000180025095e-35 1.0000000180025095e-35 1.0000000180025095e-35 1.0000000180025095e-35 1.0000000180025095e-35 169.91666666666671 1.0000000180025095e-35 1.0000000180025095e-35 1.0000000180025095e-35 1.0000000180025095e-35 161.20000000000002 259.93333333333334 280.54166666666674 236.35000000000005 434.02500000000003 67.40000000000002 448.55000000000007 390.85000000000008 1.0000000180025095e-35 220.71250000000001 431.30000000000001 1.0000000180025095e-35 1.0000000180025095e-35 1.0000000180025095e-35 271.56250000000006 1.0000000180025095e-35 357.87500000000006 314.75000000000006 312.83333333333337 1.0000000180025095e-35 246.32500000000005 107.15000000000002 437.35000000000008 284.05000000000007 369.25000000000006 336.25000000000006 282.95000000000005 205.95000000000002 1.0000000180025095e-35 460.60000000000008 265.65000000000003 273.75000000000006 357.87500000000006 1.0000000180025095e-35 412.25000000000006 103.65000000000002 92.350000000000009 1.0000000180025095e-35 305.05000000000007 4.5000000000000009 86.450000000000017 1.0000000180025095e-35 309.27500000000003 445.90000000000003 288.28333333333336 309.27500000000003 342.55000000000007 296.61250000000007 246.25000000000003 1.0000000180025095e-35
decision_type=2 2 2 2 2 2 2 2 2 2 2 2 2 2 2 2 2 2 2 2 2 2 2 2 2 2 2 2 2 2 2 2 2 2 2 2 2 2 2 2 2 2 2 2 2 2 2 2 2 2 2 2 2 2 2 2 2 2 2 2 2 2
left_child=2 6 3 4 5 8 7 47 9 10 11 23 13 -13 -3 16 17 22 19 20 31 -8 39 24 45 -26 -6 44 -5 -17 -7 32 33 -9 35 36 -33 51 42 -16 41 56 -35 -29 53 52 50 -2 -49 -50 -31 -34 -1 61 -25 -10 -41 59 60 -58 -59 -4
right_child=1 14 27 28 26 30 21 18 55 -11 -12 12 -14 -15 15 29 -18 -19 -20 -21 -22 -23 -24 54 25 -27 -28 43 -30 46 -32 34 37 38 -36 -37 -38 -39 -40 40 -42 -43 -44 -45 -46 -47 -48 48 49 -51 -52 -53 -54 -55 -56 -57 57 58 -60 -61 -62 -63
leaf_value=-0.59616960116623507 -0.61740270563534327 4.7609419746767907 0.09516921760162575 0.20223521627557906 0.31067953623393008 -0.045496030960836931 0.45900878310203552 4.3260724925994873 0.012441848408657238 0.0060073316063998005 -1.6184235786172476 0.86098861925063597 -0.56262903681823184 4.7899298657541696 0.15238936793419622 6.060720053173247 4.3460523443141339 -0.27593472599983215 -0.80396748456087996 5.285766065120697 4.3989422673764436 -3.5236285141536166 4.1692867676417036 -0.17005511651288219 -1.30397394476954 -0.00859809299664838 2.0860271228159344 0.88364513011818591 1.144844188428549 3.6339687714576723 0.74255406052728712 0.33157452460258241 3.1780151833010759 0.95103095984249786 -0.18656405568122866 5.403509013141905 4.4708683825674518 4.8274728226661683 -2.0672964436667307 0.60288407985980697 -0.07211303828905026 5.193416016442435 -1.6226969718933106 3.477208759307862 1.1641572239672302 -0.94316401266645633 4.9709726174672451 -0.086160430199269097 0.32331412553787237 3.2073723944750698 0.93272704851059685 0.69719410606521715 -0.32995068157577062 1.2949479554638719 1.492526318230059 1.8405177224766125 2.1548229217529298 1.7624800091698056 2.5321918950242512 4.6738104173115325 -0.58476342439651485 1.1862552917394482
leaf_weight=3283 70 42 728 839 85 622 20 20 872 784 176 31 56 23 31 21 48 32 22 28 23 21 36 67 545 112 82 44 172 25 279 31 23 114 20 28 21 20 21 26 24 21 21 25 157 622 24 66 20 33 21 32 1729 66 46 22 21 42 118 28 20 61
leaf_count=3283 70 42 728 839 85 622 20 20 872 784 176 31 56 23 31 21 48 32 22 28 23 21 36 67 545 112 82 44 172 25 279 31 23 114 20 28 21 20 21 26 24 21 21 25 157 622 24 66 20 33 21 32 1729 66 46 22 21 42 118 28 20 61
internal_value=-0.0196289 1.91494 -0.226713 -0.301449 -0.372597 -0.400614 1.20981 1.39646 -0.465125 -0.52763 -0.590167 -0.562384 0.957744 2.53443 2.71004 2.54994 2.27036 2.02065 1.8694 2.01571 1.77089 -1.58088 2.2209 -0.588495 -0.608168 -1.08315 1.18241 0.495555 0.3626 3.92324 0.198528 1.59868 1.23268 0.667325 2.51734 3.19332 2.00321 2.55939 0.198254 2.00899 2.20084 2.39849 0.550673 1.82334 0.405024 -0.552779 3.282 0.335475 0.895991 2.11905 2.40079 1.73463 -0.504332 0.265627 0.506748 0.0574281 2.16832 2.34605 2.00626 3.59424 1.0053 0.179524
internal_weight=12762 1234 11528 10447 9436 9269 654 613 8368 7474 6690 6514 110 54 580 538 447 399 424 402 374 41 367 6404 6291 657 167 1081 1011 91 901 351 251 176 100 80 52 75 156 331 300 276 135 69 1012 5634 70 189 119 53 46 55 5012 855 113 894 255 229 180 49 62 789
internal_count=12762 1234 11528 10447 9436 9269 654 613 8368 7474 6690 6514 110 54 580 538 447 399 424 402 374 41 367 6404 6291 657 167 1081 1011 91 901 351 251 176 100 80 52 75 156 331 300 276 135 69 1012 5634 70 189 119 53 46 55 5012 855 113 894 255 229 180 49 62 789
is_linear=0
shrinkage=0.05


Tree=53
num_leaves=63
num_cat=0
split_feature=28 35 36 13 31 24 32 32 4 14 23 36 2 33 32 36 36 36 35 31 1 17 35 36 36 39 36 31 32 25 17 23 7 36 33 31 32 36 31 31 31 32 14 30 33 32 36 31 4 33 31 36 16 7 33 35 1 31 25 36 10 17
split_gain=1.84568e+06 298549 249756 122979 114221 100778 96128.9 94171.5 92033.1 73706.3 69630.3 68752.8 74016.7 72591.7 68670.7 79778.2 105469 103789 67838.7 67311.3 66216.2 75822.5 65906.1 63920.2 62246.4 67090.8 58656.2 54514.5 54062.7 48725.7 48082 43408.2 43181.6 42412.3 42390.1 53253.6 52074.1 79738.5 44319.5 44543.9 43671 45682.7 42035.9 40914.6 39626.9 38886.8 62582.3 37894.3 36387.3 36259 33453.2 33402.1 33263 33033.9 35254.6 32804.4 31356.5 30369.2 31530.3 29934 29478.8 27229
threshold=1.0000000180025095e-35 873.05000000000007 273.75000000000006 1.0000000180025095e-35 59.050000000000004 1.0000000180025095e-35 94.15000000000002 106.65000000000002 1.0000000180025095e-35 1.0000000180025095e-35 1.0000000180025095e-35 280.54166666666674 1.0000000180025095e-35 374.75000000000006 467.75000000000006 296.61250000000007 309.27500000000003 316.95000000000005 478.95000000000005 213.45000000000002 1.0000000180025095e-35 1.0000000180025095e-35 1474.1500000000003 336.08750000000003 316.95000000000005 1.0000000180025095e-35 220.71250000000001 357.15000000000003 364.15000000000003 1.0000000180025095e-35 1.0000000180025095e-35 1.0000000180025095e-35 1.0000000180025095e-35 304.74166666666673 290.25000000000006 95.100000000000009 305.05000000000007 234.04166666666669 130.75000000000003 401.25000000000006 345.15000000000003 166.35000000000005 1.0000000180025095e-35 1.0000000180025095e-35 271.65000000000003 71.300000000000026 180.97500000000005 348.55000000000007 1.0000000180025095e-35 171.75000000000003 430.25000000000006 210.33750000000003 1.0000000180025095e-35 1.0000000180025095e-35 354.2000000000001 271.25000000000006 1.0000000180025095e-35 137.35000000000005 1.0000000180025095e-35 227.41666666666669 1.0000000180025095e-35 1.0000000180025095e-35
decision_type=2 2 2 2 2 2 2 2 2 2 2 2 2 2 2 2 2 2 2 2 2 2 2 2 2 2 2 2 2 2 2 2 2 2 2 2 2 2 2 2 2 2 2 2 2 2 2 2 2 2 2 2 2 2 2 2 2 2 2 2 2 2
left_child=1 8 3 4 -2 9 45 -8 10 20 18 -4 13 14 15 27 33 -18 30 -15 21 22 32 -16 -21 -26 -5 -13 -14 34 52 -24 43 -17 35 -9 37 -36 -37 40 41 -40 53 48 -23 46 -6 -19 -3 51 -10 -43 57 56 -55 -48 61 -1 -59 -7 -61 -20
right_child=2 5 11 26 6 59 7 29 50 -11 -12 12 28 19 23 16 17 47 42 24 -22 44 31 -25 25 -27 -28 -29 -30 -31 -32 -33 -34 -35 36 38 -38 -39 39 -41 -42 49 -44 -45 -46 -47 55 -49 -50 -51 -52 -53 -54 54 -56 -57 -58 58 -60 60 -62 -63
leaf_value=-0.68149458806317864 -2.0545151273409528 0.49682449146951602 4.5228948059536167 0.43605831980705267 -0.040495097872031774 0.71407621230768126 5.1641630263555625 2.9946781393554476 0.077273600047902291 -0.8634663652666289 -0.86078380378881247 1.680152735565648 -1.3033550467003476 1.2385797023773195 5.9580760997274647 3.148275358780571 -1.0802006030082703 0.95145287677282253 -0.029343182768723382 6.4346836048823137 -0.83810025313532499 0.6658987535484906 2.4646444175611526 2.2694173172116279 1.911530251416468 5.3555964048092184 -3.3474470604033701 -1.4152208709716798 2.2884865498542788 3.3743277323246006 1.4853359173983336 -0.18524502813816071 -0.15823666730980657 6.2561876751127699 3.4801806260799539 -0.86572863499323527 4.36741398710471 -0.29568965346724901 -0.70692008183552668 -0.81119924137989674 3.6844853496551515 2.0662994109259709 -1.3569176008735879 -0.97904568220057142 2.9978280648893243 -1.2577513181246245 1.1964523305698316 2.6384195345269763 1.2144112101307623 3.1102371422449746 1.1422383421156781 0.13981415682368808 1.0999743424794255 -0.43476294435030172 -2.5489631278174265 3.4854252815246585 -1.0582267116602153 -0.43640251308582489 0.15302416813167291 -0.86820800339736326 0.52151238467958239 1.2559200281188603
leaf_weight=1268 24 970 42 20 92 46 21 36 661 99 702 33 22 21 23 23 25 41 2187 26 83 29 68 24 31 26 21 25 20 40 32 20 241 21 29 30 26 27 26 24 20 45 69 41 49 26 49 177 216 30 83 45 34 323 21 23 73 3633 242 251 45 42
leaf_count=1268 24 970 42 20 92 46 21 36 661 99 702 33 22 21 23 23 25 41 2187 26 83 29 68 24 31 26 21 25 20 40 32 20 241 21 29 30 26 27 26 24 20 45 69 41 49 26 49 177 216 30 83 45 34 323 21 23 73 3633 242 251 45 42
internal_value=-0.0186475 -0.215377 1.8192 1.14932 1.32664 0.31483 1.46441 1.9052 -0.337489 0.463109 -0.38351 2.57454 2.42244 2.5931 2.28153 2.03727 2.37908 1.97121 -0.341227 3.76745 0.539598 0.609579 0.533321 4.07451 4.40729 3.48251 -1.50183 0.34594 0.407046 1.72415 -0.446847 1.8624 0.453649 4.6316 1.52886 1.21195 2.51822 1.65967 0.920233 1.20223 1.49333 1.19317 -0.138585 0.573832 2.13083 0.538757 0.823569 2.32115 0.627515 1.60485 0.19608 1.10306 -0.45879 -0.106815 -0.563827 1.92765 -0.038521 -0.469095 -0.399592 -0.472528 -0.656933 -0.00512557
internal_weight=12762 11528 1234 654 613 2158 589 399 9370 1816 8626 580 538 496 392 345 287 243 7924 104 1717 1634 1556 47 83 57 41 58 42 378 5209 88 1468 44 338 256 82 56 220 190 166 146 2715 1227 78 190 164 218 1186 120 744 90 5177 2646 344 72 2302 5143 3875 342 296 2229
internal_count=12762 11528 1234 654 613 2158 589 399 9370 1816 8626 580 538 496 392 345 287 243 7924 104 1717 1634 1556 47 83 57 41 58 42 378 5209 88 1468 44 338 256 82 56 220 190 166 146 2715 1227 78 190 164 218 1186 120 744 90 5177 2646 344 72 2302 5143 3875 342 296 2229
is_linear=0
shrinkage=0.05


Tree=54
num_leaves=63
num_cat=0
split_feature=28 35 36 31 4 34 12 31 10 34 4 35 2 11 31 31 36 12 31 13 32 35 34 36 17 31 34 0 11 31 36 25 36 31 35 35 14 1 17 23 22 35 31 36 35 13 31 29 11 35 32 31 35 12 31 35 29 36 34 35 31 32
split_gain=1.66573e+06 269944 225977 185253 90410.5 86357.7 85506 81484.8 79739.3 78622.9 78286.5 66198.4 75232.3 67081.6 71507 91831.2 66382.4 64157.9 62613.4 94863.6 81230.1 66397.5 85754.5 64872.2 59102.7 91511.8 55984.6 54477.8 56315.8 53420.1 52223.6 50947.6 45099.6 78073.3 44471.3 94710.1 43204.4 42967.9 49105.5 43841.5 46837.9 42336.6 41703.8 39251.3 37466.7 37427.4 36471.6 35678.7 38486.3 35534.4 77876 56475.2 62993 35442.7 35209.4 78209 35034 33045.7 32966.4 49643.8 30780.2 30721.4
threshold=1.0000000180025095e-35 856.40000000000009 245.32500000000002 128.85000000000005 1.0000000180025095e-35 432.90000000000003 1.0000000180025095e-35 487.35000000000008 1.0000000180025095e-35 214.10000000000005 1.0000000180025095e-35 736.45000000000016 1.0000000180025095e-35 1.0000000180025095e-35 186.55000000000004 357.15000000000003 332.91666666666669 1.0000000180025095e-35 431.55000000000007 1.0000000180025095e-35 137.45000000000002 644.05000000000018 138.05000000000004 226.31000000000003 1.0000000180025095e-35 196.45000000000002 274.90000000000003 1.0000000180025095e-35 1.0000000180025095e-35 395.65000000000003 282.87083333333339 1.0000000180025095e-35 183.82000000000002 118.05000000000001 579.05000000000007 449.15000000000003 1.0000000180025095e-35 1.0000000180025095e-35 1.0000000180025095e-35 1.0000000180025095e-35 1.0000000180025095e-35 763.75000000000011 205.95000000000002 259.93333333333334 1522.8500000000001 1.0000000180025095e-35 348.55000000000007 1.0000000180025095e-35 1.0000000180025095e-35 562.75000000000011 240.75000000000003 375.65000000000003 476.45000000000005 1.0000000180025095e-35 156.25000000000003 365.00000000000006 1.0000000180025095e-35 247.31666666666669 67.40000000000002 1036.0000000000002 430.25000000000006 354.00000000000006
decision_type=2 2 2 2 2 2 2 2 2 2 2 2 2 2 2 2 2 2 2 2 2 2 2 2 2 2 2 2 2 2 2 2 2 2 2 2 2 2 2 2 2 2 2 2 2 2 2 2 2 2 2 2 2 2 2 2 2 2 2 2 2 2
left_child=1 6 9 -4 17 7 10 8 11 18 24 42 13 14 -13 16 30 27 19 20 34 32 23 41 31 -26 -11 28 37 -17 -16 36 54 -34 35 -2 45 38 39 40 44 -23 -5 -27 56 47 -10 48 -1 51 -51 -44 -53 -6 55 -22 -3 -58 59 61 -12 -31
right_child=2 4 3 5 53 -7 -8 -9 46 26 60 12 -14 -15 15 29 -18 -19 -20 -21 21 22 -24 -25 25 43 -28 -29 -30 58 -32 -33 33 -35 -36 -37 -38 -39 -40 -41 -42 -43 49 -45 -46 -47 -48 -49 -50 50 -52 52 -54 -55 -56 -57 57 -59 -60 -61 -62 -63
leaf_value=-0.40919354508753714 0.17591998754489807 0.57643448426954735 -1.192757002512614 -0.23926283794900646 0.86400661572767135 5.1573338492163296 0.19086069197123898 4.6477077651668237 -1.4063494545221329 4.8359945774078374 0.019302298085748907 0.9114966030120849 0.72254675543970537 1.1041879105567933 4.4741191741191981 1.0131254691502143 2.708272532794787 0.80591004606803518 -1.9467168620654516 -2.2093856786688169 1.2621644519624258 6.4202487921714777 -0.049945106560533699 1.6752139930067391 -1.3474159670096857 1.082799786755017 1.5021404085790411 -1.090601054383713 -0.59438909109877913 1.8963013439178469 7.3565307656923942 0.0025531314217016859 4.3660925002325151 0.52992242073847196 -1.5863936600861726 3.8319221019744876 -1.5746852742529465 -0.91554597113039593 1.6970740515987079 -0.43110474663090365 -0.7606327028877764 3.3054215878248216 1.6264740740862962 3.9829715824127199 2.189679895581738 -0.089704078526999173 1.5131121355554331 -0.85686741107439435 -0.84166521199060618 -1.606735725402832 2.2478607519676812 2.4958832370991608 5.8257559967041024 2.6351420956273235 1.575205806027288 -3.1066702198982239 0.93175404480723456 -0.69294423668604832 2.0738572643649191 5.9425055752629818 1.0677204857144174 4.3750663507580754
leaf_weight=5193 155 674 36 23 318 29 738 37 20 20 615 25 36 35 33 29 23 311 21 24 21 20 22 29 27 28 34 103 247 25 30 628 21 36 27 20 87 77 60 206 83 24 107 20 31 642 23 601 571 20 38 49 20 31 23 20 43 115 31 23 79 25
leaf_count=5193 155 674 36 23 318 29 738 37 20 20 615 25 36 35 33 29 23 311 21 24 21 20 22 29 27 28 34 103 247 25 30 628 21 36 27 20 87 77 60 206 83 24 107 20 31 642 23 601 571 20 38 49 20 31 23 20 43 115 31 23 79 25
internal_value=-0.0177151 -0.204608 1.72824 2.30279 0.280164 2.48758 -0.325368 2.36883 2.23173 0.93142 -0.370236 2.38783 2.87368 3.15125 3.44488 3.73408 5.00735 0.147514 0.720846 0.847585 1.0231 1.69715 2.6865 3.51118 -0.415531 0.981301 2.7369 0.0225839 0.0972311 2.91077 5.8467 -0.429098 0.920388 1.94325 0.302344 0.593749 -0.46731 0.22976 0.302523 0.22989 0.373828 4.72125 1.79232 2.2912 0.482936 -0.453561 0.155223 -0.490261 -0.452036 1.99201 0.91869 2.34572 3.46106 1.02133 0.00940285 -0.868974 0.419343 -0.25078 3.43992 4.02002 0.138647 3.13568
internal_weight=12762 11528 1234 717 2299 681 9229 652 615 517 8491 572 315 279 244 219 86 1950 463 442 418 216 95 73 7797 75 54 1639 1536 133 63 7722 121 57 202 175 7094 1289 1212 1152 946 44 257 48 863 7007 43 6365 5764 234 58 176 69 349 64 41 832 158 104 73 694 50
internal_count=12762 11528 1234 717 2299 681 9229 652 615 517 8491 572 315 279 244 219 86 1950 463 442 418 216 95 73 7797 75 54 1639 1536 133 63 7722 121 57 202 175 7094 1289 1212 1152 946 44 257 48 863 7007 43 6365 5764 234 58 176 69 349 64 41 832 158 104 73 694 50
is_linear=0
shrinkage=0.05


Tree=55
num_leaves=63
num_cat=0
split_feature=35 16 24 29 35 0 17 38 39 30 21 9 36 36 31 20 29 21 36 35 32 35 34 31 34 8 10 33 1 34 21 7 23 34 35 18 13 11 31 21 36 23 0 32 36 36 11 33 32 35 10 31 35 36 31 31 6 24 16 36 32 32
split_gain=520937 228143 176579 163323 162315 117798 140251 108007 97003.5 83027.1 75671.2 70866.5 69235.6 61214.5 60579.3 58187.2 54341.5 53079.2 55040.4 51810.7 51553.1 49231.8 46650.2 46163.5 48574.5 46162.3 47125.8 45696.2 43543.4 42895.4 42222.9 40464.7 38900.4 38762.6 38479.6 48286.8 74895.8 37867.2 80471.1 37612.1 49972.1 44920.4 38041.9 35335.1 34761.7 35327 34571.9 34395 33972 33436 33299.3 35416.7 51825.7 33188.4 32848.9 32677.3 31750.7 37223.2 32105.7 31488.1 31218.1 30853
threshold=609.55000000000007 1.0000000180025095e-35 1.0000000180025095e-35 1.0000000180025095e-35 1198.6500000000003 1.0000000180025095e-35 1.0000000180025095e-35 1.0000000180025095e-35 1.0000000180025095e-35 1.0000000180025095e-35 1.0000000180025095e-35 1.0000000180025095e-35 249.31250000000003 314.11666666666673 193.35000000000005 1.0000000180025095e-35 1.0000000180025095e-35 1.0000000180025095e-35 291.72500000000008 287.35000000000008 383.75000000000006 1522.8500000000001 214.10000000000005 464.35000000000008 417.25000000000006 1.0000000180025095e-35 1.0000000180025095e-35 357.90000000000003 1.0000000180025095e-35 373.75000000000006 1.0000000180025095e-35 1.0000000180025095e-35 1.0000000180025095e-35 57.850000000000009 886.1500000000002 1.0000000180025095e-35 1.0000000180025095e-35 1.0000000180025095e-35 182.85000000000005 1.0000000180025095e-35 283.94500000000005 1.0000000180025095e-35 1.0000000180025095e-35 336.25000000000006 302.01666666666671 241.60000000000005 1.0000000180025095e-35 341.15000000000003 371.05000000000007 1077.8500000000001 1.0000000180025095e-35 417.75000000000006 926.15000000000009 213.81666666666669 487.35000000000008 256.05000000000007 1.0000000180025095e-35 1.0000000180025095e-35 1.0000000180025095e-35 272.71250000000003 61.150000000000013 403.85000000000008
decision_type=2 2 2 2 2 2 2 2 2 2 2 2 2 2 2 2 2 2 2 2 2 2 2 2 2 2 2 2 2 2 2 2 2 2 2 2 2 2 2 2 2 2 2 2 2 2 2 2 2 2 2 2 2 2 2 2 2 2 2 2 2 2
left_child=11 2 3 4 5 6 7 8 10 15 25 16 -3 14 27 21 19 32 23 -1 55 43 44 24 -19 26 34 53 31 48 -24 39 37 61 35 36 -2 -10 -39 41 54 42 46 -6 45 -4 56 -27 -5 -9 51 -16 -53 -12 -41 -8 57 58 -21 -47 -59 -14
right_child=1 12 22 29 9 -7 20 49 17 -11 13 -13 33 -15 50 -17 -18 18 -20 28 -22 -23 30 -25 -26 47 -28 -29 -30 -31 -32 -33 -34 -35 -36 -37 -38 38 -40 40 -42 -43 -44 -45 -46 59 -48 -49 -50 -51 -52 52 -54 -55 -56 -57 -58 60 -60 -61 -62 -63
leaf_value=-0.41827257209946905 3.1524074100123514 0.53924506436223563 -0.8517378411769867 -0.15569866364109775 0.87976378570310776 -1.0488739539241989 0.59312506540408061 -0.38000926839509197 1.0025475967716688 -1.3074203986387989 -0.27675721716621648 0.34906602548848814 1.260934399003568 -0.73702347081202968 0.99151712004876069 -0.42669545520435687 -0.78394671483465261 -0.098219142702581308 -1.2493671131722721 0.29135751050865905 4.6294414611089802 3.2103402778214098 0.8034274764001369 2.1708387692769366 2.1324188649654388 0.21439935042325298 0.76316786836418848 1.4256615987530461 -1.4817233528121045 0.80753793571340415 -0.61235098246034692 -0.63692642196946769 0.02980154816549821 3.7705262796920644 3.3075432591713394 0.46903545294816679 0.88305924090205645 2.3989823332854683 -0.22243595528494381 -0.25205953256820196 -1.2667909686020979 -0.60188755608203337 -1.3848986808297248 1.9012775593370201 -1.1326202614182781 1.1297077282482098 -0.44366971516839593 2.4000536908141594 -0.99636729994886797 0.75277293966962144 0.0069627702809297119 1.4672953578558836 4.3387049818580801 -2.7164853715896609 1.7085798718712546 2.7679739634195966 -0.3696268110080202 -0.98525025866856086 2.0958521966934205 -0.51375165020877667 0.23422286960395794 3.5037839066723118
leaf_weight=2624 90 46 125 327 128 124 31 423 494 26 46 473 46 77 167 33 503 398 81 1759 21 51 125 27 26 99 90 27 59 76 91 338 244 57 52 52 61 35 179 738 127 259 43 250 223 62 249 22 190 77 52 55 22 20 22 39 237 107 25 55 103 23
leaf_count=2624 90 46 125 327 128 124 31 423 494 26 46 473 46 77 167 33 503 398 81 1759 21 51 125 27 26 99 90 27 59 76 91 338 244 57 52 52 61 35 179 738 127 259 43 250 223 62 249 22 190 77 52 55 22 20 22 39 237 107 25 55 103 23
internal_value=0.0162135 0.409696 0.346781 0.467557 0.593589 0.461391 0.52367 0.463347 0.60178 1.44177 1.00156 -0.243764 2.19951 0.551029 0.805991 1.59648 -0.282748 0.350704 -0.0493128 -0.245064 2.45666 1.75211 -0.400222 0.166218 0.0385653 1.4521 1.74681 -0.307179 -0.133284 -0.301603 0.206965 -0.11343 0.574242 2.80564 2.09398 1.78312 2.23565 0.761874 0.206301 -0.0652034 -0.348719 0.0251914 0.0895646 1.55537 -0.682271 -0.26728 0.11513 0.611791 -0.464648 -0.205561 1.15574 1.40056 2.2877 -1.01607 -0.195304 1.80483 0.177497 0.242526 0.316645 0.357141 -0.387128 2.00855
internal_weight=12731 5065 4893 4212 3619 3131 3007 2916 2416 488 932 7666 172 466 389 462 7193 1484 532 6690 91 429 681 451 424 466 345 93 4066 593 216 4007 952 126 255 203 151 708 214 3669 887 2782 2523 378 465 242 2480 121 517 500 296 244 77 66 760 70 2231 1994 1784 117 210 69
internal_count=12731 5065 4893 4212 3619 3131 3007 2916 2416 488 932 7666 172 466 389 462 7193 1484 532 6690 91 429 681 451 424 466 345 93 4066 593 216 4007 952 126 255 203 151 708 214 3669 887 2782 2523 378 465 242 2480 121 517 500 296 244 77 66 760 70 2231 1994 1784 117 210 69
is_linear=0
shrinkage=0.05


Tree=56
num_leaves=63
num_cat=0
split_feature=28 17 36 35 33 35 25 39 34 34 31 35 34 2 36 31 1 16 40 36 13 32 10 35 31 36 32 32 34 32 35 36 0 35 36 24 31 16 36 24 32 32 35 24 29 0 31 31 22 29 34 0 36 36 36 33 7 36 33 23 21 37
split_gain=1.72519e+06 228315 210981 175022 141083 153584 130388 100124 100021 141738 97716.3 99986.4 103763 95635.1 86775 78389.2 77501.3 77822.1 75971.4 91385.8 74666.6 122902 64361.7 76755 89056.5 70691.5 101838 56992.4 50402.2 46268.3 66153.3 81524.1 45178.4 52565.6 44004.9 41842.5 40732.1 38666.9 37850 36362.5 35345.1 42276.1 32716.3 30247.6 29818.7 30912.8 29561.2 29557 28002.1 27904.2 27783.3 30530.6 27768.4 25566.5 25524.9 29326.1 25401.8 25143.5 25136 24555 24821 48530.1
threshold=1.0000000180025095e-35 1.0000000180025095e-35 261.0750000000001 579.05000000000007 357.90000000000003 892.35000000000002 1.0000000180025095e-35 1.0000000180025095e-35 285.00000000000006 60.000000000000007 59.050000000000004 960.80000000000007 232.10000000000005 1.0000000180025095e-35 347.55833333333339 323.85000000000008 1.0000000180025095e-35 1.0000000180025095e-35 2.5000000000000004 225.04166666666671 1.0000000180025095e-35 364.15000000000003 1.0000000180025095e-35 801.70000000000016 230.75000000000003 309.27500000000003 237.45000000000002 409.15000000000003 166.45000000000002 445.35000000000008 1377.7500000000002 306.96250000000003 1.0000000180025095e-35 1291.7500000000002 294.05000000000007 1.0000000180025095e-35 73.050000000000011 1.0000000180025095e-35 349.01666666666671 1.0000000180025095e-35 343.35000000000008 247.80000000000004 1291.7500000000002 1.0000000180025095e-35 1.0000000180025095e-35 1.0000000180025095e-35 368.55000000000007 137.35000000000005 1.0000000180025095e-35 1.0000000180025095e-35 425.15000000000003 1.0000000180025095e-35 251.51250000000002 287.31000000000006 173.80833333333337 362.55000000000007 1.0000000180025095e-35 281.71250000000003 414.75000000000006 1.0000000180025095e-35 1.0000000180025095e-35 1.5000000000000002
decision_type=2 2 2 2 2 2 2 2 2 2 2 2 2 2 2 2 2 2 2 2 2 2 2 2 2 2 2 2 2 2 2 2 2 2 2 2 2 2 2 2 2 2 2 2 2 2 2 2 2 2 2 2 2 2 2 2 2 2 2 2 2 2
left_child=1 3 4 37 10 -6 7 16 9 22 -2 15 -13 43 27 20 17 32 -17 -20 21 36 23 -4 -25 57 -27 40 -11 30 31 -10 33 35 -30 48 -12 39 -28 44 41 46 -8 50 45 47 54 -1 49 -5 51 -9 -39 -19 -3 -56 59 -26 -37 60 -49 -62
right_child=2 14 8 6 5 -7 42 13 29 28 11 12 -14 -15 -16 18 -18 53 19 -21 -22 -23 -24 24 25 26 38 -29 34 -31 -32 -33 -34 -35 -36 58 -38 52 -40 -41 -42 -43 -44 -45 -46 -47 -48 56 -50 -51 -52 -53 -54 -55 55 -57 -58 -59 -60 -61 61 -63
leaf_value=-0.51155972134004657 -2.3819051840088585 -0.62928414060955962 2.0781401287415502 0.45976777537533575 1.1459807600293841 6.6602159541586179 0.5892620138658724 -0.49274346621445508 3.9688145841870992 -2.0395835013616654 2.7304711250158458 -3.6752133504910902 0.91344770618847437 0.21618644070037704 3.9832247520315236 5.3356135499477393 -1.1872272542630784 0.76922610827854709 3.6883693952233565 -0.18271609306335451 -1.6367408743271463 3.9098179088698495 0.18325469663430904 1.1579336254937309 4.3705924987792972 0.051656973361968998 5.7019550402959194 3.3165710330009461 -0.7944804620742798 6.0568379020690921 5.2854040375777656 -0.21083334922790528 -0.81570251145296635 1.351051704287529 2.3811224490404128 -0.21474610754779277 0.66774224859485987 0.081167444331305377 3.3286787520561902 -0.81411594567626588 -1.2079326334453766 2.3665490549802781 1.7605610760512638 -1.23225058625076 -0.73312419573401055 -1.4837716483644077 -1.2755117112398149 -0.10753672694587701 -0.66813763164811668 -0.15182442922779568 0.54120653969427901 -2.0602709375321866 2.3809990178971066 2.4503663117788275 2.1777469927072524 -0.16717331379652023 -0.68751092126038571 6.7946234226226814 -1.7426591960340738 -0.6519334348675131 -1.1285882302877066 -0.22168797466515022
leaf_weight=1318 22 21 267 1005 28 23 541 1061 28 21 26 22 28 556 29 20 99 42 31 30 26 36 29 35 20 20 24 24 20 20 28 20 108 100 24 262 301 35 56 442 21 40 67 151 459 56 20 2985 72 229 63 32 21 49 40 20 299 23 30 293 185 728
leaf_count=1318 22 21 267 1005 28 23 541 1061 28 21 26 22 28 556 29 20 99 42 31 30 26 36 29 35 20 20 24 24 20 20 28 20 108 100 24 262 301 35 56 442 21 40 67 151 459 56 20 2985 72 229 63 32 21 49 40 20 299 23 30 293 185 728
internal_value=0.0154028 -0.174771 1.79681 -0.205514 1.11862 3.63279 0.0377756 -0.0694493 2.43015 2.16532 0.88205 1.02014 -1.10556 -0.333067 1.43929 1.24628 0.176603 0.247778 2.66136 1.78456 0.951622 1.13701 2.46557 2.6143 3.41855 3.97185 3.24286 1.04266 -0.0242142 3.91706 3.35397 2.22729 0.175891 0.23896 0.937667 0.169368 0.831751 -0.364842 4.04066 -0.375673 0.705781 0.990803 0.718336 -0.56672 -0.345024 -0.314646 0.445953 -0.303373 0.290347 0.346271 -0.479787 -0.538636 0.943604 1.67446 0.871006 1.39611 -0.242262 5.66717 -0.371723 -0.210497 -0.177315 -0.405452
internal_weight=12731 11503 1228 11288 593 51 4467 3859 635 539 542 520 50 1863 215 470 1996 1897 81 61 389 363 474 445 178 143 100 186 65 96 76 48 1806 1698 44 1598 327 6821 80 6765 162 141 608 1307 6323 5864 101 5808 1306 1234 1156 1093 56 91 81 60 4490 43 292 4191 3898 913
internal_count=12731 11503 1228 11288 593 51 4467 3859 635 539 542 520 50 1863 215 470 1996 1897 81 61 389 363 474 445 178 143 100 186 65 96 76 48 1806 1698 44 1598 327 6821 80 6765 162 141 608 1307 6323 5864 101 5808 1306 1234 1156 1093 56 91 81 60 4490 43 292 4191 3898 913
is_linear=0
shrinkage=0.05


Tree=57
num_leaves=63
num_cat=0
split_feature=28 17 36 4 12 16 9 5 9 7 36 34 10 7 36 31 31 35 32 9 32 31 13 32 32 9 31 13 1 40 31 31 31 11 36 40 31 36 36 32 32 36 12 36 36 5 36 40 31 24 20 34 36 36 31 19 32 32 35 37 31 36
split_gain=1.55699e+06 206054 191791 190512 157419 113022 103919 103445 90444.5 80826.6 81752.4 79323.5 113578 83254.2 96551 75059 74772.3 68768.3 105927 68403.7 65157.2 80689.9 63589.1 61615.5 65209 60771.4 54778.7 68829 54205.8 54139.8 63152 56601.4 53897.5 96778.5 112712 79339.6 62435.5 57918.4 53764.7 53698.9 46605.8 45425.7 41550.9 41526.6 40428.5 40139.4 38281 36562.3 121614 36356.9 34418.8 34272.8 49866.7 33150.9 105213 32458.2 32142.1 58196.2 30803.5 30425.3 29156.3 28837.8
threshold=1.0000000180025095e-35 1.0000000180025095e-35 214.7416666666667 1.0000000180025095e-35 1.0000000180025095e-35 1.0000000180025095e-35 1.0000000180025095e-35 1.0000000180025095e-35 1.0000000180025095e-35 1.0000000180025095e-35 347.55833333333339 444.2000000000001 1.0000000180025095e-35 1.0000000180025095e-35 312.83333333333337 101.90000000000002 59.050000000000004 758.55000000000007 459.15000000000003 1.0000000180025095e-35 387.35000000000008 200.55000000000004 1.0000000180025095e-35 315.15000000000003 90.850000000000009 1.0000000180025095e-35 464.35000000000008 1.0000000180025095e-35 1.0000000180025095e-35 1.0000000180025095e-35 338.05000000000007 118.05000000000001 167.75000000000003 1.0000000180025095e-35 295.35833333333341 1.0000000180025095e-35 323.85000000000008 345.92500000000007 339.34166666666675 66.050000000000011 409.15000000000003 377.65000000000009 1.0000000180025095e-35 306.96250000000003 287.31000000000006 1.0000000180025095e-35 175.41250000000005 5.5000000000000009 428.65000000000003 1.0000000180025095e-35 1.0000000180025095e-35 218.95000000000002 273.75000000000006 375.67500000000001 431.55000000000007 1.0000000180025095e-35 313.35000000000008 246.25000000000003 1018.5500000000001 1.5000000000000002 70.850000000000009 325.81666666666672
decision_type=2 2 2 2 2 2 2 2 2 2 2 2 2 2 2 2 2 2 2 2 2 2 2 2 2 2 2 2 2 2 2 2 2 2 2 2 2 2 2 2 2 2 2 2 2 2 2 2 2 2 2 2 2 2 2 2 2 2 2 2 2 2
left_child=1 3 16 4 5 7 11 8 22 10 40 12 13 15 -15 -4 -2 20 26 42 21 -17 28 24 39 45 27 32 49 -26 31 -31 -19 34 36 -36 -34 -37 -20 -18 56 60 -5 -14 -7 -6 -33 53 -49 50 55 52 -8 54 -23 59 57 -3 -47 -1 -10 -21
right_child=2 9 6 19 25 44 51 -9 41 -11 -12 -13 43 14 -16 17 23 18 38 61 -22 47 -24 -25 29 -27 -28 -29 -30 30 -32 46 33 -35 35 37 -38 -39 -40 -41 -42 -43 -44 -45 -46 58 -48 48 -50 -51 -52 -53 -54 -55 -56 -57 -58 -59 -60 -61 -62 -63
leaf_value=-0.56422560164777857 -2.1651776177542552 0.72133642079101667 5.0500729604200885 0.22835114404106666 0.11512164931900881 0.25539319620778167 1.3569515739168441 0.15539169814089662 -1.4250222289884413 -1.6597960686683657 4.3474703445434573 4.3815906986594202 -1.2990408857663474 -1.6792479638130435 2.6518112198872998 -1.4735691816910454 0.75402411808377334 0.73690028035122423 -1.4875865470795404 1.2133077986751284 3.8542683815133985 1.4006280578996826 -0.0457038444285418 -1.1409008450580367 -0.17832965373992921 1.6009663490385844 4.6449376383493108 0.10503848687462186 -1.4287063320980797 3.18617198900743 4.7638727164268495 1.9920430571533914 6.9243316397070886 0.3141325629275778 -0.18629214435815811 4.8826907917857172 3.8009438887238503 1.6707253580093384 2.1347261004894973 -1.9180926260740863 3.3781613583150119 0.99847138934776558 1.5460153054445982 1.2683541375611511 1.7933917963272568 0.65308926690299562 -0.17118384287907529 1.3613175733765559 5.5751877079839289 -0.8330522010444219 -1.2767028535042353 5.6256881623041064 4.5337544357776647 2.6101591191973004 -2.479785614013672 0.47552024875719523 -0.50236055135726931 3.3680521183543735 2.8442548170037893 -0.32802661689369561 0.018067922592910443 3.2217539389928187
leaf_weight=2752 21 90 22 918 821 96 21 910 37 20 25 32 36 31 22 23 103 23 21 70 29 138 816 33 30 87 43 23 158 44 20 43 32 23 20 32 32 25 20 23 23 119 64 28 77 53 39 67 23 693 123 21 30 35 20 97 30 27 23 2702 648 24
leaf_count=2752 21 90 22 918 821 96 21 910 37 20 25 32 36 31 22 23 103 23 21 70 29 138 816 33 30 87 43 23 158 44 20 43 32 23 20 32 32 25 20 23 23 119 64 28 77 53 39 67 23 693 123 21 30 35 20 97 30 27 23 2702 648 24
internal_value=0.0146327 -0.166033 1.70697 -0.195238 -0.261915 -0.326019 2.10623 -0.350206 -0.406694 1.36733 1.6778 1.94248 1.84085 2.02418 0.11855 2.17933 0.729019 2.07892 2.63699 0.43757 1.58915 1.37448 -0.461834 0.910446 1.1346 0.339259 3.01905 2.68613 -0.513874 1.75625 2.15377 1.73947 3.00359 3.32148 3.81204 2.52323 5.36264 3.47393 0.279395 0.266257 1.2852 0.0967665 0.314227 -0.175806 0.939936 0.216886 0.963191 1.60595 2.4382 -0.491172 -0.449416 3.92567 3.22566 1.21786 0.909436 -0.431085 0.957734 1.33212 1.31621 -0.447209 -0.05988 1.7261
internal_weight=12731 11503 1228 11288 10212 9228 872 9055 8145 215 195 800 768 704 53 651 356 629 294 1076 335 306 7341 335 302 984 253 210 6525 176 146 126 187 164 141 77 64 57 41 126 170 804 982 64 173 897 82 283 90 6367 5674 72 51 193 158 5551 147 117 76 5454 685 94
internal_count=12731 11503 1228 11288 10212 9228 872 9055 8145 215 195 800 768 704 53 651 356 629 294 1076 335 306 7341 335 302 984 253 210 6525 176 146 126 187 164 141 77 64 57 41 126 170 804 982 64 173 897 82 283 90 6367 5674 72 51 193 158 5551 147 117 76 5454 685 94
is_linear=0
shrinkage=0.05


Tree=58
num_leaves=63
num_cat=0
split_feature=28 9 36 16 25 33 35 12 31 29 32 32 5 35 34 31 7 33 31 31 13 0 17 33 36 31 9 35 35 31 36 36 13 32 34 32 33 2 36 34 36 36 31 31 8 14 36 35 29 32 32 32 25 12 19 1 24 31 12 23 12 31
split_gain=1.40518e+06 188031 173673 152886 129733 125426 130251 101726 94037.1 113860 169155 115797 85014.9 81015.7 93292 92381.8 79661.3 116617 72553.1 125284 69942.3 67477.3 66514.5 101991 73729 66468.2 70693.3 69167.7 145825 64048.2 56304.9 108305 54246.6 90287.4 52698.4 48857.7 48079.8 47778.7 46945.2 46143 41101.2 46764.5 39116.1 38388 38009.3 38897.8 36824.5 34160.2 31431.7 31179.1 48306.4 38406 30507.1 30232.3 29198.6 30533.5 26847.4 26134.2 26080.7 30702.1 25624.1 24625.5
threshold=1.0000000180025095e-35 1.0000000180025095e-35 261.0750000000001 1.0000000180025095e-35 1.0000000180025095e-35 357.90000000000003 892.35000000000002 1.0000000180025095e-35 492.30000000000001 1.0000000180025095e-35 352.75000000000006 364.15000000000003 1.0000000180025095e-35 960.80000000000007 232.10000000000005 59.050000000000004 1.0000000180025095e-35 376.35000000000008 171.55000000000004 198.45000000000002 1.0000000180025095e-35 1.0000000180025095e-35 1.0000000180025095e-35 134.50000000000003 261.0750000000001 323.85000000000008 1.0000000180025095e-35 731.35000000000025 594.25000000000011 211.95000000000002 281.71250000000003 289.61666666666673 1.0000000180025095e-35 364.15000000000003 391.65000000000003 311.50000000000006 298.15000000000003 1.0000000180025095e-35 306.96250000000003 375.65000000000003 291.72500000000008 406.92500000000001 471.05000000000007 73.050000000000011 1.0000000180025095e-35 1.0000000180025095e-35 256.62500000000006 574.1500000000002 1.0000000180025095e-35 403.85000000000008 433.35000000000008 470.95000000000005 1.0000000180025095e-35 1.0000000180025095e-35 1.0000000180025095e-35 1.0000000180025095e-35 1.0000000180025095e-35 227.65000000000001 1.0000000180025095e-35 1.0000000180025095e-35 1.0000000180025095e-35 70.850000000000009
decision_type=2 2 2 2 2 2 2 2 2 2 2 2 2 2 2 2 2 2 2 2 2 2 2 2 2 2 2 2 2 2 2 2 2 2 2 2 2 2 2 2 2 2 2 2 2 2 2 2 2 2 2 2 2 2 2 2 2 2 2 2 2 2
left_child=1 3 5 4 7 13 -7 12 9 11 -11 16 20 15 -15 -2 17 30 -13 -20 21 22 37 24 -24 26 32 28 -27 60 -4 -32 33 35 52 43 -25 44 -19 -22 -21 49 -33 -17 45 48 -5 -6 54 -42 -51 -52 58 -49 55 56 -1 -14 59 -31 61 -3
right_child=2 29 8 46 47 6 -8 -9 -10 10 -12 18 57 14 -16 25 -18 38 19 40 39 -23 23 36 -26 27 -28 -29 -30 34 31 42 -34 -35 -36 -37 -38 -39 -40 -41 41 -43 -44 -45 -46 -47 -48 53 -50 50 51 -53 -54 -55 -56 -57 -58 -59 -60 -61 -62 -63
leaf_value=-0.44042303726145432 -2.1886558982458983 -1.2903860942593643 3.2488155490312822 0.36350848219175447 -0.037107265261001887 1.0867388674191065 6.164855013722959 0.2010736273927457 5.2663054704666141 2.126822662738062 -3.771134481430054 5.5077578226725263 -0.23606383649419144 -3.570871235565706 0.78010612045015604 2.7673370066143219 -1.0408548454443614 5.5619452133178715 -0.87709338188171382 5.1856856193542491 -0.065021009451531386 -1.4377739420958928 0.86863697835377285 -2.3751573634147642 4.6161195459819977 3.5767385219705519 3.0330358042436489 4.2850033079424215 -1.894214353107271 0.55384356468673801 -1.9130841937065126 1.8427966364518893 -1.7582221005450596 3.3303478889167311 2.3640536663432914 -1.7892140664869833 0.57193991272680222 -0.074496054720165433 2.7721402343950778 1.676031913161278 1.0545499686841611 5.0079871094745139 -0.16688689844948906 0.54460559573642997 -0.14894272523117252 -1.539278435074922 1.726852447597877 0.42448107308740513 -0.87695700126341203 5.1434196758270261 1.1805436247903289 3.8092643034954872 1.9153191623362629 1.588207215165335 0.46719820346587748 -1.3768489070199055 -0.82345364511468899 0.33113811420273204 1.6546378741534999 -0.92039772664245811 1.3685439793268841 -0.0026782125106547031
leaf_weight=3652 22 42 39 87 430 28 23 889 24 31 20 30 332 22 28 21 24 25 20 25 783 175 35 25 21 29 34 31 21 500 25 179 22 32 48 21 31 701 38 40 27 23 28 259 640 99 115 489 602 20 33 24 44 63 78 99 523 523 49 38 30 320
leaf_count=3652 22 42 39 87 430 28 23 889 24 31 20 30 332 22 28 21 24 25 20 25 783 175 35 25 21 29 34 31 21 500 25 179 22 32 48 21 31 701 38 40 27 23 28 259 640 99 115 489 602 20 33 24 44 63 78 99 523 523 49 38 30 320
internal_value=0.0139011 -0.157731 1.62162 -0.222503 -0.249401 1.00631 3.37687 -0.307422 2.19624 2.07565 -0.186102 2.28163 -0.361502 0.783251 -1.13432 0.978127 1.74155 1.94148 3.2388 2.84306 -0.415326 -0.468903 -0.442842 0.765107 2.27394 1.12636 0.855031 2.42941 1.27894 0.47318 1.49101 1.19552 0.646433 0.805299 0.76697 0.536855 -0.743729 -0.464001 3.87921 0.0195988 3.33255 2.96776 1.57096 0.71131 -0.511962 -0.557941 1.13967 0.297019 -0.53833 2.51655 3.0292 2.28737 0.64548 0.557298 -0.491488 -0.508984 -0.488405 0.110891 0.550296 0.449715 -0.0357064 -0.152081
internal_weight=12731 11503 1228 10432 10230 593 51 9248 635 611 51 560 8359 542 50 492 358 334 202 172 7504 6681 6506 112 56 470 389 81 50 1071 271 232 355 333 679 301 56 6394 63 823 152 127 207 280 5693 5053 202 982 4954 104 77 57 631 552 4352 4274 4175 855 587 538 392 362
internal_count=12731 11503 1228 10432 10230 593 51 9248 635 611 51 560 8359 542 50 492 358 334 202 172 7504 6681 6506 112 56 470 389 81 50 1071 271 232 355 333 679 301 56 6394 63 823 152 127 207 280 5693 5053 202 982 4954 104 77 57 631 552 4352 4274 4175 855 587 538 392 362
is_linear=0
shrinkage=0.05


Tree=59
num_leaves=63
num_cat=0
split_feature=28 17 36 9 5 9 12 39 16 25 7 31 31 36 25 31 12 10 40 7 31 13 35 18 38 19 15 31 35 29 24 35 36 35 36 35 24 39 31 31 35 31 31 35 31 13 36 31 31 40 35 39 35 35 29 35 12 37 36 37 31 27
split_gain=1.26818e+06 176872 157860 152565 110959 90570.8 89973 79280.6 77401.2 79357.8 71459.5 70161.3 119250 70026.9 62620.6 60743 60456.2 58423.6 71293.8 51591 65278.1 51264 48786.7 46962 50934.8 64671.9 45368.8 44952.9 44874.9 44232.9 50616 70480.3 68832.9 63191.1 79627.6 42662.2 42228.6 37968.4 37094.2 34732.8 43557.6 40143.2 33016 40271.7 45869.9 68479.7 41563.3 53263.2 80006.6 83504.7 74115.4 62400.3 64523.1 30043.6 29432.7 31658 27418.5 27288.7 24115.8 23964.2 23262.5 23045
threshold=1.0000000180025095e-35 1.0000000180025095e-35 214.7416666666667 1.0000000180025095e-35 1.0000000180025095e-35 1.0000000180025095e-35 1.0000000180025095e-35 1.0000000180025095e-35 1.0000000180025095e-35 1.0000000180025095e-35 1.0000000180025095e-35 453.05000000000007 443.05000000000007 347.55833333333339 1.0000000180025095e-35 59.050000000000004 1.0000000180025095e-35 1.0000000180025095e-35 5.5000000000000009 1.0000000180025095e-35 417.75000000000006 1.0000000180025095e-35 1000.2500000000001 1.0000000180025095e-35 1.0000000180025095e-35 1.0000000180025095e-35 1.0000000180025095e-35 214.85000000000005 918.1500000000002 1.0000000180025095e-35 1.0000000180025095e-35 654.95000000000016 191.62500000000003 594.25000000000011 189.25416666666669 404.90000000000003 1.0000000180025095e-35 1.0000000180025095e-35 251.05000000000004 471.05000000000007 1118.0500000000002 487.35000000000008 95.100000000000009 598.75000000000011 135.75000000000003 1.0000000180025095e-35 234.04166666666669 227.65000000000001 296.75000000000006 1.0000000180025095e-35 939.55000000000018 1.0000000180025095e-35 825.45000000000016 796.40000000000009 1.0000000180025095e-35 1140.5000000000002 1.0000000180025095e-35 3.5000000000000004 173.80833333333337 1.5000000000000002 431.55000000000007 1.0000000180025095e-35
decision_type=2 2 2 2 2 2 2 2 2 2 2 2 2 2 2 2 2 2 2 2 2 2 2 2 2 2 2 2 2 2 2 2 2 2 2 2 2 2 2 2 2 2 2 2 2 2 2 2 2 2 2 2 2 2 2 2 2 2 2 2 2 2
left_child=1 3 15 4 6 11 8 -7 9 21 13 12 17 58 16 -2 27 19 -19 20 42 23 -6 24 36 26 61 -5 -22 30 31 33 -33 34 -17 -36 54 -29 -10 40 -13 -41 -4 -44 -45 46 -46 50 -49 -50 -48 52 -51 -16 55 59 -24 -21 -3 -1 -8 -26
right_child=2 10 5 14 22 7 60 -9 38 -11 -12 39 -14 -15 53 29 -18 18 -20 57 28 -23 56 -25 25 -27 -28 37 -30 -31 -32 32 -34 -35 35 -37 -38 -39 -40 41 -42 -43 43 44 45 -47 47 48 49 51 -52 -53 -54 -55 -56 -57 -58 -59 -60 -61 -62 -63
leaf_value=-0.47247245788927245 -1.9552845378716786 -0.43152860581874847 3.7561899948120114 -0.29571422531818309 0.10171740844999673 2.5007792501449586 0.073697782670481868 6.1026095867156984 -0.20019301394859212 0.10384401122276521 -1.5755222070217134 5.1571572746549341 -2.1637975261324929 4.0335351591110236 0.26464077663421631 0.55389242025813612 1.5485728131563858 -1.5456189322471621 1.9014533257484438 1.3401814103126526 2.2794682709376017 -0.038372730918094761 0.76378210173323269 -0.082058450383144424 -1.3246633149154277 0.25313849664692367 -0.074187037277789344 0.67798639895083257 5.1477529830932625 -1.2992587027342424 -1.4605763339996338 4.4256177080088648 0.91744359786863683 -1.7906533924016086 1.4306119805290587 4.6573146939277654 -0.84492906066177254 -0.27996221579935238 1.3443820284547829 1.0833494930732541 2.144766735782226 3.3241157116034099 1.1322848870968207 -0.2341539192199707 4.4686540045738221 -0.034869894077037944 -0.81825598137719302 4.5808374798297882 -0.76123068332672128 2.2057304958502453 2.679207358938275 1.0025318133419958 6.0007900555928551 2.3381250805125156 -0.7340742896430128 0.86902005813031824 2.5497997217178345 -1.1278619357517787 1.4168225594758987 -0.21886269687494975 0.75710665603478755 -0.48334495307256775
leaf_weight=2129 21 20 20 336 823 50 733 22 64 821 20 28 21 25 25 173 86 30 30 24 30 807 153 728 535 112 105 413 25 23 20 29 27 22 21 20 588 138 99 41 21 39 195 20 25 29 28 45 21 24 33 29 21 58 555 53 25 21 150 1656 150 96
leaf_count=2129 21 20 20 336 823 50 733 22 64 821 20 28 21 25 25 173 86 30 30 24 30 807 153 728 535 112 105 413 25 23 20 29 27 22 21 20 588 138 99 41 21 39 195 20 25 29 28 45 21 24 33 29 21 58 555 53 25 21 150 1656 150 96
internal_value=0.013206 -0.149845 1.54054 -0.176903 -0.235956 1.90276 -0.290176 3.60134 -0.340944 -0.36243 1.27079 1.74989 1.54458 1.56272 0.395282 0.653305 0.282827 1.66439 0.177917 1.81556 1.94991 -0.414414 0.264053 -0.460695 -0.507984 -0.866196 -1.03653 0.160106 3.58323 0.816829 0.972822 1.13949 2.73418 0.761094 1.02342 3.00461 -0.446999 0.438065 0.737923 2.81782 3.86613 2.17572 1.76658 1.68191 2.07165 2.2525 2.54601 2.30688 2.84414 2.02149 1.07381 2.81118 3.97676 1.71358 -0.393736 -0.344521 1.01463 0.188428 1.19937 -0.361514 0.189792 -1.19667
internal_weight=12731 11503 1228 11288 10232 872 9231 72 8348 8185 215 800 671 195 1056 356 973 650 60 590 545 7364 1001 6557 5829 848 736 887 55 335 312 292 56 236 214 41 4981 551 163 129 49 80 490 470 275 255 226 201 140 95 61 74 45 83 4393 3838 178 45 170 3785 883 631
internal_count=12731 11503 1228 11288 10232 872 9231 72 8348 8185 215 800 671 195 1056 356 973 650 60 590 545 7364 1001 6557 5829 848 736 887 55 335 312 292 56 236 214 41 4981 551 163 129 49 80 490 470 275 255 226 201 140 95 61 74 45 83 4393 3838 178 45 170 3785 883 631
is_linear=0
shrinkage=0.05


Tree=60
num_leaves=63
num_cat=0
split_feature=28 35 31 31 33 23 14 32 12 17 35 32 32 32 33 33 33 23 4 33 38 39 33 40 32 31 37 12 0 17 11 16 11 14 33 9 31 12 33 32 32 31 31 35 31 9 1 16 4 37 32 31 11 31 21 40 31 4 32 31 13 40
split_gain=1.10503e+06 183873 183134 104088 90124.3 89985.2 77508.9 76034.3 72087.1 70377.2 69520.4 73189.3 124430 109999 78942.3 137799 71102.3 65298.1 64189.4 58576.7 87974.3 95353.2 82029.4 62676.8 85662.4 56131.5 54948.2 50950 50628.2 67657.4 49291.3 44862.6 42340.2 40410.2 35537.3 34592.1 57164.1 33584.5 52689 74150.2 63972.1 52836.6 36232.3 33577.1 33033.3 32165 32205.3 33244.4 32135.6 29901.8 29113.4 28847.7 27754.7 26925.5 26149.4 25823.1 25772.7 25314.9 25253.6 24719.6 24622.1 23117.1
threshold=1.0000000180025095e-35 879.1500000000002 385.35000000000008 75.250000000000014 393.00000000000006 1.0000000180025095e-35 1.0000000180025095e-35 484.05000000000007 1.0000000180025095e-35 1.0000000180025095e-35 796.40000000000009 455.45000000000005 416.25000000000006 362.55000000000007 444.85000000000008 400.35000000000008 344.35000000000008 1.0000000180025095e-35 1.0000000180025095e-35 339.55000000000007 1.0000000180025095e-35 1.0000000180025095e-35 187.55000000000004 1.0000000180025095e-35 362.55000000000007 173.35000000000005 2.5000000000000004 1.0000000180025095e-35 1.0000000180025095e-35 1.0000000180025095e-35 1.0000000180025095e-35 1.0000000180025095e-35 1.0000000180025095e-35 1.0000000180025095e-35 193.85000000000005 1.0000000180025095e-35 445.15000000000003 1.0000000180025095e-35 54.250000000000007 268.45000000000005 264.45000000000005 167.75000000000003 180.85000000000005 466.05000000000007 229.15000000000001 1.0000000180025095e-35 1.0000000180025095e-35 1.0000000180025095e-35 1.0000000180025095e-35 1.5000000000000002 396.15000000000003 365.45000000000005 1.0000000180025095e-35 257.85000000000008 1.0000000180025095e-35 4.5000000000000009 252.55000000000004 1.0000000180025095e-35 246.25000000000003 276.75000000000006 1.0000000180025095e-35 3.5000000000000004
decision_type=2 2 2 2 2 2 2 2 2 2 2 2 2 2 2 2 2 2 2 2 2 2 2 2 2 2 2 2 2 2 2 2 2 2 2 2 2 2 2 2 2 2 2 2 2 2 2 2 2 2 2 2 2 2 2 2 2 2 2 2 2 2
left_child=1 6 3 -2 19 8 9 10 28 18 16 12 13 14 15 34 17 37 27 20 21 23 -23 -4 26 -11 43 31 29 30 33 32 35 45 -12 49 -37 38 40 42 -5 -42 -40 -25 -14 46 47 57 56 54 -30 -20 60 -43 -1 -36 -10 -3 -31 -49 -7 -27
right_child=2 5 4 7 -6 52 -8 -9 48 25 11 -13 44 -15 -16 -17 -18 -19 51 -21 -22 22 -24 24 -26 61 -28 -29 50 58 -32 -33 -34 -35 55 36 -38 -39 39 -41 41 53 -44 -45 -46 -47 -48 59 -50 -51 -52 -53 -54 -55 -56 -57 -58 -59 -60 -61 -62 -63
leaf_value=-0.3944781011433301 -0.74995933714219276 0.17568275305360559 0.087884035110473643 0.79820222628487691 4.6858690251410016 -0.50902619678676131 -1.5435181130350164 4.2030742724736534 0.19276113880750462 -0.4756753132623785 0.11483133481099056 -0.31880961433053018 5.7545983393987026 -0.81550960051707733 -0.039942362814238574 5.327130650149452 -2.0420112133026125 -1.7983944225878945 0.024968217067711653 -0.45843455769121655 5.1092465804173397 -0.81835629181428393 2.6435532794467043 2.0100170762915361 5.6135822349124487 1.06833095858837 0.64390813708305361 0.13225482348393106 -0.33165572564448081 0.56078562055315284 -0.4561762578381694 0.72585357436362441 -0.70876184363871642 -0.94535070776387498 3.319277970865369 -0.10261937971759057 1.4531779489733958 2.6995605028908827 -1.0063514514402909 -2.8374511873722081 4.0079240983532323 0.61136069909946344 1.4884102200352869 3.9904559214504398 3.0032113695144655 1.0526079162078745 -0.95688208212023196 0.41802118505750391 2.6312290592119099 -0.21508534038338395 -2.3826496372620265 0.74302716169127814 -1.7789000264696175 2.6461721761473296 -0.95516750523862282 1.3540973254612514 1.282727268823747 0.85008552942695559 2.4296651242994796 2.7244658811161155 0.82705121729522946 3.0480467704931895
leaf_weight=3081 72 625 20 257 40 250 113 21 78 34 26 36 24 39 33 36 21 21 555 20 26 44 28 38 27 29 30 691 62 28 203 102 672 54 32 560 66 29 22 20 31 37 43 49 20 187 46 21 32 3043 24 187 37 29 223 35 178 179 51 26 40 30
leaf_count=3081 72 625 20 257 40 250 113 21 78 34 26 36 24 39 33 36 21 21 555 20 26 44 28 38 27 29 30 691 62 28 203 102 672 54 32 560 66 29 22 20 31 37 43 49 20 187 46 21 32 3043 24 187 37 29 223 35 178 179 51 26 40 30
internal_value=0.00400291 -0.14691 1.44393 1.07207 2.46482 0.273543 -0.241922 1.23363 0.412586 -0.226061 1.15479 1.78629 2.09561 1.56841 2.14231 2.70056 0.806852 0.929196 -0.239925 2.14978 2.34888 2.04477 0.527942 2.7107 3.07498 1.14247 2.48915 -0.279132 0.273983 0.345327 0.261559 -0.315826 -0.329724 0.38959 1.68383 -0.293195 0.0614104 1.05159 0.942724 -0.175143 1.21114 2.30521 0.644029 3.12544 4.50397 0.456091 0.331734 0.401388 1.13736 -0.32817 -0.904026 0.205935 -0.489278 1.50544 -0.432321 2.29269 0.950628 0.32583 1.76728 1.69393 -0.32474 2.07497
internal_weight=12713 11507 1206 884 322 2121 9386 812 1794 9273 791 281 245 201 162 129 510 489 9180 282 262 236 72 164 144 93 117 8438 1506 1420 1341 7747 7645 1138 93 6973 626 468 439 85 354 97 65 87 44 1084 897 851 288 6347 86 742 327 66 3304 67 256 804 79 47 290 59
internal_count=12713 11507 1206 884 322 2121 9386 812 1794 9273 791 281 245 201 162 129 510 489 9180 282 262 236 72 164 144 93 117 8438 1506 1420 1341 7747 7645 1138 93 6973 626 468 439 85 354 97 65 87 44 1084 897 851 288 6347 86 742 327 66 3304 67 256 804 79 47 290 59
is_linear=0
shrinkage=0.05


Tree=61
num_leaves=63
num_cat=0
split_feature=28 36 35 34 23 4 11 2 24 9 32 32 34 34 21 32 32 1 16 36 11 9 32 32 32 40 35 35 34 32 36 25 36 32 32 35 25 17 36 32 32 35 36 4 36 5 36 11 36 32 35 10 0 17 32 36 36 36 37 21 35 35
split_gain=997293 185424 165945 88750.4 81211.6 64592.1 63130.9 64655.9 58891.7 61607.6 52809 72319 52517.7 48804.3 49496.8 47173.3 84829.6 47106.9 44031.4 41160.5 40159 39290.3 38623.7 45022 64857.8 64098.9 76937.6 53608.3 85724.3 48903.8 44153.1 38264.2 37771.1 36145.1 35986.5 35778 35542.2 33069.3 51035.1 32651 61692.4 32158.2 47090.8 31121 30198.4 28583.7 28113.8 25048.6 24145.1 23858.2 23473.9 23275 23182.2 33639 29935.2 23137.6 22285.4 21517.6 21472.5 20893.5 20431 43906
threshold=1.0000000180025095e-35 233.04166666666671 879.1500000000002 371.75000000000006 1.0000000180025095e-35 1.0000000180025095e-35 1.0000000180025095e-35 1.0000000180025095e-35 1.0000000180025095e-35 1.0000000180025095e-35 476.65000000000003 459.15000000000003 94.850000000000009 274.90000000000003 1.0000000180025095e-35 321.25000000000006 278.85000000000008 1.0000000180025095e-35 1.0000000180025095e-35 273.75000000000006 1.0000000180025095e-35 1.0000000180025095e-35 66.050000000000011 246.25000000000003 277.15000000000003 1.5000000000000002 763.75000000000011 918.1500000000002 215.20000000000002 186.75000000000003 315.3250000000001 1.0000000180025095e-35 279.31666666666672 356.95000000000005 392.55000000000007 1522.8500000000001 1.0000000180025095e-35 1.0000000180025095e-35 325.81666666666672 382.00000000000006 270.45000000000005 614.25000000000011 352.18333333333339 1.0000000180025095e-35 289.61666666666673 1.0000000180025095e-35 362.92500000000007 1.0000000180025095e-35 285.21250000000003 316.55000000000007 628.55000000000007 1.0000000180025095e-35 1.0000000180025095e-35 1.0000000180025095e-35 64.450000000000017 216.95833333333334 227.41666666666669 322.91666666666674 1.5000000000000002 1.0000000180025095e-35 401.55000000000007 505.05000000000007
decision_type=2 2 2 2 2 2 2 2 2 2 2 2 2 2 2 2 2 2 2 2 2 2 2 2 2 2 2 2 2 2 2 2 2 2 2 2 2 2 2 2 2 2 2 2 2 2 2 2 2 2 2 2 2 2 2 2 2 2 2 2 2 2
left_child=2 12 5 6 8 18 7 10 9 17 11 22 15 14 -14 16 50 35 20 -8 21 31 32 25 -25 -24 29 41 30 -27 -29 45 -3 -9 -32 37 -11 43 49 40 -5 -26 -43 -4 -28 52 -23 -6 -7 -39 60 56 53 58 -55 -52 -10 -20 59 -1 -2 -62
right_child=1 3 4 39 47 48 19 33 51 36 -12 -13 13 -15 -16 -17 -18 -19 57 -21 -22 46 23 24 27 26 44 28 -30 -31 34 -33 -34 -35 -36 -37 -38 38 -40 -41 -42 42 -44 -45 -46 -47 -48 -49 -50 -51 55 -53 -54 54 -56 -57 -58 -59 -60 -61 61 -63
leaf_value=-0.40475960053870619 0.30232253604184439 -0.30945160229658258 0.20389444840530221 4.4190499941507975 -0.30850267167211159 0.027143153139206639 -1.6851556393362228 -1.5130519123304458 0.72560261658259806 1.0024133392926038 3.7854114532470704 -0.55319128751754765 0.90368432700634005 -0.19296367433336048 3.6244245733533589 -1.6612512456959694 3.1261636310153538 -0.80519203703991971 0.3932670257661654 1.1148601927076067 -0.64013752226698228 -0.033722190019932201 1.1638576045180813 -0.49629776248565083 2.6177714557358716 0.90531020898085368 6.5733843716708096 5.1402281611306329 0.89855249725483566 4.1939656686782838 4.1269715233989386 0.093621037997971709 1.683409557943444 1.2759419143199922 1.2641611700966244 2.007942931478222 2.7455543994903566 3.2514885101999553 -0.71515076160430913 5.2720451569557198 0.75519970417022708 -0.44336666311973183 2.1229776917081895 0.88002016371608061 3.8889056205749513 0.0080353236180136945 0.81199901743846792 -1.6899550193064923 0.64278035663621402 1.1263950687646866 2.5217042434215546 0.85608275204896922 -1.0404103801772 2.405585528612137 0.072613214430483908 0.14543042182922364 -0.6357853634886339 2.2028027296066286 -0.24717838130301373 -0.90740912206504376 -2.0771185077726844 0.40769173085689547
leaf_weight=2835 177 29 863 27 290 523 21 21 35 209 37 30 32 27 35 29 27 79 92 35 715 564 33 26 33 26 22 35 37 20 23 615 132 26 21 36 34 28 20 20 20 39 33 212 20 606 119 37 229 25 20 40 120 20 44 21 213 20 2661 223 32 40
leaf_count=2835 177 29 863 27 290 523 21 21 35 209 37 30 32 27 35 29 27 79 92 35 715 564 33 26 33 26 22 35 37 20 23 615 132 26 21 36 34 28 20 20 20 39 33 212 20 606 119 37 229 25 20 40 120 20 44 21 213 20 2661 223 32 40
internal_value=0.00380277 1.37174 -0.139564 1.84162 0.259866 -0.229826 1.675 1.81523 0.391956 0.517233 1.95602 1.83494 0.553709 1.60173 2.32497 0.268986 0.445569 0.376959 -0.268536 0.0648543 -0.28148 -0.248633 1.97037 2.25296 1.86588 3.04312 3.74784 2.14378 2.88467 2.33516 3.81488 -0.283364 1.32445 0.0297957 2.76063 0.455836 1.24631 0.407164 1.43697 3.57999 2.85996 1.32527 0.732874 0.337233 5.29506 -0.318983 0.113629 -0.464814 0.214618 2.24909 0.195997 -0.263135 -0.352555 -0.338281 0.801667 1.30459 -0.443654 0.716398 -0.351038 -0.441415 0.0134577 -0.696668
internal_weight=12713 1206 11507 766 2121 9386 699 643 1794 1506 596 559 440 94 67 346 317 1263 8634 56 8522 7807 529 368 247 121 88 221 116 46 79 7124 161 47 44 1184 243 1148 73 67 47 105 72 1075 42 6509 683 327 752 53 290 288 5903 5783 64 41 248 112 5719 3058 249 72
internal_count=12713 1206 11507 766 2121 9386 699 643 1794 1506 596 559 440 94 67 346 317 1263 8634 56 8522 7807 529 368 247 121 88 221 116 46 79 7124 161 47 44 1184 243 1148 73 67 47 105 72 1075 42 6509 683 327 752 53 290 288 5903 5783 64 41 248 112 5719 3058 249 72
is_linear=0
shrinkage=0.05


Tree=62
num_leaves=63
num_cat=0
split_feature=28 31 35 31 29 23 35 34 14 9 12 34 11 20 4 12 12 34 34 23 31 19 0 31 11 22 31 9 31 31 31 35 5 19 31 31 25 35 31 35 35 31 35 31 37 13 13 31 35 35 7 31 4 31 34 9 2 37 16 35 4 23
split_gain=900057 155174 149766 90734.1 75756.1 83819.2 71623.2 96817 69879 60624.2 66221.4 76776.1 60835.5 59886.2 57350.2 56074.5 49310.3 44448.3 66206.8 73309.1 43681.8 41348.2 42745 41334 40672.2 46421.7 39770.7 41807.2 37832.5 72766.5 71597.8 36936.1 33913.7 34161 33796.7 33766.6 33494.3 32240.7 48606 39033.2 86860 67849.6 53102.3 31557.9 27132.1 25781.8 25391.3 23830.6 23435.9 23315.7 21900 21871.7 21509.6 19665.1 19533.6 19526.5 18656.1 19829.4 48513.2 19019.3 18135 17624.1
threshold=1.0000000180025095e-35 385.35000000000008 879.1500000000002 75.250000000000014 1.0000000180025095e-35 1.0000000180025095e-35 1257.3500000000001 56.050000000000004 1.0000000180025095e-35 1.0000000180025095e-35 1.0000000180025095e-35 420.7000000000001 1.0000000180025095e-35 1.0000000180025095e-35 1.0000000180025095e-35 1.0000000180025095e-35 1.0000000180025095e-35 253.70000000000002 130.05000000000004 1.0000000180025095e-35 240.15000000000001 1.0000000180025095e-35 1.0000000180025095e-35 469.35000000000008 1.0000000180025095e-35 1.0000000180025095e-35 169.75000000000003 1.0000000180025095e-35 467.75000000000006 482.35000000000008 443.05000000000007 1186.7000000000003 1.0000000180025095e-35 1.0000000180025095e-35 445.15000000000003 428.65000000000003 1.0000000180025095e-35 831.35000000000025 307.45000000000005 639.80000000000007 531.55000000000007 227.65000000000001 716.85000000000002 284.05000000000007 4.5000000000000009 1.0000000180025095e-35 1.0000000180025095e-35 223.55000000000004 579.05000000000007 1000.2500000000001 1.0000000180025095e-35 492.30000000000001 1.0000000180025095e-35 264.85000000000008 305.70000000000005 1.0000000180025095e-35 1.0000000180025095e-35 1.5000000000000002 1.0000000180025095e-35 664.45000000000016 1.0000000180025095e-35 1.0000000180025095e-35
decision_type=2 2 2 2 2 2 2 2 2 2 2 2 2 2 2 2 2 2 2 2 2 2 2 2 2 2 2 2 2 2 2 2 2 2 2 2 2 2 2 2 2 2 2 2 2 2 2 2 2 2 2 2 2 2 2 2 2 2 2 2 2 2
left_child=2 3 8 -2 5 13 7 28 14 10 11 12 17 15 16 21 26 18 19 37 -14 22 24 -8 25 31 -1 32 30 -30 -3 52 33 36 50 55 45 39 -39 40 -5 -41 -43 -12 -6 56 -7 -33 -42 -11 -29 -31 -4 -15 -19 61 57 58 -28 -59 -17 -16
right_child=1 6 4 9 44 46 23 -9 -10 49 43 -13 20 53 35 60 -18 54 -20 -21 -22 -23 -24 -25 -26 -27 27 34 29 51 -32 47 -34 -35 -36 -37 -38 38 -40 41 48 42 -44 -45 -46 -47 -48 -49 -50 -51 -52 -53 -54 -55 -56 -57 -58 59 -60 -61 -62 -63
leaf_value=-0.45355753919185071 -0.74029454137716033 2.5569854985959459 0.32264503018620116 0.76701549358770882 -0.65771098663627892 -0.58309727837109848 4.9631411201758864 -0.43288007911882903 -1.4542077335636172 1.9421160697937012 1.7844564296463703 3.8222115579105562 0.32934973041216531 0.24351258763560543 0.097953999110538037 1.1501933554692245 0.1613809170494615 3.4459496770586284 -1.2353654626088266 -1.5896392122975418 -2.7536407035589221 1.6751881951635537 -0.92253359697632886 2.1417965173721316 -0.25293963722485518 -0.52285868157854398 -0.5490423868944041 0.17207110924570543 5.0145755279809237 0.95646177438589253 0.17719411020693573 0.13852155616506934 0.17713855269664033 0.86234611263498673 1.2800722381647898 1.1196135547063262 0.14254852467431472 3.0207243031925626 0.30521590251189012 -1.8549836996829872 4.0685417275130744 -0.88998818722638218 2.2813288291295368 4.1558182144165041 0.4934327780254304 0.035032828984123361 0.80340071132308566 1.4812704717407101 1.9957222489764295 4.0512362121790648 -1.3293088586284565 3.0496303240458174 1.0338789579716134 -1.4370107513301227 1.4952471386302602 1.2074542754405255 -0.042799614159621892 -0.16536463416401059 1.9262594509124757 -0.55347038469630438 2.5733441667556765 -0.95146759665289593
leaf_weight=2249 72 101 432 284 273 252 34 38 113 38 47 21 27 27 575 214 702 21 39 28 20 66 59 21 168 84 1926 369 32 26 46 40 434 64 68 91 390 45 26 33 25 22 33 20 63 410 38 190 30 20 26 24 141 49 33 37 366 1052 20 451 25 43
leaf_count=2249 72 101 432 284 273 252 34 38 113 38 47 21 27 27 575 214 702 21 39 28 20 66 59 21 168 84 1926 369 32 26 46 40 434 64 68 91 390 45 26 33 25 22 33 20 63 410 38 190 30 20 26 24 141 49 33 37 366 1052 20 451 25 43
internal_value=0.00361263 1.30315 -0.132586 0.960849 0.246873 0.376519 2.24288 1.90443 -0.218334 1.11169 0.991865 0.845532 0.751673 0.527423 -0.203274 0.600659 -0.240053 0.883351 0.752365 0.899744 -0.982561 0.459204 0.387162 3.8859 0.460406 0.595515 -0.276067 -0.204478 2.29228 3.15275 1.81229 0.712505 -0.245677 -0.284896 0.250491 0.217119 -0.300805 1.03971 2.02631 0.875661 1.11923 -0.0626176 1.0128 2.49233 -0.441872 -0.34173 -0.401418 1.24775 2.93791 2.6694 0.0732461 1.96118 0.497661 -0.839983 2.25385 0.0917347 -0.382221 -0.41824 -0.523602 -0.281822 1.29906 0.024936
internal_weight=12713 1206 11507 884 2121 1785 322 267 9386 812 754 687 666 1495 9273 1419 8527 619 565 526 47 1180 1114 55 1055 887 7825 5576 229 82 147 803 5113 4679 463 746 4615 498 71 427 339 88 55 67 336 4225 290 230 55 58 395 50 573 76 54 655 3815 3449 1946 1503 239 618
internal_count=12713 1206 11507 884 2121 1785 322 267 9386 812 754 687 666 1495 9273 1419 8527 619 565 526 47 1180 1114 55 1055 887 7825 5576 229 82 147 803 5113 4679 463 746 4615 498 71 427 339 88 55 67 336 4225 290 230 55 58 395 50 573 76 54 655 3815 3449 1946 1503 239 618
is_linear=0
shrinkage=0.05


Tree=63
num_leaves=63
num_cat=0
split_feature=37 7 17 11 36 21 24 32 1 30 36 16 20 20 36 11 32 36 25 33 7 32 36 36 37 33 36 33 33 32 38 33 40 7 33 33 36 9 40 37 21 33 36 33 33 13 36 32 7 33 33 32 33 32 36 40 24 32 25 39 36 36
split_gain=180036 87281.2 98644.8 83959.5 85310.3 96182.7 79919.9 91582.4 63618.2 59821.2 59165.8 55659.4 74835.7 51380.5 47488.8 44516.2 49875.9 44135 43763.8 40041.5 39325.7 37380.3 48010.3 36509.5 35843 34959.8 31806.6 31770.8 37994.5 36723.2 34489.6 31337.9 30015.2 29534 30974.5 28824 27211.1 26727 25440.3 54815.1 37091 25689.7 25393.4 24640 24110.9 23832.7 22798.9 23953 22301.5 21328 23687 20800.7 33824 28119.8 20379.3 23295.2 23849.7 19839.1 19705.3 31327.7 18541.1 20522.8
threshold=3.5000000000000004 1.0000000180025095e-35 1.0000000180025095e-35 1.0000000180025095e-35 235.01250000000002 1.0000000180025095e-35 1.0000000180025095e-35 53.150000000000013 1.0000000180025095e-35 1.0000000180025095e-35 357.87500000000006 1.0000000180025095e-35 1.0000000180025095e-35 1.0000000180025095e-35 289.61666666666673 1.0000000180025095e-35 413.85000000000008 297.71666666666675 1.0000000180025095e-35 61.20000000000001 1.0000000180025095e-35 470.95000000000005 288.28333333333336 278.37500000000006 2.5000000000000004 296.75000000000006 349.01666666666671 357.90000000000003 343.05000000000007 225.35000000000005 1.0000000180025095e-35 227.40000000000003 1.0000000180025095e-35 1.0000000180025095e-35 457.15000000000003 182.50000000000003 138.91250000000005 1.0000000180025095e-35 5.5000000000000009 4.5000000000000009 1.0000000180025095e-35 475.30000000000001 212.8666666666667 374.75000000000006 256.95000000000005 1.0000000180025095e-35 117.85000000000001 62.600000000000009 1.0000000180025095e-35 77.950000000000017 468.85000000000008 97.65000000000002 467.05000000000007 80.65000000000002 234.04166666666669 4.5000000000000009 1.0000000180025095e-35 161.05000000000004 1.0000000180025095e-35 1.0000000180025095e-35 345.92500000000007 291.72500000000008
decision_type=2 2 2 2 2 2 2 2 2 2 2 2 2 2 2 2 2 2 2 2 2 2 2 2 2 2 2 2 2 2 2 2 2 2 2 2 2 2 2 2 2 2 2 2 2 2 2 2 2 2 2 2 2 2 2 2 2 2 2 2 2 2
left_child=3 2 9 4 36 6 7 48 10 11 13 12 15 20 -13 16 27 19 21 24 32 35 -23 25 -7 42 45 28 46 -30 38 -20 -9 34 -5 -18 -1 44 41 40 -40 54 -4 -8 -12 -17 -2 -48 -6 -3 -51 53 58 -34 -29 56 -56 -32 59 -53 61 -37
right_child=1 49 23 33 5 17 43 8 -10 -11 37 14 -14 -15 -16 26 18 -19 31 -21 -22 22 -24 -25 -26 -27 -28 30 29 -31 57 -33 51 -35 -36 60 -38 -39 39 -41 -42 -43 -44 -45 -46 -47 47 -49 -50 50 -52 52 -54 -55 55 -57 -58 -59 -60 -61 -62 -63
leaf_value=-0.3958389308440779 -0.60582430535993936 -1.7988685639008233 1.597550129890442 -0.56371648704452904 0.037478207396782745 -0.27781606429106709 -0.67280131258546971 0.018582111478797972 -0.97808828194936115 -0.98338636135061597 0.59319182067099019 0.85896176848300676 -1.0933706749569285 -1.3211560467340879 3.5658445851160927 -0.44553087376684791 2.5116459626900522 -0.91206678950394215 1.0271291111906371 -1.0554149252921343 -0.2077800584216826 -1.1694342266236033 1.3379685974121094 3.2869815760188632 0.94902195895419406 2.6293104446431004 1.6745627766070159 0.32402613601263835 -2.5881841041825036 0.26921870925504232 1.1799397485596794 3.3869202591917098 0.54286391655604038 -1.8875892540303671 1.3836474441346669 0.84954913903413143 -0.12387812025058297 1.7940508313477039 2.5671187165081504 3.6528291195079134 0.18341914833860196 -0.5219853312680216 -0.89186633437871932 0.63833119318820541 1.4128683593709115 1.1576004170454466 1.9620088973045349 0.38701439501944551 -0.62685229724912506 -0.08656980120923527 -1.4590030118397304 0.64531618660231205 2.5114135517315432 2.8133924021720889 2.3872875680183543 0.1328328282500689 0.4538454093716362 -0.63121217062903778 1.0798516579248509 -0.040710610421106158 -0.41350844814663845 2.5010735843330623
leaf_weight=1463 56 23 21 739 2207 143 344 252 75 72 347 43 77 45 26 214 38 319 24 80 229 42 35 36 102 30 23 68 22 23 21 34 30 41 21 87 2477 80 25 27 47 33 20 40 121 26 25 702 134 309 35 528 22 25 58 26 22 54 137 243 21 24
leaf_count=1463 56 23 21 739 2207 143 344 252 75 72 347 43 77 45 26 214 38 319 24 80 229 42 35 36 102 30 23 68 22 23 21 34 30 41 21 87 2477 80 25 27 47 33 20 40 121 26 25 702 134 309 35 528 22 25 58 26 22 54 137 243 21 24
internal_value=0.003432 0.386698 0.510917 -0.0889425 -0.0472525 0.0799115 0.156012 0.215413 0.452323 0.431591 0.504426 0.48457 0.432676 0.343014 1.87895 0.498802 0.603106 -0.49427 1.17447 -0.0841866 0.394097 0.884243 -0.0297057 1.98992 0.232949 1.33226 -0.101639 0.458964 0.285097 -1.12773 0.836818 2.41045 0.50552 -0.580426 -0.509908 1.29821 -0.224863 0.949487 1.07233 1.73157 1.01109 0.757049 0.383201 -0.536225 0.805117 -0.271858 0.366294 0.441175 -0.0005484 -0.324766 -0.226207 0.630097 0.57422 1.57492 0.999625 1.43303 1.85559 -0.12409 0.527284 0.429098 0.948885 1.20664
internal_weight=12713 2469 2102 10244 9443 5503 4859 4475 2134 1995 2059 1923 1854 1511 69 1777 1514 644 305 325 1466 247 77 107 245 71 263 1209 828 45 381 58 1237 801 760 170 3940 548 306 99 72 207 41 384 468 240 783 727 2341 367 344 985 930 55 174 106 80 75 908 771 132 111
internal_count=12713 2469 2102 10244 9443 5503 4859 4475 2134 1995 2059 1923 1854 1511 69 1777 1514 644 305 325 1466 247 77 107 245 71 263 1209 828 45 381 58 1237 801 760 170 3940 548 306 99 72 207 41 384 468 240 783 727 2341 367 344 985 930 55 174 106 80 75 908 771 132 111
is_linear=0
shrinkage=0.05


Tree=64
num_leaves=63
num_cat=0
split_feature=28 36 4 12 31 12 16 25 34 32 33 7 21 23 14 20 19 21 36 36 32 32 32 32 31 39 5 31 36 13 0 31 32 36 34 32 23 36 29 36 36 31 32 36 31 36 36 11 36 31 31 33 36 7 37 25 36 24 36 33 36 31
split_gain=797177 148983 123884 105293 85518.9 75739.4 73126.8 75464.3 63622.3 105413 59788.7 59398.6 57774.4 67541 55609.7 53271.7 51608.4 44823.9 76232.7 124568 44374.4 105573 76472.1 54342 52231.6 50831.7 43126.2 41722.4 41659.4 41642.5 42990.3 40759 45418.4 38025.3 37641.4 40585.1 36934.7 36711.8 36544.4 35742.5 34752.2 33444.3 32596.5 47163.6 38376.5 31838.7 31456.6 31323.3 30981.1 29789.8 44779.6 28491.4 24470.8 24188 30814.9 23428.1 23125.5 22466.9 21542.5 34266.7 21272.7 20869.8
threshold=1.0000000180025095e-35 233.04166666666671 1.0000000180025095e-35 1.0000000180025095e-35 388.75000000000006 1.0000000180025095e-35 1.0000000180025095e-35 1.0000000180025095e-35 279.9500000000001 413.85000000000008 393.00000000000006 1.0000000180025095e-35 1.0000000180025095e-35 1.0000000180025095e-35 1.0000000180025095e-35 1.0000000180025095e-35 1.0000000180025095e-35 1.0000000180025095e-35 180.97500000000005 205.51666666666668 246.25000000000003 362.55000000000007 154.85000000000005 86.450000000000017 445.15000000000003 1.0000000180025095e-35 1.0000000180025095e-35 227.65000000000001 312.83333333333337 1.0000000180025095e-35 1.0000000180025095e-35 266.65000000000003 280.85000000000008 283.94500000000005 211.90000000000003 330.65000000000003 1.0000000180025095e-35 366.27500000000003 1.0000000180025095e-35 277.15833333333336 262.35833333333341 363.75000000000006 183.65000000000001 327.25000000000006 251.05000000000004 262.35833333333341 357.87500000000006 1.0000000180025095e-35 369.95000000000005 132.35000000000005 204.45000000000002 250.65000000000001 153.15833333333336 1.0000000180025095e-35 2.5000000000000004 1.0000000180025095e-35 201.8333333333334 1.0000000180025095e-35 215.85833333333338 54.250000000000007 312.83333333333337 167.75000000000003
decision_type=2 2 2 2 2 2 2 2 2 2 2 2 2 2 2 2 2 2 2 2 2 2 2 2 2 2 2 2 2 2 2 2 2 2 2 2 2 2 2 2 2 2 2 2 2 2 2 2 2 2 2 2 2 2 2 2 2 2 2 2 2 2
left_child=2 5 3 6 8 11 7 14 12 33 20 17 13 39 15 16 29 31 52 -20 22 24 23 -6 -22 -23 60 -7 -24 30 38 32 58 -10 36 -36 41 55 47 49 -14 -4 -41 44 51 -8 -45 53 -12 -3 -51 -44 61 54 57 -5 -18 -1 59 -2 -9 -19
right_child=1 4 34 37 10 27 45 26 9 -11 48 -13 40 -15 -16 -17 56 18 19 -21 21 25 28 -25 -26 -27 -28 -29 -30 -31 -32 -33 -34 -35 35 -37 -38 -39 -40 42 -42 -43 43 46 -46 -47 -48 -49 -50 50 -52 -53 -54 -55 -56 -57 -58 -59 -60 -61 -62 -63
leaf_value=-0.20407730657408096 0.23473876285169162 -0.94252826441889226 0.13852809185913506 0.099517598468101195 2.5141218928323279 0.95265612900257113 0.068328806925355728 -0.079862297449552394 2.5460832337538406 5.140634296490596 5.5218449449539193 -1.97907250545643 0.88146173477172851 -1.2549170899849673 -1.2234334432104099 -1.1323183816737969 -0.45616107691418045 -0.26076557284051721 5.3112264116605132 0.57701590422428017 1.5156708278439261 3.9732359535353527 2.9033538296109156 -0.44589000701904297 -1.6918283152580262 1.0212855949401856 1.3846905173166939 4.1823006868362427 6.0919066762924201 0.056065464803508908 -1.1542581018904845 -1.5441178279764514 2.369045784076055 -0.015925306933266777 0.54050985402866913 2.2570950647195178 -0.86965880287227348 0.99325423712379368 -0.63448338130346205 0.99110057595230294 -1.8908255136930028 0.80695033000284067 3.7364449179172521 0.32606379257308116 4.9884227940014441 1.3778813673413755 2.431150017465864 -0.58090606379555543 2.7388111042976382 2.9187186372776828 0.38070662499420227 1.1289404835213315 -1.1994827787081401 -0.50940832839367989 0.07226920502517846 1.0942466384964065 1.0612501410182034 -0.60855570983659879 1.4632507657011351 -1.5055560204717848 0.47152352407555953 1.9708905601501465
leaf_weight=3471 132 23 595 788 69 20 89 588 30 26 20 27 20 26 159 179 33 22 24 33 22 35 21 20 30 25 69 20 20 838 150 34 24 28 106 51 67 163 724 84 26 273 20 36 21 97 35 672 20 24 63 22 24 634 962 64 105 381 24 36 249 20
leaf_count=3471 132 23 595 788 69 20 89 588 30 26 20 27 20 26 159 179 33 22 24 33 22 35 21 20 30 25 69 20 20 838 150 34 24 28 106 51 67 163 724 84 26 273 20 36 21 97 35 672 20 24 63 22 24 634 962 64 105 381 24 36 249 20
internal_value=0.0032604 1.22627 -0.124918 -0.178041 1.64746 0.493021 -0.230282 -0.250096 1.2442 2.49516 2.33959 0.285575 0.981498 1.19811 -0.297349 -0.27928 -0.260121 0.449504 1.23093 2.57037 2.0436 1.31415 2.67204 1.84895 -0.334809 2.74326 0.183216 2.56748 4.45875 -0.27701 -0.316918 0.0650424 0.318336 1.30925 0.38174 1.09813 0.261449 0.305766 -0.298566 1.39256 -0.685483 0.348758 1.76332 2.2474 3.24321 0.751268 1.36378 -0.258827 4.13033 0.657778 1.08085 2.37061 0.0741422 -0.219099 -0.180866 0.174239 0.698391 -0.244084 0.0619975 -0.138182 0.08417 0.801928
internal_weight=12713 1206 11507 10415 766 440 9400 9214 484 84 282 400 400 354 8308 8149 7970 373 123 57 242 112 130 89 52 60 906 40 41 7832 6994 250 216 58 1092 157 935 1015 6844 328 46 868 218 134 63 186 71 6120 40 110 87 42 66 5448 4814 852 138 3852 192 168 837 42
internal_count=12713 1206 11507 10415 766 440 9400 9214 484 84 282 400 400 354 8308 8149 7970 373 123 57 242 112 130 89 52 60 906 40 41 7832 6994 250 216 58 1092 157 935 1015 6844 328 46 868 218 134 63 186 71 6120 40 110 87 42 66 5448 4814 852 138 3852 192 168 837 42
is_linear=0
shrinkage=0.05


Tree=65
num_leaves=63
num_cat=0
split_feature=28 17 31 9 7 5 6 36 36 33 35 18 38 31 40 34 9 33 23 25 34 35 38 32 32 32 32 39 31 31 40 0 35 29 31 22 35 32 35 31 13 32 40 33 7 25 30 35 7 33 40 36 31 36 33 23 16 36 32 34 36 25
split_gain=579523 136759 101976 100268 87670 78880 68847.6 69310.9 112723 63605.6 58636.2 85192.7 80831.3 71079.8 92936.2 104372 54025.9 56140.3 50716 48577.8 52122 108716 49498.6 50637.9 103154 75330.7 67387.1 48897.8 48387.7 54068.5 48374.9 48297.2 51174.2 45981.7 40194.1 38377.1 38249.7 38014.9 75572.2 39663.8 36629.8 42914.9 33793.4 40983.8 33439.4 28634.1 27719.4 33367.6 28088 26820.8 26683.1 63673.2 39246.7 26639.6 31319.6 24753.9 21469.1 25766.5 21287.2 30162.9 20261.9 19806.2
threshold=1.0000000180025095e-35 1.0000000180025095e-35 282.65000000000003 1.0000000180025095e-35 1.0000000180025095e-35 1.0000000180025095e-35 1.0000000180025095e-35 198.32500000000005 224.02500000000003 230.25000000000003 918.1500000000002 1.0000000180025095e-35 1.0000000180025095e-35 205.95000000000002 4.5000000000000009 307.10000000000008 1.0000000180025095e-35 393.00000000000006 1.0000000180025095e-35 1.0000000180025095e-35 133.55000000000004 1401.7500000000002 1.0000000180025095e-35 192.55000000000004 115.55000000000001 235.55000000000004 53.150000000000013 1.0000000180025095e-35 84.450000000000017 103.65000000000002 2.5000000000000004 1.0000000180025095e-35 579.05000000000007 1.0000000180025095e-35 223.55000000000004 1.0000000180025095e-35 1018.5500000000001 412.25000000000006 562.75000000000011 164.25000000000003 1.0000000180025095e-35 55.20000000000001 4.5000000000000009 54.250000000000007 1.0000000180025095e-35 1.0000000180025095e-35 1.0000000180025095e-35 1291.7500000000002 1.0000000180025095e-35 384.15000000000003 3.5000000000000004 218.3366666666667 307.45000000000005 310.41666666666674 182.50000000000003 1.0000000180025095e-35 1.0000000180025095e-35 315.3250000000001 308.65000000000003 295.25000000000006 366.27500000000003 1.0000000180025095e-35
decision_type=2 2 2 2 2 2 2 2 2 2 2 2 2 2 2 2 2 2 2 2 2 2 2 2 2 2 2 2 2 2 2 2 2 2 2 2 2 2 2 2 2 2 2 2 2 2 2 2 2 2 2 2 2 2 2 2 2 2 2 2 2 2
left_child=1 3 10 5 6 18 7 -4 -9 -8 12 13 16 14 15 -12 17 28 31 20 22 30 23 24 26 -25 60 42 -2 -30 -22 32 -1 35 -5 46 -7 38 -31 -40 41 -3 -27 -44 -35 55 47 48 56 -15 51 -43 -53 54 -52 58 61 -58 -36 -60 -10 -34
right_child=2 40 4 34 -6 36 9 8 19 -11 11 -13 -14 49 -16 -17 -18 -19 -20 -21 21 -23 -24 25 -26 27 -28 -29 29 37 -32 -33 33 44 45 -37 -38 -39 39 -41 -42 50 43 -45 -46 -47 -48 -49 -50 -51 53 52 -54 -55 -56 -57 57 -59 59 -61 -62 -63
leaf_value=-0.25740349835863435 -0.70539163297681673 3.1045174527168276 4.114845123598653 -0.049122266717441826 -0.8814486847983467 0.098445067879287654 -2.3244476962089542 -1.7398440848226135 0.63089328965202718 1.6632073521614075 6.8740994984453385 -0.97223073038561592 -1.8458353088452268 -0.97998062551021592 1.0292900011346147 2.0569100670192553 2.6136169902209581 -1.9155654660463335 -0.58534988338776239 3.5844542123175955 -2.580547448721799 3.4597620441800077 3.9614885176931112 5.341938626766205 -1.5624230946813311 3.6704104360781216 4.232473489512568 -0.044520109827103825 3.0023289086818696 0.31370976618338081 0.57798013510527435 -0.93908565811458089 0.11014231091544179 -0.31910514513020244 0.33430602233207157 -0.68129748781589239 0.92092308035120374 -0.91926912745913958 0.59427183151245122 3.0685423624256387 3.0251201329023942 2.1507350669457366 2.8391718618331421 -0.063951330184936525 -1.7511931363452711 1.6838361989568782 -0.82672432124614714 1.040460196013252 -0.27590311596439299 1.6094576549530029 -0.5162424500341769 -1.9465487673002131 0.534650795062383 2.6721866827011111 1.850174228076277 -0.72017357304692275 0.27912043127520331 2.5788362207866853 0.73763831778452171 2.5411530494689942 1.8694169299470056 0.58300108740022827
leaf_weight=5569 67 20 31 419 36 839 20 23 61 20 22 29 39 20 37 23 29 25 899 37 22 21 28 20 28 38 23 23 25 213 27 210 1275 358 344 148 170 37 25 46 23 26 31 20 46 54 70 108 339 20 27 34 30 25 29 40 29 21 164 27 72 268
leaf_count=5569 67 20 31 419 36 839 20 23 61 20 22 29 39 20 37 23 29 25 899 37 22 21 28 20 28 38 23 23 25 213 27 210 1275 358 344 148 170 37 25 46 23 26 31 20 46 54 70 108 339 20 27 34 30 25 29 40 29 21 164 27 72 268
internal_value=-0.00260962 -0.112256 1.02575 -0.13577 1.50831 -0.182964 1.66617 1.82433 1.67453 -0.33062 0.59901 1.46369 0.340973 2.04272 2.88564 4.41198 0.523597 0.385216 -0.228335 1.84865 1.69352 0.449835 1.9466 1.76806 1.23196 2.51535 1.73352 2.0106 0.524489 0.762645 -0.840134 -0.190312 -0.171208 0.00911611 0.33027 0.0970158 0.237019 0.588215 0.784612 2.19732 1.14002 0.913024 2.5417 1.70069 -0.482165 0.582997 0.151608 0.185179 0.137368 0.314739 0.656708 0.0641775 -0.783486 1.31508 0.709223 0.479614 0.225314 1.245 0.569318 0.992585 1.30137 0.192272
internal_weight=12849 11611 1238 11397 581 10349 545 505 474 40 657 151 506 122 82 45 467 438 9340 451 414 70 344 316 184 132 156 112 413 346 49 8441 8231 2662 1048 2258 1009 321 284 71 214 191 89 51 404 629 2110 2040 1932 40 171 90 64 81 56 575 1593 50 535 191 133 1543
internal_count=12849 11611 1238 11397 581 10349 545 505 474 40 657 151 506 122 82 45 467 438 9340 451 414 70 344 316 184 132 156 112 413 346 49 8441 8231 2662 1048 2258 1009 321 284 71 214 191 89 51 404 629 2110 2040 1932 40 171 90 64 81 56 575 1593 50 535 191 133 1543
is_linear=0
shrinkage=0.05


Tree=66
num_leaves=63
num_cat=0
split_feature=28 9 31 7 12 2 33 16 25 32 13 9 5 40 33 34 35 36 20 5 35 36 36 32 29 36 31 35 35 32 31 34 35 35 34 1 11 35 32 35 32 32 36 35 32 32 14 34 7 24 32 33 0 36 35 24 33 25 39 33 2 36
split_gain=523019 107100 92033 79122.1 78119.1 69737.2 96674.2 57289.2 55119.2 53979 54013.4 76918.4 90263.9 85350.4 54811.2 62491 82884.6 53605.6 48238.7 44786.8 41597.4 40677.6 57423.7 101029 39729.2 38133.7 35880.5 34640.9 129197 92634.1 74109.4 53490.8 43630.1 38601 36572.8 31117.7 31212.1 43313.6 30230.5 29288.3 29271.4 100587 29542.1 28283.5 24604 30490 23195.1 23153.2 22656.4 22173.1 22127.5 23378.7 21990.8 21400.8 21083.2 19686.1 18279.2 16968.6 24101.7 21593.5 19878.4 16960.5
threshold=1.0000000180025095e-35 1.0000000180025095e-35 282.65000000000003 1.0000000180025095e-35 1.0000000180025095e-35 1.0000000180025095e-35 460.75000000000006 1.0000000180025095e-35 1.0000000180025095e-35 467.75000000000006 1.0000000180025095e-35 1.0000000180025095e-35 1.0000000180025095e-35 4.5000000000000009 411.45000000000005 388.20000000000005 992.6500000000002 280.54166666666674 1.0000000180025095e-35 1.0000000180025095e-35 1099.0500000000002 198.32500000000005 245.32500000000002 192.55000000000004 1.0000000180025095e-35 315.3250000000001 211.95000000000002 932.50000000000011 648.85000000000002 235.55000000000004 445.15000000000003 86.750000000000014 509.85000000000008 478.95000000000005 279.9500000000001 1.0000000180025095e-35 1.0000000180025095e-35 588.85000000000002 440.45000000000005 1437.45 426.65000000000003 387.35000000000008 251.51250000000002 562.75000000000011 325.75000000000006 274.25000000000006 1.0000000180025095e-35 350.55000000000007 1.0000000180025095e-35 1.0000000180025095e-35 177.00000000000003 326.45000000000005 1.0000000180025095e-35 409.21666666666675 1077.8500000000001 1.0000000180025095e-35 211.30000000000004 1.0000000180025095e-35 1.0000000180025095e-35 243.75000000000003 1.0000000180025095e-35 386.78333333333336
decision_type=2 2 2 2 2 2 2 2 2 2 2 2 2 2 2 2 2 2 2 2 2 2 2 2 2 2 2 2 2 2 2 2 2 2 2 2 2 2 2 2 2 2 2 2 2 2 2 2 2 2 2 2 2 2 2 2 2 2 2 2 2 2
left_child=1 4 9 5 7 6 21 8 18 10 11 12 14 -13 15 16 40 -16 19 24 -7 -4 23 -23 35 -9 50 28 32 -30 34 -32 33 -24 54 36 37 52 49 61 41 42 44 -44 45 -2 47 -39 -26 57 51 -3 -1 -10 -29 -49 -40 58 59 -28 -60 -6
right_child=2 26 3 -5 39 20 -8 25 53 -11 -12 13 -14 -15 17 -17 -18 -19 -20 -21 -22 22 27 -25 48 -27 38 30 29 -31 31 -33 -34 -35 -36 -37 -38 46 56 -41 -42 -43 43 -45 -46 -47 -48 55 -50 -51 -52 -53 -54 -55 -56 -57 -58 -59 60 -61 -62 -63
leaf_value=-0.25148048410549079 0.066067548124697215 -0.16334852494302304 3.2922186620307694 -0.8373762210210165 0.14693949646511814 -2.0248145711421968 4.9874683553522283 0.16311714761898299 0.073769493684601131 2.3982268396176791 -1.3444115137060484 4.8911428667250139 2.8656035913314142 0.52634959618250532 0.18867982029914857 -2.1358243983724843 3.2756874290796425 -3.2704430443899977 -1.0125451341416072 0.10711939396370883 1.1258459264581855 -1.9254739944011936 1.2053751948526352 2.3955676774183909 -0.5353732257827909 1.7006434190468711 0.52106744908745506 -0.018951132297515869 6.1217695999145505 2.5552714249091366 0.94589137099683285 -2.2153095266093379 -0.45889744907617569 3.3682244949340823 3.5176008630681923 -0.96174109688606757 -0.54543871227567808 0.035357202925842594 1.0583646497061086 2.0657647013664246 -1.2269839410428647 3.8401518498148235 0.35790308713912966 2.6884084577145786 -1.4463011264801027 1.9659571772036344 -0.88836013707849715 1.2675535237985767 -1.5314817138256567 -0.57958319074577758 0.3488070568759522 -1.7287249084029879 -1.2959527994487801 0.91949976391454291 2.1791300535202027 -0.23947271387423241 2.8880214345455171 1.5406488683784294 -0.44733589057411466 1.5038201487705332 0.97148006860957004 0.79252472466768942
leaf_weight=4248 258 161 33 36 882 20 22 119 852 38 39 21 35 24 24 23 26 21 206 844 22 31 118 24 720 61 314 20 25 67 32 23 32 25 27 145 665 1307 43 22 27 21 30 23 24 23 63 72 62 45 212 28 51 82 24 31 20 42 98 68 33 115
leaf_count=4248 258 161 33 36 882 20 22 119 852 38 39 21 35 24 24 23 26 21 206 844 22 31 118 24 720 61 314 20 25 67 32 23 32 25 27 145 665 1307 43 22 27 21 30 23 24 23 63 72 62 45 212 28 51 82 24 31 20 42 98 68 33 115
internal_value=-0.00247914 -0.106644 0.974463 1.4329 -0.154876 1.58286 1.74629 -0.199377 -0.21639 0.56906 0.456769 0.577882 0.410889 2.56325 0.239058 0.403693 0.538899 -1.42558 -0.256841 -0.237875 -0.374469 1.59805 1.47326 -0.0399285 -0.277415 0.684168 0.371461 1.68502 2.0075 3.52443 1.00168 -0.376065 1.21003 1.5835 2.06895 -0.237385 -0.221068 -0.183697 0.597271 0.261225 0.363636 0.476952 0.27967 1.36925 0.0903319 0.221575 0.0502956 0.0922355 -0.614349 0.487868 -0.00188607 -0.395256 -0.263871 0.14802 1.18 0.813983 1.63921 0.574418 0.495312 0.696008 -0.0899242 0.221405
internal_weight=12849 11611 1238 581 10547 545 503 9528 9348 657 619 580 535 45 500 455 432 45 8414 8208 42 481 448 55 7364 180 1064 393 267 92 126 55 175 143 71 6582 6437 5772 663 1019 406 379 358 53 305 281 1473 1410 782 600 401 189 4299 934 44 103 63 555 513 382 131 997
internal_count=12849 11611 1238 581 10547 545 503 9528 9348 657 619 580 535 45 500 455 432 45 8414 8208 42 481 448 55 7364 180 1064 393 267 92 126 55 175 143 71 6582 6437 5772 663 1019 406 379 358 53 305 281 1473 1410 782 600 401 189 4299 934 44 103 63 555 513 382 131 997
is_linear=0
shrinkage=0.05


Tree=67
num_leaves=63
num_cat=0
split_feature=28 4 31 7 17 5 2 6 33 36 36 19 4 32 13 34 0 36 35 35 40 35 35 32 13 24 32 39 37 35 36 36 35 35 36 35 32 31 35 32 35 35 7 30 35 36 33 32 32 33 32 22 35 36 35 31 33 32 23 11 31 23
split_gain=472025 128279 83059.8 71407.7 69400.1 66220.8 62937.9 90948 73589.3 55316.1 65594.1 52549.5 52334.2 93955 96395.9 51395.8 49799.3 49354 73980.3 68935.1 68171.9 88509.9 45272.8 42774.1 42690 42329.9 40814.7 39898.5 37461.9 81066.1 71968.9 95083.8 47410.4 56658.7 40792.4 40404.4 35559.2 40515.5 34560.1 50035.4 34313 34111.6 33169.1 34862.5 31673.7 41011.3 33019.5 30656.6 31082 30343.5 34566.9 28232.2 34762 28226.7 21967.9 64515.5 32061.2 22133.5 20944.5 20821.2 20031 18927.5
threshold=1.0000000180025095e-35 1.0000000180025095e-35 282.65000000000003 1.0000000180025095e-35 1.0000000180025095e-35 1.0000000180025095e-35 1.0000000180025095e-35 1.0000000180025095e-35 460.75000000000006 198.32500000000005 224.02500000000003 1.0000000180025095e-35 1.0000000180025095e-35 467.75000000000006 1.0000000180025095e-35 115.55000000000001 1.0000000180025095e-35 292.81666666666672 906.45000000000005 1099.0500000000002 4.5000000000000009 1077.8500000000001 579.05000000000007 51.95000000000001 1.0000000180025095e-35 1.0000000180025095e-35 300.05000000000007 1.0000000180025095e-35 3.5000000000000004 648.85000000000002 256.62500000000006 334.51666666666671 509.85000000000008 466.05000000000007 309.27500000000003 1186.7000000000003 277.15000000000003 84.450000000000017 741.95000000000016 296.05000000000007 385.75000000000006 1018.5500000000001 1.0000000180025095e-35 1.0000000180025095e-35 675.1500000000002 212.8666666666667 217.25000000000003 446.75000000000006 475.15000000000003 118.95000000000002 325.75000000000006 1.0000000180025095e-35 899.20000000000016 300.5750000000001 992.6500000000002 139.15000000000001 334.15000000000003 266.25000000000006 1.0000000180025095e-35 1.0000000180025095e-35 105.65000000000002 1.0000000180025095e-35
decision_type=2 2 2 2 2 2 2 2 2 2 2 2 2 2 2 2 2 2 2 2 2 2 2 2 2 2 2 2 2 2 2 2 2 2 2 2 2 2 2 2 2 2 2 2 2 2 2 2 2 2 2 2 2 2 2 2 2 2 2 2 2 2
left_child=1 4 12 6 5 11 7 8 9 -4 -11 16 13 14 17 -14 25 18 36 27 21 -20 60 -6 54 40 -8 -19 29 32 -30 35 33 -12 -31 -32 44 -38 -36 -40 -1 -7 43 51 46 -46 -2 59 -49 50 -39 52 -42 -13 55 -25 -56 -57 -54 61 -3 -24
right_child=2 22 3 -5 23 41 26 -9 -10 10 28 53 15 -15 -16 -17 -18 19 20 -21 -22 -23 47 24 -26 -27 -28 -29 30 34 31 -33 -34 -35 38 -37 37 49 39 -41 42 -43 -44 -45 45 -47 -48 48 -50 -51 -52 -53 58 -55 56 57 -58 -59 -60 -61 -62 -63
leaf_value=-0.29365343033239044 0.12584492719287643 -0.73820262125260394 3.7444918001851728 -0.79550744162665477 2.9611485695838931 0.078816352624772462 -1.8418777904727244 -0.79952809742518838 4.7355100881485717 -1.1678733621324813 1.1239653508948242 0.091911471763042485 0.58055332438512286 2.9786943519816678 -2.1950167453772313 4.0826812219619759 -0.98651247780437767 -1.4526719832420349 5.6918789698964076 -3.2898674836754802 0.4314356782370144 1.10125945409139 0.75024951878237633 -1.7096047588757106 2.6425438642501833 -0.53866218840298452 1.2790007531642915 1.517798790564904 -1.8528866750001907 4.2430506437252733 1.5135211554440586 -1.0072023868560791 -0.52548287760826851 3.5638966369628906 4.1127363918792632 4.6186732572317126 -0.73112743014381054 2.5328469016335227 -0.32185489654541022 2.6057503476187036 -0.056515143125429185 0.8468057231817927 -0.43071658004483715 -1.033544706106186 0.26678527360377102 -2.8290446168184284 2.1923881757827033 2.6901690085728962 0.7091365176168356 3.2630831428196121 -0.13711653727072257 -0.71453272897960884 0.47277867021545283 1.3778680978814761 -1.6622713645299276 0.76819224059581759 0.56524914302730134 2.5716064984047855 -0.23936722830935256 -0.48986371186646549 0.17542580220732809 -0.21591320154828983
leaf_weight=3513 243 71 31 36 20 832 22 35 21 21 115 99 22 34 37 20 213 20 21 20 36 21 458 21 21 897 20 26 20 39 22 23 31 30 21 20 21 22 20 54 3007 175 602 85 23 20 21 36 44 23 27 137 552 75 30 46 35 27 127 44 387 57
leaf_count=3513 243 71 31 36 20 832 22 35 21 21 115 99 22 34 37 20 213 20 21 20 36 21 458 21 21 897 20 26 20 39 22 23 31 30 21 20 21 22 20 54 3007 175 602 85 23 20 21 36 44 23 27 137 552 75 30 46 35 27 127 44 387 57
internal_value=-0.00235518 -0.101311 0.92574 1.36125 -0.154994 -0.172882 1.50372 1.65898 1.84284 1.70694 1.55511 -0.214556 0.540607 0.423988 0.274488 2.24823 -0.230955 0.44245 0.619416 -0.839212 2.02805 3.39657 0.413198 0.767502 0.523764 -0.212913 -0.355745 0.22629 1.69987 1.95485 0.769971 1.577 1.24933 1.62878 2.88149 2.99217 0.344733 1.20127 2.32254 1.81451 -0.176493 0.21228 -0.0852329 -0.0320136 0.0852627 -1.17314 0.290229 0.685135 1.6006 1.76488 1.06164 -0.00974571 0.0164496 0.646203 0.243925 0.732644 -0.462837 1.43521 0.339579 0.55412 0.0337934 0.643315
internal_weight=12849 11611 1238 581 10514 10314 545 503 468 447 416 9307 657 615 581 42 9133 544 478 66 78 42 1097 200 180 8920 42 46 395 310 85 65 176 145 134 42 400 93 95 74 8023 1007 4510 3908 307 43 264 639 80 72 49 3823 3686 174 159 94 65 73 679 559 458 515
internal_count=12849 11611 1238 581 10514 10314 545 503 468 447 416 9307 657 615 581 42 9133 544 478 66 78 42 1097 200 180 8920 42 46 395 310 85 65 176 145 134 42 400 93 95 74 8023 1007 4510 3908 307 43 264 639 80 72 49 3823 3686 174 159 94 65 73 679 559 458 515
is_linear=0
shrinkage=0.05


Tree=68
num_leaves=63
num_cat=0
split_feature=28 4 12 31 7 2 33 37 9 35 18 31 40 34 9 35 35 31 33 32 32 23 31 33 31 35 32 34 32 32 5 35 13 35 20 31 9 31 37 19 18 32 24 8 1 33 33 32 34 2 17 33 31 31 35 5 32 32 12 9 35 31
split_gain=426003 115772 75002.4 74961.4 64445.5 56801.4 81740 55474.7 54690.3 47980.6 75244.4 59299.8 76384.5 87905.4 53980.4 51708.2 77741.2 81107.9 52172.1 59985 47500.7 44487.2 41805.3 97114.1 129365 70372.2 67679 50234 62825.5 41774 41194.6 40858.7 38546.3 36974.5 36715.6 32731.9 29920.2 28476.7 55985.7 28345.9 29471.6 27693.1 27281.1 26817.3 27139.8 26442.9 24954.8 39794.2 24805.7 24117.6 31574.5 74814.9 38750.9 27384.5 27110.5 22381.8 22157.5 21930.8 21780.7 19934.8 18998.6 18078
threshold=1.0000000180025095e-35 1.0000000180025095e-35 1.0000000180025095e-35 282.65000000000003 1.0000000180025095e-35 1.0000000180025095e-35 411.45000000000005 3.5000000000000004 1.0000000180025095e-35 918.1500000000002 1.0000000180025095e-35 205.95000000000002 4.5000000000000009 307.10000000000008 1.0000000180025095e-35 670.35000000000002 588.85000000000002 182.85000000000005 391.25000000000006 400.15000000000003 214.65000000000001 1.0000000180025095e-35 439.55000000000007 277.35000000000008 464.35000000000008 490.15000000000009 113.45000000000002 279.9500000000001 184.85000000000005 221.85000000000005 1.0000000180025095e-35 579.05000000000007 1.0000000180025095e-35 1099.0500000000002 1.0000000180025095e-35 445.15000000000003 1.0000000180025095e-35 405.35000000000008 3.5000000000000004 1.0000000180025095e-35 1.0000000180025095e-35 442.25000000000006 1.0000000180025095e-35 1.0000000180025095e-35 1.0000000180025095e-35 384.15000000000003 54.250000000000007 117.55000000000001 375.65000000000003 1.0000000180025095e-35 1.0000000180025095e-35 83.950000000000017 263.25000000000006 302.25000000000006 786.30000000000007 1.0000000180025095e-35 235.55000000000004 480.35000000000008 1.0000000180025095e-35 1.0000000180025095e-35 1099.0500000000002 105.65000000000002
decision_type=2 2 2 2 2 2 2 2 2 2 2 2 2 2 2 2 2 2 2 2 2 2 2 2 2 2 2 2 2 2 2 2 2 2 2 2 2 2 2 2 2 2 2 2 2 2 2 2 2 2 2 2 2 2 2 2 2 2 2 2 2 2
left_child=1 2 8 9 5 6 21 -8 30 14 11 12 13 -11 15 16 46 -18 19 20 -17 22 25 24 29 -5 -27 28 -28 -24 32 61 34 -7 39 42 55 38 -30 40 43 58 -10 44 49 -13 -2 -48 -34 50 54 52 -52 -53 -1 -4 -26 -43 59 -33 -36 -3
right_child=3 31 36 4 -6 33 7 -9 35 10 -12 45 -14 -15 -16 18 17 -19 -20 -21 -22 -23 23 -25 56 26 27 -29 37 -31 -32 41 48 -35 60 -37 -38 -39 -40 -41 -42 57 -44 -45 -46 -47 47 -49 -50 -51 51 53 -54 -55 -56 -57 -58 -59 -60 -61 -62 -63
leaf_value=-0.37797315928282499 0.34703959891654174 -0.70129249452705122 0.098912281859065948 0.86996835997520849 -0.75573207537333176 -1.8938974568247795 5.1645413494110111 1.7991173485914869 0.14569968437583891 6.2531608559868559 -0.9935264653172986 -1.023950287103653 0.92689093939355915 1.8322800346042802 2.3016831667192519 -0.96863635428573769 4.652182751610165 0.35430148062498673 -2.8633316497008008 -1.9857215158400998 2.0103087039664387 -0.37294931131250719 -2.3961298203468324 -2.1195042351881663 3.5956648893845391 4.921042883396149 -0.72143432010303854 4.4086436033248901 2.5176096572325779 0.83551216185092925 0.094758731542527674 0.30515284931503278 -0.011681888388233252 1.0765326218171554 -0.75543390146267964 0.99649480651822631 1.1432543562917874 3.650798242825728 -0.35270459366881335 0.41155803755555359 -0.00034323028698748416 2.0864681976538324 -1.0500628126018188 -0.03859998034882068 -1.1090281357207608 1.5471844720840455 0.79044819593429572 -2.1521576634159798 1.2345106882698713 -0.059059397751398804 0.52559541344642635 -1.953136374592781 3.6008286356925967 0.43747660025306373 -0.79752126330557771 0.94901725236107337 1.5811783767881848 0.4854264569282532 1.5468601109499627 1.2764264414956172 -2.0467414719717847 0.1666545043822176
leaf_weight=3919 274 71 869 116 36 20 25 24 737 22 29 20 37 23 31 23 21 23 24 31 32 34 20 24 39 24 22 20 65 20 875 442 811 22 153 108 87 26 23 142 718 55 51 655 124 20 20 27 42 587 20 25 21 23 427 85 21 35 47 60 35 387
leaf_count=3919 274 71 869 116 36 20 25 24 737 22 29 20 37 23 31 23 21 23 24 31 32 34 20 24 39 24 22 20 65 20 875 442 811 22 153 108 87 26 23 142 718 55 51 655 124 20 20 27 42 587 20 25 21 23 427 85 21 35 47 60 35 387
internal_value=-0.00223743 -0.0962459 -0.147244 0.879453 1.29319 1.42853 1.57603 3.51617 -0.191514 0.513577 1.29576 1.83993 2.60984 3.9936 0.280159 0.148228 0.434615 2.40556 -0.802055 -0.226815 0.764568 1.36663 1.50745 0.736736 1.42223 1.83032 2.44922 2.06894 1.72486 -0.780309 -0.230344 0.392539 -0.267278 -0.337958 -0.306753 0.180189 0.255605 2.19696 1.76741 -0.287304 -0.302527 0.650878 0.068309 -0.339929 -0.378283 0.261617 0.164453 -0.899985 0.0496781 -0.36024 -0.400103 0.532167 2.10071 -0.807634 -0.419194 0.174655 2.89059 1.46384 0.517606 0.421241 -0.995837 0.0321038
internal_weight=12849 11611 10514 1238 581 545 503 49 9473 657 151 122 82 45 506 475 365 44 110 86 55 454 420 124 100 296 180 156 136 40 8577 1097 7702 42 6849 896 1041 114 88 6661 6519 639 788 5801 5146 40 321 47 853 5022 4435 89 41 48 4346 954 60 90 549 502 188 458
internal_count=12849 11611 10514 1238 581 545 503 49 9473 657 151 122 82 45 506 475 365 44 110 86 55 454 420 124 100 296 180 156 136 40 8577 1097 7702 42 6849 896 1041 114 88 6661 6519 639 788 5801 5146 40 321 47 853 5022 4435 89 41 48 4346 954 60 90 549 502 188 458
is_linear=0
shrinkage=0.05


Tree=69
num_leaves=63
num_cat=0
split_feature=28 17 12 36 25 25 16 38 19 32 34 33 34 33 15 36 2 34 34 23 36 29 36 32 33 32 32 38 29 36 9 36 32 40 32 32 9 36 36 9 36 32 32 32 36 5 2 36 36 32 32 24 13 34 40 32 33 36 36 32 32 23
split_gain=384467 109569 76300.8 71828.2 55610 55049.8 48575.5 50632.5 62297 46471.6 57840.6 46168.9 104468 79850 40937.7 38414.9 39087.4 44386.7 63466.7 51271.6 62621.9 44459.9 75067.8 173111 68040.1 66524.6 56359.2 53956 38335.4 37442.7 35062.9 33223.8 34366.6 50640 106087 55944.7 30052.4 29804 29771.7 29746.4 25787.6 24960.9 78967.6 24415.9 22562.7 22472.5 22167.1 21787.1 21164.6 20886.9 18678.8 17663.4 17521.4 19824.2 33491.5 17872.5 17153.2 16365 15114.8 14903 14604.5 14585.7
threshold=1.0000000180025095e-35 1.0000000180025095e-35 1.0000000180025095e-35 350.67500000000001 1.0000000180025095e-35 1.0000000180025095e-35 1.0000000180025095e-35 1.0000000180025095e-35 1.0000000180025095e-35 211.45000000000002 107.60000000000001 433.05000000000007 60.000000000000007 452.65000000000003 1.0000000180025095e-35 339.34166666666675 1.0000000180025095e-35 279.9500000000001 388.20000000000005 1.0000000180025095e-35 271.56250000000006 1.0000000180025095e-35 267.12500000000006 427.95000000000005 334.15000000000003 364.15000000000003 192.55000000000004 1.0000000180025095e-35 1.0000000180025095e-35 159.68333333333337 1.0000000180025095e-35 205.51666666666668 77.050000000000011 1.5000000000000002 183.65000000000001 291.80000000000001 1.0000000180025095e-35 347.55833333333339 349.01666666666671 1.0000000180025095e-35 377.65000000000009 58.95000000000001 119.35000000000001 235.55000000000004 324.15000000000009 1.0000000180025095e-35 1.0000000180025095e-35 302.01666666666671 305.71000000000004 443.85000000000008 198.45000000000002 1.0000000180025095e-35 1.0000000180025095e-35 79.550000000000011 3.5000000000000004 77.050000000000011 230.25000000000003 278.37500000000006 437.15000000000003 467.75000000000006 84.350000000000009 1.0000000180025095e-35
decision_type=2 2 2 2 2 2 2 2 2 2 2 2 2 2 2 2 2 2 2 2 2 2 2 2 2 2 2 2 2 2 2 2 2 2 2 2 2 2 2 2 2 2 2 2 2 2 2 2 2 2 2 2 2 2 2 2 2 2 2 2 2 2
left_child=1 2 5 4 11 6 7 28 14 -6 -11 15 13 -13 38 16 17 19 -19 21 -21 22 23 24 25 29 60 -28 30 -2 45 41 -33 -34 -35 -36 40 52 -9 -7 -4 -31 -43 -23 -41 46 51 -8 -10 58 -38 61 53 55 -55 -3 -57 -18 -32 -51 -24 -1
right_child=3 37 36 -5 9 39 47 8 48 10 -12 12 -14 -15 -16 -17 57 18 -20 20 -22 43 26 -25 -26 -27 27 -29 -30 31 49 32 33 34 35 -37 50 -39 -40 44 -42 42 -44 -45 -46 -47 -48 -49 -50 59 -52 -53 -54 54 -56 56 -58 -59 -60 -61 -62 -63
leaf_value=-0.16499432673440309 -0.028016596975247544 2.4322438611835242 0.10513444270874964 1.6502361037239837 0.22887692084679237 0.11686588411277753 0.2207119134841142 -0.6474941764810721 -0.042783798606772172 4.477413033522093 1.1090802419185639 1.2256553530693055 -0.44357464154561366 5.6935961818695073 0.1652148906592629 -1.4795556252002717 -1.3165016382932664 3.157792032070649 0.20228075139662802 0.36385250001242669 -3.1288630394708541 0.21899538907137783 0.98511045074462888 -3.8484339216481085 -1.9771143833796185 3.5745482230186463 2.9876687239377926 0.13237660271780832 -0.48153471039921858 0.36079807789237411 0.067739997744655459 1.6592145173287975 2.1112477588653564 -3.7003701437087289 2.1178852640665493 -1.3995544385910035 0.17486462208532519 2.5823548475901288 -1.3923549680563505 0.62083481206732283 0.83896688220205073 4.8307635200023658 1.1791285013943387 -2.1645270710899718 2.5292589255741666 0.099004725605249408 0.081731134802747352 1.4027623246439169 1.1693330044761814 2.0403320903778077 1.6952186368662738 -0.48933251348579559 2.2038011294603348 -0.97858400375415122 1.2231910001847053 0.19051707812717983 1.7418731157268799 0.30294379637791563 1.0947539436189753 0.39955378194009106 -0.61357073307037358 -0.44663628057791638
leaf_weight=3964 141 20 863 222 26 926 108 682 95 26 25 20 30 20 128 25 39 39 34 33 21 22 50 23 24 20 78 21 849 27 626 41 20 21 26 20 31 27 167 59 139 20 57 21 21 725 636 61 58 25 58 587 20 39 31 49 28 26 38 31 20 520
leaf_count=3964 141 20 863 222 26 926 108 682 95 26 25 20 30 20 128 25 39 39 34 33 21 22 50 23 24 20 78 21 849 27 626 41 20 21 26 20 31 27 167 59 139 20 57 21 21 725 636 61 58 25 58 587 20 39 31 49 28 26 38 31 20 520
internal_value=-0.00212556 -0.0914336 -0.112481 0.83548 0.657453 -0.154573 -0.19258 -0.208126 -0.521425 1.94923 2.82627 0.551524 1.78683 3.45963 -0.668339 0.452018 0.509233 0.607522 1.78125 0.486159 -0.994426 0.608784 0.718496 0.374459 0.607376 0.765208 1.61421 2.382 -0.163878 0.614573 -0.12617 1.00511 0.465773 -0.0966539 -0.755729 0.588564 0.285143 1.02947 -0.79401 0.196781 0.206934 1.66891 2.12761 -0.94505 1.1218 -0.16321 -0.196521 0.647369 0.416711 0.204723 1.16566 -0.231419 0.805256 0.637765 -0.00351222 1.10054 0.754647 -0.668723 0.126515 1.13204 0.528344 -0.197656
internal_weight=12849 11611 11397 1238 1016 10306 9300 9131 1130 77 51 939 70 40 977 869 844 779 73 706 54 652 609 440 417 393 169 99 8001 373 7152 232 128 87 67 46 1091 214 849 1006 1002 104 77 43 80 6432 5707 169 153 720 89 5071 187 167 70 97 77 65 664 56 70 4484
internal_count=12849 11611 11397 1238 1016 10306 9300 9131 1130 77 51 939 70 40 977 869 844 779 73 706 54 652 609 440 417 393 169 99 8001 373 7152 232 128 87 67 46 1091 214 849 1006 1002 104 77 43 80 6432 5707 169 153 720 89 5071 187 167 70 97 77 65 664 56 70 4484
is_linear=0
shrinkage=0.05


Tree=70
num_leaves=63
num_cat=0
split_feature=28 16 4 9 23 16 20 30 37 31 34 33 12 34 9 31 25 34 4 33 31 31 34 34 31 34 31 33 31 5 6 31 38 38 33 33 7 12 18 33 1 19 9 31 7 25 31 31 34 33 31 5 33 33 22 33 29 21 31 31 29 29
split_gain=412188 161279 81130.4 63306.2 60158.4 59857.8 52662.6 52210.5 53937.2 49452.2 61838.4 79340.4 46297 51564.4 42197.6 42019.5 37523.1 53820.9 39553.2 52673.7 43077.6 43843.1 42450.4 91537.2 45124.8 60783.6 43497.4 34729.9 34462 33855.6 48459.8 38835.8 149179 74673.3 42211.8 59429.6 32398.8 30166.3 29372.6 34004.8 28548.4 29303.9 29830.8 28382.2 26955.2 25411.8 24338.7 22773.4 22770.2 21480.3 41246.4 20067.2 17236.6 25330.9 17160.7 15997.7 17222.5 20178.7 15454.4 15229.4 15227.1 14130.9
threshold=1.0000000180025095e-35 1.0000000180025095e-35 1.0000000180025095e-35 1.0000000180025095e-35 1.0000000180025095e-35 1.0000000180025095e-35 1.0000000180025095e-35 1.0000000180025095e-35 3.5000000000000004 487.35000000000008 436.30000000000001 479.15000000000003 1.0000000180025095e-35 119.65000000000002 1.0000000180025095e-35 59.050000000000004 1.0000000180025095e-35 104.20000000000002 1.0000000180025095e-35 155.45000000000002 464.35000000000008 477.45000000000005 61.500000000000007 150.65000000000001 158.40000000000003 314.75000000000006 366.75000000000006 129.05000000000004 152.45000000000002 1.0000000180025095e-35 1.0000000180025095e-35 296.75000000000006 1.0000000180025095e-35 1.0000000180025095e-35 89.350000000000009 292.00000000000006 1.0000000180025095e-35 1.0000000180025095e-35 1.0000000180025095e-35 290.25000000000006 1.0000000180025095e-35 1.0000000180025095e-35 1.0000000180025095e-35 251.05000000000004 1.0000000180025095e-35 1.0000000180025095e-35 431.55000000000007 439.55000000000007 477.10000000000008 168.85000000000005 216.75000000000003 1.0000000180025095e-35 336.15000000000003 414.75000000000006 1.0000000180025095e-35 474.05000000000007 1.0000000180025095e-35 1.0000000180025095e-35 375.65000000000003 390.80000000000001 1.0000000180025095e-35 1.0000000180025095e-35
decision_type=2 2 2 2 2 2 2 2 2 2 2 2 2 2 2 2 2 2 2 2 2 2 2 2 2 2 2 2 2 2 2 2 2 2 2 2 2 2 2 2 2 2 2 2 2 2 2 2 2 2 2 2 2 2 2 2 2 2 2 2 2 2
left_child=2 3 4 9 5 6 7 8 28 10 11 12 16 58 37 -10 18 -18 20 -20 22 -22 29 -24 -25 26 -26 -11 -1 30 31 33 34 38 47 -36 40 44 39 -2 41 42 45 55 46 51 52 59 54 -5 -51 61 60 -54 -45 56 57 -17 -14 -33 -4 -30
right_child=1 -3 14 49 -6 -7 -8 -9 15 27 -12 -13 13 -15 -16 43 17 -19 19 -21 21 -23 23 24 25 -27 -28 -29 36 -31 -32 32 -34 -35 35 -37 -38 -39 -40 -41 -42 -43 -44 48 -46 -47 -48 -49 -50 50 -52 -53 53 -55 -56 -57 -58 -59 -60 -61 -62 -63
leaf_value=-0.34182323263535808 0.33169346393247273 5.3048172569274907 0.061173358824750293 1.2712830624608107 -0.51758795284756554 0.79338157739904203 -0.93598364715164228 -1.10851743194715 -1.4132782679146683 3.6043231566747034 2.650257179141045 -2.5762877905368806 1.480506611592842 3.4383197602013063 1.3412620527545611 0.61407980419328956 2.7551735531716122 -0.045427016554207639 0.16310764367763814 3.3458052766437718 3.1178140154591318 0.029136481285095217 -2.9038864797912538 2.2326401579947701 -0.64459585573362277 -2.0396332122385501 2.5436876040697101 0.78316354632377627 -0.12753229198115831 1.9203739690780641 -1.4584592415226831 0.81207001699079384 5.0595882964134224 -2.5931101918220523 -2.8495698799192906 0.91633809046311809 -0.46391316771862057 1.2442564769224687 2.1529114890098575 -1.5920714893341064 -0.89841786677740054 1.026228398969397 0.33654197523484758 0.48203350277572876 -0.77752623539921406 0.26926279091388805 0.8228286439995115 -0.38819288220898862 2.0916141725721817 1.141604733467102 4.1879858224391944 0.19386353746605373 1.4755727385099118 -0.10061930191516877 -0.61233355183350424 1.0799010850489139 -0.64213614375242656 -0.14398980626759059 -0.28090837955474857 1.9356334658556209 -1.0271188226692816 -0.44136878975053184
leaf_weight=1734 283 20 588 43 999 180 197 129 39 24 36 20 33 29 90 122 42 29 26 26 27 20 32 21 23 32 20 20 3549 35 36 101 20 24 20 22 525 66 20 25 98 64 456 625 74 455 139 29 21 20 25 448 52 50 38 32 106 313 20 43 34 399
leaf_count=1734 283 20 588 43 999 180 197 129 39 24 36 20 33 29 90 122 42 29 26 26 27 20 32 21 23 32 20 20 3549 35 36 101 20 24 20 22 525 66 20 25 98 64 456 625 74 455 139 29 21 20 25 448 52 50 38 32 106 313 20 43 34 399
internal_value=-0.0132292 0.85103 -0.105887 0.778374 -0.14845 -0.109755 -0.127141 -0.109733 -0.0954548 0.678462 0.612361 0.543018 0.603121 1.74329 0.304133 0.203046 0.505324 1.61127 0.416598 1.75446 0.333082 1.80348 0.245158 -0.587962 0.184013 -0.389603 0.838327 2.32198 -0.145514 0.407224 0.322215 0.431422 0.929164 0.0991223 0.544938 -0.876951 -0.0887238 0.211071 0.296115 0.175544 -0.0527073 -0.0372763 -0.0501017 0.253195 0.138296 -0.0864467 0.216825 0.890137 0.470652 2.07042 2.83404 -0.123264 0.100479 0.70293 0.41931 -0.0063886 -0.0706423 0.0686182 0.815822 1.14758 0.00168472 -0.15925
internal_weight=12868 1246 11622 1226 10529 9530 9350 9153 9024 1138 1094 1058 1038 82 1093 1296 956 71 885 52 833 47 786 128 96 75 43 44 7728 658 623 587 235 352 215 42 5994 1003 328 308 5469 5371 5307 1257 937 4851 863 173 684 88 45 4396 724 102 663 573 541 435 53 144 622 3948
internal_count=12868 1246 11622 1226 10529 9530 9350 9153 9024 1138 1094 1058 1038 82 1093 1296 956 71 885 52 833 47 786 128 96 75 43 44 7728 658 623 587 235 352 215 42 5994 1003 328 308 5469 5371 5307 1257 937 4851 863 173 684 88 45 4396 724 102 663 573 541 435 53 144 622 3948
is_linear=0
shrinkage=0.05


Tree=71
num_leaves=63
num_cat=0
split_feature=16 37 20 17 31 9 29 23 32 33 36 31 40 34 35 35 14 33 38 21 36 31 31 12 32 36 31 34 33 11 32 36 35 4 34 21 36 31 11 40 33 40 32 33 35 31 13 11 34 32 31 33 11 36 32 36 31 31 36 36 33 31
split_gain=133961 96165.2 84397.6 83652.8 72099.5 70782.5 64100.9 58743.6 70777.4 68158.5 55115.5 47643.4 43582.2 43412 41312.4 39507.2 34760 32984.7 32234 41310.7 60990.2 42208.5 40827.2 30040.8 30039.2 29729.4 27595.7 46672.8 26109.2 24914.5 23610 32248.2 29378.5 23370.7 23217.3 23512.1 63512.1 30362.5 24734.6 25726.6 30978.2 23043.3 22052.5 21991.4 21841.9 21532.4 21364.6 21108.2 20955.5 20839.2 24790.3 27010.6 20543.6 40595.2 20459.4 20431 20015.8 19492.6 24994.3 23187.8 18214.5 18119.1
threshold=1.0000000180025095e-35 4.5000000000000009 1.0000000180025095e-35 1.0000000180025095e-35 191.45000000000002 1.0000000180025095e-35 1.0000000180025095e-35 1.0000000180025095e-35 277.15000000000003 457.15000000000003 278.37500000000006 408.95000000000005 3.5000000000000004 305.70000000000005 1198.6500000000003 1377.7500000000002 1.0000000180025095e-35 384.15000000000003 1.0000000180025095e-35 1.0000000180025095e-35 325.81666666666672 59.050000000000004 408.95000000000005 1.0000000180025095e-35 472.25000000000006 325.81666666666672 96.850000000000009 436.30000000000001 83.950000000000017 1.0000000180025095e-35 383.75000000000006 239.38333333333335 422.45000000000005 1.0000000180025095e-35 393.95000000000005 1.0000000180025095e-35 251.51250000000002 484.15000000000003 1.0000000180025095e-35 1.0000000180025095e-35 434.45000000000005 3.5000000000000004 424.65000000000003 294.05000000000007 521.55000000000007 312.35000000000008 1.0000000180025095e-35 1.0000000180025095e-35 345.80000000000007 412.25000000000006 154.35000000000005 332.75000000000006 1.0000000180025095e-35 309.27500000000003 427.95000000000005 406.92500000000001 169.75000000000003 381.95000000000005 281.71250000000003 254.65000000000006 100.95000000000002 385.35000000000008
decision_type=2 2 2 2 2 2 2 2 2 2 2 2 2 2 2 2 2 2 2 2 2 2 2 2 2 2 2 2 2 2 2 2 2 2 2 2 2 2 2 2 2 2 2 2 2 2 2 2 2 2 2 2 2 2 2 2 2 2 2 2 2 2
left_child=1 2 3 5 41 6 7 8 16 18 45 23 -12 -13 49 33 26 25 19 21 22 -10 24 46 -21 42 -1 34 -26 44 32 -32 -23 55 35 38 37 -37 39 43 57 -5 -4 60 -9 -6 -3 -34 -20 50 -2 -52 -8 -54 61 -7 -25 -41 59 -59 -28 -11
right_child=14 11 17 4 10 15 52 29 9 54 12 13 -14 -15 -16 -17 -18 -19 48 20 -22 30 -24 56 28 -27 27 -29 -30 -31 31 -33 47 -35 -36 36 -38 -39 -40 40 -42 -43 -44 -45 -46 -47 -48 -49 -50 -51 51 -53 53 -55 -56 -57 -58 58 -60 -61 -62 -63
leaf_value=-0.39496315538863547 -0.30476458370685577 0.36287394674435819 -0.69616907815533613 -1.951029763221741 1.3700336990257105 0.12940357171288494 -0.42552803483865864 -0.64668623189163676 -1.5101657004268081 0.48681750878309593 1.0088290302455425 0.63682990749092672 3.6575415771181987 2.5456942881053348 2.6956149018124531 2.0079570030464846 -1.0527103702645553 -2.554632113774618 -0.41499121473622469 0.088823468361974078 -1.2195069838430463 1.9197400836944583 1.1145013016131189 0.11422705560922625 0.062231765474591944 -1.9998770755529405 -0.23110814900719562 2.1933898994132228 -2.3081541620768031 -1.3555163489735644 2.6399753865741551 0.64239502705312135 0.32032348550481715 1.1119658429127235 -1.5838684697151184 -0.11973854309226584 -0.94966569649986932 1.4213316801822549 -0.36287070343660754 -0.0049911406655127185 1.3543448474258186 0.34695955266555156 1.0764274907112121 -1.5015066265156776 -0.13825029988701529 -0.51827881978108337 -0.63134844433516268 -0.52002323359736935 0.87808030264718195 2.3353833743117072 0.65282891972731516 2.4005666683460105 -0.52684085093134525 -3.1543757665724983 2.9635700316656206 0.93021815514022654 2.051485747024417 0.37443567514419557 0.17327142233924833 1.8805147297160572 1.1449389214515686 2.1908427083721529
leaf_weight=663 45 347 143 20 36 839 891 385 27 39 25 68 41 53 38 34 95 30 299 391 97 25 90 20 21 40 632 23 26 69 21 533 398 77 25 1016 256 33 430 2305 48 24 20 33 468 26 64 92 35 22 93 29 49 21 21 88 40 63 892 43 25 26
leaf_count=663 45 347 143 20 36 839 891 385 27 39 25 68 41 53 38 34 95 30 299 391 97 25 90 20 21 40 632 23 26 69 21 533 398 77 25 1016 256 33 430 2305 48 24 20 33 468 26 64 92 35 22 93 29 49 21 21 88 40 63 892 43 25 26
internal_value=-0.0125677 -0.0341862 -0.0647547 -0.0461723 1.04844 -0.0623415 -0.100907 -0.062107 -0.0219897 0.227731 1.64864 0.587975 2.65424 1.47294 1.19131 0.331716 -0.103219 -1.00711 0.170019 0.257257 -0.0671396 0.442246 0.144564 0.360626 -0.0547378 -0.778417 -0.0893142 -0.0545194 -1.24905 -0.441655 0.491559 0.718116 0.247845 0.27495 -0.063432 -0.0568511 -0.243575 -0.0712587 -0.00235011 0.0360126 0.0932598 -0.697581 -0.478673 -0.24201 -0.367732 0.578161 0.208056 0.162544 -0.27949 0.888855 0.698294 1.06827 -0.490325 -1.3151 1.60678 0.205425 1.40573 0.0749334 0.259529 0.985392 -0.178747 1.16843
internal_weight=12868 12641 12049 11816 172 11644 10606 9645 8723 2141 128 592 66 121 227 1038 6582 233 2055 1721 625 1096 528 471 438 203 6487 5824 47 922 1069 554 515 1004 5801 5776 1305 1049 4471 4041 3351 44 163 690 853 62 411 490 334 189 167 122 961 70 86 927 60 3303 998 106 657 65
internal_count=12868 12641 12049 11816 172 11644 10606 9645 8723 2141 128 592 66 121 227 1038 6582 233 2055 1721 625 1096 528 471 438 203 6487 5824 47 922 1069 554 515 1004 5801 5776 1305 1049 4471 4041 3351 44 163 690 853 62 411 490 334 189 167 122 961 70 86 927 60 3303 998 106 657 65
is_linear=0
shrinkage=0.05


Tree=72
num_leaves=63
num_cat=0
split_feature=28 16 17 0 36 12 9 7 1 35 40 11 35 30 31 34 34 12 35 36 36 35 35 36 31 36 34 31 36 36 36 40 36 36 36 24 31 40 35 24 35 40 36 31 31 36 20 40 31 22 29 31 36 34 34 37 35 36 31 35 11 31
split_gain=364936 141084 74815.3 79463.6 62274.3 60570.1 56373.2 56006.9 50433.8 48830.3 45161.1 44973.7 61275 49067.3 44611 54217.3 42104.2 46558.8 62121.2 41608 73435.6 84221 71701.9 80013.9 41666 47601.9 45825 44282.4 41521.9 40875.3 39132.6 33311.7 109637 45126.6 30850.5 30741 28998.7 43606 28381.6 27322.6 25976 25874.2 25007.9 23818.1 26050.8 22340.5 19458.5 18936.6 16831.4 16740 19777.4 16700.8 17824.4 16653.2 16624.3 22828.3 19630.6 22633.3 22143.5 16107.8 15668.7 15344
threshold=1.0000000180025095e-35 1.0000000180025095e-35 1.0000000180025095e-35 1.0000000180025095e-35 278.37500000000006 1.0000000180025095e-35 1.0000000180025095e-35 1.0000000180025095e-35 1.0000000180025095e-35 1045.6000000000001 3.5000000000000004 1.0000000180025095e-35 483.4500000000001 1.0000000180025095e-35 487.35000000000008 436.30000000000001 392.4500000000001 1.0000000180025095e-35 1036.0000000000002 206.81666666666669 227.41666666666669 644.05000000000018 686.45000000000016 241.60000000000005 227.65000000000001 354.05000000000007 194.40000000000003 448.05000000000007 373.83333333333337 300.5750000000001 241.60000000000005 5.5000000000000009 272.71250000000003 280.54166666666674 270.65833333333336 1.0000000180025095e-35 137.35000000000005 4.5000000000000009 892.35000000000002 1.0000000180025095e-35 1018.5500000000001 4.5000000000000009 318.41250000000008 345.15000000000003 273.45000000000005 206.81666666666669 1.0000000180025095e-35 1.0000000180025095e-35 83.050000000000011 1.0000000180025095e-35 1.0000000180025095e-35 456.35000000000008 246.32500000000005 283.35000000000008 76.950000000000003 3.5000000000000004 500.15000000000003 146.36500000000004 137.35000000000005 1377.7500000000002 1.0000000180025095e-35 360.35000000000008
decision_type=2 2 2 2 2 2 2 2 2 2 2 2 2 2 2 2 2 2 2 2 2 2 2 2 2 2 2 2 2 2 2 2 2 2 2 2 2 2 2 2 2 2 2 2 2 2 2 2 2 2 2 2 2 2 2 2 2 2 2 2 2 2
left_child=2 6 5 4 -4 7 14 8 11 41 -6 12 48 35 15 16 17 19 45 43 21 -21 30 -24 36 26 27 29 -27 34 -22 32 -32 -33 -26 40 -25 -38 -7 59 51 -8 -35 44 54 -19 47 -42 -1 50 -49 -14 -53 -28 55 56 57 -2 -59 -40 -9 -12
right_child=1 -3 3 -5 10 38 9 60 -10 -11 61 -13 13 -15 -16 -17 -18 18 -20 20 22 -23 23 24 25 28 53 -29 -30 -31 31 33 -34 42 -36 -37 37 -39 39 -41 46 -43 -44 -45 -46 -47 -48 49 -50 -51 -52 52 -54 -55 -56 -57 -58 58 -60 -61 -62 -63
leaf_value=-0.4831884297219719 -0.4299035606152834 4.9668982863426212 0.44536358457951508 -2.096718622389294 0.84695570831817957 0.075979300412974404 2.4114999055862429 -0.45463208069986216 -0.91136344541723924 4.124329242706299 4.3652728775143625 -0.43582196804545692 0.068200539181939288 -0.97494353824159485 2.2000337589870802 2.4844448596239093 -1.5162169456481935 1.8993938227494558 3.6660265118987478 0.2308511861733028 3.2621935655176646 3.8871357364786996 -2.1618416078187326 0.71489276452498007 1.4501125418621561 -1.8268775025010109 -1.3156988131999972 3.5252334804534913 0.47122818043357451 2.3311719585687687 -1.9875614965663235 3.8251754903793334 1.2380002410238626 -0.31067532357715427 -1.1124846955140433 -0.21741668282664547 -0.055924515962600709 -3.1081087589263916 0.67988739551633204 -0.46898405970411106 -0.048348188764786214 0.44721033557465201 1.7789313491185508 -1.6659921101161412 1.8184005790948867 -0.1186478192685172 -0.69761640102632594 1.0700508391145955 -0.14834452826578262 -0.31689130988191155 0.24438726398348809 1.3283867003966352 0.29982348454991981 0.70027902126312258 -1.2049115659935135 1.6163205612789502 -1.5267835242407664 2.1101634888421921 0.21086323244105043 1.7917985124415474 -1.2110123837165334 2.4517311526970431
leaf_weight=410 94 20 121 21 31 754 30 916 195 20 20 893 1918 103 44 36 25 24 27 28 20 36 37 22 23 30 20 25 57 39 34 20 117 21 24 526 25 22 228 47 93 38 45 21 20 32 31 264 4434 34 100 49 300 21 28 22 21 21 57 38 74 22
leaf_count=410 94 20 121 21 31 754 30 916 195 20 20 893 1918 103 44 36 25 24 27 28 20 36 37 22 23 30 20 25 57 39 34 20 117 21 24 526 25 22 228 47 93 38 45 21 20 32 31 264 4434 34 100 49 300 21 28 22 21 21 57 38 74 22
internal_value=-0.0119393 0.801274 -0.0991243 0.824917 1.14118 -0.116541 0.733319 -0.153552 -0.115687 1.95256 2.29451 -0.0987389 -0.0623052 0.0997957 0.639036 0.576254 0.511325 0.560394 1.69604 0.461175 0.677256 2.28751 0.506067 0.0350958 0.299014 0.611486 1.14534 1.67297 -0.321222 1.13452 1.1383 0.959072 0.511715 1.74455 0.141552 0.133189 -0.783317 -1.48461 0.242126 0.642366 0.199312 1.31381 1.11406 -0.045553 0.0838357 0.746227 0.517309 0.594015 -0.176686 0.744115 0.84322 0.12609 0.444235 -0.283125 -0.0589268 0.0903177 -0.0836308 0.092568 0.722213 0.838732 -0.51117 3.36294
internal_weight=12868 1246 11622 215 194 11407 1226 10340 9350 88 73 9155 8262 3418 1138 1094 1058 1033 83 950 666 64 602 345 308 239 152 111 87 86 257 237 151 86 47 3315 69 47 1067 313 2789 68 66 284 263 56 522 491 4844 398 364 2267 349 41 243 215 193 172 78 266 990 42
internal_count=12868 1246 11622 215 194 11407 1226 10340 9350 88 73 9155 8262 3418 1138 1094 1058 1033 83 950 666 64 602 345 308 239 152 111 87 86 257 237 151 86 47 3315 69 47 1067 313 2789 68 66 284 263 56 522 491 4844 398 364 2267 349 41 243 215 193 172 78 266 990 42
is_linear=0
shrinkage=0.05


Tree=73
num_leaves=63
num_cat=0
split_feature=28 16 4 9 23 16 0 35 35 32 31 34 34 12 35 12 35 35 25 32 35 34 35 31 31 31 40 35 35 4 7 25 7 32 31 32 32 34 35 29 20 17 35 32 9 31 40 31 24 31 32 35 31 31 32 30 31 35 34 9 31 31
split_gain=329355 127328 68534.1 50876.8 50494.8 46433 45530.2 55516.8 44069.4 42911.6 40261.4 48931.1 37999 42019.3 56064.4 33885.5 32940.6 32155.3 31143.8 54234.6 36802.5 80424.6 57895.7 51450.1 35267.1 44389.7 53296.9 48890.1 44455.4 36889.7 30921.3 30088.2 29943 28850.8 71900.1 66593.5 36320.1 27781.4 51100.9 26453.1 26220.8 31209.6 29034.2 27086.1 25202 22976.7 22492.6 22399.8 22375.5 24472.7 25157.9 33273.3 21805.6 24792.3 20500.3 20427.1 18407.8 18011.5 24991.9 20401.6 17781 17011
threshold=1.0000000180025095e-35 1.0000000180025095e-35 1.0000000180025095e-35 1.0000000180025095e-35 1.0000000180025095e-35 1.0000000180025095e-35 1.0000000180025095e-35 1140.5000000000002 1045.6000000000001 174.95000000000002 487.35000000000008 436.30000000000001 392.4500000000001 1.0000000180025095e-35 1036.0000000000002 1.0000000180025095e-35 716.85000000000002 1026.7 1.0000000180025095e-35 277.15000000000003 1055.3000000000004 335.00000000000006 1257.3500000000001 464.35000000000008 439.55000000000007 426.55000000000007 1.0000000180025095e-35 711.55000000000007 976.85000000000002 1.0000000180025095e-35 1.0000000180025095e-35 1.0000000180025095e-35 1.0000000180025095e-35 402.15000000000003 189.95000000000002 364.15000000000003 286.45000000000005 61.500000000000007 763.75000000000011 1.0000000180025095e-35 1.0000000180025095e-35 1.0000000180025095e-35 579.05000000000007 51.95000000000001 1.0000000180025095e-35 240.15000000000001 3.5000000000000004 177.15000000000001 1.0000000180025095e-35 431.55000000000007 442.25000000000006 976.85000000000002 312.35000000000008 150.75000000000003 412.25000000000006 1.0000000180025095e-35 419.55000000000007 1522.8500000000001 429.35000000000008 1.0000000180025095e-35 381.95000000000005 449.65000000000003
decision_type=2 2 2 2 2 2 2 2 2 2 2 2 2 2 2 2 2 2 2 2 2 2 2 2 2 2 2 2 2 2 2 2 2 2 2 2 2 2 2 2 2 2 2 2 2 2 2 2 2 2 2 2 2 2 2 2 2 2 2 2 2 2
left_child=2 3 4 10 5 6 7 30 9 -5 11 12 13 18 -15 32 -11 -17 20 -20 23 22 46 24 25 26 27 47 29 33 40 39 44 35 -35 36 37 38 60 57 41 42 -1 -43 48 -38 -22 -2 49 50 -4 -52 53 -45 -7 -44 -41 58 59 -9 -28 -26
right_child=1 -3 15 8 -6 54 -8 31 -10 16 -12 -13 -14 14 -16 17 -18 -19 19 -21 21 -23 -24 -25 61 -27 28 -29 -30 -31 -32 -33 -34 34 -36 -37 45 -39 -40 56 -42 43 55 52 -46 -47 -48 -49 -50 -51 51 -53 -54 -55 -56 -57 -58 -59 -60 -61 -62 -63
leaf_value=-0.15568491727261466 0.95566457953208528 4.7185534965991982 0.080983930969938084 -0.56811069575223061 -0.47148026957421812 0.44948392550687538 -0.80031037505002733 0.3528668594914019 3.91811279296875 3.576630449011212 2.0900319813327357 2.3602225528823007 -1.4404060554504394 0.70891582760294636 3.4827251799818542 0.64933118242025378 0.89044941711425796 2.9808052244640533 -0.020516749764933732 2.7675249267268827 -0.91319430943193114 2.3549370193481445 0.93669347365697231 2.409924497026386 -2.0270318911189125 2.4635269637461064 0.36624963590907278 -2.1685928919736077 2.5072519380984635 2.2618754139968327 -0.42181742766406388 1.2004824247556865 -0.74553980380296714 1.4736023861428966 -2.168129769238559 3.0387220573425293 -2.2489963674545286 -1.0759318873882293 3.1034455132484435 -1.0269050458354541 -0.74786757376809787 2.4073610836267472 0.088447092790321688 -0.54957036256790159 1.118173566660339 0.14770364522933963 -2.7961784226553785 -0.68150175316466233 -0.57449748980173154 0.93631029550622158 0.1573394366673061 2.8275453412532805 -0.70555842538033764 1.573560363460671 1.8451458047144116 -0.93453787802159793 0.58405831646919248 1.6880818990560678 -0.61796270447044543 1.6533364844322205 1.50315917577499 0.010490379333496095
leaf_weight=5448 39 20 609 22 999 148 235 218 20 21 44 36 25 56 27 50 25 21 33 37 29 20 24 33 21 27 291 34 29 28 800 97 76 23 33 25 20 25 20 61 151 20 2031 20 83 20 35 45 83 123 28 20 31 44 32 50 25 26 58 35 39 20
leaf_count=5448 39 20 609 22 999 148 235 218 20 21 44 36 25 56 27 50 25 21 33 37 29 20 24 33 21 27 291 34 29 28 800 97 76 23 33 25 20 25 20 61 151 20 2031 20 83 20 35 45 83 123 28 20 31 44 32 50 25 26 58 35 39 20
internal_value=-0.0113424 0.76121 -0.094168 0.696653 -0.133288 -0.0978365 -0.11315 -0.0954336 1.85494 1.24812 0.607084 0.547441 0.485759 0.532374 1.61124 0.28268 2.11675 1.33892 0.438116 1.45316 0.357373 -0.507125 -1.15759 0.478314 0.392058 0.475771 0.395787 -0.568888 0.601631 0.496167 -0.125785 0.406244 0.209301 0.39649 -0.672418 0.532533 0.381558 0.534327 0.649345 0.224114 -0.0954035 -0.0825147 -0.095001 0.734958 0.286012 -1.05065 -1.94295 0.0786112 0.205977 0.289028 0.167847 1.26993 0.382873 0.910082 0.697602 0.0638679 -0.558602 0.423858 0.318167 0.532774 0.500612 -1.03312
internal_weight=12868 1246 11622 1226 10529 9530 9350 9115 88 68 1138 1094 1058 1033 83 1093 46 71 950 70 880 108 88 772 739 698 671 118 553 524 8595 520 1022 496 56 440 415 375 350 423 7795 7644 7529 115 946 40 64 84 863 780 657 48 95 64 180 2081 86 337 311 253 330 41
internal_count=12868 1246 11622 1226 10529 9530 9350 9115 88 68 1138 1094 1058 1033 83 1093 46 71 950 70 880 108 88 772 739 698 671 118 553 524 8595 520 1022 496 56 440 415 375 350 423 7795 7644 7529 115 946 40 64 84 863 780 657 48 95 64 180 2081 86 337 311 253 330 41
is_linear=0
shrinkage=0.05


Tree=74
num_leaves=63
num_cat=0
split_feature=28 16 4 36 9 14 16 25 32 30 33 33 31 39 31 33 39 35 25 31 35 20 29 19 37 35 36 38 31 12 31 37 39 35 31 31 36 33 31 36 32 9 39 40 34 36 31 36 32 31 33 32 36 35 32 36 36 31 36 31 36 9
split_gain=297243 114914 61852 48374.9 50560.9 47062.7 48796.5 43672.1 39377.6 36839.9 35561 61060 46985 123117 61914.7 82345.1 75586.2 79099.5 40845 40574.9 34968.6 32228 33093.9 32252.7 31482.7 36367.5 80722.8 59853.7 31799.5 30581.7 29977 37111.1 29887.9 29020.1 28947 28178.3 36472.5 51321.1 26943.5 26120.7 25221.3 23664 22281.9 21963.5 30452.7 23283 30756.5 21729.5 21029 28530 19919.1 22184.7 19690.1 18882.5 19942.4 18038.6 17360 17024.8 17005.4 16970.1 15652.8 15532.1
threshold=1.0000000180025095e-35 1.0000000180025095e-35 1.0000000180025095e-35 179.51250000000002 1.0000000180025095e-35 1.0000000180025095e-35 1.0000000180025095e-35 1.0000000180025095e-35 186.75000000000003 1.0000000180025095e-35 468.85000000000008 451.40000000000003 103.65000000000002 1.0000000180025095e-35 227.65000000000001 371.65000000000003 1.0000000180025095e-35 670.35000000000002 1.0000000180025095e-35 164.25000000000003 1099.0500000000002 1.0000000180025095e-35 1.0000000180025095e-35 1.0000000180025095e-35 4.5000000000000009 912.95000000000016 273.75000000000006 1.0000000180025095e-35 454.65000000000003 1.0000000180025095e-35 70.850000000000009 3.5000000000000004 1.0000000180025095e-35 1026.7 479.05000000000007 439.55000000000007 221.75000000000003 55.650000000000013 196.45000000000002 153.15833333333336 61.150000000000013 1.0000000180025095e-35 1.0000000180025095e-35 1.0000000180025095e-35 317.75000000000006 310.41666666666674 451.55000000000007 310.41666666666674 101.25000000000001 98.550000000000011 354.2000000000001 435.35000000000008 312.83333333333337 1198.6500000000003 410.75000000000006 210.33750000000003 371.92500000000007 286.05000000000007 325.81666666666672 469.35000000000008 279.31666666666672 1.0000000180025095e-35
decision_type=2 2 2 2 2 2 2 2 2 2 2 2 2 2 2 2 2 2 2 2 2 2 2 2 2 2 2 2 2 2 2 2 2 2 2 2 2 2 2 2 2 2 2 2 2 2 2 2 2 2 2 2 2 2 2 2 2 2 2 2 2 2
left_child=2 3 5 32 10 6 7 9 -6 21 11 12 13 -5 15 16 17 38 24 -18 52 22 23 30 25 27 -27 28 35 41 -1 42 40 -31 -30 36 -16 -38 -14 -34 -2 56 61 -28 45 -45 -47 -20 -42 -50 59 -52 -9 54 -8 -23 -4 -10 -43 -33 -25 -32
right_child=1 -3 29 4 8 -7 53 20 57 -11 -12 -13 14 -15 18 -17 19 -19 47 -21 -22 55 -24 60 -26 26 43 -29 34 33 31 50 39 -35 -36 -37 37 -39 -40 -41 48 58 -44 44 -46 46 -48 -49 49 -51 51 -53 -54 -55 -56 -57 -58 -59 -60 -61 -62 -63
leaf_value=-0.56385770692791748 -0.38363619805486115 4.4826258341968055 0.039606603379297778 4.8781587642172113 0.28324027494950726 -0.85705688070781805 0.27175915657087812 -0.076696282258707088 2.0149673255284628 -0.97350651973681723 -0.76608341871163788 3.1178233667656228 -0.45170915110243692 -0.099992311442339873 2.4271093452142347 -2.3689756543295726 3.2051941375732422 -2.7118462101618448 3.2833748621940617 0.62479673799795987 0.9441643531665318 -0.071346000609574495 -0.42427571493932342 0.17118217789701054 2.1909663288933889 -2.49145626227061 -0.94827011284374052 3.4343609246340665 3.0170760560918737 0.61686460828781131 -0.10304602323579695 -0.03153961267695498 -0.03006733448609062 2.8317649727775938 0.77772242792191049 -1.140204323893008 0.79416085180138873 -1.1998143629023905 1.6849747403897348 -2.5007520341873168 2.1254204071086384 0.605360812498973 -0.26575015131889868 1.7077728509902954 2.4293466910071997 0.71018709581759243 -1.6975841397330875 1.1016815730503626 1.5646102836637787 -0.32215747622882618 0.3690893912778026 1.6117301435697649 0.45705191056399297 1.9598151257404917 1.9686052495241164 -1.1761357504078467 0.6602056003822625 3.8230748907379488 2.2726139467954636 0.95768104962846068 1.2717390327652296 0.19746171539846047
leaf_weight=355 81 20 806 23 22 216 129 617 30 137 39 27 36 27 27 35 25 30 25 39 133 54 885 70 35 27 21 22 27 50 3918 559 23 21 31 23 214 38 25 20 23 65 2173 23 23 36 21 21 33 51 248 42 240 26 20 117 131 23 20 47 60 483
leaf_count=355 81 20 806 23 22 216 129 617 30 137 39 27 36 27 27 35 25 30 25 39 133 54 885 70 35 27 21 22 27 50 3918 559 23 21 31 23 214 38 25 20 23 65 2173 23 23 36 21 21 33 51 248 42 240 26 20 117 131 23 20 47 60 483
internal_value=-0.0107752 0.723149 -0.0894596 0.66182 0.813152 -0.126624 -0.111325 -0.125615 2.06148 -0.159754 0.711386 0.77679 0.702776 2.18996 0.61029 -0.178472 0.316157 -0.609808 0.854369 1.63276 0.189843 -0.147382 -0.13423 -0.101962 0.738315 0.642926 -0.0139853 0.902595 0.747875 0.268546 -0.114939 -0.0936048 0.00998119 1.27198 1.82018 0.541936 0.680607 0.493482 0.423981 -1.17922 0.28198 0.198836 -0.134748 0.525464 0.825934 0.364953 -0.176887 2.28738 0.785858 0.419073 0.208267 0.549058 0.0727781 0.716481 0.499524 -0.827255 0.126371 2.79962 0.997656 0.0451821 0.679131 -0.070066
internal_weight=12868 1246 11622 1226 995 10529 10313 10138 75 9148 920 881 854 50 804 190 155 91 614 64 990 9011 8840 7955 568 533 151 382 360 1093 7825 7470 231 71 58 302 279 252 61 43 188 1022 6574 124 103 80 57 46 107 84 896 290 857 175 149 171 937 53 85 606 130 4401
internal_count=12868 1246 11622 1226 995 10529 10313 10138 75 9148 920 881 854 50 804 190 155 91 614 64 990 9011 8840 7955 568 533 151 382 360 1093 7825 7470 231 71 58 302 279 252 61 43 188 1022 6574 124 103 80 57 46 107 84 896 290 857 175 149 171 937 53 85 606 130 4401
is_linear=0
shrinkage=0.05


Tree=75
num_leaves=63
num_cat=0
split_feature=28 4 4 33 7 33 9 22 9 40 36 39 33 32 35 33 36 7 33 7 33 36 32 32 33 32 32 35 36 13 20 23 35 38 36 0 35 36 36 24 36 32 35 32 14 35 33 33 40 32 32 37 7 36 36 35 40 36 29 35 24 35
split_gain=235189 73886.2 73208.9 67661.5 50306.1 50808.2 41750.6 43384.8 33131.1 41954.3 35741.6 49121.2 121975 63302.9 53266.3 56837.9 53672.9 51152.2 48921.5 88130.3 41327.4 40173.7 58373.1 44129.5 65740.7 38975.4 64910.6 35175.6 33662.1 32299.7 34994.3 29575.7 33749.1 29575.7 28463 26980.2 26356.5 26039.2 25791.2 25742.3 25502.6 24082.6 52638.7 24244.1 23824.9 22236.1 21939.1 21026.9 33119 20683.2 25509.1 20278.3 18410.2 18400.2 18332.8 18281.3 18149.2 16314.1 16213 15505.5 15012.9 14836.5
threshold=1.0000000180025095e-35 1.0000000180025095e-35 1.0000000180025095e-35 155.45000000000002 1.0000000180025095e-35 489.35000000000008 1.0000000180025095e-35 1.0000000180025095e-35 1.0000000180025095e-35 5.5000000000000009 314.11666666666673 1.0000000180025095e-35 417.65000000000003 421.65000000000003 486.05000000000007 83.950000000000017 276.02500000000003 1.0000000180025095e-35 462.65000000000003 1.0000000180025095e-35 434.45000000000005 264.71666666666675 382.00000000000006 412.25000000000006 317.40000000000003 142.45000000000002 280.85000000000008 716.85000000000002 282.87083333333339 1.0000000180025095e-35 1.0000000180025095e-35 1.0000000180025095e-35 892.35000000000002 1.0000000180025095e-35 308.02500000000003 1.0000000180025095e-35 706.35000000000014 357.87500000000006 297.71666666666675 1.0000000180025095e-35 91.737500000000011 244.65000000000001 492.45000000000005 476.65000000000003 1.0000000180025095e-35 953.35000000000014 127.45000000000002 405.35000000000008 1.5000000000000002 412.25000000000006 345.15000000000003 2.5000000000000004 1.0000000180025095e-35 120.62500000000001 224.02500000000003 1274.3500000000001 3.5000000000000004 286.35833333333341 1.0000000180025095e-35 1227.5000000000002 1.0000000180025095e-35 149.40000000000003
decision_type=2 2 2 2 2 2 2 2 2 2 2 2 2 2 2 2 2 2 2 2 2 2 2 2 2 2 2 2 2 2 2 2 2 2 2 2 2 2 2 2 2 2 2 2 2 2 2 2 2 2 2 2 2 2 2 2 2 2 2 2 2 2
left_child=2 8 4 -3 5 6 7 29 10 34 11 20 13 14 -13 -16 17 36 19 41 21 23 25 24 27 28 -27 40 -23 30 31 32 44 -31 -10 58 -17 52 -5 53 -2 42 -12 47 60 -38 51 48 -43 50 -50 -42 55 -8 -32 -4 -35 -7 -34 -55 61 -1
right_child=1 3 37 38 -6 57 39 -9 9 -11 18 12 -14 -15 15 16 -18 -19 -20 -21 -22 22 -24 -25 -26 26 -28 -29 -30 33 54 -33 35 56 -36 -37 45 -39 -40 -41 46 43 -44 -45 -46 -47 -48 -49 49 -51 -52 -53 -54 59 -56 -57 -58 -59 -60 -61 -62 -63
leaf_value=-0.29275714890540055 -1.0311341660221418 0.31750450730323793 0.21639090860251115 4.3524554729461675 -0.45247466361037703 2.4429561810059983 -0.51499103824316994 -0.72889599415377304 3.3011503219604492 0.075323481112718582 0.88544452702999132 -1.4118260479635663 -4.0236876207590102 -2.1117941705385843 2.3043730456204643 -1.3088723854585129 -1.554515903962381 2.8404791888983354 -1.2575356702009837 4.2114920048486617 2.6458377672278366 3.2707381319999698 3.3081273498358552 -1.9155202202174975 -2.4252165722846986 -2.4910686957836154 1.1863002371788025 2.0498407056007317 0.49328824592133363 0.075894508576204112 -0.14101408382256828 -0.4203666867717864 0.46231396777194833 0.38933640213476289 0.89666564762592316 -0.90452489675359526 1.5707310952923514 0.86945530633474233 2.053907159489134 -0.73949665846303114 0.43626488389048962 1.2102303748950363 3.5868582779710945 1.8854216371973356 -0.96436804321738667 -0.42947379052639012 -0.91834655602773041 1.5980336881819226 -1.1600109558839065 -1.8507347796971982 1.1533333144404672 1.6610439878844081 -0.56494734481804909 0.31067101482043952 -1.2241026278053013 1.3111608510278165 1.766082340045724 0.74011764770899069 -0.19894781279634979 1.2472306002327738 -0.36258923542055455 -0.053590026792934058
leaf_weight=762 30 32 817 26 1027 22 64 290 32 32 100 36 20 30 42 22 33 23 24 21 23 20 27 23 20 20 30 34 24 812 60 756 496 54 20 47 33 174 23 64 173 32 22 24 84 24 24 21 26 26 22 42 72 740 112 40 43 39 114 47 557 4351
leaf_count=762 30 32 817 26 1027 22 64 290 32 32 100 36 20 30 42 22 33 23 24 21 23 20 27 23 20 20 30 34 24 812 60 756 496 54 20 47 33 174 23 64 173 32 22 24 84 24 24 21 26 26 22 42 72 740 112 40 43 39 114 47 557 4351
internal_value=-0.00985098 0.645935 -0.0794621 2.10573 -0.120017 -0.0841299 -0.0934118 -0.127811 0.54356 1.49977 0.468563 0.280857 -0.270365 0.0385501 0.341415 0.698007 0.198249 0.765319 0.913038 1.09023 0.576718 0.474812 1.25901 0.200568 0.351249 0.67044 -0.284647 0.534515 1.75577 -0.106677 -0.141499 -0.124585 -0.089706 0.174469 2.37635 0.249795 0.161159 0.308111 3.27355 0.227573 0.342986 0.85013 1.37258 0.428014 -0.128471 0.72854 0.51547 0.152599 -0.133761 -0.714947 -0.0997282 0.675524 0.202973 0.300302 -0.846281 0.267489 0.999646 1.35426 0.338734 0.366603 -0.116087 -0.0892336
internal_weight=12880 1236 11644 81 10541 9514 9453 8538 1155 84 1071 753 263 243 213 177 135 102 318 294 490 467 121 346 323 94 50 303 44 8248 7339 7167 6411 909 52 657 79 1103 49 915 269 273 122 151 5754 57 239 127 106 74 48 215 929 851 172 857 97 61 610 787 5670 5113
internal_count=12880 1236 11644 81 10541 9514 9453 8538 1155 84 1071 753 263 243 213 177 135 102 318 294 490 467 121 346 323 94 50 303 44 8248 7339 7167 6411 909 52 657 79 1103 49 915 269 273 122 151 5754 57 239 127 106 74 48 215 929 851 172 857 97 61 610 787 5670 5113
is_linear=0
shrinkage=0.05


Tree=76
num_leaves=63
num_cat=0
split_feature=28 17 23 12 20 36 20 9 40 39 36 32 8 32 36 34 13 32 32 36 24 25 11 33 34 36 40 32 24 37 10 34 33 40 11 32 39 33 36 7 32 32 32 40 36 32 32 36 33 34 36 11 16 36 24 9 30 36 25 37 21 16
split_gain=212258 64945.8 55681.7 53997 47240.9 42531.6 38743.8 38059 44460.6 43942.9 38276.3 74622.4 48901.1 34815 33597.2 43999.9 37175.4 54889 64573 52933.7 35148.6 43293.1 37304.8 47669.5 40924.7 31915.5 51631.9 31447 31340.3 36570.2 28736.1 40949.3 48889.8 89767.2 28533.4 27709 27130.9 33908 35334.4 27008.9 25099.8 81129.3 47358.1 56698.1 43015.6 45803.3 23994.8 22546.4 22493.7 20793.7 20446.7 20299.9 18634.3 18108.2 17523.9 16808.5 16374.7 15383.6 14483.4 13328.7 21369.6 18492.3
threshold=1.0000000180025095e-35 1.0000000180025095e-35 1.0000000180025095e-35 1.0000000180025095e-35 1.0000000180025095e-35 347.55833333333339 1.0000000180025095e-35 1.0000000180025095e-35 5.5000000000000009 1.0000000180025095e-35 314.11666666666673 475.15000000000003 1.0000000180025095e-35 327.65000000000003 309.27500000000003 417.25000000000006 1.0000000180025095e-35 387.35000000000008 440.45000000000005 238.35416666666671 1.0000000180025095e-35 1.0000000180025095e-35 1.0000000180025095e-35 431.30000000000001 214.10000000000005 253.75833333333335 4.5000000000000009 211.45000000000002 1.0000000180025095e-35 4.5000000000000009 1.0000000180025095e-35 269.75000000000006 393.00000000000006 4.5000000000000009 1.0000000180025095e-35 464.15000000000003 1.0000000180025095e-35 182.50000000000003 287.31000000000006 1.0000000180025095e-35 126.65000000000002 95.850000000000009 184.85000000000005 4.5000000000000009 259.93333333333334 64.450000000000017 330.65000000000003 108.52500000000002 83.950000000000017 215.20000000000002 246.32500000000005 1.0000000180025095e-35 1.0000000180025095e-35 172.42500000000004 1.0000000180025095e-35 1.0000000180025095e-35 1.0000000180025095e-35 244.52666666666667 1.0000000180025095e-35 1.5000000000000002 1.0000000180025095e-35 1.0000000180025095e-35
decision_type=2 2 2 2 2 2 2 2 2 2 2 2 2 2 2 2 2 2 2 2 2 2 2 2 2 2 2 2 2 2 2 2 2 2 2 2 2 2 2 2 2 2 2 2 2 2 2 2 2 2 2 2 2 2 2 2 2 2 2 2 2 2
left_child=1 2 3 4 13 36 7 10 9 -9 11 12 14 39 15 16 17 20 -19 -18 21 22 23 24 40 26 -14 -23 29 34 31 32 35 -34 52 -12 37 -3 -39 55 41 44 -42 48 45 47 -5 -2 -44 -38 -30 54 -15 -45 -4 56 58 -55 59 60 61 -1
right_child=6 5 51 46 -6 -7 -8 8 -10 -11 30 -13 25 28 -16 -17 19 18 -20 -21 -22 27 -24 -25 -26 -27 -28 -29 50 -31 -32 -33 33 -35 -36 -37 49 38 -40 -41 42 -43 43 53 -46 -47 -48 -49 -50 -51 -52 -53 -54 57 -56 -57 -58 -59 -60 -61 -62 -63
leaf_value=-0.17706383602549011 -1.0096406690776349 0.12454679908409512 -0.30123357229826908 0.15193635821430146 -0.85874719022948121 2.4565831363201145 -1.4658672116019511 1.4485974641407238 0.21303111061905372 4.4022316813468931 0.84898176449744855 -2.4226655918618909 0.85931933522224435 0.18586958386569907 -1.5748054569417782 2.5132679661115009 -2.8775097268677894 3.6210428067616061 0.33315398544073105 0.71670045256614689 1.7650772043176599 -2.8082259356975556 -1.3741127914959386 2.6889580033042217 2.3081488311290741 0.31822440138329633 4.4520847302675248 -0.037926492414304187 0.58399669292361245 1.0753187766483239 -0.54364262775138572 -0.50729611552122866 0.89974803571347839 5.2584571770259316 -0.41313455866967763 2.5549387116675026 -1.4433940854337481 2.7047755109297267 0.32587460566450055 -0.431106592632444 -1.803523425796093 2.7433688395363944 2.3135126418080825 0.49806230422996339 1.7411355051266797 -2.1829944458007815 0.71912924062519801 0.51155713710605222 0.39090390205383302 0.51892171259279607 -0.6162401330037951 -1.1622525869429798 1.2218398323323993 -2.1412094527482988 -1.0247338769552501 0.15851955256743622 -0.82589733144383382 -0.44871557581013644 0.13654113344989319 -0.042638822788646891 -0.66748809573943158 1.1375334863309507
leaf_weight=2905 32 73 927 717 197 32 22 34 33 20 201 23 20 1226 22 24 21 28 32 20 37 20 31 22 24 23 20 21 43 111 27 33 27 21 205 27 27 37 27 656 39 35 29 21 34 25 252 102 32 27 203 87 45 25 92 596 81 29 541 2282 228 27
leaf_count=2905 32 73 927 717 197 32 22 34 33 20 201 23 20 1226 22 24 21 28 32 20 37 20 31 22 24 23 20 21 43 111 27 33 27 21 205 27 27 37 27 656 39 35 29 21 34 25 252 102 32 27 203 87 45 25 92 596 81 29 541 2282 228 27
internal_value=-0.00935843 -0.075489 -0.0919894 -0.0558387 -0.0926744 0.769584 0.613638 0.651323 1.65893 2.54254 0.57354 0.383627 0.467669 -0.076179 0.348401 0.410349 0.333763 0.430492 1.8675 -1.12424 0.275974 0.170222 0.303431 0.419252 0.302312 1.80234 2.6557 -1.38929 0.118681 0.20008 1.02063 1.15731 1.35634 2.80668 0.134259 1.051 0.486945 0.861075 1.70118 -0.125 0.182858 0.528561 -0.267545 0.17292 0.126912 -0.218268 0.299442 0.148286 1.30493 -0.462236 -0.406443 -0.429146 0.222548 -0.747782 -0.366555 -0.0948495 -0.119752 -1.23228 -0.110192 -0.13472 -0.201217 -0.164958
internal_weight=12880 11644 11421 10315 9346 223 1236 1214 87 54 1127 791 768 9149 705 683 659 618 60 41 558 521 480 449 427 63 40 41 1833 1587 336 309 276 48 1476 228 191 137 64 7316 403 228 175 136 193 159 969 134 61 54 246 1106 1271 75 1019 6660 6064 54 5983 5442 3160 2932
internal_count=12880 11644 11421 10315 9346 223 1236 1214 87 54 1127 791 768 9149 705 683 659 618 60 41 558 521 480 449 427 63 40 41 1833 1587 336 309 276 48 1476 228 191 137 64 7316 403 228 175 136 193 159 969 134 61 54 246 1106 1271 75 1019 6660 6064 54 5983 5442 3160 2932
is_linear=0
shrinkage=0.05


Tree=77
num_leaves=63
num_cat=0
split_feature=28 31 4 31 4 31 12 16 14 33 33 31 24 7 34 31 31 9 29 33 33 34 34 34 31 31 31 9 34 16 34 23 25 9 23 31 34 22 25 33 29 31 37 21 31 34 23 33 31 31 1 25 23 33 33 31 34 37 23 31 34 39
split_gain=191563 109361 78705.1 71406.7 65137.4 53298 45739.8 40115.1 39016.9 36450 35834 76647.8 35683.5 29875.9 29040.7 43406.5 27357.4 33335.7 26030.4 50884.7 33283.8 31986.2 102035 62744.5 48579.5 53250.4 59375.8 60033.9 32910.5 25362.6 24634.1 33018.1 24304.1 23792.3 23394.4 21930.5 20084 21807.6 20077.1 19467.4 19104.9 20810.6 18502.3 21016.9 17541 16845.4 16393.4 15615.2 15128.6 15085.2 14584.8 14564.3 14561.9 14197.6 18227.2 14144.7 12274.2 12164.4 12103.4 11784.8 11355.4 11312
threshold=1.0000000180025095e-35 59.050000000000004 1.0000000180025095e-35 487.35000000000008 1.0000000180025095e-35 259.55000000000007 1.0000000180025095e-35 1.0000000180025095e-35 1.0000000180025095e-35 489.35000000000008 444.85000000000008 287.55000000000007 1.0000000180025095e-35 1.0000000180025095e-35 375.65000000000003 310.95000000000005 154.35000000000005 1.0000000180025095e-35 1.0000000180025095e-35 150.85000000000002 425.80000000000007 1.0000000180025095e-35 94.850000000000009 157.80000000000004 464.35000000000008 439.55000000000007 426.55000000000007 1.0000000180025095e-35 214.10000000000005 1.0000000180025095e-35 299.45000000000005 1.0000000180025095e-35 1.0000000180025095e-35 1.0000000180025095e-35 1.0000000180025095e-35 208.05000000000004 482.50000000000006 1.0000000180025095e-35 1.0000000180025095e-35 327.85000000000008 1.0000000180025095e-35 426.55000000000007 1.5000000000000002 1.0000000180025095e-35 385.35000000000008 265.80000000000001 1.0000000180025095e-35 87.450000000000003 476.05000000000007 343.35000000000008 1.0000000180025095e-35 1.0000000180025095e-35 1.0000000180025095e-35 168.85000000000005 296.75000000000006 323.85000000000008 71.050000000000026 3.5000000000000004 1.0000000180025095e-35 282.65000000000003 426.50000000000006 1.0000000180025095e-35
decision_type=2 2 2 2 2 2 2 2 2 2 2 2 2 2 2 2 2 2 2 2 2 2 2 2 2 2 2 2 2 2 2 2 2 2 2 2 2 2 2 2 2 2 2 2 2 2 2 2 2 2 2 2 2 2 2 2 2 2 2 2 2 2
left_child=4 -2 3 10 6 -4 8 30 9 12 14 -12 13 16 18 -16 60 29 20 -20 21 24 -23 -24 25 26 27 34 -25 36 31 40 33 46 61 -11 37 42 52 55 41 -6 43 51 -7 -34 59 -5 -26 -44 -51 58 -19 -32 -55 -30 -42 -10 -18 -8 -1 -3
right_child=1 2 5 47 7 44 32 -9 57 35 11 -13 -14 -15 15 -17 17 38 19 -21 -22 22 23 28 48 -27 -28 -29 39 -31 53 -33 45 -35 -36 -37 -38 -39 -40 -41 56 -43 49 -45 -46 -47 -48 -49 -50 50 -52 -53 -54 54 -56 -57 -58 -59 -60 -61 -62 -63
leaf_value=-0.26110003997758574 -2.832582659306734 0.39687050403752566 3.4889012766190066 3.5756778860092164 0.20354299921163654 -0.15577350735664369 -0.069688493538863722 2.5127564609050754 -1.1861415499719707 2.470384502410889 1.0686913937330247 -2.3656585021452474 -0.4366944068420533 -0.38246863788330016 0.43725754618644719 3.2501989621669054 -0.11878886195150073 0.32414237833395604 -2.5967537260055544 0.54875830147001481 2.2992108586315925 -3.4089474530447101 2.3116456574009314 -1.6161689822712253 3.2126525356656033 -1.1424062652058071 3.131296736261119 2.6892608811778409 0.16352887807353853 0.71290163096900172 2.0372924385070799 -0.92049006000161171 0.62907829615287492 0.91842927749014724 -0.80318209810389407 0.40537443955739338 1.5054873776435853 -0.67395280810776148 1.3801423424898192 -0.99332717895507816 -1.1525719519998683 0.86214352153862517 -0.082407727644476972 -0.67790125575873372 1.9383243083953858 2.2915137866139412 -0.69603533424548258 1.6452988736331464 1.3364344921979039 0.19580295740807035 -0.81314834275761161 0.32288186798057361 -0.76028400515065053 -0.1442541187422143 1.4360445285165633 1.8441797926312402 0.35365737619854154 -0.40702705341188805 -0.53865550472622825 0.32253417626577052 0.83405099163452778 0.95368207036801023
leaf_weight=1720 23 441 39 20 718 20 397 20 110 20 32 33 895 867 32 24 1869 500 20 36 26 21 31 31 21 45 23 31 31 104 25 64 64 88 36 36 20 151 43 20 38 144 1350 183 20 20 67 22 22 1121 37 171 33 36 37 21 21 92 189 370 24 115
leaf_count=1720 23 441 39 20 718 20 397 20 110 20 32 33 895 867 32 24 1869 500 20 36 26 21 31 31 21 45 23 31 31 104 25 64 64 88 36 36 20 151 43 20 38 144 1350 183 20 20 67 22 22 1121 37 171 33 36 37 21 21 92 189 370 24 115
internal_value=-0.00889051 0.582956 0.647719 0.541416 -0.0717145 2.17365 -0.109969 0.29387 -0.1438 -0.12892 0.463604 -0.674902 -0.136597 -0.104554 0.535661 1.6428 -0.0724909 -0.0200476 0.471809 -0.574639 0.535854 0.484283 -0.168371 0.339481 0.622104 0.520633 0.636479 0.544375 -0.254084 -0.0600621 0.252893 0.177675 0.210686 0.136506 0.432059 1.14288 -0.0758524 -0.0820892 0.340847 0.33237 0.253987 0.313564 -0.0639242 -0.162797 0.891275 1.0249 0.0540011 2.56453 2.25273 0.0311636 0.163565 -0.120507 0.257002 1.00891 0.656719 0.842253 -0.616456 -0.831297 -0.157348 0.119519 -0.246029 0.512038
internal_weight=12880 1236 1213 1134 11644 79 10541 1103 9535 9333 1092 65 9277 8382 1027 56 7515 5771 971 56 915 889 155 134 734 691 646 623 103 5195 1083 985 1006 922 592 56 5091 5071 576 72 921 862 4920 2412 40 84 834 42 43 2508 1158 2229 533 98 73 52 59 202 2058 767 1744 556
internal_count=12880 1236 1213 1134 11644 79 10541 1103 9535 9333 1092 65 9277 8382 1027 56 7515 5771 971 56 915 889 155 134 734 691 646 623 103 5195 1083 985 1006 922 592 56 5091 5071 576 72 921 862 4920 2412 40 84 834 42 43 2508 1158 2229 533 98 73 52 59 202 2058 767 1744 556
is_linear=0
shrinkage=0.05


Tree=78
num_leaves=63
num_cat=0
split_feature=28 31 4 31 4 31 12 36 7 33 0 33 31 32 35 32 32 34 34 32 34 29 31 36 35 9 31 36 31 2 38 32 32 32 36 35 31 36 40 40 35 11 20 36 32 7 31 25 9 35 31 25 31 36 36 34 23 32 29 19 30 37
split_gain=172885 98698.7 71031.4 64444.6 58786.5 48101.4 41280.2 38533.2 35512.7 37935.3 35130.2 32340.2 69174.6 26951.8 118730 106503 100216 33177.3 86667.2 52341 51328.7 50939.2 59447.8 53776.7 48585.5 46241.3 36759.4 165794 47362.1 35190.7 35700.1 32822.7 45122.4 41345.1 34874.4 36524.3 39006.8 35495.6 30302.6 27533.4 26573.4 25420.6 25445.7 23162.5 23050.2 25840.7 22164.9 21934.5 21472.5 21047.7 20756.8 20684.3 19727 23239.5 35319.4 19700.2 18659.7 18613.4 16541.7 18517.8 16728.2 18514.1
threshold=1.0000000180025095e-35 59.050000000000004 1.0000000180025095e-35 487.35000000000008 1.0000000180025095e-35 259.55000000000007 1.0000000180025095e-35 322.91666666666674 1.0000000180025095e-35 489.35000000000008 1.0000000180025095e-35 444.85000000000008 287.55000000000007 469.55000000000007 856.40000000000009 482.55000000000007 455.45000000000005 86.750000000000014 1.0000000180025095e-35 163.15000000000001 157.80000000000004 1.0000000180025095e-35 464.35000000000008 373.83333333333337 1036.0000000000002 1.0000000180025095e-35 439.55000000000007 331.58333333333343 421.15000000000003 1.0000000180025095e-35 1.0000000180025095e-35 412.25000000000006 211.45000000000002 173.15000000000001 340.8250000000001 628.55000000000007 114.15000000000002 253.75833333333335 4.5000000000000009 4.5000000000000009 1377.7500000000002 1.0000000180025095e-35 1.0000000180025095e-35 283.94500000000005 448.55000000000007 1.0000000180025095e-35 66.450000000000017 1.0000000180025095e-35 1.0000000180025095e-35 1018.5500000000001 363.75000000000006 1.0000000180025095e-35 186.55000000000004 211.74500000000003 245.32500000000002 102.75000000000001 1.0000000180025095e-35 69.750000000000014 1.0000000180025095e-35 1.0000000180025095e-35 1.0000000180025095e-35 2.5000000000000004
decision_type=2 2 2 2 2 2 2 2 2 2 2 2 2 2 2 2 2 2 2 2 2 2 2 2 2 2 2 2 2 2 2 2 2 2 2 2 2 2 2 2 2 2 2 2 2 2 2 2 2 2 2 2 2 2 2 2 2 2 2 2 2 2
left_child=4 -2 3 11 6 -4 8 -7 9 10 40 13 -13 16 -15 -16 17 18 21 38 -21 22 25 -24 -22 26 28 -28 29 30 31 32 33 52 35 36 -34 -38 -19 -26 41 42 46 -37 45 50 -1 48 -8 -5 56 58 -3 57 -55 -46 -6 -54 59 60 61 -48
right_child=1 2 5 49 44 7 47 -9 -10 -11 -12 12 -14 14 15 -17 -18 19 -20 20 24 -23 23 -25 39 -27 27 -29 -30 -31 -32 -33 34 -35 -36 43 37 -39 -40 -41 -42 -43 -44 -45 55 -47 51 -49 -50 -51 -52 -53 53 54 -56 -57 -58 -59 -60 -61 -62 -63
leaf_value=-0.50330460811135447 -2.6909535304359768 -0.24510338356984512 3.3144561804257906 3.5035134380513977 0.20161219337459865 -0.70516562223434454 0.051301078949507764 2.398588824272156 -0.42634618784197775 1.255131233439726 -0.73333951335501035 1.0152568459510805 -2.2473756067680593 4.7024613046646122 2.4937902243241021 -2.3179397334223206 -2.9743541286105204 3.8189152002334597 -2.7938950972897665 2.5420684281470525 -1.3280286798606049 -1.5203397950818462 4.2512915086746217 0.66896477991884407 -0.051633332835303414 2.4621489984017835 -4.374862814843655 1.9151599829847161 2.5804980077743531 2.0241224861765903 -1.3036501505795648 -1.294174772500992 2.4158214807510379 -2.009435080346607 -0.61454808945241179 3.4721839337513369 -1.2183895303143395 1.3699818744109227 1.2181497060117268 1.9324413054129659 0.65875979457860412 -0.37070549049755425 -0.68554713374802045 1.2917675639901844 0.62198192661458807 -0.71035210754190181 -0.095418066004964108 0.97365145372847717 0.87250781841576108 1.2623666340112687 0.62204053285365934 0.21844562955531455 0.5253560378402472 -1.1471287026775607 0.69990360680967578 2.422181311107817 -0.803870031952858 2.6329200527884744 -0.30882214684044929 0.60882460922705683 -0.78539879498764487 0.13220192225684188
leaf_weight=275 23 112 39 22 598 20 834 20 952 51 222 32 33 20 23 23 21 24 21 28 37 31 20 22 36 27 20 22 25 30 34 28 26 21 23 29 27 26 21 34 115 820 168 21 55 70 4280 84 88 20 309 670 20 33 120 21 50 22 669 106 78 1129
leaf_count=275 23 112 39 22 598 20 834 20 952 51 222 32 33 20 23 23 21 24 21 28 37 31 20 22 36 27 20 22 25 30 34 28 26 21 23 29 27 26 21 34 115 820 168 21 55 70 4280 84 88 20 309 670 20 33 120 21 50 22 669 106 78 1129
internal_value=-0.00844598 0.553809 0.615333 0.514345 -0.0681288 2.06497 -0.10447 0.846712 -0.13661 -0.104473 -0.1126 0.440424 -0.641157 0.508878 1.48627 0.0879252 0.441752 0.51807 0.373507 1.12845 0.636186 0.463514 0.550378 2.37483 0.13745 0.435322 0.349681 -1.08009 0.450268 0.357164 0.264897 0.369878 0.466948 0.136935 1.17908 1.49887 0.829549 0.0513776 2.60522 0.91206 -0.0960174 -0.106609 -0.0772452 2.55641 0.279176 0.216998 -0.0630653 0.200152 0.129681 2.4363 0.284829 -0.0456005 0.283756 0.587511 0.301524 1.11941 0.124029 1.62932 -0.073852 -0.0457463 -0.0583916 -0.0479078
internal_weight=12880 1236 1213 1134 11644 79 10541 40 9535 8583 8532 1092 65 1027 66 46 961 940 760 180 135 739 708 42 107 666 639 42 597 572 542 508 480 328 152 129 79 53 45 70 8310 8195 7375 50 1103 1027 7207 1006 922 42 957 6932 307 195 153 76 648 42 6262 5593 5487 5409
internal_count=12880 1236 1213 1134 11644 79 10541 40 9535 8583 8532 1092 65 1027 66 46 961 940 760 180 135 739 708 42 107 666 639 42 597 572 542 508 480 328 152 129 79 53 45 70 8310 8195 7375 50 1103 1027 7207 1006 922 42 957 6932 307 195 153 76 648 42 6262 5593 5487 5409
is_linear=0
shrinkage=0.05


Tree=79
num_leaves=63
num_cat=0
split_feature=28 31 4 31 4 34 31 24 16 12 14 33 31 33 34 32 31 32 37 31 32 31 36 31 8 31 31 33 36 39 32 33 40 34 32 33 31 16 29 34 34 31 32 33 30 34 23 32 2 11 36 32 40 29 31 31 32 31 25 32 36 29
split_gain=156029 89075.5 64105.8 58161.2 53054.8 44399.7 37995.9 37773.7 35864.4 34237.9 31379.2 29187 62430.1 26409.9 26113.3 53510.9 27407.3 50451.1 73893.8 46155.4 54417.5 58428.2 142146 88721 35054.2 40024.7 32703.7 53586.7 42044.8 37893.3 34505.3 31539 30604 28094.3 32396.9 33160.3 24967.6 28879.9 24108.9 25394.8 23696 27665.6 22768.5 22713.4 21993.6 21976.4 28079.4 22910.9 19997.3 19045.8 18298.4 19811.9 17739.2 17593.2 17783.3 17560.1 16894.9 16803.6 15787.2 15488.6 15243.2 15100.4
threshold=1.0000000180025095e-35 59.050000000000004 1.0000000180025095e-35 487.35000000000008 1.0000000180025095e-35 237.80000000000004 259.55000000000007 1.0000000180025095e-35 1.0000000180025095e-35 1.0000000180025095e-35 1.0000000180025095e-35 444.85000000000008 287.55000000000007 472.7000000000001 375.65000000000003 218.05000000000004 471.05000000000007 469.55000000000007 3.5000000000000004 461.35000000000008 402.15000000000003 439.55000000000007 315.3250000000001 426.55000000000007 1.0000000180025095e-35 410.65000000000003 232.35000000000005 145.20000000000002 194.35000000000002 1.0000000180025095e-35 137.45000000000002 64.65000000000002 1.5000000000000002 127.80000000000003 146.55000000000004 286.30000000000001 156.25000000000003 1.0000000180025095e-35 1.0000000180025095e-35 477.10000000000008 379.10000000000008 286.05000000000007 436.85000000000008 77.950000000000017 1.0000000180025095e-35 299.45000000000005 1.0000000180025095e-35 336.25000000000006 1.0000000180025095e-35 1.0000000180025095e-35 280.54166666666674 264.45000000000005 4.5000000000000009 1.0000000180025095e-35 426.55000000000007 114.15000000000002 193.95000000000002 294.85000000000008 1.0000000180025095e-35 405.75000000000006 337.55000000000007 1.0000000180025095e-35
decision_type=2 2 2 2 2 2 2 2 2 2 2 2 2 2 2 2 2 2 2 2 2 2 2 2 2 2 2 2 2 2 2 2 2 2 2 2 2 2 2 2 2 2 2 2 2 2 2 2 2 2 2 2 2 2 2 2 2 2 2 2 2 2
left_child=4 -2 3 11 7 6 -4 9 45 10 13 14 -13 36 16 -16 17 19 -19 20 21 23 -23 24 25 26 33 28 -28 -30 -29 -18 -22 34 43 52 -1 38 39 44 60 -42 -34 -3 48 46 53 57 49 58 51 -15 -36 54 -6 -54 -5 -47 -38 -12 -11 -9
right_child=1 2 5 56 8 -7 -8 61 -10 40 59 12 -14 50 15 -17 31 18 -20 -21 32 22 -24 -25 -26 -27 27 30 29 -31 -32 -33 42 -35 35 -37 37 -39 -40 -41 41 -43 -44 -45 -46 47 -48 -49 -50 -51 -52 -53 55 -55 -56 -57 -58 -59 -60 -61 -62 -63
leaf_value=-0.2514481937662803 -2.5564059879468837 0.031378173688426617 2.5666375426145702 3.366251749992371 0.18126830540423627 3.7561282217502594 -0.065655482226404646 -0.33659574884533433 2.3632561051845551 0.046607093725652596 -0.95704311303010126 0.96449396014213562 -2.1350068294640745 0.55542929887771608 3.3846507331599365 0.24295314393486037 0.7244321608543397 3.204543846531918 -0.55020764350891116 2.6475540115074683 0.61479684246910948 -4.1504611584273254 1.4712379351906155 3.3391947801624031 1.7696380593348295 -1.7271877577359025 2.2714952305511193 0.22463855289277579 0.48082863356872108 -1.3780619014393201 2.6012311108942545 -1.916583015368535 -0.49777120292186744 -1.2957926630973817 1.2250437672321615 2.3642226687499455 -0.054577618082404827 0.73692306593708379 -0.35695158213543632 1.5000080241097344 0.30170019233928014 2.5469992383666664 -2.3430652126669886 -1.6163359680175782 -0.85500102362331054 -0.26562024884318053 -0.85728250741958623 2.0915312997500104 0.2677542235493745 -0.34005342995938426 0.1599732145134892 2.5870514625310896 1.0240269386768341 -0.60949410978010155 0.79008523970324962 -0.82379867202705803 1.3583346198905599 1.3173512621720631 0.25493324728156236 0.23799702091650532 0.55809645905687999 -1.0743563050230345
leaf_weight=1986 23 128 26 20 718 24 29 922 20 685 152 32 33 30 23 33 20 38 20 22 27 22 23 28 48 22 27 21 162 33 56 26 35 33 39 28 3948 115 626 27 34 23 32 25 81 38 64 30 527 528 84 20 20 59 144 36 22 30 460 33 185 75
leaf_count=1986 23 128 26 20 718 24 29 922 20 685 152 32 33 30 23 33 20 38 20 22 27 22 23 28 48 22 27 21 162 33 56 26 35 33 39 28 3948 115 626 27 34 23 32 25 81 38 64 30 527 528 84 20 20 59 144 36 22 30 460 33 185 75
internal_value=-0.00802369 0.526118 0.584567 0.488628 -0.0647224 1.96172 1.1787 -0.0992469 0.265217 -0.0686551 -0.0997164 0.418402 -0.609099 -0.0855835 0.483434 1.53329 0.422886 0.482124 1.9098 0.386616 0.327752 0.469708 -1.27715 0.581052 0.467146 0.367909 0.443718 0.816505 0.422291 0.166247 1.95307 -0.768316 -0.806389 0.0829954 0.24785 0.852022 -0.0968283 -0.0481789 -0.0627483 -0.0296894 0.220078 1.2077 -1.37911 -0.237856 -0.0371392 0.226472 0.155428 0.94054 -0.0250128 -0.0562705 0.610759 1.36808 0.406321 0.225801 0.282973 -0.163861 2.31449 0.43275 -0.0222784 -0.743874 0.155372 -0.392094
internal_weight=12880 1236 1213 1134 11644 79 55 10541 1103 9544 8617 1092 65 8432 1027 56 971 925 58 867 845 751 45 706 678 630 608 299 222 195 77 46 94 309 276 123 8298 6312 6197 5571 927 57 67 153 5544 1083 985 98 5463 4936 134 50 95 921 862 56 42 68 4408 185 870 997
internal_count=12880 1236 1213 1134 11644 79 55 10541 1103 9544 8617 1092 65 8432 1027 56 971 925 58 867 845 751 45 706 678 630 608 299 222 195 77 46 94 309 276 123 8298 6312 6197 5571 927 57 67 153 5544 1083 985 98 5463 4936 134 50 95 921 862 56 42 68 4408 185 870 997
is_linear=0
shrinkage=0.05


Tree=80
num_leaves=63
num_cat=0
split_feature=28 17 31 6 12 36 11 35 34 31 36 31 35 23 22 36 40 35 36 36 30 36 35 36 33 34 21 9 36 31 40 31 31 18 36 40 35 36 36 33 33 31 35 36 33 35 36 31 35 40 18 36 31 16 16 31 36 5 40 35 21 36
split_gain=193072 130881 51788.3 59878.5 70330.1 62256.2 50854.6 45486.3 116646 56065.1 52173.7 42987.2 41299.5 42094 41547.5 35579.4 39385.2 32228.2 42345.1 34159.1 30436.6 29668.6 29586.8 29991.6 81690 64440.4 49625.2 30194.8 30501.9 53035.8 35273.6 31097.8 39993.1 28313.7 27288.1 26857 25102 24821.7 36821.3 46023.7 35732.2 48726.7 24800.1 40263.3 23885.9 23174.6 20749.6 20018.2 21882.2 19830.3 17976.6 17133 16986 15980.5 15950.2 15528.1 15210.1 14604.8 14804.1 16370.3 15698.2 54234.2
threshold=1.0000000180025095e-35 1.0000000180025095e-35 332.65000000000003 1.0000000180025095e-35 1.0000000180025095e-35 214.7416666666667 1.0000000180025095e-35 1401.7500000000002 60.000000000000007 474.15000000000003 254.65000000000006 437.35000000000008 579.05000000000007 1.0000000180025095e-35 1.0000000180025095e-35 238.35416666666671 3.5000000000000004 906.45000000000005 352.18333333333339 311.75833333333338 1.0000000180025095e-35 347.55833333333339 1227.5000000000002 236.23333333333338 357.90000000000003 377.95000000000005 1.0000000180025095e-35 1.0000000180025095e-35 194.35000000000002 230.75000000000003 1.5000000000000002 240.15000000000001 145.25000000000003 1.0000000180025095e-35 339.34166666666675 1.0000000180025095e-35 1152.0500000000002 244.52666666666667 267.12500000000006 435.95000000000005 388.05000000000007 177.15000000000001 660.00000000000011 211.74500000000003 77.950000000000017 1107.4500000000003 286.35833333333341 259.55000000000007 598.75000000000011 4.5000000000000009 1.0000000180025095e-35 289.61666666666673 485.85000000000008 1.0000000180025095e-35 1.0000000180025095e-35 143.65000000000001 354.05000000000007 1.0000000180025095e-35 2.5000000000000004 976.85000000000002 1.0000000180025095e-35 272.71250000000003
decision_type=2 2 2 2 2 2 2 2 2 2 2 2 2 2 2 2 2 2 2 2 2 2 2 2 2 2 2 2 2 2 2 2 2 2 2 2 2 2 2 2 2 2 2 2 2 2 2 2 2 2 2 2 2 2 2 2 2 2 2 2 2 2
left_child=1 6 22 4 5 -4 12 8 9 10 -7 -10 54 14 20 42 45 19 -19 -12 35 -11 23 24 27 26 33 28 29 44 -30 32 -32 37 46 -14 53 -25 49 40 41 -40 -3 -44 -2 51 -18 -43 -49 -39 -8 -17 -38 57 55 -1 -21 58 59 -37 -60 -62
right_child=2 15 3 -5 -6 7 50 -9 11 21 17 -13 13 -15 -16 16 34 18 -20 56 -22 -23 -24 25 -26 -27 -28 -29 30 -31 31 -33 -34 -35 -36 36 52 38 39 -41 -42 47 43 -45 -46 -47 -48 48 -50 -51 -52 -53 -54 -55 -56 -57 -58 -59 60 -61 61 -63
leaf_value=-0.26680938182969455 0.14412876449716397 -0.51405898050538135 -1.3266236941019693 -1.0721354410052299 3.4639477691342755 2.8074207870541397 -0.46996184505030592 3.176769868628337 0.19422938653400967 4.1763421873251598 -0.96345811980111273 -2.6582901110649111 -0.078503858025674791 -0.31571264042794495 -0.56568858701716229 -0.95034785724821558 3.0512627925191609 3.3293637313842774 0.4473222026458154 1.90867746591568 -0.68725931387198602 1.7806236624717713 -1.0941143918563339 2.6032787799835209 2.894721383094788 3.3173434692880388 -1.2587225086761245 1.415100582689047 0.75109541614850361 1.942553448677063 -2.5831244468688968 -3.1405955183506014 0.16248583363162147 -0.71844653614929754 4.0395771956443793 0.39946556103266317 0.59904250663246728 0.71774582290649425 3.4181946277618409 3.2450187475784968 -1.1241892576217651 -0.23300055530336172 2.6802529410882432 -0.41947179108858113 -1.029768262108167 2.0034213254849118 0.9875430152334016 0.48472184863589379 2.1720254009420219 -1.1889650901158653 0.2720535762377837 1.0944680872559549 2.0349039714444768 1.246099615097046 0.71581150429057228 -0.086891359661368281 0.52408249680884189 0.52323421376290191 0.23336419271789455 1.8249500326488328 0.17975623791839387 -0.90138024076338741
leaf_weight=1597 156 42 27 32 31 37 985 26 28 24 35 25 598 568 191 21 21 25 26 25 95 28 34 21 25 23 33 32 24 34 21 20 36 28 20 162 323 25 20 23 20 36 22 20 60 24 29 46 33 30 89 20 22 38 56 4815 96 317 927 23 461 155
leaf_count=1597 156 42 27 32 31 37 985 26 28 24 35 25 598 568 191 21 21 25 26 25 95 28 34 21 25 23 33 32 24 34 21 20 36 28 20 162 323 25 20 23 20 36 22 20 60 24 29 46 33 30 89 20 22 38 56 4815 96 317 927 23 461 155
internal_value=0.00551978 -0.0577738 0.597328 1.01499 1.16923 0.992276 -0.0809886 1.15924 1.00893 1.39573 1.07806 -1.1513 -0.0469996 0.0819688 0.15017 1.153 1.65571 0.768948 1.86009 0.41223 0.19398 2.88634 0.348339 0.41408 0.125525 0.762395 0.575844 -0.0552316 -0.189279 0.106979 -0.922592 -1.44426 -0.849055 0.790527 2.47867 0.221646 0.295571 0.956871 0.808482 1.15787 0.848169 1.14037 0.345067 1.20419 -0.181954 0.769449 1.85431 0.744226 1.18954 -0.322278 -0.408473 0.0471233 0.690605 0.230142 -0.124365 -0.131703 0.810156 0.211264 0.154033 0.576688 0.103359 -0.092283
internal_weight=12886 11641 1245 465 433 402 11422 375 349 296 244 53 10348 3880 3312 219 135 207 51 156 3121 52 780 746 408 338 315 383 351 250 101 77 57 282 70 3026 2428 254 233 178 155 135 84 42 216 65 50 115 79 55 1074 41 345 2083 6468 6412 121 2045 1728 185 1543 616
internal_count=12886 11641 1245 465 433 402 11422 375 349 296 244 53 10348 3880 3312 219 135 207 51 156 3121 52 780 746 408 338 315 383 351 250 101 77 57 282 70 3026 2428 254 233 178 155 135 84 42 216 65 50 115 79 55 1074 41 345 2083 6468 6412 121 2045 1728 185 1543 616
is_linear=0
shrinkage=0.05


Tree=81
num_leaves=63
num_cat=0
split_feature=28 17 11 36 18 34 36 34 33 32 32 5 36 40 32 5 33 33 34 34 32 36 32 33 29 33 34 33 33 19 38 29 36 14 36 24 36 36 36 36 36 33 36 34 4 32 29 22 4 18 19 37 36 34 33 40 36 36 32 33 34 40
split_gain=174247 118120 45896.3 42050 62066.4 100802 96151.3 66207 49760.6 55779.1 40656.9 32623 32110.4 35545.2 28269.2 30193.9 65899.6 65198.7 50259.8 42704.5 42422.6 143156 36479.2 103995 99355.3 30937.9 28811.5 45109.8 25285.4 24756.6 29918.9 28143.8 24627.5 24280.4 23251.3 23071 21275.9 20841.1 48355.8 43574.1 29180.8 19642.3 18726.5 18281.3 17522.5 17161.3 16865.7 17638.7 18265.7 16223.9 15910 15481.4 15390.1 14541.4 12693.6 12672 13951.6 12169.8 11913.3 36220.6 11411.2 18122.6
threshold=1.0000000180025095e-35 1.0000000180025095e-35 1.0000000180025095e-35 214.7416666666667 1.0000000180025095e-35 121.35000000000001 274.85833333333341 425.15000000000003 298.15000000000003 315.15000000000003 327.65000000000003 1.0000000180025095e-35 238.35416666666671 3.5000000000000004 484.05000000000007 1.0000000180025095e-35 444.85000000000008 208.50000000000003 60.000000000000007 356.75000000000006 436.85000000000008 305.71000000000004 376.45000000000005 338.05000000000007 1.0000000180025095e-35 419.85000000000008 1.0000000180025095e-35 334.15000000000003 176.45000000000002 1.0000000180025095e-35 1.0000000180025095e-35 1.0000000180025095e-35 339.34166666666675 1.0000000180025095e-35 305.71000000000004 1.0000000180025095e-35 219.51666666666668 206.81666666666669 179.51250000000002 194.35000000000002 154.68750000000003 66.350000000000009 286.35833333333341 186.45000000000002 1.0000000180025095e-35 104.75000000000001 1.0000000180025095e-35 1.0000000180025095e-35 1.0000000180025095e-35 1.0000000180025095e-35 1.0000000180025095e-35 4.5000000000000009 94.316666666666677 314.75000000000006 362.55000000000007 1.0000000180025095e-35 96.950000000000017 327.25000000000006 128.35000000000005 59.300000000000004 257.90000000000003 3.5000000000000004
decision_type=2 2 2 2 2 2 2 2 2 2 2 2 2 2 2 2 2 2 2 2 2 2 2 2 2 2 2 2 2 2 2 2 2 2 2 2 2 2 2 2 2 2 2 2 2 2 2 2 2 2 2 2 2 2 2 2 2 2 2 2 2 2
left_child=1 2 10 8 7 6 -6 14 9 37 33 29 43 -14 15 16 19 -17 -18 20 22 -22 24 34 25 26 -5 -28 -23 30 31 44 42 35 -24 46 -33 38 40 41 52 -40 -15 -3 60 -42 47 48 50 -4 55 53 -2 -48 -49 -1 -57 -32 59 -54 -12 -62
right_child=3 12 49 4 5 -7 -8 -9 -10 -11 11 -13 13 32 -16 17 18 -19 -20 -21 21 28 23 -25 -26 -27 27 -29 -30 -31 57 36 -34 -35 -36 -37 -38 -39 39 -41 45 -43 -44 -45 -46 -47 51 54 -50 -51 -52 -53 58 -55 -56 56 -58 -59 -60 -61 61 -63
leaf_value=-0.22399823229800297 -0.73532257157153103 -0.098052853866228987 -0.44646375369167118 0.7188895816823746 -1.0484096199274064 -2.3137835781748701 3.5843371947606411 2.988784870505333 1.9111527511903219 -1.9293917450639939 0.091826810975794468 0.63074306638787192 0.73097631252728978 2.8986996752875194 -0.93195400678593188 -0.26069203785487582 0.49590493399521396 3.2449377382795017 -2.5632988758087158 3.1735099434852603 4.7649537052427027 1.2585645888860411 1.7282629197643651 -3.239223571257158 3.7912427372402622 2.5792629909515381 0.82246285963058474 -2.3209735688709077 -1.1061670386791229 1.0441930944366116 -0.16679553741844477 0.79702428893157939 3.8375983691215518 -0.78759580289721498 -0.1650832742014352 -0.35829913009739039 -0.57377746790722384 -1.3632516043526788 1.3930079343644055 -0.15057932800716825 -1.8944587041591778 3.5580405747890476 0.93816582375559321 1.6054141792513077 0.64090167451919866 -0.26008305433723661 -0.30693316834680801 -0.74389752160458666 0.23301862103064172 0.25845089135377591 0.67880169962709014 0.70809454518473813 0.25666292320598255 -1.4932391907881808 0.42443069645336701 -0.28371852904707823 0.0022284360904478756 -0.80888078081405779 -0.17712262385600322 2.7414100669324402 -0.39192425287686866 1.2010008245183712
leaf_weight=969 29 63 985 348 24 41 21 36 35 36 997 300 65 21 23 21 29 36 25 20 28 26 31 22 27 20 25 21 20 63 197 33 20 125 34 706 199 21 22 27 29 20 29 21 207 36 597 137 633 89 74 36 55 27 28 473 4346 118 37 20 26 57
leaf_count=969 29 63 985 348 24 41 21 36 35 36 997 300 65 21 23 21 29 36 25 20 28 26 31 22 27 20 25 21 20 63 197 33 20 125 34 706 199 21 22 27 29 20 29 21 207 36 597 137 633 89 74 36 55 27 28 473 4346 118 37 20 26 57
internal_value=0.00524379 -0.0548851 -0.0769392 0.567461 0.75533 -0.520417 1.11354 0.893858 0.11801 -0.0710258 -0.0446496 0.146247 1.09535 1.57293 0.794099 0.848259 0.755075 1.95339 -0.920393 0.900534 0.82502 1.94619 0.667886 -0.267811 0.85248 0.660821 0.563438 -0.612584 0.23042 0.0696271 0.0361496 0.128114 2.35474 -0.0961035 0.737897 -0.085334 -0.378793 0.154992 0.27093 1.41654 -0.112794 2.42398 1.76159 0.327814 0.219491 -0.989266 -0.059007 -0.035115 -0.0221457 -0.388049 -0.0496993 -0.300099 0.291254 -0.358264 -0.545636 -0.0590132 -0.0258382 -0.407323 0.557064 0.919262 0.138721 0.702012
internal_weight=12886 11641 11422 1245 878 86 45 792 367 332 10348 2197 219 135 756 733 676 57 54 622 602 74 528 87 441 414 394 46 46 1897 1834 1519 70 8151 65 8026 232 296 275 69 206 42 50 84 1287 65 7320 6660 6495 1074 5862 660 141 624 165 5788 4819 315 112 75 1080 83
internal_count=12886 11641 11422 1245 878 86 45 792 367 332 10348 2197 219 135 756 733 676 57 54 622 602 74 528 87 441 414 394 46 46 1897 1834 1519 70 8151 65 8026 232 296 275 69 206 42 50 84 1287 65 7320 6660 6495 1074 5862 660 141 624 165 5788 4819 315 112 75 1080 83
is_linear=0
shrinkage=0.05


Tree=82
num_leaves=63
num_cat=0
split_feature=28 17 13 23 36 18 34 36 34 33 32 12 15 38 19 37 16 36 40 32 33 36 32 36 32 33 32 4 38 40 35 35 40 35 35 35 36 36 35 36 35 36 32 35 36 35 33 33 35 36 33 35 36 7 21 36 35 35 36 35 35 36
split_gain=157258 106604 44066.6 38462.8 37950.1 56015 90973.5 86776.5 59751.8 44908.9 50340.6 46315.4 32510.3 39366.3 45472.3 34677.6 32205.2 28979.6 32079.5 27823.4 83199.5 126810 67966.9 117066 51844.6 67489.5 26061 25340.3 24323 108323 48713.6 102355 41857.3 45224.7 88922.5 59125.3 24294.7 67842.4 41808.8 32000 45684.5 23197 21741.7 21229.4 36337.6 20915.1 18325.6 18213 17842.8 17690.6 17689.8 17311.4 16589.4 16160.5 16531.6 45701.2 22866 18167.1 16368.4 17610.8 15689.4 15462.5
threshold=1.0000000180025095e-35 1.0000000180025095e-35 1.0000000180025095e-35 1.0000000180025095e-35 214.7416666666667 1.0000000180025095e-35 121.35000000000001 274.85833333333341 425.15000000000003 298.15000000000003 315.15000000000003 1.0000000180025095e-35 1.0000000180025095e-35 1.0000000180025095e-35 1.0000000180025095e-35 4.5000000000000009 1.0000000180025095e-35 238.35416666666671 3.5000000000000004 455.45000000000005 64.65000000000002 322.91666666666674 410.75000000000006 287.31000000000006 376.45000000000005 302.85000000000008 433.35000000000008 1.0000000180025095e-35 1.0000000180025095e-35 4.5000000000000009 623.70000000000005 686.45000000000016 2.5000000000000004 1089.1000000000001 1018.5500000000001 807.70000000000016 198.32500000000005 179.51250000000002 562.75000000000011 156.18750000000003 331.45000000000005 318.41250000000008 301.65000000000003 660.00000000000011 211.74500000000003 1107.4500000000003 400.35000000000008 109.55000000000001 562.75000000000011 306.96250000000003 338.05000000000007 598.75000000000011 345.92500000000007 1.0000000180025095e-35 1.0000000180025095e-35 306.96250000000003 731.35000000000025 1140.5000000000002 270.65833333333336 531.55000000000007 879.1500000000002 289.61666666666673
decision_type=2 2 2 2 2 2 2 2 2 2 2 2 2 2 2 2 2 2 2 2 2 2 2 2 2 2 2 2 2 2 2 2 2 2 2 2 2 2 2 2 2 2 2 2 2 2 2 2 2 2 2 2 2 2 2 2 2 2 2 2 2 2
left_child=1 2 3 12 9 8 7 -7 19 10 11 36 13 15 16 27 49 43 45 22 -21 -22 24 -24 28 -26 -17 53 30 50 48 -32 42 34 35 -34 37 39 -39 -2 -41 -20 -33 -3 -45 61 -37 -18 -6 -15 -30 -4 -14 54 56 57 -1 58 59 -56 -25 -19
right_child=4 17 51 -5 5 6 -8 -9 -10 -11 -12 -13 52 14 -16 26 47 18 41 20 21 -23 23 60 25 -27 -28 -29 29 -31 31 32 33 -35 -36 46 -38 38 -40 40 -42 -43 -44 44 -46 -47 -48 -49 -50 -51 -52 -53 -54 -55 55 -57 -58 -59 -60 -61 -62 -63
leaf_value=-0.061118700831770748 0.10935058304622991 -0.48345341334740327 0.00019128739302209534 -0.39960384972552743 0.60978153049255968 -0.99598907927672065 -2.1980944195898569 3.4051202195031305 2.839345646566815 1.8155951053755626 -1.832922128836314 2.2527917397518951 0.4246835722368868 -0.45869289643670019 0.40642096447631904 0.29908024070152484 0.83343909056413745 -0.93937931514921658 1.3524429703752201 1.9501187784331186 -4.1012658285058068 1.2727498372395836 4.5617192260921007 -0.30331476128527096 0.45212003201246259 -3.1051645731925968 1.656324819156102 0.20148468034951783 0.54671071529388426 -2.2736612812165293 4.4347984598233152 -0.83586793086108035 -0.11280306975046794 3.192440782893788 -1.9252615660429002 2.0180520729585125 -1.3806518014272056 0.51399122208356862 3.3836714262312109 0.6021254998445511 -2.3783273229996365 3.1735867279417374 1.0848630630053007 2.5085562651807614 -0.4361822161078453 1.8667014477153618 3.9074779499144783 -0.32693774479709264 -0.77663956743020279 -0.96054089044149105 2.6013207912445071 0.39112472581521923 1.8766294272049615 -0.32093537692827256 -0.19291441287294478 -0.84318565651150923 0.29184402988740027 1.3964030238986016 -0.67120193458132205 0.18430178208665535 1.4163707382149167 1.003195834159851
leaf_weight=3902 134 42 503 1006 216 24 41 21 36 35 36 24 136 541 162 224 63 21 36 28 23 21 32 21 40 20 42 788 20 31 26 34 27 33 20 33 30 30 22 20 36 34 26 22 20 24 21 73 26 260 22 648 23 726 967 239 520 20 124 455 36 20
leaf_count=3902 134 42 503 1006 216 24 41 21 36 35 36 24 136 541 162 224 63 21 36 28 23 21 32 21 40 20 42 788 20 31 26 34 27 33 20 33 30 30 22 20 36 34 26 22 20 24 21 73 26 260 22 648 23 726 967 239 520 20 124 455 36 20
internal_value=0.00498161 -0.0521409 -0.0730922 -0.105969 0.539088 0.717563 -0.494396 1.05786 0.849165 0.11211 -0.0674745 0.147242 -0.0740856 -0.0864619 -0.367073 -0.0479467 -0.500804 1.04058 1.49428 0.754395 -0.180528 -1.53639 0.852807 2.14151 0.660043 -0.733642 0.513382 -0.0672353 0.816344 -0.0317839 0.950356 1.48884 1.09402 1.58547 1.06041 1.79762 -0.0385417 0.127836 1.72809 -0.310128 -1.31388 2.237 -0.00355117 0.311423 1.1063 0.694427 2.75283 0.21059 0.460827 -0.62159 1.62294 0.220282 0.634713 -0.09769 -0.071662 -0.199176 -0.0196125 -0.100889 -0.120259 -0.0722158 0.782802 0.00821832
internal_weight=12886 11641 11422 10271 1245 878 86 45 792 367 332 296 9265 9106 1099 8007 937 219 135 756 72 44 684 89 595 60 266 7741 535 73 462 220 194 134 101 81 272 242 52 190 56 70 60 84 42 65 54 136 242 801 42 1151 159 6953 6227 1805 4422 1566 1546 1422 57 41
internal_count=12886 11641 11422 10271 1245 878 86 45 792 367 332 296 9265 9106 1099 8007 937 219 135 756 72 44 684 89 595 60 266 7741 535 73 462 220 194 134 101 81 272 242 52 190 56 70 60 84 42 65 54 136 242 801 42 1151 159 6953 6227 1805 4422 1566 1546 1422 57 41
is_linear=0
shrinkage=0.05


Tree=83
num_leaves=63
num_cat=0
split_feature=28 13 24 31 21 32 35 12 34 24 40 33 31 36 35 32 35 35 32 35 31 34 0 35 1 36 35 33 36 33 33 36 35 35 32 29 35 11 35 35 36 36 34 22 36 31 31 23 35 21 36 14 21 37 31 32 11 36 31 31 9 4
split_gain=141925 49754.5 44217.2 41625.1 81418.1 118415 75891.4 57773.9 71431.5 54211.9 109743 87109.5 59691.7 50686.4 65926.5 55588.6 63469.1 69097.8 86145.6 52142 49811.6 42983.6 35179.4 36790.2 34047 33321.9 33116.4 28219.1 58319 44892.2 31951.8 31790.4 59333 29890.3 28085 27475 29181.1 32899.4 26657 24034.6 23818.2 23513.5 23413.5 23049.7 19334.6 22469 19284.6 17621.5 16964.7 16340.5 32281.9 24902.9 16281.3 27388.7 20578.4 16810.2 16118.8 15845.4 15660.8 14927.8 22821.2 19440
threshold=1.0000000180025095e-35 1.0000000180025095e-35 1.0000000180025095e-35 143.65000000000001 1.0000000180025095e-35 410.75000000000006 879.1500000000002 1.0000000180025095e-35 83.15000000000002 1.0000000180025095e-35 2.5000000000000004 376.35000000000008 150.75000000000003 273.75000000000006 1018.5500000000001 137.45000000000002 654.95000000000016 731.35000000000025 249.75000000000003 594.25000000000011 485.85000000000008 425.15000000000003 1.0000000180025095e-35 1211.5500000000002 1.0000000180025095e-35 172.42500000000004 490.15000000000009 252.75000000000003 294.05000000000007 64.65000000000002 327.85000000000008 371.92500000000007 1055.3000000000004 969.95000000000016 288.45000000000005 1.0000000180025095e-35 609.55000000000007 1.0000000180025095e-35 287.35000000000008 664.45000000000016 251.51250000000002 328.7166666666667 56.050000000000004 1.0000000180025095e-35 146.36500000000004 95.100000000000009 464.35000000000008 1.0000000180025095e-35 526.80000000000007 1.0000000180025095e-35 306.96250000000003 1.0000000180025095e-35 1.0000000180025095e-35 4.5000000000000009 426.55000000000007 433.35000000000008 1.0000000180025095e-35 208.12500000000003 140.85000000000005 365.45000000000005 1.0000000180025095e-35 1.0000000180025095e-35
decision_type=2 2 2 2 2 2 2 2 2 2 2 2 2 2 2 2 2 2 2 2 2 2 2 2 2 2 2 2 2 2 2 2 2 2 2 2 2 2 2 2 2 2 2 2 2 2 2 2 2 2 2 2 2 2 2 2 2 2 2 2 2 2
left_child=1 2 22 4 5 6 44 9 34 12 -11 -12 -5 14 15 19 48 -18 -19 26 21 27 23 24 35 -6 38 29 -29 46 -30 32 -32 -31 -9 36 43 47 -14 -3 -25 -24 -21 58 -2 -46 -15 49 -17 51 59 -38 -42 -54 55 -55 -4 -49 -1 -51 61 -61
right_child=3 39 56 7 25 -7 -8 8 -10 10 11 -13 13 20 -16 16 17 18 -20 42 -22 -23 41 40 -26 -27 -28 28 30 33 31 -33 -34 -35 -36 -37 37 -39 -40 -41 52 -43 -44 -45 45 -47 -48 57 -50 50 -52 -53 53 54 -56 -57 -58 -59 -60 60 -62 -63
leaf_value=-0.21181628306048556 -0.20278032217174768 0.030842995075768771 -0.34358250880674013 3.3586907422542573 -0.57850542020797735 3.46616333855523 -2.7034568707148239 -0.60410242307753803 3.8787324190139771 -3.7122446515343408 -1.2161652414004009 2.9825610751197456 0.41205519570754129 0.53448593866898608 -1.8262957880371495 0.48003507684106411 4.501602410078049 3.026483472188314 -0.48732298419282244 -3.0525292658805849 2.7206790570583608 2.9924937452588765 -0.39162604700435294 1.7749517798423768 -0.76987027264222874 -3.1600513095855716 2.0991796684265136 3.5188735917210581 2.5077577500116259 -2.4191444415421715 1.7919600737094878 1.7875805616378786 -1.6401454490773819 0.13964470100402834 1.8543387738701242 -0.31647913151929569 0.49322500984564005 -0.31623231930820439 -1.4333076068333217 0.48449194868156387 0.62453173819798324 -1.6108979634210177 -0.66212782150223148 -0.91099103976179063 2.09980798134437 0.23786805341410086 2.0861374855041506 0.75334936421970999 -1.138132947921753 0.072549839117881196 -0.70540807245729065 -0.70153195585893557 -0.80649957021369656 -0.70122390190760298 1.7472517571449282 1.0596539849820343 -1.1151673740669066 -0.28604149859114342 -0.014988914110986669 0.21181912656924498 2.1295832968570969 1.8388275367873057
leaf_weight=1323 80 578 930 20 25 27 24 21 30 22 30 21 65 223 38 46 20 33 37 20 36 21 176 31 164 25 20 24 21 21 20 25 34 25 26 829 841 333 28 590 199 51 21 81 26 43 22 43 25 382 104 46 68 33 25 23 73 249 4280 146 22 21
leaf_count=1323 80 578 930 20 25 27 24 21 30 22 30 21 65 223 38 46 20 33 37 20 36 21 176 31 164 25 20 24 21 21 20 25 34 25 26 829 841 333 28 590 199 51 21 81 26 43 22 43 25 382 104 46 68 33 25 23 73 249 4280 146 22 21
internal_value=0.00473253 -0.0495338 -0.0840543 0.512134 -0.0646383 0.386522 -0.0941159 0.657051 1.97258 0.546708 -0.760556 0.512722 0.659643 0.594211 0.141029 0.378358 1.02797 1.90972 1.16919 -0.300784 0.933138 0.785542 -0.050619 -0.0355166 -0.0561435 -1.86928 0.253403 0.673865 1.30548 0.404723 0.774267 0.313465 -0.368995 -1.0285 0.755886 -0.0426894 -0.0138529 0.141353 -0.143538 0.259998 0.446903 -0.665559 -1.82818 -0.0735707 0.326181 0.939469 0.673818 0.223541 -0.0897424 0.290189 0.104805 0.431265 0.3286 -0.0666377 0.554481 0.0219938 -0.39974 -0.132981 -0.0614645 0.252375 0.61583 0.416413
internal_weight=12886 11641 10473 1245 250 200 173 995 77 918 73 51 845 825 353 315 161 90 70 154 472 436 9470 9243 8864 50 113 415 124 291 100 79 54 46 47 8700 7871 2187 93 1168 379 227 41 5684 149 69 245 1854 71 1562 675 887 348 149 81 56 1003 292 5603 571 189 167
internal_count=12886 11641 10473 1245 250 200 173 995 77 918 73 51 845 825 353 315 161 90 70 154 472 436 9470 9243 8864 50 113 415 124 291 100 79 54 46 47 8700 7871 2187 93 1168 379 227 41 5684 149 69 245 1854 71 1562 675 887 348 149 81 56 1003 292 5603 571 189 167
is_linear=0
shrinkage=0.05


Tree=84
num_leaves=63
num_cat=0
split_feature=17 28 20 11 36 25 32 34 31 35 39 34 34 35 32 35 32 11 31 36 33 31 32 34 33 31 32 31 31 33 35 35 36 31 32 35 35 32 35 31 29 22 34 33 14 34 24 35 31 16 9 31 35 36 36 32 32 31 36 21 36 36
split_gain=131637 116513 45973.5 40519.5 38494.6 37608.1 70487.4 39811.4 45959.9 102798 104230 49613.7 84316.8 62866.6 48380.7 44857.6 43496.4 38258.8 38114 38953.5 37282.4 43776.5 33489.6 31830.9 30730.4 30685.8 29365.1 39833.5 27988.4 35831.9 57974.4 113091 67306 55481.1 35333.2 32578.9 31259.8 69699.7 28992.4 27263 25720.7 22738 23277 22367.2 20710.7 19795 19354.7 18221.5 17703.3 20007.2 17100.3 16530.1 15870.7 32737.9 15405.6 15341.2 15493.8 14883.4 29761.4 23221.2 28095.1 16477.9
threshold=1.0000000180025095e-35 1.0000000180025095e-35 1.0000000180025095e-35 1.0000000180025095e-35 238.35416666666671 1.0000000180025095e-35 211.45000000000002 460.60000000000008 464.35000000000008 1186.7000000000003 1.0000000180025095e-35 179.55000000000004 1.0000000180025095e-35 976.85000000000002 264.45000000000005 1067.0500000000002 164.85000000000005 1.0000000180025095e-35 88.15000000000002 167.12500000000003 171.75000000000003 353.50000000000006 327.65000000000003 115.55000000000001 327.85000000000008 101.90000000000002 137.45000000000002 446.75000000000006 128.85000000000005 299.85000000000008 769.55000000000007 716.85000000000002 316.95000000000005 437.35000000000008 268.45000000000005 670.35000000000002 492.45000000000005 153.05000000000004 886.1500000000002 302.25000000000006 1.0000000180025095e-35 1.0000000180025095e-35 252.60000000000005 440.95000000000005 1.0000000180025095e-35 133.55000000000004 1.0000000180025095e-35 444.45000000000005 232.35000000000005 1.0000000180025095e-35 1.0000000180025095e-35 66.450000000000017 660.00000000000011 211.74500000000003 224.02500000000003 362.55000000000007 268.45000000000005 251.05000000000004 276.02500000000003 1.0000000180025095e-35 315.3250000000001 249.31250000000003
decision_type=2 2 2 2 2 2 2 2 2 2 2 2 2 2 2 2 2 2 2 2 2 2 2 2 2 2 2 2 2 2 2 2 2 2 2 2 2 2 2 2 2 2 2 2 2 2 2 2 2 2 2 2 2 2 2 2 2 2 2 2 2 2
left_child=1 3 5 22 52 7 -7 8 11 10 16 12 17 -14 15 -13 -10 18 19 51 -16 24 44 -8 -22 -20 -6 39 34 30 31 33 -32 35 -27 36 47 -38 -31 45 41 42 57 -40 46 -28 48 -30 -1 50 -50 -3 -2 -54 -42 56 -39 -24 61 -60 -61 -59
right_child=4 2 -4 -5 26 6 23 -9 9 -11 -12 14 13 -15 20 -17 -18 -19 25 -21 21 -23 40 -25 -26 28 27 -29 29 38 32 -33 -34 -35 -36 -37 37 55 43 -41 54 -43 -44 -45 -46 -47 -48 -49 49 -51 -52 -53 53 -55 -56 -57 -58 58 59 60 -62 -63
leaf_value=-0.14479375330273256 -0.32267265943593759 0.99431862115859992 -1.8210392540151421 -0.3591724875041421 3.2160541296005252 -0.57572615072131161 3.2152415183874279 -1.615082637468974 -0.25884478771024283 -1.7115123599767685 5.3158879734220967 1.2104923724343903 -0.16940291060341731 -3.328330146095583 -1.4656931173801422 4.0081678255744597 2.5299080276283727 1.9285301374064554 2.1665941240994826 -2.7295179414749149 1.6460514909029009 2.9535089761018756 0.010751871286998359 1.1382068470546178 -0.93981403862988511 0.19253848729989467 -0.088499884307384494 -0.61418802709806541 0.3765638062935569 2.8482936104138692 -2.7182077834100435 3.8875138075455378 0.34992278676766619 -2.2837695240974427 -2.3134714890610089 -1.1969769338081624 3.8358946209862119 0.36452931761741642 1.5619307688304358 2.6868689690695873 0.61022426710464073 -0.56325995410266128 0.77078855461615303 -0.47261642109264024 -0.72185381168127061 1.8911548717745714 -0.32328218486867111 -1.0456993894577027 -0.028449837501821246 0.89870368055407968 0.33275956966880327 -0.91767090559005737 2.3748451801863584 -0.42023018896579745 -0.44632423481394601 -0.44449623574813207 1.89912843663117 0.50153585775653908 0.33907054325004071 0.34373202467786856 -0.89377788601001518 1.4997180010591236
leaf_weight=2913 43 20 22 1074 26 32 39 24 27 20 21 38 36 28 20 23 29 36 23 20 20 20 714 35 27 39 23 21 227 24 33 23 39 20 22 29 21 38 35 45 40 92 187 22 125 28 706 25 3987 63 357 26 22 20 251 24 29 101 558 87 97 70
leaf_count=2913 43 20 22 1074 26 32 39 24 27 20 21 38 36 28 20 23 29 36 23 20 20 20 714 35 27 39 23 21 227 24 33 23 39 20 22 29 21 38 35 45 40 92 187 22 125 28 706 25 3987 63 357 26 22 20 251 24 29 101 558 87 97 70
internal_value=0.0044959 -0.016952 0.444192 -0.0668534 1.19523 0.485242 1.38499 0.399166 0.443762 1.48229 2.31185 0.341698 0.192809 -1.55143 1.18574 2.26535 1.18533 0.33685 0.259312 -0.887325 0.428763 0.994272 -0.0365141 2.23286 0.160554 0.37176 1.69612 1.35836 0.308251 0.413838 0.258113 0.475173 -1.0563 0.285139 -0.711268 0.415872 0.544369 1.2394 1.39048 1.78985 0.136741 0.203588 0.24248 0.776667 -0.083213 0.998369 -0.0732666 0.235466 -0.049153 0.0140649 0.00123519 -0.0863711 0.352554 1.04386 -0.301094 0.640208 1.02876 0.181759 0.315493 0.17845 -0.308651 0.910148
internal_weight=12886 12658 1236 11422 228 1214 106 1108 1084 97 77 987 839 64 148 61 56 775 739 66 87 67 10348 74 47 673 143 117 650 589 508 436 72 413 61 393 364 112 81 96 2197 1906 1814 57 8151 51 8026 252 7320 4407 4344 46 85 42 291 91 67 1627 913 742 184 171
internal_count=12886 12658 1236 11422 228 1214 106 1108 1084 97 77 987 839 64 148 61 56 775 739 66 87 67 10348 74 47 673 143 117 650 589 508 436 72 413 61 393 364 112 81 96 2197 1906 1814 57 8151 51 8026 252 7320 4407 4344 46 85 42 291 91 67 1627 913 742 184 171
is_linear=0
shrinkage=0.05


Tree=85
num_leaves=63
num_cat=0
split_feature=16 24 28 31 4 31 36 40 25 30 36 18 34 34 31 34 36 32 40 36 9 6 31 38 23 38 32 31 40 31 25 32 34 33 31 36 31 34 32 34 31 9 6 29 31 33 34 36 32 1 17 34 31 33 39 34 37 37 40 31 32 32
split_gain=71897.3 56225.3 59640.5 49518.7 43541.4 54824.8 40364.9 47183.9 39526.4 38339.7 37348 34732.7 58275.4 51779.3 38508.4 37778.2 59592.8 95911.9 66425.8 48598.7 38339 40938.2 42277.3 77384.3 76972.2 76983.1 68361.6 44696.7 64245.4 37309.5 36945.6 34248.7 31771.2 31741.6 31008.8 44648 33407.1 29720.6 29262.1 26381.3 25324.9 33668.2 25229.3 23160.4 23086.2 21450.7 27281 20756.7 20072.8 19731.9 25517.6 36627 30377.7 19400.4 19243.6 18911.8 18094.8 18064.2 17215.1 20179.5 16274.7 57637.9
threshold=1.0000000180025095e-35 1.0000000180025095e-35 1.0000000180025095e-35 59.050000000000004 1.0000000180025095e-35 259.55000000000007 272.71250000000003 2.5000000000000004 1.0000000180025095e-35 1.0000000180025095e-35 287.31000000000006 1.0000000180025095e-35 447.55000000000007 225.90000000000003 229.15000000000001 61.500000000000007 240.34333333333339 178.55000000000004 4.5000000000000009 314.11666666666673 1.0000000180025095e-35 1.0000000180025095e-35 282.65000000000003 1.0000000180025095e-35 1.0000000180025095e-35 1.0000000180025095e-35 144.15000000000001 135.75000000000003 5.5000000000000009 88.15000000000002 1.0000000180025095e-35 101.25000000000001 61.500000000000007 338.05000000000007 453.05000000000007 371.92500000000007 439.55000000000007 127.80000000000003 289.75000000000006 196.60000000000005 150.75000000000003 1.0000000180025095e-35 1.0000000180025095e-35 1.0000000180025095e-35 291.30000000000001 179.05000000000004 56.050000000000004 289.61666666666673 379.75000000000006 1.0000000180025095e-35 1.0000000180025095e-35 79.550000000000011 275.05000000000007 76.350000000000009 1.0000000180025095e-35 218.95000000000002 1.5000000000000002 4.5000000000000009 2.5000000000000004 126.95000000000002 142.45000000000002 66.050000000000011
decision_type=2 2 2 2 2 2 2 2 2 2 2 2 2 2 2 2 2 2 2 2 2 2 2 2 2 2 2 2 2 2 2 2 2 2 2 2 2 2 2 2 2 2 2 2 2 2 2 2 2 2 2 2 2 2 2 2 2 2 2 2 2 2
left_child=1 2 8 -4 11 -6 -3 32 9 40 45 12 15 14 -13 20 17 -17 33 -20 21 22 24 30 25 26 31 29 48 -28 34 58 -8 -18 36 -36 60 47 -22 -9 -1 43 54 49 -41 53 -47 -10 -29 50 56 52 -52 -2 55 -43 -42 -39 -5 -60 61 -24
right_child=10 6 3 4 5 -7 7 39 37 -11 -12 13 -14 -15 -16 16 18 -19 19 -21 38 -23 23 -25 -26 -27 27 28 -30 -31 -32 -33 -34 -35 35 -37 -38 57 -40 44 41 42 -44 -45 -46 46 -48 -49 -50 -51 51 -53 -54 -55 -56 -57 -58 -59 59 -61 -62 -63
leaf_value=-0.20899450422159377 0.58398687833863672 -0.091431195718314998 -1.948468069408251 -0.7166038763927336 3.0424104045419131 0.24267510970433556 -0.94913544183969512 -0.62732463625984058 -0.076549800495720577 -0.89313820973038682 1.5650176492448038 -1.2883532603581749 3.0725256037712096 -2.8025231473502661 1.1222391956561322 2.9530261380919094 -1.0232321408532916 -1.0473610351162572 -3.3866651248931889 -0.344149805250622 0.67324705578031996 -1.17059535246629 0.33282274008493556 3.4609769309008565 -2.9006697377562527 -2.5665089823982932 1.2806853332519532 0.54978545743685503 3.1346379549730394 4.1394523030235657 2.6967549369448709 -2.1242950558662415 -2.5368938912516055 1.6944448947906494 2.9487898185335357 0.29584507848535269 -1.6993613466620445 0.52823847755789755 3.3455760338157421 -0.62043537900254542 -0.1094828235664988 0.49082483193014331 -0.72324234584592428 -0.33085830873548372 0.9948808623443951 -0.37986881477492201 1.9254459872390286 0.43765382299409111 -1.2241535259329757 -0.62688431020142166 0.12238636934757233 -0.71298086554915818 2.355110839773447 -1.0835144753391679 -0.043990112824596951 1.7329696933428449 0.071218523309530504 1.6384941148070191 -0.58515382850486219 0.91127216301753489 -0.11367439024242354 3.2571039390563969
leaf_weight=2035 33 627 23 47 34 36 100 288 468 138 104 30 20 21 37 29 21 31 35 21 21 39 107 27 20 22 25 52 21 21 21 20 46 22 29 35 20 124 20 37 2586 429 53 636 55 21 33 338 23 128 25 27 39 37 169 33 2984 52 33 71 81 20
leaf_count=2035 33 627 23 47 34 36 100 288 468 138 104 30 20 21 37 29 21 31 35 21 21 39 107 27 20 22 25 52 21 21 21 20 46 22 29 35 20 124 20 37 2586 429 53 636 55 21 33 338 23 128 25 27 39 37 169 33 2984 52 33 71 81 20
internal_value=-0.0136801 -0.0296636 0.00399229 0.34792 0.395418 1.60255 -0.362398 -0.685395 -0.0340395 -0.0659541 0.866254 0.314324 0.401999 -0.636145 0.0428694 0.344814 -0.357239 0.886159 -1.11081 -2.24572 0.488848 0.405732 0.494188 0.892668 0.112546 0.292439 0.493388 1.30427 0.690216 2.58577 0.67112 -0.179977 -1.44939 0.367207 0.525441 1.49796 0.252453 0.267622 1.97682 -0.391861 -0.0534704 -0.00895054 0.32454 -0.0444537 0.345243 0.280194 1.02893 0.139084 0.0057775 -0.0129883 0.00089242 0.831412 1.48295 -0.297407 0.412548 0.579549 -0.0126762 0.856269 0.0775488 0.436445 0.440127 0.793339
internal_weight=12780 12552 11399 1135 1112 70 1153 526 10264 9282 228 1042 954 88 67 934 159 60 99 56 775 734 695 340 355 335 313 142 96 46 313 171 146 43 292 64 228 982 41 380 9144 7109 684 6425 92 124 54 806 75 5789 5661 91 64 70 631 462 5570 176 151 104 208 127
internal_count=12780 12552 11399 1135 1112 70 1153 526 10264 9282 228 1042 954 88 67 934 159 60 99 56 775 734 695 340 355 335 313 142 96 46 313 171 146 43 292 64 228 982 41 380 9144 7109 684 6425 92 124 54 806 75 5789 5661 91 64 70 631 462 5570 176 151 104 208 127
is_linear=0
shrinkage=0.05


Tree=86
num_leaves=63
num_cat=0
split_feature=16 24 25 36 31 40 33 32 1 5 33 35 23 35 34 36 31 35 11 9 0 36 32 29 36 31 36 35 20 33 33 34 31 40 31 33 33 34 5 34 33 35 36 36 14 33 35 35 35 33 21 31 36 33 31 31 40 32 40 31 32 35
split_gain=64887.3 50743.3 46649.6 36429.3 44766.4 35518.8 39316.9 35421.9 34776.1 35517.4 47984.6 44421.2 36362.3 51533.8 33748.7 33706.6 29501.7 48997.4 28904.2 24711.1 23825.2 33555.1 22656.3 32157.4 27748.4 24678.4 42773.1 23232.9 22965.5 27227.4 22633.4 25812.3 21532 19964.5 19918.7 19716.4 19359.2 24621.1 18699.9 18571.9 17508.8 16993.8 25559 20924.3 18666.4 16978.9 16710.1 16258.7 19149.4 16178.2 16944 31262.6 25418.2 24083 22585 18903 15193.3 31151.8 24438.7 14881.2 14718.4 32695.3
threshold=1.0000000180025095e-35 1.0000000180025095e-35 1.0000000180025095e-35 272.71250000000003 191.45000000000002 1.5000000000000002 356.10000000000008 277.15000000000003 1.0000000180025095e-35 1.0000000180025095e-35 446.75000000000006 1036.0000000000002 1.0000000180025095e-35 1437.45 196.60000000000005 287.31000000000006 73.050000000000011 807.70000000000016 1.0000000180025095e-35 1.0000000180025095e-35 1.0000000180025095e-35 285.21250000000003 389.15000000000003 1.0000000180025095e-35 247.31666666666669 464.35000000000008 240.34333333333339 837.70000000000016 1.0000000180025095e-35 359.45000000000005 465.55000000000007 425.15000000000003 114.15000000000002 4.5000000000000009 109.05000000000001 232.30000000000004 179.05000000000004 56.050000000000004 1.0000000180025095e-35 413.85000000000008 76.350000000000009 1107.4500000000003 286.35833333333341 272.71250000000003 1.0000000180025095e-35 425.80000000000007 1018.5500000000001 849.65000000000009 505.05000000000007 365.60000000000008 1.0000000180025095e-35 200.55000000000004 310.41666666666674 104.65000000000002 373.85000000000008 150.75000000000003 1.5000000000000002 470.95000000000005 4.5000000000000009 430.25000000000006 120.85000000000001 675.1500000000002
decision_type=2 2 2 2 2 2 2 2 2 2 2 2 2 2 2 2 2 2 2 2 2 2 2 2 2 2 2 2 2 2 2 2 2 2 2 2 2 2 2 2 2 2 2 2 2 2 2 2 2 2 2 2 2 2 2 2 2 2 2 2 2 2
left_child=1 2 8 -3 33 6 -6 30 9 12 32 -12 13 16 -7 36 17 35 -14 38 22 34 25 49 -25 28 27 -27 41 -30 31 -4 47 -5 -22 -1 40 -38 59 -15 -2 44 43 -43 -18 -16 -20 48 -11 50 51 55 54 -53 56 -24 -52 58 -58 -9 61 -34
right_child=15 3 7 4 5 14 -8 19 -10 10 11 -13 18 39 45 -17 20 -19 46 -21 21 -23 23 24 -26 26 -28 -29 29 -31 -32 -33 60 -35 -36 -37 37 -39 -40 -41 -42 42 -44 -45 -46 -47 -48 -49 -50 -51 52 53 -54 -55 -56 -57 57 -59 -60 -61 -62 -63
leaf_value=-0.38975751581188489 0.55478754305478295 -0.08685963622753344 0.08816207072953694 -3.2850589025588266 -0.68827361012751487 -0.53179439299150821 -2.7357190052668257 0.26650870872868432 -0.69022843882823604 -0.28321410096250477 3.4339413111860106 0.58215768767727749 -0.26369769717655789 0.51266475386089749 0.17300312538615992 1.4867667681465928 -0.039725877137517691 -2.4252743841245259 -0.72158671468496327 1.8074888619226082 -1.4778171324729921 -1.3968658997792087 0.68927242226070828 1.0784001286910927 -0.84590936984018539 0.82320355441835202 0.15069697309972593 2.9158593285651437 -0.37929751931707251 -2.3122175064953892 -1.3062454796263152 1.9141120771691202 0.21135872453175208 -1.1740509659051896 0.25071078143082559 1.0653941745758055 -0.36087533930937449 1.8291736732829702 1.5813095221152673 2.3063648123894969 -1.0293387357447599 0.45015900548961429 -0.029645282280917215 2.2726060237203325 -0.9261736551920573 1.7671759062487149 -2.2885539284458871 0.80508703719014718 -1.8139035483201345 1.0262602979707163 0.98388669110834615 0.4888608487935418 -0.89871910800856925 -0.63284043640386867 1.2604088658636268 2.1233480068296195 -1.1427856610467038 -1.5584739309899946 0.72420409927001372 1.1013908550143243 0.4520677611088082 -1.3040127278464597
leaf_weight=338 33 627 600 21 81 283 33 279 195 84 22 36 836 27 61 104 5817 29 46 43 20 73 54 23 101 36 515 21 106 22 28 20 270 24 100 25 21 33 39 31 37 36 101 28 60 23 27 23 27 86 30 222 62 61 44 40 24 34 65 66 486 41
leaf_count=338 33 627 600 21 81 283 33 279 195 84 22 36 836 27 61 104 5817 29 46 43 20 73 54 23 101 36 515 21 106 22 28 20 270 24 100 25 21 33 39 31 37 36 101 28 60 23 27 23 27 86 30 222 62 61 44 40 24 34 65 66 486 41
internal_value=-0.0129961 -0.0281804 0.00379268 -0.344278 -0.651125 -0.510038 -1.28096 0.317252 -0.0288466 -0.0161139 0.268517 1.66387 -0.0469126 -0.0137706 -0.270571 0.822941 -0.02431 -0.447541 -0.347013 0.670822 -0.00298796 -0.551588 0.0109656 0.254865 -0.488981 -0.0196393 0.294541 1.59418 -0.0487659 -0.711518 0.0842664 0.147064 0.181588 -2.15919 -0.0373772 -0.28954 0.266184 0.977488 0.543539 1.47137 -0.282536 -0.0347255 0.465724 1.24748 -0.0487759 0.609503 -1.30115 -0.404839 -0.655544 0.382617 0.295583 0.509492 -0.0157826 0.247081 0.262096 1.29952 -0.0250007 -0.271071 0.220746 0.426225 0.280185 0.0115831
internal_weight=12780 12552 11399 1153 526 481 114 1075 10324 10129 989 58 9140 8231 367 228 8173 392 909 427 7781 193 7588 846 124 6742 572 57 6170 128 648 620 931 45 120 363 124 54 384 58 70 6042 165 64 5877 84 73 134 111 722 636 377 259 283 197 94 153 123 89 345 797 311
internal_count=12780 12552 11399 1153 526 481 114 1075 10324 10129 989 58 9140 8231 367 228 8173 392 909 427 7781 193 7588 846 124 6742 572 57 6170 128 648 620 931 45 120 363 124 54 384 58 70 6042 165 64 5877 84 73 134 111 722 636 377 259 283 197 94 153 123 89 345 797 311
is_linear=0
shrinkage=0.05


Tree=87
num_leaves=63
num_cat=0
split_feature=28 0 36 32 7 17 32 31 5 32 32 31 33 35 35 32 31 29 37 36 33 5 36 31 34 40 33 19 36 23 8 9 35 34 39 40 36 36 34 38 32 4 32 35 36 32 31 25 12 32 36 31 36 31 35 29 15 38 8 31 36 9
split_gain=58648.7 46522.6 40709.3 128249 36927.1 41666.5 53669 41855.8 38115.8 36800 36650.3 28457.6 70342.9 52864.3 93758 49672.4 35202.1 38736.8 102529 71338.2 103802 61683.8 57547.1 112452 51581.2 37277.8 33043.2 27911.6 29985.5 28511.2 27669.4 37073.8 26567.1 25603.6 25278.1 45049.1 40888.3 25192.9 24696.1 21735.3 20736.6 19943.4 18531.3 37534.4 21039.9 25075.6 22098.5 17161.6 19097.9 16239.8 16372.5 15469.1 18436.8 15358.6 15322.1 15209 14035.5 26639.9 22874.1 18368.9 17064.8 14801.5
threshold=1.0000000180025095e-35 1.0000000180025095e-35 312.83333333333337 470.95000000000005 1.0000000180025095e-35 1.0000000180025095e-35 405.75000000000006 251.05000000000004 1.0000000180025095e-35 475.15000000000003 459.15000000000003 372.25000000000006 310.10000000000008 736.45000000000016 594.25000000000011 266.25000000000006 353.50000000000006 1.0000000180025095e-35 3.5000000000000004 277.15833333333336 388.05000000000007 1.0000000180025095e-35 247.31666666666669 175.25000000000003 297.85000000000008 3.5000000000000004 210.15000000000001 1.0000000180025095e-35 300.5750000000001 1.0000000180025095e-35 1.0000000180025095e-35 1.0000000180025095e-35 686.45000000000016 406.00000000000006 1.0000000180025095e-35 5.5000000000000009 356.22500000000008 328.7166666666667 416.00000000000006 1.0000000180025095e-35 349.05000000000007 1.0000000180025095e-35 95.850000000000009 382.50000000000006 225.04166666666671 180.15000000000001 202.65000000000001 1.0000000180025095e-35 1.0000000180025095e-35 64.450000000000017 108.52500000000002 336.25000000000006 340.8250000000001 300.55000000000007 509.85000000000008 1.0000000180025095e-35 1.0000000180025095e-35 1.0000000180025095e-35 1.0000000180025095e-35 362.15000000000003 198.32500000000005 1.0000000180025095e-35
decision_type=2 2 2 2 2 2 2 2 2 2 2 2 2 2 2 2 2 2 2 2 2 2 2 2 2 2 2 2 2 2 2 2 2 2 2 2 2 2 2 2 2 2 2 2 2 2 2 2 2 2 2 2 2 2 2 2 2 2 2 2 2 2
left_child=1 4 3 11 5 8 7 -7 27 10 33 16 13 14 -13 -15 17 19 -19 21 25 22 24 -24 30 -21 54 29 -29 38 31 39 -10 34 51 36 -36 -3 41 42 -27 56 49 -44 45 -45 -47 48 -43 50 -2 -4 -53 -40 -25 -6 57 59 -59 -1 -61 -62
right_child=2 37 9 -5 55 6 -8 -9 32 -11 -12 12 -14 15 -16 -17 -18 18 -20 20 -22 -23 23 26 -26 40 -28 28 -30 -31 -32 -33 -34 -35 35 -37 -38 -39 53 -41 -42 47 43 44 -46 46 -48 -49 -50 -51 -52 52 -54 -55 -56 -57 -58 58 -60 60 61 -63
leaf_value=-0.10006667849438511 -0.81152148429836546 -0.43126656020334136 -0.31385283361120925 -3.4759421785672511 -0.25599056272635562 -0.52390004917979238 2.732005323829322 1.1944898027826001 0.048811305183351777 2.3226780589889078 -1.3764350070194764 0.66292310644079144 -3.1707695770263675 2.1667034754881991 -3.8538286113739013 -0.50149903586416533 2.3728245780581521 -3.3099617328643802 1.2183648996353149 -0.62901342670122784 4.6422560908577664 2.0822067731466052 -4.2391287175091836 0.0054421807825565348 -1.8487871483520228 0.69287001371383672 1.3213244557380677 -0.02007831797385827 1.4279864179591337 -0.32724483040398994 2.1335850152102385 2.1276356376134435 0.5804839755756751 -0.95059309119269964 3.5188413353580419 -0.11529169435854313 0.86758248118253867 -1.5735238795318913 0.18520936606681512 -1.0114197261418616 2.6646997471650442 0.061192324510412038 2.0026416304707531 1.1409625053405763 1.3523644501163115 -1.5111787696679435 0.40179457114293027 1.0042740996255251 1.0644317700874573 -1.4261781871318817 0.46098092024797926 2.0846101504953012 0.55711859741913416 1.2915972723540934 -1.9282883532700084 -0.98045960145118904 0.4968977731199713 -0.46551321929929035 0.6918248698115349 0.72438131688219132 -0.00053268187623839176 0.4484867834958477
leaf_weight=4413 35 218 41 24 1017 68 29 74 527 34 22 27 20 37 20 33 21 25 25 30 22 39 22 20 27 30 25 78 66 886 22 26 424 21 33 27 26 62 73 35 24 679 40 26 31 36 26 61 51 20 91 23 140 55 21 78 109 594 46 99 1619 207
leaf_count=4413 35 218 41 24 1017 68 29 74 527 34 22 27 20 37 20 33 21 25 25 30 22 39 22 20 27 30 25 78 66 886 22 26 424 21 33 27 26 62 73 35 24 679 40 26 31 36 26 61 51 20 91 23 140 55 21 78 109 594 46 99 1619 207
internal_value=-0.0123463 -0.0475668 0.313394 0.128903 -0.031726 -0.00198806 0.771902 0.371599 -0.0152388 0.75577 0.595786 0.229973 -0.430471 0.0379565 -1.2591 0.908837 0.355816 0.295132 -1.0458 0.398599 1.58489 0.166595 0.018068 -1.14333 0.26434 0.784149 -0.111395 -0.0469277 0.643618 -0.0581106 0.411388 0.307867 0.285856 0.7353 0.857382 1.57635 2.35049 -0.684195 -0.0283263 0.168709 1.56924 -0.03952 0.304133 0.677599 0.232206 -0.162395 -0.708964 0.198605 0.131282 -0.102586 0.107508 0.554288 0.772654 0.66061 -0.985005 -0.307597 -0.0660978 -0.0748921 -0.38233 -0.0438476 0.0850328 0.0503693
internal_weight=12780 11533 1247 880 11253 10158 171 142 9987 367 333 856 137 117 47 70 719 698 50 648 106 542 503 88 415 84 66 9036 144 8892 388 366 951 311 290 86 59 280 8006 340 54 7878 305 159 119 88 62 791 730 146 126 204 163 128 41 1095 7087 6978 640 6338 1925 1826
internal_count=12780 11533 1247 880 11253 10158 171 142 9987 367 333 856 137 117 47 70 719 698 50 648 106 542 503 88 415 84 66 9036 144 8892 388 366 951 311 290 86 59 280 8006 340 54 7878 305 159 119 88 62 791 730 146 126 204 163 128 41 1095 7087 6978 640 6338 1925 1826
is_linear=0
shrinkage=0.05


Tree=88
num_leaves=63
num_cat=0
split_feature=16 30 28 36 32 11 4 28 31 21 35 35 31 31 32 38 40 37 13 35 25 6 40 34 32 37 35 35 35 31 32 23 35 32 36 32 1 24 4 36 32 36 36 36 36 13 36 21 36 31 31 35 35 36 32 36 10 34 19 31 35 38
split_gain=58414.1 46014.6 44378.2 36425.5 114022 33408.8 33225.9 32205.3 29372.8 54226.5 45918.9 56676.5 38231.6 37942.4 64425.7 45368.3 76045.5 36910.8 35668.3 29342.3 28968 28627.6 32616.5 32175.9 23584.6 22984.6 22345.5 19960.5 40368.7 39174.8 34589.7 28784.2 41606.2 38010.3 26289.8 21487 19779.7 18631.2 18519.7 18484.2 17894.2 33314.9 17282.2 15600.1 15060.2 14966.4 14769.4 17599.6 33888.4 18965.3 14583.3 14332.8 38018.6 16350.5 13744 13523.9 13237.2 13289.4 12917.8 12829.8 18513.3 12415.6
threshold=1.0000000180025095e-35 1.0000000180025095e-35 1.0000000180025095e-35 312.83333333333337 470.95000000000005 1.0000000180025095e-35 1.0000000180025095e-35 1.0000000180025095e-35 372.25000000000006 1.0000000180025095e-35 932.50000000000011 736.45000000000016 448.05000000000007 323.85000000000008 130.25000000000003 1.0000000180025095e-35 1.0000000180025095e-35 3.5000000000000004 1.0000000180025095e-35 579.05000000000007 1.0000000180025095e-35 1.0000000180025095e-35 1.0000000180025095e-35 326.7000000000001 470.95000000000005 4.5000000000000009 1211.5500000000002 557.85000000000002 691.00000000000011 110.95000000000002 325.75000000000006 1.0000000180025095e-35 886.1500000000002 293.95000000000005 215.85833333333338 280.85000000000008 1.0000000180025095e-35 1.0000000180025095e-35 1.0000000180025095e-35 354.05000000000007 288.45000000000005 213.81666666666669 295.35833333333341 215.85833333333338 406.92500000000001 1.0000000180025095e-35 198.32500000000005 1.0000000180025095e-35 274.85833333333341 471.05000000000007 232.35000000000005 1129.3500000000001 992.6500000000002 325.81666666666672 358.65000000000003 324.15000000000009 1.0000000180025095e-35 411.65000000000003 1.0000000180025095e-35 457.95000000000005 711.55000000000007 1.0000000180025095e-35
decision_type=2 2 2 2 2 2 2 2 2 2 2 2 2 2 2 2 2 2 2 2 2 2 2 2 2 2 2 2 2 2 2 2 2 2 2 2 2 2 2 2 2 2 2 2 2 2 2 2 2 2 2 2 2 2 2 2 2 2 2 2 2 2
left_child=1 2 5 4 8 19 21 55 13 10 11 -10 -11 15 -15 18 -17 -16 27 50 36 22 39 24 51 44 -3 30 34 -30 35 32 -31 -34 -29 -4 37 38 45 -5 -40 -42 54 -27 -22 46 -21 58 49 -49 -1 52 53 -24 -39 -2 57 -44 61 60 -55 -48
right_child=7 26 3 6 -6 -7 -8 -9 9 12 -12 -13 -14 14 17 16 -18 -19 -20 20 25 -23 23 -25 -26 43 -28 28 29 31 -32 -33 33 -35 -36 -37 -38 42 40 -41 41 -43 56 -45 -46 -47 47 48 -50 -51 -52 -53 -54 59 -56 -57 -58 -59 -60 -61 -62 -63
leaf_value=-0.16408602282251614 0.328367751935083 -0.57424282750179034 0.19485894937592724 -1.5895280820131301 -3.3021450330813731 -0.3139716067594624 2.626259249732608 2.6978005978465083 -1.9810476918374338 -0.46307746858307813 -3.3663359142485123 1.3372656085274437 2.1291199645996097 3.8392468070983892 -1.021933850375089 0.88907450636227936 -2.9157976199840681 1.9459358286857604 -1.1895758956670761 0.39455244177606619 0.2383837456690214 -1.0174131764815404 -0.77285491011359486 2.8297579827762789 2.2358212623596194 0.58772136078161352 -2.0733720409373446 0.9501081295311451 -1.4269765386581421 -0.78101020494233009 -1.7796291442144487 2.2594758214950565 2.5415797940615952 0.18801393111546835 3.0686282890814325 1.7543948301424583 -0.62288210350004114 -0.15296910736729338 0.055108002751417785 0.28839384442881538 2.5680436504496771 0.51961263186238671 -0.55897726370189005 2.1520347732305529 1.3779332483968427 0.32829401475271863 0.14174590506941695 -0.077537512626837612 -0.72420450217565713 1.1938238710165023 -0.012622927636440157 -0.53892611215511965 2.7098868776451459 0.76030362819946262 0.71453371107578278 1.2019036292564125 0.38850767819676552 -1.8663037489761007 0.88425126735200266 1.4913941703938152 -0.87971154911951599 -0.2841530325989276
leaf_weight=2971 144 145 277 20 24 1053 21 20 31 33 21 22 25 20 22 24 29 20 36 202 448 26 22 21 25 34 30 32 25 46 21 25 29 42 27 24 110 191 184 38 22 203 167 30 31 406 677 352 245 32 3417 24 22 79 60 64 32 22 47 37 22 229
leaf_count=2971 144 145 277 20 24 1053 21 20 31 33 21 22 25 20 22 24 29 20 36 202 448 26 22 21 25 34 30 32 25 46 21 25 29 42 27 24 110 191 184 38 22 203 167 30 31 406 677 352 245 32 3417 24 22 79 60 64 32 22 47 37 22 229
internal_value=-0.0117289 -0.026136 -0.0147525 0.272607 0.0954846 -0.0459464 0.696807 0.781416 0.193611 -0.490449 -1.38764 -0.603635 0.654249 0.32279 1.50357 0.207863 -1.19284 0.391337 0.334982 -0.0180359 0.0935157 0.576216 0.709875 0.955924 0.785575 0.431041 -0.831236 0.435135 0.795331 0.398134 0.182327 0.719457 0.390393 1.14933 1.9196 0.319207 0.0358998 0.0594967 0.11198 -0.359165 0.420827 0.719904 -0.229493 1.32099 0.312133 0.0542999 -0.00805527 -0.0594628 -0.264739 0.0284093 -0.083067 0.609575 0.761025 0.493057 0.0544021 0.597148 -0.551926 -0.711153 0.0760239 0.694869 0.403073 0.034096
internal_weight=12780 12552 12377 1212 855 11165 357 228 831 132 74 53 58 699 62 637 53 42 584 10112 3724 336 310 252 231 543 175 548 226 167 322 142 117 71 59 301 3181 3071 2599 58 409 225 472 64 479 2190 1784 1582 629 384 6388 206 182 160 251 208 221 189 953 138 101 906
internal_count=12780 12552 12377 1212 855 11165 357 228 831 132 74 53 58 699 62 637 53 42 584 10112 3724 336 310 252 231 543 175 548 226 167 322 142 117 71 59 301 3181 3071 2599 58 409 225 472 64 479 2190 1784 1582 629 384 6388 206 182 160 251 208 221 189 953 138 101 906
is_linear=0
shrinkage=0.05


Tree=89
num_leaves=63
num_cat=0
split_feature=28 5 36 32 23 32 32 22 29 31 9 20 2 34 39 40 36 22 33 31 36 31 32 34 32 36 31 21 31 32 31 32 36 33 33 33 25 34 33 37 32 36 19 33 37 32 24 34 34 36 31 36 33 36 36 32 31 36 32 15 14 38
split_gain=47809 37809.7 33367.2 104434 32507.5 31025.9 32671.1 27615.8 26940 24724.7 25259.9 25062.6 24164.4 23772 22940.7 40789 38173.9 22647.3 38686.7 69732.6 89093.9 41799.8 57864.2 34602.1 31759.7 83862.6 39892.9 37711.8 58761.6 70970 42931 34737.6 25671 23901.1 21412.5 18296.3 16980.3 21637 16721.9 14669.9 14463.1 13201.2 13143.3 12959.8 12905.2 16454.2 13493.2 12858.8 16566.1 12750.7 18151.8 12411.4 12212.9 11284.2 36599.5 26252.9 20289.8 19860.5 13122.1 11035.8 10699.7 17589.3
threshold=1.0000000180025095e-35 1.0000000180025095e-35 312.83333333333337 470.95000000000005 1.0000000180025095e-35 475.15000000000003 459.15000000000003 1.0000000180025095e-35 1.0000000180025095e-35 388.75000000000006 1.0000000180025095e-35 1.0000000180025095e-35 1.0000000180025095e-35 406.00000000000006 1.0000000180025095e-35 5.5000000000000009 340.8250000000001 1.0000000180025095e-35 243.75000000000003 143.65000000000001 244.52666666666667 266.65000000000003 184.85000000000005 78.250000000000014 311.50000000000006 267.12500000000006 158.40000000000003 1.0000000180025095e-35 417.75000000000006 214.65000000000001 419.55000000000007 382.00000000000006 153.15833333333336 145.20000000000002 442.60000000000008 320.95000000000005 1.0000000180025095e-35 215.20000000000002 183.95000000000002 4.5000000000000009 397.75000000000006 274.85833333333341 1.0000000180025095e-35 241.45000000000002 4.5000000000000009 188.45000000000002 1.0000000180025095e-35 392.4500000000001 104.20000000000002 325.81666666666672 476.05000000000007 230.82500000000005 329.30000000000001 211.74500000000003 179.51250000000002 71.300000000000026 200.55000000000004 246.32500000000005 90.850000000000009 1.0000000180025095e-35 1.0000000180025095e-35 1.0000000180025095e-35
decision_type=2 2 2 2 2 2 2 2 2 2 2 2 2 2 2 2 2 2 2 2 2 2 2 2 2 2 2 2 2 2 2 2 2 2 2 2 2 2 2 2 2 2 2 2 2 2 2 2 2 2 2 2 2 2 2 2 2 2 2 2 2 2
left_child=1 4 3 12 7 6 13 8 9 36 11 39 17 14 40 16 -16 18 24 20 -20 23 -23 -21 27 26 -26 30 29 32 33 -27 -29 53 47 -3 42 -38 -14 60 49 -24 59 -12 46 -46 -10 48 -9 -4 52 -47 -51 54 58 -55 -56 -57 -2 -1 61 -11
right_child=2 35 5 -5 -6 -7 -8 34 44 10 43 -13 38 -15 15 -17 -18 -19 19 21 -22 22 41 -25 25 31 -28 28 -30 -31 -32 -33 -34 -35 -36 -37 37 -39 -40 -41 -42 -43 -44 -45 45 51 -48 -49 -50 50 -52 -53 -54 55 56 57 -58 -59 -60 -61 -62 -63
leaf_value=-0.095619858898189358 -0.37200732512265139 0.13836721848312666 -0.44150012785738169 -3.1370378111799559 -0.34148941219701334 2.1221997843069191 -1.3255187435583635 -0.53886594606073279 -0.27895767561648971 0.059218654573584599 0.46712927772867974 -1.0343811851615707 -1.712407355125134 -0.95618504910241997 3.918309114660536 -0.13882807007542364 1.2620032705758748 -1.3394275415511361 1.0552584096005089 1.42062031139027 -2.8360204696655273 -0.96674879213859288 2.8235867000761488 3.787963035599939 -0.62584979799058704 -0.28887616475423178 -3.0521575465798381 0.53725334882736209 3.6292472815513612 2.6352407855987554 -1.7205025800069174 2.2347239608764649 -1.9657344693229313 1.6002269005775454 0.72604695433570499 0.66000338332932529 0.088788654053428812 0.9849151510924069 -0.038398881639753073 0.88543376443816024 -0.46117537671869457 1.0506982144855319 0.48653242672957919 1.4250168309609097 -0.83282260634005079 1.5298651325291601 -1.033441219921224 0.55672391712665559 -1.5174006854849202 0.36978061342356255 2.0771004772186283 -0.089202596545219434 1.6686906023459003 0.41011838665581313 0.67592170282646469 -2.0070525237492154 2.7770919537544252 -0.046935794999202092 0.62513921761512758 0.45372760079961316 -0.76889262199401864 0.59028802086122811
leaf_weight=5388 97 859 22 24 1010 34 22 190 800 1500 164 48 26 21 21 27 38 21 38 33 24 29 21 29 36 30 32 20 20 25 30 25 21 30 31 209 538 77 35 61 33 21 102 45 20 29 64 20 56 102 25 20 22 64 27 28 20 24 50 93 35 174
leaf_count=5388 97 859 22 24 1010 34 22 190 800 1500 164 48 26 21 21 27 38 21 38 33 24 29 21 29 36 30 32 20 20 25 30 25 21 30 31 209 538 77 35 61 33 21 102 45 20 29 64 20 56 102 25 20 22 64 27 28 20 24 50 93 35 174
internal_value=-0.0111425 -0.0429421 0.282959 0.115931 -0.0718633 0.683461 0.536563 -0.0430613 -0.0276728 0.00121008 0.152799 0.0929527 0.207136 0.668286 0.78592 1.47084 2.20747 0.280723 0.324681 0.9338 -0.451043 1.57937 0.751046 2.52793 0.119537 -0.593478 -1.76764 0.311864 1.25501 0.53554 0.0926469 0.858215 -0.744765 0.252631 -0.517566 0.240448 -0.0483656 0.200987 -0.751911 0.123524 0.497179 1.93714 -0.0758332 0.673373 -0.282295 0.375733 -0.334845 -0.662498 -0.761622 0.682125 0.848029 0.869021 0.600232 0.122218 0.355484 -0.2679 1.57004 -1.10238 -0.0328418 -0.0862987 0.0963293 0.114419
internal_weight=12780 11533 1247 880 10465 367 333 9455 9158 8225 2027 1818 856 311 290 86 59 795 774 195 62 133 71 62 579 123 68 456 86 66 370 55 41 340 297 1068 6198 615 61 1770 204 42 5583 209 933 69 864 266 246 171 149 49 124 310 194 116 47 52 147 5481 1709 1674
internal_count=12780 11533 1247 880 10465 367 333 9455 9158 8225 2027 1818 856 311 290 86 59 795 774 195 62 133 71 62 579 123 68 456 86 66 370 55 41 340 297 1068 6198 615 61 1770 204 42 5583 209 933 69 864 266 246 171 149 49 124 310 194 116 47 52 147 5481 1709 1674
is_linear=0
shrinkage=0.05


Tree=90
num_leaves=63
num_cat=0
split_feature=28 32 33 32 39 33 11 40 32 14 37 40 38 36 36 36 29 32 36 12 31 5 33 33 32 32 34 37 34 40 37 33 30 17 32 32 39 37 37 31 23 36 36 21 36 31 32 36 31 33 31 36 31 36 32 36 23 32 37 33 4 13
split_gain=61181.4 42809.7 39502.7 40970.7 57510.1 105452 36647.4 35762.7 96997.6 35700.1 35222.2 67299 42756.6 54195.6 36748.8 35803.3 32325.2 31558.7 29213.8 27469.6 26566.1 35404.4 74181 41944.8 37848.7 37888.8 80515.7 46933.1 44242.6 40471.8 30872.5 28243.9 24611.2 24994.4 24335 30488.5 27798 19515.9 18876.9 19518.7 18325 17978.2 24397.6 16931.2 40680.4 25229.5 18834.6 16145.5 40642.2 36847.9 44554.9 15790.1 17970.9 15597.6 16729.6 15159 13444.9 13209.9 12915.5 15078.4 12892.9 18500.9
threshold=1.0000000180025095e-35 485.65000000000003 482.05000000000007 390.85000000000008 1.0000000180025095e-35 176.45000000000002 1.0000000180025095e-35 1.5000000000000002 436.85000000000008 1.0000000180025095e-35 4.5000000000000009 3.5000000000000004 1.0000000180025095e-35 249.31250000000003 195.71666666666673 279.31666666666672 1.0000000180025095e-35 427.95000000000005 288.28333333333336 1.0000000180025095e-35 484.15000000000003 1.0000000180025095e-35 444.85000000000008 400.35000000000008 329.05000000000007 184.85000000000005 179.55000000000004 3.5000000000000004 157.80000000000004 4.5000000000000009 2.5000000000000004 193.85000000000005 1.0000000180025095e-35 1.0000000180025095e-35 405.75000000000006 308.65000000000003 1.0000000180025095e-35 2.5000000000000004 3.5000000000000004 256.05000000000007 1.0000000180025095e-35 186.45000000000002 255.82916666666668 1.0000000180025095e-35 249.31250000000003 471.05000000000007 325.75000000000006 299.01666666666671 419.55000000000007 111.85000000000001 323.85000000000008 221.75000000000003 343.35000000000008 271.56250000000006 148.95000000000002 192.87500000000003 1.0000000180025095e-35 332.15000000000003 4.5000000000000009 237.55000000000004 1.0000000180025095e-35 1.0000000180025095e-35
decision_type=2 2 2 2 2 2 2 2 2 2 2 2 2 2 2 2 2 2 2 2 2 2 2 2 2 2 2 2 2 2 2 2 2 2 2 2 2 2 2 2 2 2 2 2 2 2 2 2 2 2 2 2 2 2 2 2 2 2 2 2 2 2
left_child=6 2 3 10 7 -6 9 -5 -9 16 12 -12 20 14 -14 -15 19 -7 -10 32 21 22 23 24 25 26 27 47 29 37 -26 -23 33 38 35 36 53 -27 40 -40 43 -31 -43 46 45 51 -1 48 49 50 -2 52 -45 54 -35 -13 -8 -41 -18 -60 61 -59
right_child=1 -3 -4 4 5 17 56 8 18 -11 11 55 13 15 -16 -17 58 -19 -20 -21 -22 31 -24 -25 30 28 -28 -29 -30 41 -32 -33 -34 34 -36 -37 -38 -39 39 57 -42 42 -44 44 -46 -47 -48 -49 -50 -51 -52 -53 -54 -55 -56 -57 -58 60 59 -61 -62 -63
leaf_value=0.0034006346481243637 0.08437291532166695 -1.602772008727438 -1.8291621738672257 1.759590961933136 4.0963607003291456 2.028234300406083 -0.2650451735049339 1.9118972999434316 -3.0748562631152927 -0.68358917769836025 -0.55930260728906711 1.7172537667410717 -0.548248462677002 1.8750760112489975 -3.4787834229676622 -0.69742956804601774 -0.31788778780048299 -0.39989457968622449 -0.58833077748616536 0.29123302648370358 -0.99029339733155997 0.4919702638279308 -2.630367892129081 2.0240396738052371 0.27443050987580242 1.2801826392903048 2.9788197681307795 -2.1951866481615148 -1.1441335167203632 -0.73777376174926756 -1.8265116868747606 3.0255561871962118 -0.68188629775892862 1.7164353324816777 2.0776953005790708 -1.0207468649744988 -0.54968567512653488 2.9095200720429424 -0.022642558149436096 0.22443412539345783 -0.280806600473896 1.8993802305630276 0.045476977527141575 -0.065771167079607659 -0.56022655906625729 1.1109889945983888 0.28163821775607273 0.59428238293954305 -2.204275743166606 -1.5807054634751945 2.5654238700866703 -0.54138960601652364 0.51393353127770958 2.5197328710556031 -0.15698325390165502 3.6406662821769715 -0.93841980244964374 0.32917612977054 1.2827657850725311 -0.1829532010758177 1.7530651258097756 1.7000712048014006
leaf_weight=4139 190 28 20 30 36 23 1010 31 21 193 27 21 20 21 23 38 928 32 27 920 37 22 21 37 34 34 24 23 21 20 36 22 129 26 25 30 27 40 508 348 647 35 36 765 428 50 713 126 21 29 20 136 162 20 22 20 80 137 28 47 27 30
leaf_count=4139 190 28 20 30 36 23 1010 31 21 193 27 21 20 21 23 38 928 32 27 920 37 22 21 37 34 34 24 23 21 20 36 22 129 26 25 30 27 40 508 348 647 35 36 765 428 50 713 126 21 29 20 136 162 20 22 20 80 137 28 47 27 30
internal_value=-0.00269941 0.330206 0.374642 0.411433 1.06461 1.99255 -0.0385352 0.289905 -0.268204 -0.0098499 0.280537 1.37904 0.200216 -0.765713 -2.11574 0.218208 0.00278435 0.615505 -1.67619 0.031902 0.319208 0.380461 0.299276 0.384018 0.295947 0.420567 0.164183 -0.000979536 1.01742 1.29253 -0.806054 1.75876 0.00339388 0.0141222 0.653645 0.368835 0.807651 2.16091 0.00226451 0.200031 -0.0272319 0.586374 0.959373 -0.00156905 -0.145953 0.0133538 0.0442876 0.129763 -0.0953497 0.0899534 0.320663 -0.0382754 0.0355365 1.34659 0.857785 2.6555 -0.314467 0.408736 -0.266881 0.364249 0.73934 0.575445
internal_weight=12821 1246 1218 1198 200 91 11575 109 79 10485 998 68 930 102 43 59 10292 55 48 9289 828 791 747 726 689 619 433 409 186 165 70 44 8369 8240 150 125 95 74 8090 1050 7040 91 71 6393 1541 1113 4852 386 260 239 210 1063 927 68 48 41 1090 542 1003 75 194 167
internal_count=12821 1246 1218 1198 200 91 11575 109 79 10485 998 68 930 102 43 59 10292 55 48 9289 828 791 747 726 689 619 433 409 186 165 70 44 8369 8240 150 125 95 74 8090 1050 7040 91 71 6393 1541 1113 4852 386 260 239 210 1063 927 68 48 41 1090 542 1003 75 194 167
is_linear=0
shrinkage=0.05


Tree=91
num_leaves=63
num_cat=0
split_feature=28 32 32 32 39 32 0 37 32 32 36 31 33 35 32 33 35 11 14 29 35 31 36 31 36 35 35 9 38 32 25 19 31 31 35 36 32 35 33 37 35 31 20 36 4 39 31 31 35 30 33 36 32 17 31 31 23 35 33 9 32 36
split_gain=55216.3 38635.8 36186.2 43722.2 74369.9 72354.1 55519.9 45390.6 37220.8 94660.3 87755.7 65885.7 36678.6 74752.6 36155.7 35036.4 36832.3 33074.3 32219.4 29173.5 37240.5 28906.6 99599.2 88566.8 129719 47315.7 36403.3 21926 26694.3 21420.2 20189.2 21590.5 19946.8 25872.6 71384 48349.2 19667.5 27162.3 24203.2 36701.8 36010.4 29343.4 16671.3 21838.1 18000.8 16141.6 14920.8 14491.7 16678.9 14219.9 13362.9 13957.7 13043.4 12943.5 12664.8 12305.8 12134 12104 12094 15219.4 11911.8 13753.2
threshold=1.0000000180025095e-35 485.65000000000003 476.65000000000003 455.45000000000005 1.0000000180025095e-35 442.25000000000006 1.0000000180025095e-35 4.5000000000000009 427.95000000000005 390.85000000000008 280.54166666666674 385.35000000000008 447.90000000000003 1055.3000000000004 378.05000000000007 400.35000000000008 1009.4000000000001 1.0000000180025095e-35 1.0000000180025095e-35 1.0000000180025095e-35 588.85000000000002 431.55000000000007 288.28333333333336 381.95000000000005 276.02500000000003 736.45000000000016 747.65000000000009 1.0000000180025095e-35 1.0000000180025095e-35 180.15000000000001 1.0000000180025095e-35 1.0000000180025095e-35 120.25000000000001 93.350000000000009 356.40000000000003 156.18750000000003 266.25000000000006 557.85000000000002 73.750000000000014 2.5000000000000004 831.35000000000025 259.55000000000007 1.0000000180025095e-35 212.8666666666667 1.0000000180025095e-35 1.0000000180025095e-35 64.950000000000017 435.95000000000005 1162.6500000000003 1.0000000180025095e-35 267.40000000000003 325.81666666666672 151.05000000000004 1.0000000180025095e-35 456.35000000000008 263.25000000000006 1.0000000180025095e-35 492.45000000000005 417.65000000000003 1.0000000180025095e-35 86.450000000000017 221.75000000000003
decision_type=2 2 2 2 2 2 2 2 2 2 2 2 2 2 2 2 2 2 2 2 2 2 2 2 2 2 2 2 2 2 2 2 2 2 2 2 2 2 2 2 2 2 2 2 2 2 2 2 2 2 2 2 2 2 2 2 2 2 2 2 2 2
left_child=17 2 3 5 -5 6 7 8 9 12 -11 -12 14 -14 15 21 -17 18 19 20 46 23 25 27 -25 -23 57 28 32 -9 31 42 33 35 -35 -2 38 -38 39 -34 41 -40 44 -44 54 -39 -1 -32 -49 53 -45 -52 -46 -48 60 -55 -19 -24 59 -56 -22 -62
right_child=1 -3 -4 4 -6 -7 -8 29 -10 10 11 -13 13 -15 -16 16 -18 56 -20 -21 30 22 26 24 -26 -27 -28 -29 -30 -31 47 -33 36 34 -36 -37 37 45 40 -41 -42 -43 43 50 52 -47 49 48 -50 -51 51 -53 -54 55 58 -57 -58 -59 -60 -61 61 -63
leaf_value=-0.43949070206532881 -0.63999293923377998 -1.522633413544723 2.4651766848564147 -2.8858971171908911 1.1368306648731232 2.8050290103753408 -2.1701362325386571 2.7535342922210693 -1.6252673130035402 4.9002901697158814 -0.50049689650535589 3.2043891060352325 1.0265497391874141 -2.8997901223323965 -1.6878058734147445 0.4711342737078667 3.1287660490382803 -0.25179291413857208 -0.6494097243145186 -0.25353655521409701 -0.67884555209855568 -4.1933595466613767 0.7712167210155918 5.2970241909935361 0.75023431162680354 -0.86808078133541611 -0.63936685415414674 1.3174390044651534 -1.1682082307338715 0.95495679694779056 0.34076278450345782 0.80208525229584093 0.22951998617913991 0.44447945539767925 -3.4749508710134602 2.2189094906761535 -0.49516559585928921 0.79740776662473323 -0.39154266967917933 2.4645858192443848 1.1825240920484068 -2.8186619448661805 0.96020061856224437 -1.3960657743775116 -0.17874540054314847 2.5263320905190927 -0.027538447658574345 0.65816678679178642 2.2852649399212428 -0.97873186362095377 0.55441988614889293 -1.2025086307525636 0.55614988996033998 0.078485294259511507 0.30743822365197371 1.7058218456449965 -0.89149881010875109 2.3489169257879259 -0.75764248046008031 1.4024098251316999 0.30212221583176246 -0.039706359320288438
leaf_weight=228 50 28 20 27 20 30 22 25 25 20 30 20 22 27 23 32 22 1010 193 1003 61 20 31 21 62 23 39 38 40 49 389 110 225 26 21 21 20 27 33 20 20 20 21 49 74 27 5751 63 21 39 26 20 328 26 223 21 80 20 22 37 372 1408
leaf_count=228 50 28 20 27 20 30 22 25 25 20 30 20 22 27 23 32 22 1010 193 1003 61 20 31 21 62 23 39 38 40 49 389 110 225 26 21 21 20 27 33 20 20 20 21 49 74 27 5751 63 21 39 26 20 328 26 223 21 80 20 22 37 372 1408
internal_value=-0.00256444 0.313695 0.35591 0.320697 -1.1741 0.381735 0.316883 0.366669 0.28033 0.32797 2.10112 0.981458 0.194507 -1.13694 0.26856 0.321003 1.55387 -0.0366085 -0.00935741 0.00264513 0.0303069 0.238199 -0.435205 0.371675 1.90063 -2.41472 0.510564 0.155854 0.0755988 1.56258 0.16762 0.115738 0.173152 -0.39678 -1.30676 0.205598 0.344714 1.07889 0.173868 0.411974 -0.625256 -1.30744 0.0871506 -0.498951 0.114076 1.66187 -0.0426851 0.46937 1.06494 -0.0271854 -0.8215 -0.209462 0.420871 -0.0207849 0.0559836 0.805593 -0.298744 1.38992 0.368013 0.463261 0.00818758 0.031732
internal_weight=12821 1246 1218 1198 47 1151 1121 1099 1025 1000 70 50 930 49 881 858 54 11575 10485 10292 9289 804 133 671 83 43 90 588 550 74 3224 2751 510 118 47 71 392 74 318 245 73 53 2641 116 2525 54 6065 473 84 5837 95 46 402 5798 2123 47 1090 51 282 260 1841 1780
internal_count=12821 1246 1218 1198 47 1151 1121 1099 1025 1000 70 50 930 49 881 858 54 11575 10485 10292 9289 804 133 671 83 43 90 588 550 74 3224 2751 510 118 47 71 392 74 318 245 73 53 2641 116 2525 54 6065 473 84 5837 95 46 402 5798 2123 47 1090 51 282 260 1841 1780
is_linear=0
shrinkage=0.05


Tree=92
num_leaves=63
num_cat=0
split_feature=19 0 17 32 28 32 33 32 38 34 32 32 33 35 36 33 5 36 11 1 35 33 33 40 34 34 34 32 33 32 33 35 35 39 34 35 32 35 32 15 38 29 37 35 32 36 32 35 34 32 40 36 16 25 4 10 35 23 37 32 32 32
split_gain=49973.8 52930.4 47755.3 46361.1 43601.6 47854.7 88978.6 80230.1 49890.2 47836.9 56547.2 50944.1 37706.8 39242 34814.9 33383.4 29714.6 29268.4 26012.6 25808 24339.2 21935.3 42398.5 40699.8 32590.7 35063.1 30558.9 22912.8 35830.2 26066.9 42686.4 28900 45164.7 58471.3 23681.4 36556.8 21711.7 36917.2 21687.4 20971.8 23247.5 20115.2 22758.2 21580.4 18086.3 17283 15192.7 16573.9 15098.9 41787.2 14128.5 13731 13696 13509.9 16241.6 13293.9 12300.8 11948.9 11663.5 11645.6 12323.9 11273
threshold=1.0000000180025095e-35 1.0000000180025095e-35 1.0000000180025095e-35 405.75000000000006 1.0000000180025095e-35 455.45000000000005 131.25000000000003 390.85000000000008 1.0000000180025095e-35 97.350000000000009 407.65000000000003 442.25000000000006 336.15000000000003 716.85000000000002 315.3250000000001 371.65000000000003 1.0000000180025095e-35 345.92500000000007 1.0000000180025095e-35 1.0000000180025095e-35 1018.5500000000001 468.85000000000008 400.35000000000008 3.5000000000000004 434.75000000000006 333.35000000000008 274.90000000000003 196.15000000000001 310.10000000000008 376.45000000000005 286.30000000000001 747.65000000000009 552.85000000000014 1.0000000180025095e-35 86.750000000000014 594.25000000000011 453.75000000000006 983.85000000000002 270.45000000000005 1.0000000180025095e-35 1.0000000180025095e-35 1.0000000180025095e-35 4.5000000000000009 483.4500000000001 270.45000000000005 268.44166666666678 246.25000000000003 618.75000000000011 237.80000000000004 214.65000000000001 1.0000000180025095e-35 319.85000000000008 1.0000000180025095e-35 1.0000000180025095e-35 1.0000000180025095e-35 1.0000000180025095e-35 105.25000000000001 1.0000000180025095e-35 3.5000000000000004 111.65000000000002 218.05000000000004 301.65000000000003
decision_type=2 2 2 2 2 2 2 2 2 2 2 2 2 2 2 2 2 2 2 2 2 2 2 2 2 2 2 2 2 2 2 2 2 2 2 2 2 2 2 2 2 2 2 2 2 2 2 2 2 2 2 2 2 2 2 2 2 2 2 2 2 2
left_child=1 2 4 15 16 7 -7 8 21 10 -9 17 13 -10 -8 45 18 -12 19 39 -18 22 24 -24 25 26 27 28 34 30 31 32 33 -29 35 56 37 51 -32 40 41 43 -43 -1 -39 59 -34 -48 58 -50 -45 -3 55 -52 -55 -42 -6 -20 -2 -4 -61 -33
right_child=48 36 3 -5 5 6 14 9 12 -11 11 -13 -14 -15 -16 -17 20 -19 57 -21 -22 -23 23 -25 -26 -27 -28 29 -30 -31 38 61 46 -35 -36 -37 -38 44 -40 -41 52 42 -44 50 -46 -47 47 -49 49 -51 53 -53 -54 54 -56 -57 -58 -59 -60 60 -62 -63
leaf_value=-0.058677131569134622 0.70853452230670622 -0.20535542481429095 -0.29852607976645235 2.5736107248452402 -0.7198636165509622 0.82283242155865932 -3.6981467992067341 3.0820572106734567 -1.675133191971552 3.0848724378479853 -1.8150333601694841 2.2733359369138877 -2.2121438489641463 1.2067379702020575 -0.91046091942560103 -1.0739973127841951 0.09756070746528793 0.66291377490217041 -0.26851781486734949 -0.66155232839196565 0.72802477207795913 -1.0865817855905604 -0.063656005760033926 2.5174618596122382 -1.6831473850068592 2.0833330499905127 -1.6310348993255979 0.89801513009837697 -1.8276235953621243 -1.0079413865293776 1.1932858109474183 -1.2554658856391907 2.9803754305839543 -2.1957196749392014 1.7237381895383199 -1.3708895463692514 0.84620698917479753 -0.85843014169383702 3.4682383573055269 0.6445156274116145 -0.52512341628075931 -0.32046526077238818 0.67436498466037942 -0.1515565179379918 -2.3362967869068716 1.8333141480722734 2.4394629231095317 0.55490609343562813 -0.37484391331672673 2.4901529272965024 0.11475920056501406 -1.398571293312928 0.17745624804329652 0.31063311346651123 1.2629700376437261 0.36601085416648704 0.33359777672067492 -0.94703631769333563 -0.28964095566723802 1.8126417550173675 0.25462190926074985 0.21799610720740425
leaf_weight=4468 140 143 32 31 30 41 24 23 21 36 26 21 35 27 21 29 865 22 888 166 186 27 24 42 21 27 21 56 23 21 22 25 20 21 24 38 21 37 20 113 464 790 62 407 47 31 20 28 20 35 1934 29 107 322 52 46 363 70 37 22 30 27
leaf_count=4468 140 143 32 31 30 41 24 23 21 36 26 21 35 27 21 29 865 22 888 166 186 27 24 42 21 27 21 56 23 21 22 25 20 21 24 38 21 37 20 113 464 790 62 407 47 31 20 28 20 35 1934 29 107 322 52 46 363 70 37 22 30 27
internal_value=-0.00243622 -0.015837 -0.000458859 0.819615 -0.0122833 0.274218 -0.862082 0.362177 0.208853 1.53966 0.935007 0.219323 -0.964107 -0.0540807 -2.39723 0.442019 -0.0436308 -0.679308 -0.0704949 -0.0439355 0.209137 0.317026 0.360436 1.57887 0.260787 0.312724 0.249738 0.303256 0.0977838 0.681009 0.829411 0.520874 0.883537 0.0542693 0.195112 0.109991 -0.699357 -0.826142 2.2766 -0.0322384 -0.0410772 -0.0183656 -0.248072 0.00888064 -1.68533 0.824319 1.82256 1.34014 0.724727 1.44834 0.120059 -0.406537 -0.336844 0.167956 0.443044 -0.444747 0.253181 -0.318096 0.499876 0.451952 0.913784 -0.490399
internal_weight=12821 12589 12312 175 12137 1197 86 1111 983 128 92 69 83 48 45 144 10940 48 9889 8931 1051 900 873 66 807 786 759 738 478 260 239 197 145 77 455 431 277 256 42 8765 8652 8035 852 7183 84 115 68 48 232 55 2715 172 617 2308 374 510 393 958 177 84 52 52
internal_count=12821 12589 12312 175 12137 1197 86 1111 983 128 92 69 83 48 45 144 10940 48 9889 8931 1051 900 873 66 807 786 759 738 478 260 239 197 145 77 455 431 277 256 42 8765 8652 8035 852 7183 84 115 68 48 232 55 2715 172 617 2308 374 510 393 958 177 84 52 52
is_linear=0
shrinkage=0.05


Tree=93
num_leaves=63
num_cat=0
split_feature=28 2 32 1 11 9 32 34 32 30 35 31 31 35 5 36 36 31 35 32 32 32 38 31 36 36 31 32 33 33 32 25 31 36 33 35 32 35 4 14 5 36 21 36 31 32 31 31 32 31 36 5 12 35 24 36 13 0 16 20 32 40
split_gain=45465.2 33743.8 61069.6 30249.4 28190.3 28084.1 37718.8 36975.7 34780.6 25576.8 25791.1 24010.3 28030.5 76118 49082 45941.8 63560.8 46000 45922.3 43917.3 41925 88480.5 60981.3 42122 40341.5 39023.4 37889.4 25691.5 26465.8 59978.4 28559 22220.5 17177.8 16423.9 15988.1 65911 60130.3 15978.8 15566.3 15480.1 15028.9 13536.4 25969.1 38518 46651.3 33946.5 20406 18133.7 14164.6 13459 13389.5 13054.1 12877.1 12386.4 12233 11780.5 11632.5 17707.1 17483.2 14664.4 14210.6 11478.9
threshold=1.0000000180025095e-35 1.0000000180025095e-35 383.75000000000006 1.0000000180025095e-35 1.0000000180025095e-35 1.0000000180025095e-35 186.75000000000003 144.15000000000003 485.65000000000003 1.0000000180025095e-35 483.4500000000001 62.850000000000001 366.75000000000006 1241.4000000000003 1.0000000180025095e-35 250.32500000000002 296.61250000000007 431.55000000000007 918.1500000000002 438.45000000000005 450.50000000000006 419.85000000000008 1.0000000180025095e-35 182.85000000000005 280.54166666666674 371.92500000000007 457.95000000000005 387.35000000000008 379.65000000000003 433.05000000000007 338.25000000000006 1.0000000180025095e-35 432.95000000000005 336.08750000000003 123.95000000000002 583.75000000000011 177.00000000000003 1162.6500000000003 1.0000000180025095e-35 1.0000000180025095e-35 1.0000000180025095e-35 210.33750000000003 1.0000000180025095e-35 315.3250000000001 276.75000000000006 431.35000000000008 417.75000000000006 488.85000000000008 180.15000000000001 83.050000000000011 230.82500000000005 1.0000000180025095e-35 1.0000000180025095e-35 1018.5500000000001 1.0000000180025095e-35 249.31250000000003 1.0000000180025095e-35 1.0000000180025095e-35 1.0000000180025095e-35 1.0000000180025095e-35 345.15000000000003 1.0000000180025095e-35
decision_type=2 2 2 2 2 2 2 2 2 2 2 2 2 2 2 2 2 2 2 2 2 2 2 2 2 2 2 2 2 2 2 2 2 2 2 2 2 2 2 2 2 2 2 2 2 2 2 2 2 2 2 2 2 2 2 2 2 2 2 2 2 2
left_child=3 5 50 4 9 8 -7 -8 11 10 49 -2 13 14 20 17 24 -14 -16 25 21 22 27 -24 -17 26 33 28 30 -30 34 39 38 -18 35 -13 -36 -34 51 40 41 46 52 44 -44 47 -12 48 55 -1 -3 54 56 -42 -33 -46 57 58 59 -43 -59 -5
right_child=1 2 -4 61 -6 6 7 -9 -10 -11 31 12 15 -15 18 16 19 -19 -20 -21 -22 -23 23 -25 -26 -27 -28 -29 29 -31 -32 32 37 -35 36 -37 -38 -39 -40 -41 53 42 43 -45 45 -47 -48 -49 -50 -51 -52 -53 -54 -55 -56 -57 -58 60 -60 -61 -62 -63
leaf_value=-0.31801223819853169 1.7209056313832602 -0.59856901119152706 1.2902376507009778 -1.0501370396335112 -0.26524400542805254 -0.36414672961601846 2.8266741691491544 0.22434772082737517 -1.7781055712699889 -0.63330745552816703 0.16445941647123391 0.17237150884684058 3.7212183993795644 -2.7185621303060783 0.33523516273498538 -0.076217558509425118 1.8014868316631163 0.48452309199741911 3.5068551653907414 -1.3961590385437013 1.8000591558568619 -3.045989925446718 -2.8990889530915482 -0.2580047684411208 -2.8505176782608035 0.42785162452225373 3.2216235600411895 1.9658054676922885 3.4265568459033968 -0.15848222928387778 -1.2505942838059534 0.17559452837028663 0.59542193697257484 0.038047631473644927 -1.8469297098486051 2.8921633521715804 0.94778915903507144 1.9667789340019226 1.0243473764894337 -0.50437581515362284 0.18536565550536765 0.0095584171658702494 -0.65970272211624048 -0.90769477699422974 -0.18473623121371036 1.262816142591078 1.28033111108975 1.1788898307830096 0.13085211384069012 -0.035721704352883209 -2.1070890586627158 1.0058141187015104 0.38014454550406535 0.7452107426890916 -0.63128678180553299 -1.3692853946238757 0.32638150191701509 -0.32835406973958015 0.95297606183176353 -0.82003982088395544 -1.9606815549731256 -0.33066250172933231
leaf_weight=461 30 24 28 86 1073 26 39 21 20 155 595 310 23 23 25 38 31 21 21 20 34 23 26 36 20 107 32 22 20 28 36 361 88 23 38 24 39 28 58 119 422 1092 224 174 61 67 44 32 249 5022 38 41 317 129 54 32 272 40 47 56 20 156
leaf_count=461 30 24 28 86 1073 26 39 21 20 155 595 310 23 23 25 38 31 21 21 20 34 23 26 36 20 107 32 22 20 28 36 361 88 23 38 24 39 28 58 119 422 1092 224 174 61 67 44 32 249 5022 38 41 317 129 54 32 272 40 47 56 20 156
internal_value=-0.00231441 0.284665 -0.647871 -0.0332065 -0.021395 0.357267 1.22656 1.91586 0.287399 0.0041069 0.0138842 0.326742 0.285737 0.110532 0.205941 0.677862 0.434552 2.17643 1.78315 0.834132 0.0918668 -0.00460923 0.116206 -1.36556 -1.03287 1.06525 1.85829 0.293902 0.219596 1.33528 0.09979 0.100887 0.376853 1.05039 0.218072 0.367806 -0.431423 0.926439 0.252822 0.0573346 0.0745935 0.0344805 -0.0147759 -0.245391 -0.0720964 0.22637 0.241296 0.0406968 -0.0658008 -0.0594561 -1.52315 0.15469 0.0901514 0.316436 0.0706027 -0.592323 0.0299498 -0.0342967 0.00778698 -0.0309098 -0.872463 -0.586344
internal_weight=12821 1246 90 11575 11333 1156 86 60 1070 10260 10105 1050 1020 705 682 315 271 44 46 213 636 602 579 62 58 193 86 517 495 48 447 4622 630 54 411 334 77 116 514 3992 3873 3322 2683 839 665 441 639 374 342 5483 62 456 1844 551 415 93 1527 1255 1195 1148 60 242
internal_count=12821 1246 90 11575 11333 1156 86 60 1070 10260 10105 1050 1020 705 682 315 271 44 46 213 636 602 579 62 58 193 86 517 495 48 447 4622 630 54 411 334 77 116 514 3992 3873 3322 2683 839 665 441 639 374 342 5483 62 456 1844 551 415 93 1527 1255 1195 1148 60 242
is_linear=0
shrinkage=0.05


Tree=94
num_leaves=63
num_cat=0
split_feature=19 0 17 32 20 28 32 33 32 2 36 32 36 37 40 35 22 33 5 35 39 40 22 32 35 33 40 40 36 33 35 31 32 36 31 35 35 32 33 32 35 31 31 16 36 31 12 40 33 33 32 36 31 35 36 35 39 32 40 35 32 37
split_gain=45363 44735.1 43512.9 41789.8 36295.1 39719.4 44667.6 77652.2 61209.6 63042.8 41569.3 59495.8 33312.1 32464.1 81620.7 31754.3 30094.3 30091 24655.8 23940.1 22055.3 21784.7 22345.6 21110.8 29885.3 48647.1 64448.1 136195 50396.6 39525.5 50265.2 39991.5 39461.1 65684.8 33223.1 60653.7 57401.9 24917.7 22973.8 20263.7 32665.4 19604.6 18392.4 26869.7 22037 20186.8 18585.1 18195 33540.2 17111 15623.8 15482.2 14489.6 13612.7 13512.4 13505.6 13081.7 14116.6 14939.9 13038.4 18249.1 12570.6
threshold=1.0000000180025095e-35 1.0000000180025095e-35 1.0000000180025095e-35 405.75000000000006 1.0000000180025095e-35 1.0000000180025095e-35 455.45000000000005 131.25000000000003 390.85000000000008 1.0000000180025095e-35 287.31000000000006 427.95000000000005 315.3250000000001 4.5000000000000009 3.5000000000000004 939.55000000000018 1.0000000180025095e-35 371.65000000000003 1.0000000180025095e-35 1018.5500000000001 1.0000000180025095e-35 1.0000000180025095e-35 1.0000000180025095e-35 376.45000000000005 1140.5000000000002 292.00000000000006 1.0000000180025095e-35 4.5000000000000009 274.85833333333341 159.30000000000004 574.1500000000002 365.45000000000005 246.25000000000003 219.51666666666668 439.55000000000007 480.95000000000005 531.55000000000007 144.15000000000001 54.250000000000007 453.75000000000006 983.85000000000002 243.95000000000002 338.05000000000007 1.0000000180025095e-35 206.81666666666669 426.55000000000007 1.0000000180025095e-35 4.5000000000000009 356.10000000000008 352.55000000000007 270.45000000000005 268.44166666666678 381.95000000000005 706.35000000000014 226.31000000000003 439.05000000000007 1.0000000180025095e-35 169.65000000000001 4.5000000000000009 843.15000000000009 286.45000000000005 3.5000000000000004
decision_type=2 2 2 2 2 2 2 2 2 2 2 2 2 2 2 2 2 2 2 2 2 2 2 2 2 2 2 2 2 2 2 2 2 2 2 2 2 2 2 2 2 2 2 2 2 2 2 2 2 2 2 2 2 2 2 2 2 2 2 2 2 2
left_child=1 2 4 17 5 18 8 41 9 13 11 -10 -9 16 -15 -12 23 51 21 -20 -17 -1 42 24 25 29 -27 -28 37 30 34 -31 33 -32 36 -36 38 -29 52 40 -3 -8 -23 44 45 55 61 59 -49 -11 -42 -4 56 -34 -2 -44 57 -7 -59 60 -6 -46
right_child=54 39 3 -5 47 6 7 12 10 49 15 -13 -14 14 -16 20 -18 -19 19 -21 -22 22 -24 -25 -26 26 27 28 -30 31 32 -33 53 -35 35 -37 -38 -39 -40 -41 50 -43 43 -45 46 -47 -48 48 -50 -51 -52 -53 -54 -55 -56 -57 -58 58 -60 -61 -62 -63
leaf_value=-0.22295191411943061 0.058747693037073459 -0.37112917049549693 0.43399969907034014 2.4472493498556078 -0.15103188731453637 0.065183651964011866 1.8045320783342635 -3.5427509576082232 4.3970713180044418 -0.69836739272606085 -0.37576903551816943 0.7160700827127412 -0.77977694511413587 -0.96445817039126447 2.9784839539868493 0.37895426750183109 -1.6596395379304889 -1.0158440102790964 0.092215852489818562 0.72932785510849429 2.6066074674129487 -0.066926533159962193 -0.58866117586107813 -1.0989605319901157 -1.0198090358784324 -1.2632445430755617 4.3687505558558879 -1.7163299197242374 2.4170436382293703 0.011353894819815954 0.13090526262919108 -2.4234419822692872 1.1886153300603233 3.7080189594716737 0.77555680334568022 -3.0718297771045142 2.4425641271574747 0.66586324028346855 -1.4322721112858166 0.84979218414851609 -0.80548153986801985 -0.38280675888061522 0.79280498489737516 1.7236554059982301 -0.043618529074516077 1.6455311979796434 0.45229463371252943 -0.61041815365062047 -2.6626103107745833 -2.4268862128257753 -2.1790587221688411 1.7414191084523356 1.1695499883423484 -0.49542050162951157 0.92104980500305411 -0.14771103658394455 -0.85155677814637465 1.9981087026141939 0.31118795190538684 0.40367011649935852 -1.8836630820518447 0.31272143428080851
leaf_weight=1609 62 172 84 31 55 249 21 24 23 41 36 21 20 21 35 20 20 29 859 178 25 5032 170 26 38 20 35 21 23 48 21 26 24 33 20 21 29 23 22 21 37 20 80 25 2132 37 248 85 26 22 47 31 37 24 170 73 31 21 35 51 21 280
leaf_count=1609 62 172 84 31 55 249 21 24 23 41 36 21 20 21 35 20 20 29 859 178 25 5032 170 26 38 20 35 21 23 48 21 26 24 33 20 21 29 23 22 21 37 20 80 25 2132 37 248 85 26 22 47 31 37 24 170 73 31 21 35 51 21 280
internal_value=-0.00219869 -0.0149663 -0.000828708 0.781973 -0.0121157 0.000112752 0.275961 -0.82803 0.361973 0.227253 1.40309 2.64023 -2.28685 0.333943 1.49988 0.731069 0.256856 0.423476 -0.0301398 0.201575 1.61654 -0.0549476 -0.0214799 0.303205 0.348718 0.416875 1.33201 1.84088 0.520357 0.2427 0.384542 -0.844115 1.38971 2.31692 0.164053 -1.19506 0.295477 -0.471093 0.137842 -0.643347 -0.765831 0.737538 -0.0092855 0.0916014 0.0772851 0.597506 0.0401265 -0.623487 -1.09111 -1.30198 -1.57403 0.786434 0.23045 0.346597 0.690607 0.344062 0.127037 0.2265 0.943783 -0.214776 -0.629785 -0.00225236
internal_weight=12821 12589 12312 175 12137 11899 1176 85 1091 966 125 44 44 903 56 81 847 144 10723 1037 45 9686 8077 827 801 763 122 102 67 641 567 74 102 54 465 41 424 44 395 277 256 41 7907 2875 2850 190 2660 238 111 63 84 115 373 48 232 153 336 305 56 127 76 2412
internal_count=12821 12589 12312 175 12137 11899 1176 85 1091 966 125 44 44 903 56 81 847 144 10723 1037 45 9686 8077 827 801 763 122 102 67 641 567 74 102 54 465 41 424 44 395 277 256 41 7907 2875 2850 190 2660 238 111 63 84 115 373 48 232 153 336 305 56 127 76 2412
is_linear=0
shrinkage=0.05


Tree=95
num_leaves=63
num_cat=0
split_feature=7 28 4 36 32 36 33 32 33 15 40 9 35 32 36 39 33 33 33 33 33 34 34 35 40 32 35 35 36 32 40 36 33 34 39 38 35 40 34 21 37 39 36 23 0 16 35 32 24 25 36 32 21 36 32 30 23 35 14 33 33 33
split_gain=61663.1 57948 55433.6 54988.2 32594 98581.9 37971.3 44270 32516.7 28848.3 29483.6 29265.6 28827.9 34676.8 27515.1 44982.5 26860.5 25753 25723 45004.6 49358.1 24002.1 21871.4 33208.4 49158 37130.7 32792.9 30299.8 41481.8 62973.5 37879.7 35684.1 23168 22176.5 38200.8 21799.2 24938.6 34978.5 20513.5 18750.9 17428.9 16931.1 16584 16313 16245.1 17629.6 13748 41500.6 12836 16435.1 12300.1 12192 11513 33397.4 13739 12651.6 12097.1 12870.5 10780.4 10541.9 10221.3 9888.88
threshold=1.0000000180025095e-35 1.0000000180025095e-35 1.0000000180025095e-35 281.71250000000003 389.15000000000003 246.32500000000005 477.05000000000001 362.55000000000007 468.85000000000008 1.0000000180025095e-35 1.0000000180025095e-35 1.0000000180025095e-35 1000.2500000000001 218.05000000000004 310.41666666666674 1.0000000180025095e-35 435.95000000000005 412.95000000000005 384.15000000000003 356.10000000000008 334.15000000000003 74.750000000000014 86.750000000000014 594.25000000000011 1.5000000000000002 192.55000000000004 691.00000000000011 449.15000000000003 252.75000000000003 113.45000000000002 4.5000000000000009 277.15833333333336 134.50000000000003 259.15000000000003 1.0000000180025095e-35 1.0000000180025095e-35 1162.6500000000003 4.5000000000000009 482.50000000000006 1.0000000180025095e-35 5.5000000000000009 1.0000000180025095e-35 339.34166666666675 1.0000000180025095e-35 1.0000000180025095e-35 1.0000000180025095e-35 413.25000000000006 64.450000000000017 1.0000000180025095e-35 1.0000000180025095e-35 344.31666666666672 161.05000000000004 1.0000000180025095e-35 277.15833333333336 470.95000000000005 1.0000000180025095e-35 1.0000000180025095e-35 373.25000000000006 1.0000000180025095e-35 414.75000000000006 296.75000000000006 352.55000000000007
decision_type=2 2 2 2 2 2 2 2 2 2 2 2 2 2 2 2 2 2 2 2 2 2 2 2 2 2 2 2 2 2 2 2 2 2 2 2 2 2 2 2 2 2 2 2 2 2 2 2 2 2 2 2 2 2 2 2 2 2 2 2 2 2
left_child=1 9 4 -4 6 -6 7 16 43 10 58 38 42 -14 15 -7 17 18 19 20 22 -10 23 27 -25 -26 -27 46 29 -29 -31 -30 -28 34 -24 36 37 -16 40 -35 44 50 -13 -2 45 48 -3 -48 49 52 -11 -45 54 61 55 56 57 -12 -1 -50 -43 -54
right_child=8 2 3 -5 5 14 -8 -9 21 41 11 12 13 -15 35 -17 -18 -19 -20 -21 -22 -23 33 24 25 26 32 28 31 30 -32 -33 -34 39 -36 -37 -38 -39 -40 -41 -42 60 -44 51 -46 -47 47 -49 59 -51 -52 -53 53 -55 -56 -57 -58 -59 -60 -61 -62 -63
leaf_value=-0.16875883174618808 -0.23203764523171044 0.20129416688119597 0.42595066145846722 3.2158279469518956 3.4456932621617469 2.452642632933224 2.1979617682370272 -1.7303737550973892 -0.58345309937441792 0.13799342585711921 -0.038373737775800908 0.035920985454604738 -0.49100350192614961 1.2850028940476479 -1.1857981981833776 -0.18082535516831183 -1.1151397081521841 1.9158581701191988 -1.4660399167434031 2.5713675570487977 -2.2823155087232592 -2.7814832448959352 3.1736154209012573 1.1302759614857762 -2.4408053959117217 0.94032881789737288 -2.5300150692462924 4.1239361354282931 -1.674869683980942 2.2630986918102614 -0.67101481285962195 0.89117247249398912 -0.22581465442975365 1.11287290763855 0.25929430831562389 1.2991664637218823 -1.8737718882768051 1.1731752540125993 1.3956027785172829 -0.91378606046949118 1.3339878742893538 0.70982959705094506 0.67064796786580705 0.039732715028982901 -0.54151507202380644 0.73763166954622994 0.85460442602634434 -2.3278675170171832 -0.16194532019907937 0.24845382753008788 1.4505108311062767 -1.2146017763959733 -0.058507115238017028 -0.5734524811130195 0.55468556105159228 -0.80375049722955583 -0.22885065690264228 0.151637768203121 -0.76532039057604884 -0.928634831060966 2.184862884798128 0.42013674262532241
leaf_weight=1829 1032 297 38 33 31 34 22 32 27 119 1883 525 35 128 30 31 39 22 23 20 20 23 23 33 34 27 20 21 20 22 22 42 24 25 22 22 23 33 26 21 24 24 128 26 144 79 20 21 680 645 21 76 1262 336 120 47 431 1692 79 48 23 118
leaf_count=1829 1032 297 38 33 31 34 22 32 27 119 1883 525 35 128 30 31 39 22 23 20 20 23 23 33 34 27 20 21 20 22 22 42 24 25 22 22 23 33 26 21 24 24 128 26 144 79 20 21 680 645 21 76 1262 336 120 47 431 1692 79 48 23 118
internal_value=-0.00296966 0.0321335 0.369486 1.72265 0.280198 0.84915 0.147094 0.0940128 -0.346678 -0.00490881 -0.016127 0.0243891 0.308819 0.903652 0.383873 1.19668 0.165382 0.229491 0.180481 0.232075 0.166549 -1.59455 0.237121 0.12808 -0.553038 -1.08208 -0.431422 0.330218 0.988664 1.87121 0.796042 0.0634169 -1.27318 0.95967 1.74884 -0.105317 -0.464604 0.0498546 -0.00641322 0.187659 -0.0112677 0.610533 0.160339 -0.291657 -0.0155812 -0.00526452 0.0828143 -0.775442 -0.0133461 0.0088426 0.334871 -0.894869 -0.0174011 -0.126422 0.0274298 0.011819 0.0213876 0.0515562 -0.193459 -0.212496 1.43165 -0.0175796
internal_weight=12777 11593 1147 71 1076 204 872 850 1184 10446 10259 8351 816 163 173 65 818 779 757 734 714 50 694 603 138 105 71 465 127 65 44 62 44 91 45 108 86 63 7535 46 7509 187 653 1134 7485 7341 338 41 7262 6534 140 102 5889 1716 4173 4053 4006 3575 1908 728 47 1380
internal_count=12777 11593 1147 71 1076 204 872 850 1184 10446 10259 8351 816 163 173 65 818 779 757 734 714 50 694 603 138 105 71 465 127 65 44 62 44 91 45 108 86 63 7535 46 7509 187 653 1134 7485 7341 338 41 7262 6534 140 102 5889 1716 4173 4053 4006 3575 1908 728 47 1380
is_linear=0
shrinkage=0.05


Tree=96
num_leaves=63
num_cat=0
split_feature=7 28 32 36 34 34 35 35 31 36 31 32 32 34 34 2 35 35 35 32 35 32 32 24 9 31 24 31 36 31 31 1 35 11 31 32 35 23 32 31 35 29 32 36 35 31 31 35 35 34 36 17 31 35 36 35 35 35 34 11 31 38
split_gain=55650.9 52298.1 45461.3 94392.5 46888.4 95064.8 46275.4 51910.2 79527.6 43890.7 29175.7 45912.4 40241.7 37598 55718.7 27443.7 26177 41234.9 55149 39280.1 30529.5 87945.5 53789 24456.7 28359.6 24227.6 22659.4 32580.6 21621.3 20726.2 28590.6 19935.4 18303.9 17485.3 16423.3 19123 23271.1 16396.3 18061.3 16248.3 16121.1 15829.9 13943.1 13654.6 14664.5 13515.5 17738.2 13364.8 12735.7 24489 20179.9 12442.5 25715.9 17265.1 12248.6 16409.4 11969.3 12378.6 11912.1 12577.2 11863.7 13224.1
threshold=1.0000000180025095e-35 1.0000000180025095e-35 389.15000000000003 246.32500000000005 285.00000000000006 110.10000000000001 926.15000000000009 654.95000000000016 240.15000000000001 350.67500000000001 107.15000000000002 271.95000000000005 156.95000000000002 153.55000000000004 194.40000000000003 1.0000000180025095e-35 1089.1000000000001 960.80000000000007 856.40000000000009 234.05000000000004 594.25000000000011 144.15000000000001 207.75000000000003 1.0000000180025095e-35 1.0000000180025095e-35 469.35000000000008 1.0000000180025095e-35 208.05000000000004 354.05000000000007 434.35000000000008 390.80000000000001 1.0000000180025095e-35 609.55000000000007 1.0000000180025095e-35 126.95000000000002 79.050000000000011 361.85000000000008 1.0000000180025095e-35 134.05000000000004 326.95000000000005 552.85000000000014 1.0000000180025095e-35 438.45000000000005 182.42000000000004 495.15000000000003 480.75000000000006 469.35000000000008 1152.0500000000002 1000.2500000000001 170.10000000000002 262.35833333333341 1.0000000180025095e-35 171.55000000000004 843.15000000000009 244.52666666666667 953.35000000000014 691.00000000000011 758.55000000000007 426.50000000000006 1.0000000180025095e-35 143.65000000000001 1.0000000180025095e-35
decision_type=2 2 2 2 2 2 2 2 2 2 2 2 2 2 2 2 2 2 2 2 2 2 2 2 2 2 2 2 2 2 2 2 2 2 2 2 2 2 2 2 2 2 2 2 2 2 2 2 2 2 2 2 2 2 2 2 2 2 2 2 2 2
left_child=1 23 10 -4 5 6 7 -5 -9 -8 11 12 -3 15 -15 16 17 18 20 -20 25 -22 -23 24 31 29 27 -16 48 30 34 32 -1 37 -12 36 -36 45 -39 -40 43 51 -10 -37 -45 46 60 -30 -26 -50 -51 58 -53 -54 55 -43 -24 -58 59 -34 -2 -62
right_child=33 2 3 4 -6 -7 9 8 42 -11 13 -13 -14 14 26 -17 -18 -19 19 -21 21 22 56 -25 28 -27 -28 -29 47 -31 -32 -33 41 -35 35 40 -38 38 39 -41 -42 54 -44 44 -46 -47 -48 -49 49 50 -52 52 53 -55 -56 -57 57 -59 -60 -61 61 -63
leaf_value=-0.046230686801136574 -0.53014104259302963 -0.76628896543320191 3.4601153807206586 2.1828310012817385 2.2455300990272971 -3.0222745525836947 3.2432970731346695 -3.1752195520834494 -0.31873834988345273 0.30460796294113002 1.1925614554848936 -2.205655079503213 1.7165884513854981 3.2335140148798622 2.7235256361961366 -1.2016614119211833 1.9975040674209597 -1.5333140232983757 3.2609983406066898 0.28811864376068119 -2.7762299031922311 2.5166728341579438 0.45340781129639729 -0.23748825156507963 0.068122543012322428 1.876545142941177 -0.81791707743769104 0.44904228650234845 0.58058211134316828 -1.2882089944112869 1.7077293774880031 -0.51027484105422205 0.16909421508138456 -1.0383921472930615 0.13862178946139328 -0.034352080261006078 1.727739672086857 0.39250482872805814 -0.72225975733664305 -2.2244953605863786 0.62253044431026172 -0.047360722331005502 1.4863765739416703 -0.55766165521409783 -2.2966946211728181 -1.1159235465526582 1.0398849713391272 1.7329343104362487 1.7915644002683235 1.5952882444858552 -0.20849815935328389 1.997360925802163 1.4316565780412585 -0.26237817984425799 -0.35794973044523171 1.350562013571079 -1.5658134356692985 -0.065346199274063113 0.67357242617011082 -0.17494817398329374 -0.038523372448683736 -0.73284454911269936
leaf_weight=5723 227 47 33 20 34 20 27 22 23 24 36 31 25 24 20 36 20 34 25 20 33 20 29 1018 604 24 23 74 156 21 34 193 1667 81 157 34 27 22 54 27 26 109 20 27 22 40 29 30 33 20 69 28 21 53 280 26 27 28 100 316 627 77
leaf_count=5723 227 47 33 20 34 20 27 22 23 24 36 31 25 24 20 36 20 34 25 20 33 20 29 1018 604 24 23 74 156 21 34 193 1667 81 157 34 27 22 54 27 26 109 20 27 22 40 29 30 33 20 69 28 21 53 280 26 27 28 100 316 627 77
internal_value=-0.00282117 0.0305268 0.351012 0.991768 0.563055 0.196362 0.669691 -0.0447254 -0.730127 1.86038 0.196371 -0.596856 0.0958212 0.295887 1.03895 0.14181 0.216911 0.159841 0.257412 1.93972 0.118506 -0.527299 0.186304 -0.00466337 0.0204762 0.335358 0.588782 0.932975 0.285467 0.239034 0.327386 -0.00790234 0.00374705 -0.329344 0.184737 0.0609088 0.371808 -0.277275 -0.877945 -1.223 -0.463911 0.113756 0.52085 -0.804242 -1.33845 -0.215405 -0.177884 0.766445 0.162241 0.628205 0.196847 0.167523 0.706714 0.218361 -0.169334 0.221869 -0.368546 -0.801939 0.14112 0.11427 -0.215817 -0.114465
internal_weight=12777 11593 1147 223 190 156 136 85 65 51 924 103 72 821 141 680 644 624 590 45 545 137 104 10446 9428 408 117 94 912 384 363 8516 8323 1184 329 293 184 1103 103 81 109 2600 43 83 49 1000 960 186 726 122 89 2185 102 74 415 135 84 55 2083 1983 931 704
internal_count=12777 11593 1147 223 190 156 136 85 65 51 924 103 72 821 141 680 644 624 590 45 545 137 104 10446 9428 408 117 94 912 384 363 8516 8323 1184 329 293 184 1103 103 81 109 2600 43 83 49 1000 960 186 726 122 89 2185 102 74 415 135 84 55 2083 1983 931 704
is_linear=0
shrinkage=0.05


Tree=97
num_leaves=63
num_cat=0
split_feature=7 28 32 35 34 34 33 33 32 33 34 33 8 34 35 32 35 35 32 32 35 15 40 40 35 21 33 9 35 32 35 34 35 32 32 35 34 40 1 32 35 0 16 37 32 11 23 24 29 21 35 37 32 33 37 32 32 11 37 35 33 35
split_gain=50225 47199 41046.9 66534.4 36556.4 55455.9 35163.3 29038.2 26489.9 33432.6 27459.2 65883.6 51892.6 36564.8 26620.6 56924.5 37230.7 67571.4 94428.4 37710.8 33148.1 25819.3 26641.8 24409.2 70356.1 57171.8 55787.7 23898.7 23830.1 30355.5 23009.9 21607.7 21478.9 21606.5 63513 18460.2 18245.5 18081.1 17563.5 16812.3 15948.9 15246.6 15653.1 15142.9 14848.5 13354.2 14138 11652.5 10963.6 12108 18169.9 16871 24253.8 20177.3 35709.9 16026.3 18962.4 14736.3 13620.5 11903.1 17087.5 18691.8
threshold=1.0000000180025095e-35 1.0000000180025095e-35 390.85000000000008 639.80000000000007 265.80000000000001 138.05000000000004 477.05000000000001 468.85000000000008 378.05000000000007 454.35000000000008 148.55000000000004 393.00000000000006 1.0000000180025095e-35 397.60000000000008 960.80000000000007 303.10000000000008 758.55000000000007 594.25000000000011 167.95000000000002 230.55000000000004 691.00000000000011 1.0000000180025095e-35 1.0000000180025095e-35 3.5000000000000004 926.15000000000009 1.0000000180025095e-35 167.15000000000001 1.0000000180025095e-35 1000.2500000000001 218.05000000000004 648.85000000000002 74.750000000000014 449.15000000000003 99.800000000000026 53.150000000000013 992.6500000000002 482.50000000000006 2.5000000000000004 1.0000000180025095e-35 296.05000000000007 531.55000000000007 1.0000000180025095e-35 1.0000000180025095e-35 5.5000000000000009 301.65000000000003 1.0000000180025095e-35 1.0000000180025095e-35 1.0000000180025095e-35 1.0000000180025095e-35 1.0000000180025095e-35 492.45000000000005 2.5000000000000004 90.850000000000009 1.0000000180025095e-35 3.5000000000000004 465.85000000000008 431.35000000000008 1.0000000180025095e-35 1.5000000000000002 1067.0500000000002 352.55000000000007 1018.5500000000001
decision_type=2 2 2 2 2 2 2 2 2 2 2 2 2 2 2 2 2 2 2 2 2 2 2 2 2 2 2 2 2 2 2 2 2 2 2 2 2 2 2 2 2 2 2 2 2 2 2 2 2 2 2 2 2 2 2 2 2 2 2 2 2 2
left_child=1 21 6 -4 5 23 8 45 9 10 14 12 13 35 16 -16 17 32 -19 -18 30 22 38 24 -5 26 -25 36 47 -30 -20 -9 -3 34 -34 -12 41 -35 -1 40 -39 42 43 48 -21 46 -2 -29 49 50 -24 52 58 -53 -55 56 59 -52 -51 60 61 -56
right_child=7 2 3 4 -6 -7 -8 31 -10 -11 11 -13 -14 -15 15 -17 19 18 20 44 -22 -23 27 25 -26 -27 -28 28 29 -31 -32 -33 33 37 -36 -37 -38 39 -40 -41 -42 -43 -44 -45 -46 -47 -48 -49 -50 51 57 53 -54 54 55 -57 -58 -59 -60 -61 -62 -63
leaf_value=-0.1537891481414366 -0.15792263613364571 0.073851442637037398 3.697122955322266 -1.7230421080191931 2.0459409010715972 -1.9927536660974678 2.0374781341552732 -0.53277502810513533 -1.6185532598268417 -1.7927768616449264 -0.32513512758647695 3.4513953265689667 2.4826789808770022 -1.7166006532999185 -2.8073206839354143 0.79325930220740182 2.2214722644715081 -3.3235299645048202 -0.33720730759880763 -0.82721842924753819 -1.3324759781360627 0.57780602873965381 -0.012680136272158887 3.1161925780773165 1.9995950966579337 -1.0510883615130471 0.14114153339312627 0.2008809323759472 -0.48354678051812305 1.1781187015352772 1.9766693603424799 -2.6182920621789023 -0.24111486275990807 1.588210249489004 3.2939616477047959 1.3349461696364664 1.3178787320852281 -1.4880407402912776 -0.95524687032464528 1.1153070676894417 0.35448971416639247 -0.51847375127124706 0.70104771335668215 1.2472982031603657 0.9455011544404206 -0.91027937193174635 -0.79419400876504376 -0.66009659426552914 -0.19228235701643351 -0.47335472260553813 0.27820750614308704 0.30457306317762256 -0.78872356963640256 -0.95728897728898499 -0.14582404134537885 -0.83851073457270253 1.1258820513884227 -0.13485178114951782 0.030252618800609483 -0.39394324014429005 0.82121492065847501 1.4454006874561312
leaf_weight=1837 964 339 20 30 39 22 25 27 21 21 34 21 24 26 23 21 42 33 22 21 32 187 3194 40 22 21 26 611 35 128 21 23 24 22 27 33 26 24 71 21 23 144 79 24 27 74 96 42 746 194 1166 418 176 111 239 49 42 265 436 128 78 20
leaf_count=1837 964 339 20 30 39 22 25 27 21 21 34 21 24 26 23 21 42 33 22 21 32 187 3194 40 22 21 26 611 35 128 21 23 24 22 27 33 26 24 71 21 23 144 79 24 27 74 96 42 746 194 1166 418 176 111 239 49 42 265 436 128 78 20
internal_value=-0.00268012 0.0290005 0.333462 0.947445 0.672477 0.339775 0.187748 -0.312877 0.136481 0.178315 0.226446 0.872686 0.40984 -0.125086 0.102926 -1.08886 0.18027 0.0353129 -1.09467 1.12732 -0.11397 -0.0044302 -0.0150431 0.708952 -0.14808 1.2212 1.9442 0.0234709 0.280502 0.821319 0.792825 -1.49211 0.289559 0.808174 1.6304 0.492517 -0.00436412 0.342248 -0.183613 -0.0608569 -0.586377 -0.0089424 0.00101992 -0.00657028 0.169936 -0.260882 -0.215547 0.145504 -0.0107142 0.0100731 0.0536549 -0.096519 -0.269797 0.0322015 -0.13849 0.024975 0.108428 0.201715 -0.124826 0.0165292 0.172436 -0.0229495
internal_weight=12777 11593 1147 220 200 161 927 1184 902 881 860 138 117 93 722 44 678 588 108 90 75 10446 10259 139 52 87 66 8351 816 163 43 50 480 141 51 67 7535 90 1908 68 47 7509 7365 7286 48 1134 1060 653 7262 6516 4625 1891 806 1085 667 556 507 1431 630 465 337 259
internal_count=12777 11593 1147 220 200 161 927 1184 902 881 860 138 117 93 722 44 678 588 108 90 75 10446 10259 139 52 87 66 8351 816 163 43 50 480 141 51 67 7535 90 1908 68 47 7509 7365 7286 48 1134 1060 653 7262 6516 4625 1891 806 1085 667 556 507 1431 630 465 337 259
is_linear=0
shrinkage=0.05


Tree=98
num_leaves=63
num_cat=0
split_feature=16 20 29 35 40 32 31 31 24 34 36 31 11 4 10 35 33 36 32 34 36 36 33 32 31 36 32 31 36 32 31 14 36 34 33 33 32 37 32 33 21 36 31 33 33 17 36 32 35 39 40 39 36 40 35 35 34 32 18 38 32 21
split_gain=36309.5 47086.1 30547.3 39873.7 30932.3 27549.1 34699.4 33876.9 27404.1 33653.2 26157.3 25748 33431.9 25268.6 27492.8 26084.7 22944 21905.1 21371.2 26511.4 20830.3 19571.7 19414.4 18888.9 18558.8 19733.4 18813.4 20199.2 18283.2 20890.4 21476.4 17095.5 16432.5 16227.3 14941.2 16511.1 30944.5 33329 27658 15614.6 14445.2 44702.3 36767 21106.9 19307.7 17391.3 23999.5 33019.9 14318.4 22309.8 17631.2 14297.1 14150.2 13460.5 13251.3 13020.8 12670.3 18717.7 17355.9 13344.4 17111.1 12300.5
threshold=1.0000000180025095e-35 1.0000000180025095e-35 1.0000000180025095e-35 1257.3500000000001 2.5000000000000004 336.25000000000006 390.80000000000001 352.05000000000007 1.0000000180025095e-35 430.65000000000003 265.81666666666672 162.45000000000002 1.0000000180025095e-35 1.0000000180025095e-35 1.0000000180025095e-35 1129.3500000000001 414.75000000000006 271.56250000000006 442.25000000000006 359.15000000000003 249.31250000000003 316.95000000000005 401.75000000000006 475.15000000000003 59.050000000000004 248.28750000000005 387.35000000000008 73.050000000000011 299.01666666666671 390.85000000000008 366.75000000000006 1.0000000180025095e-35 263.54166666666674 475.30000000000001 288.30000000000007 62.850000000000001 482.55000000000007 2.5000000000000004 475.15000000000003 103.30000000000003 1.0000000180025095e-35 254.65000000000006 487.35000000000008 352.55000000000007 400.35000000000008 1.0000000180025095e-35 218.3366666666667 110.05000000000001 579.05000000000007 1.0000000180025095e-35 5.5000000000000009 1.0000000180025095e-35 225.04166666666671 1.5000000000000002 983.85000000000002 1118.0500000000002 148.55000000000004 321.25000000000006 1.0000000180025095e-35 1.0000000180025095e-35 184.85000000000005 1.0000000180025095e-35
decision_type=2 2 2 2 2 2 2 2 2 2 2 2 2 2 2 2 2 2 2 2 2 2 2 2 2 2 2 2 2 2 2 2 2 2 2 2 2 2 2 2 2 2 2 2 2 2 2 2 2 2 2 2 2 2 2 2 2 2 2 2 2 2
left_child=1 2 3 8 5 6 -5 -7 13 16 18 22 17 24 15 48 28 -13 19 -4 -2 -3 -12 33 25 -1 31 -28 29 30 -10 40 -22 -6 35 36 61 -38 39 -37 45 42 43 -42 -45 56 -47 -48 -15 53 -51 -31 -33 -50 -32 -18 -26 58 59 60 -58 -29
right_child=20 21 10 4 23 7 -8 -9 9 -11 11 12 -14 14 -16 -17 55 -19 -20 -21 32 -23 -24 -25 26 -27 27 34 -30 51 54 52 -34 -35 -36 38 37 -39 -40 -41 41 -43 -44 44 -46 46 47 -49 49 50 -52 -53 -54 -55 -56 -57 57 -59 -60 -61 -62 -63
leaf_value=-0.30203877001195339 -0.023523073552585233 -0.44429061161767092 -0.15365329528360494 0.14736057740670663 0.50320523395066663 -0.83859884946216501 -2.4954743890658673 1.2998914639586987 -0.21730740568029061 -2.275343117117882 -0.81758349135115338 -1.7233191410700481 -1.7257010865779152 0.095856615073459953 -0.66228241682052613 1.5269202122221823 -1.6901643797182122 -0.17202187053644968 1.4460012520353001 1.3720070242881777 2.3017927002906799 -1.4788617626085121 -2.7511246761679651 1.8342412315510417 0.017986003465144642 -1.9553231114282974 -0.93728474022613639 0.33633200432910026 -0.50000924200570507 1.7700962055761083 0.29711415783238054 0.17794671114056537 0.76229098953879804 1.8670556961248321 0.76933140699253533 -1.0540910253157982 0.61981396059711269 2.753796595335007 -1.3645555739849806 0.26589569204751357 -0.095355247965643181 -0.63105745054083617 1.7009912014007569 1.3786332583015271 0.11836357875618825 -0.52908024111619356 2.8906057675679526 0.44220117816701532 0.18923804848454895 0.46164199078784274 -0.62769692697458801 0.22221515042441231 -0.98363075204193595 1.1613076286471409 1.7636991256475447 -0.1458969343276251 0.7930451312164466 -0.93093773186206819 -0.43525475080196679 0.41365075673287111 2.6289038229395043 -0.20778650992402903
leaf_weight=185 82 203 560 27 239 31 23 46 497 20 37 24 42 402 70 46 39 439 24 30 20 59 20 37 5381 20 36 328 253 26 67 39 130 24 129 26 77 24 40 162 1402 347 31 47 86 26 21 40 48 119 54 35 80 138 20 21 30 20 26 48 22 152
leaf_count=185 82 203 560 27 239 31 23 46 497 20 37 24 42 402 70 46 39 439 24 30 20 59 20 37 5381 20 36 328 253 26 67 39 130 24 129 26 77 24 40 162 1402 347 31 47 86 26 21 40 48 119 54 35 80 138 20 21 30 20 26 48 22 152
internal_value=-0.00254611 -0.0140085 0.000139005 0.0257962 0.499587 -0.154478 -1.06834 0.438941 0.00685348 -0.24541 -0.242187 -0.488665 -0.374964 0.0322826 0.288251 0.370702 -0.203031 -0.252435 -0.0165824 -0.0760773 0.617262 -0.677267 -1.49602 0.776474 0.00684524 -0.463335 0.018027 0.224988 -0.139781 0.00151765 -0.0904472 -0.00833708 0.967558 0.627663 0.269595 0.189909 0.331412 1.1269 -0.170673 0.0833443 0.00106354 -0.117595 -0.00382011 -0.0382495 0.563722 0.0414971 0.742927 1.28509 0.300812 0.530317 0.121617 0.881968 -0.602946 0.910451 0.63426 -1.14967 0.0304559 0.490049 0.715602 1.01482 1.56975 0.164028
internal_weight=12777 12545 12283 11107 427 127 50 77 10680 978 1176 562 505 9702 877 807 958 463 614 590 232 262 57 300 8825 205 8620 974 898 645 584 7646 150 263 938 809 581 101 228 188 7527 1913 1566 1535 133 5614 87 61 761 359 173 61 119 186 87 60 5527 146 126 100 52 480
internal_count=12777 12545 12283 11107 427 127 50 77 10680 978 1176 562 505 9702 877 807 958 463 614 590 232 262 57 300 8825 205 8620 974 898 645 584 7646 150 263 938 809 581 101 228 188 7527 1913 1566 1535 133 5614 87 61 761 359 173 61 119 186 87 60 5527 146 126 100 52 480
is_linear=0
shrinkage=0.05


Tree=99
num_leaves=63
num_cat=0
split_feature=7 28 4 36 31 2 32 36 33 33 25 31 36 33 32 32 33 33 32 23 33 31 33 15 40 40 31 40 31 31 31 31 32 5 31 31 36 32 13 1 31 39 31 31 23 31 37 23 4 38 33 22 31 21 36 31 36 32 36 37 32 25
split_gain=45747.8 41675.6 44817.7 50006.8 29484.8 26925.3 28570.6 51104.3 26750.9 24210.5 29112.5 46827.1 25580 23094.2 93292.4 51413 28649.1 34827.9 28853.2 36417.3 28214.1 27720.6 23187.6 22875.7 23613.6 21487.4 46643 19093.8 82379.5 45034.1 41320.7 36637.5 31553.5 18377 17087.1 16645.9 72523.4 20834.8 16440.7 15672.5 14796.7 14745.6 13383.7 13216.8 12570 12406 12276.5 12117.7 13221.8 11956.3 11634.1 13922.2 19864.6 12172.2 30369.2 15450.9 17326.2 17328.7 14654.8 19210.1 12671 11394.4
threshold=1.0000000180025095e-35 1.0000000180025095e-35 1.0000000180025095e-35 304.74166666666673 227.65000000000001 1.0000000180025095e-35 473.65000000000003 336.08750000000003 468.85000000000008 467.05000000000007 1.0000000180025095e-35 379.65000000000003 238.35416666666671 334.15000000000003 154.85000000000005 240.75000000000003 233.40000000000003 198.05000000000004 438.45000000000005 1.0000000180025095e-35 269.35000000000008 184.85000000000005 419.85000000000008 1.0000000180025095e-35 1.0000000180025095e-35 1.0000000180025095e-35 245.75000000000003 5.5000000000000009 426.55000000000007 341.65000000000003 482.35000000000008 287.55000000000007 347.05000000000007 1.0000000180025095e-35 401.25000000000006 353.50000000000006 255.82916666666668 280.85000000000008 1.0000000180025095e-35 1.0000000180025095e-35 492.30000000000001 1.0000000180025095e-35 421.15000000000003 383.55000000000007 1.0000000180025095e-35 338.05000000000007 4.5000000000000009 1.0000000180025095e-35 1.0000000180025095e-35 1.0000000180025095e-35 480.90000000000003 1.0000000180025095e-35 304.15000000000003 1.0000000180025095e-35 308.02500000000003 355.45000000000005 186.45000000000002 230.55000000000004 218.3366666666667 4.5000000000000009 387.35000000000008 1.0000000180025095e-35
decision_type=2 2 2 2 2 2 2 2 2 2 2 2 2 2 2 2 2 2 2 2 2 2 2 2 2 2 2 2 2 2 2 2 2 2 2 2 2 2 2 2 2 2 2 2 2 2 2 2 2 2 2 2 2 2 2 2 2 2 2 2 2 2
left_child=1 23 5 4 -4 6 9 -8 40 10 13 12 -12 16 -15 -16 17 18 19 27 -18 -17 -23 24 39 -7 -27 30 29 31 32 -29 35 38 -28 37 -37 -3 47 -1 44 -25 -38 46 -2 -22 -35 48 50 -40 51 53 -53 60 55 58 -57 -58 -55 -60 -26 -50
right_child=8 2 3 -5 -6 25 7 -9 -10 -11 11 -13 -14 14 15 21 20 -19 -20 -21 45 22 -24 41 33 26 34 28 -30 -31 -32 -33 -34 43 -36 36 42 -39 49 -41 -42 -43 -44 -45 -46 -47 -48 -49 61 -51 -52 52 -54 54 -56 56 57 -59 59 -61 -62 -63
leaf_value=-0.14411474173045966 -0.17066986198305142 -0.060592345852174073 1.7049754937489827 3.4475838443507323 -0.79305550825028193 0.76741623679796866 3.0616720218658449 -0.20409631988276608 -1.4303072122931482 1.66860272637729 0.99619610516921342 -0.72155698991957173 3.4098397215207421 -2.9352456029256189 2.2094641571044922 -1.901737176288258 2.7892698073387145 -1.6993588933944705 1.716790802081426 -1.4615004406255836 -0.35682832286471416 -0.85735742971301088 1.3405378709236782 0.28718885646334719 0.0012604399656532062 -3.0072949256215775 0.93637197136878969 0.10213630463589321 2.8667529417311446 -1.373254912044551 -2.1844009578227999 2.2426709417943602 -1.2586124232245817 0.071858923949086967 -1.0619241071783978 3.4532420022147043 0.77764929821714768 1.4089738669218841 0.16092951060053398 -0.90119999386894867 -1.5634376486142478 1.3107382031197243 -0.68006755440465871 0.59717450375285219 -0.75564088140531349 1.277119410954989 0.97827975794672961 -0.22730693427107909 0.15291022058752191 0.9314885227492562 0.80962076163510011 0.0090953884511878816 -1.0552079629525541 -0.045985056855298981 -0.71270181027054791 1.0463489790396256 -0.21081499481307611 0.57405148414628848 -0.66840960889772216 0.59640444142477855 0.33995425585174682 0.96277697714085275
leaf_weight=1837 1012 226 27 23 21 21 25 23 50 29 23 21 21 30 25 22 20 25 30 34 21 24 24 140 3344 21 20 77 34 37 20 27 36 565 23 21 32 27 743 71 21 47 31 204 101 26 40 679 572 54 41 97 80 782 200 55 189 112 211 35 301 47
leaf_count=1837 1012 226 27 23 21 21 25 23 50 29 23 21 21 30 25 22 20 25 30 34 21 24 24 140 3344 21 20 77 34 37 20 27 36 565 23 21 32 27 743 71 21 47 31 204 101 26 40 679 572 54 41 97 80 782 200 55 189 112 211 35 301 47
internal_value=-0.0024188 0.0278168 0.313909 1.53063 0.612087 0.233624 0.306875 1.49682 -0.298467 0.246305 0.201178 1.22102 2.14816 0.123098 -0.504501 0.263102 0.231454 0.131013 0.203417 0.128 1.21637 -0.432027 0.24159 -0.00359696 -0.0135866 -0.620403 -1.07578 0.223146 0.657576 0.124867 0.0296975 0.657852 0.148416 0.0226726 -0.132484 0.298722 0.908581 0.0962388 -0.00161974 -0.172287 -0.248562 0.544445 0.0603601 0.249141 -0.223753 0.547058 0.131788 -0.0269959 -0.00457396 0.213138 -0.0294586 -0.0358223 -0.471946 -0.0210596 -0.136782 -0.0535561 0.230334 0.0812283 -0.151868 -0.488456 0.0292294 0.214403
internal_weight=12777 11593 1147 71 48 1076 991 48 1184 943 914 65 44 849 125 95 724 657 632 602 67 70 48 10446 10259 85 64 568 175 141 393 104 373 8351 43 337 84 253 7542 1908 1134 187 63 809 1113 47 605 6745 6066 797 5447 5406 177 5229 1584 1384 356 301 1028 246 3645 619
internal_count=12777 11593 1147 71 48 1076 991 48 1184 943 914 65 44 849 125 95 724 657 632 602 67 70 48 10446 10259 85 64 568 175 141 393 104 373 8351 43 337 84 253 7542 1908 1134 187 63 809 1113 47 605 6745 6066 797 5447 5406 177 5229 1584 1384 356 301 1028 246 3645 619
is_linear=0
shrinkage=0.05


Tree=100
num_leaves=63
num_cat=0
split_feature=35 29 12 7 19 9 33 35 31 32 24 34 33 40 35 34 33 24 33 31 33 35 34 40 31 35 21 34 31 22 25 32 23 40 32 35 32 40 21 32 34 32 31 32 33 33 35 34 31 8 34 32 1 38 35 35 33 32 33 31 40 34
split_gain=44155.6 38593.4 34436.8 34632.5 36045.6 28957.6 27387.1 26675.7 19986 36550.5 20527 31567.4 21287.6 38606 19475.6 23052.1 19147.4 18667.8 25900.8 18395.6 18240.7 17687.5 16924.6 16384.7 15621.7 30028.4 14975.7 23128.7 14622.4 14133.1 18291.9 15663.6 14024.3 13774.5 12792.4 20065.9 15136.7 14913.7 12667.3 12435.1 15606.3 14059.4 16785.7 12066 12043.7 11909.1 11683.6 16809.4 16644.6 12986.9 11560.5 11423.5 11403.3 11374.9 11033.1 10747.3 10679.2 19438.6 17110.7 15249.8 18437.3 13654.6
threshold=1522.8500000000001 1.0000000180025095e-35 1.0000000180025095e-35 1.0000000180025095e-35 1.0000000180025095e-35 1.0000000180025095e-35 437.50000000000006 609.55000000000007 59.050000000000004 400.15000000000003 1.0000000180025095e-35 426.50000000000006 414.75000000000006 3.5000000000000004 1211.5500000000002 359.15000000000003 168.85000000000005 1.0000000180025095e-35 465.55000000000007 474.15000000000003 468.85000000000008 1274.3500000000001 386.25000000000006 4.5000000000000009 480.75000000000006 801.70000000000016 1.0000000180025095e-35 237.80000000000004 179.05000000000004 1.0000000180025095e-35 1.0000000180025095e-35 275.60000000000008 1.0000000180025095e-35 5.5000000000000009 115.55000000000001 536.6500000000002 256.95000000000005 1.0000000180025095e-35 1.0000000180025095e-35 230.55000000000004 384.80000000000007 139.05000000000004 417.75000000000006 482.55000000000007 339.55000000000007 265.65000000000003 1327.2000000000003 391.65000000000003 480.75000000000006 1.0000000180025095e-35 56.050000000000004 364.15000000000003 1.0000000180025095e-35 1.0000000180025095e-35 969.95000000000016 831.35000000000025 386.00000000000006 419.85000000000008 327.85000000000008 363.75000000000006 4.5000000000000009 71.050000000000026
decision_type=2 2 2 2 2 2 2 2 2 2 2 2 2 2 2 2 2 2 2 2 2 2 2 2 2 2 2 2 2 2 2 2 2 2 2 2 2 2 2 2 2 2 2 2 2 2 2 2 2 2 2 2 2 2 2 2 2 2 2 2 2 2
left_child=1 2 3 4 5 8 53 38 9 -1 11 14 19 -14 29 51 -13 18 22 43 46 24 32 -23 39 -26 27 -6 -18 30 52 -32 34 54 35 -5 -36 -38 -4 40 41 -3 -43 44 -12 -33 47 48 49 -7 -35 -16 -10 -2 -31 -21 58 59 -9 -58 -61 -60
right_child=6 21 7 17 26 20 -8 56 10 -11 12 16 13 -15 15 -17 28 -19 -20 55 -22 23 -24 -25 25 -27 -28 -29 -30 33 31 45 -34 50 36 -37 37 -39 -40 -41 -42 42 -44 -45 -46 -47 -48 -49 -50 -51 -52 -53 -54 -55 -56 -57 57 -59 61 60 -62 -63
leaf_value=-0.28935475789365317 0.87389375045895579 -0.26206526946153197 0.094676262485151236 -0.25779294600703295 0.65851528184419428 0.24714765761811497 2.0435077428272588 0.5271971853802333 -0.010702353565717805 -2.567604568004608 -0.13772976279929308 2.162759620261689 -2.5589664441567881 -0.11202709779143334 0.11710001089993645 -0.53455492870227717 1.4824149596194427 -1.105806869176718 -1.5271177456185625 -0.43752074241638184 1.6127151155471802 -0.24335213295051031 0.90051178761890949 -1.733530240945327 0.11449107925097149 -2.413731174883635 -0.27233778176636531 2.3196304853145895 -0.078694032095372679 -0.51328142170287394 0.082815476842309083 0.41842120188391868 -0.85625744820631378 -0.26993688240476038 0.37273373138904575 -1.4719426087079905 -0.99855696789920323 -0.059270881502565015 -0.79394037283279684 -0.38440129342618024 1.2083421930670739 0.10072867637782386 1.6345263006538155 -1.3220568239688875 0.61381256643297344 1.3445932534544969 -0.95177508160471924 1.667790506567274 1.3014569187164309 -0.50734767998538677 1.012983459776098 1.1997097891430524 -0.48571914060171262 -0.61331050872802739 -1.6840618938759524 -2.0223256230354312 1.002314604855614 2.0653958780424939 0.36411035467643998 -1.2676099717617035 0.85361320177714028 -1.0036767355683778
leaf_weight=147 36 393 453 267 108 712 41 370 6136 20 659 24 27 40 34 37 24 65 37 23 25 35 35 39 24 23 29 26 40 79 441 180 79 87 175 39 50 273 44 469 24 165 20 20 58 43 20 21 35 62 22 86 129 20 27 20 81 28 37 20 21 36
leaf_count=147 36 393 453 267 108 712 41 370 6136 20 659 24 27 40 34 37 24 65 37 23 25 35 35 39 24 23 29 26 40 79 441 180 79 87 175 39 50 273 44 469 24 165 20 20 58 43 20 21 35 62 22 86 129 20 27 20 81 28 37 20 21 36
internal_value=-0.0011216 -0.00921126 0.0187411 -0.00912638 0.0207767 0.00782721 1.06163 0.286193 -0.0206771 -0.562199 -0.00969676 0.0170286 -0.242841 -1.09811 0.00568246 0.556547 0.958369 -0.285906 -0.230101 -0.169376 0.281566 -0.280082 -0.177825 -1.02872 -0.23053 -1.12272 0.757867 0.980821 0.506722 -0.00642361 0.00596443 0.255504 -0.220568 -0.405664 -0.158106 -0.412538 -0.00176786 -0.204671 0.016006 -0.191377 -0.0409978 -0.0928735 0.266545 -0.110724 -0.0769355 0.59701 0.242415 0.271191 0.234938 0.18671 -0.0109988 0.89297 -0.0204832 0.342749 -0.811499 -1.17464 0.512639 0.877282 0.389171 0.6046 -0.18113 -0.310415
internal_weight=12840 12743 11551 10461 9441 9278 97 1090 8403 167 8236 7389 847 67 7301 157 88 1020 955 780 875 1192 918 74 1118 47 163 134 64 7144 6929 664 883 215 804 306 498 323 497 1071 602 578 185 737 717 223 850 830 809 774 109 120 6265 56 106 43 593 150 443 122 41 73
internal_count=12840 12743 11551 10461 9441 9278 97 1090 8403 167 8236 7389 847 67 7301 157 88 1020 955 780 875 1192 918 74 1118 47 163 134 64 7144 6929 664 883 215 804 306 498 323 497 1071 602 578 185 737 717 223 850 830 809 774 109 120 6265 56 106 43 593 150 443 122 41 73
is_linear=0
shrinkage=0.05


Tree=101
num_leaves=63
num_cat=0
split_feature=17 32 35 12 14 29 7 28 31 5 36 35 37 28 33 33 13 31 25 28 37 36 36 35 32 32 36 36 9 35 35 33 21 32 37 24 36 28 32 35 28 31 40 31 32 32 36 28 36 32 9 35 32 35 38 6 32 31 32 36 33 8
split_gain=43994.4 39384 36876.5 31325 29721.2 24681.8 25091.6 36256 48955.3 23616.6 22878.1 30924.1 30124.8 34397.9 22470.4 21838.7 20987.8 20942.2 20600.7 67164.4 48899.4 18885.6 18466.7 17892.5 17474.5 14683.4 13591.3 13358 12689.2 14458 13017.7 12767.4 12826.1 15079.7 13780.5 12661.4 21245.5 74394.2 19573.6 17802.9 20640.2 44840.4 40719.2 17013.6 23470.6 16144.2 12171.6 22372.8 12091.3 14079.9 11925.1 13014.3 11386.3 11015.2 10265.8 10245.1 10108.9 9451.05 9140.69 9072 8533.46 8456.16
threshold=1.0000000180025095e-35 442.25000000000006 1522.8500000000001 1.0000000180025095e-35 1.0000000180025095e-35 1.0000000180025095e-35 1.0000000180025095e-35 1.0000000180025095e-35 225.55000000000004 1.0000000180025095e-35 253.75833333333335 953.35000000000014 3.5000000000000004 1.0000000180025095e-35 165.05000000000004 437.50000000000006 1.0000000180025095e-35 275.05000000000007 1.0000000180025095e-35 1.0000000180025095e-35 3.5000000000000004 239.38333333333335 262.35833333333341 731.35000000000025 111.65000000000002 286.45000000000005 262.35833333333341 265.81666666666672 1.0000000180025095e-35 1352.45 675.1500000000002 421.75000000000006 1.0000000180025095e-35 284.55000000000007 3.5000000000000004 1.0000000180025095e-35 306.96250000000003 1.0000000180025095e-35 443.85000000000008 1089.1000000000001 1.0000000180025095e-35 318.15000000000003 4.5000000000000009 70.850000000000009 453.75000000000006 495.65000000000003 286.35833333333341 1.0000000180025095e-35 211.74500000000003 92.350000000000009 1.0000000180025095e-35 1055.3000000000004 186.75000000000003 395.25000000000006 1.0000000180025095e-35 1.0000000180025095e-35 316.55000000000007 209.75000000000003 86.450000000000017 428.75000000000006 161.20000000000002 1.0000000180025095e-35
decision_type=2 2 2 2 2 2 2 2 2 2 2 2 2 2 2 2 2 2 2 2 2 2 2 2 2 2 2 2 2 2 2 2 2 2 2 2 2 2 2 2 2 2 2 2 2 2 2 2 2 2 2 2 2 2 2 2 2 2 2 2 2 2
left_child=2 16 3 4 5 6 18 61 -9 28 11 -7 26 -14 -11 54 17 22 35 27 25 -13 23 53 -19 -21 -12 -20 29 31 -30 32 55 57 -35 39 38 -38 58 43 60 -42 -43 44 -1 50 -28 -48 -6 -50 51 -45 -51 -2 -4 -5 -26 -34 -37 -52 -41 -8
right_child=1 -3 15 9 48 10 7 8 -10 14 12 21 13 -15 -16 -17 -18 24 19 20 -22 -23 -24 -25 56 -27 46 -29 30 -31 -32 -33 33 34 -36 36 37 -39 -40 40 41 42 -44 45 -46 -47 47 -49 49 52 59 -53 -54 -55 -56 -57 -58 -59 -60 -61 -62 -63
leaf_value=-0.25141441350710114 0.42310391336679465 2.6589050987492442 0.83019906315538616 0.24480359789779269 0.047858355597903329 -0.15283146907112746 -0.21762938352110106 0.13709119928294217 -2.6233368774255119 0.14803291119635106 0.94037926142865969 1.9799710935559767 -0.77913371788815033 -2.9284474876793949 1.7603697023493181 1.8552719256281855 2.0067000496387482 -0.43935016870498655 -0.091778374696497078 -0.48304494505836848 2.9300976558735496 0.083839120467503872 -1.4234279215956729 1.2852362291266521 1.7466213740780951 1.4099568283557893 -1.0341056638293797 0.32430152641861021 -0.11963428298632305 -1.0093788198062352 1.1559858890871206 0.79337347217968535 -1.4866099876165391 -0.72774253785610199 0.63489536567167804 -0.38189186478554404 -0.32488408293981741 -3.5047328293323519 1.236962792380103 0.96034228719513992 2.7211862263856115 -1.312995610634486 1.4302498357911264 -0.0095270185716920201 -2.0206132145226001 1.1885505279590345 -0.32699165699409538 1.3963076549768449 -1.9736688350637754 0.4105318404379345 0.15624168392469515 -0.95013613080656212 -0.86001719802618026 -1.1981972808187658 -0.58264497876167298 -0.4002262811231263 0.48020019347851095 -0.37975116529398495 0.04644609936352434 0.84563087534445991 0.053692317590388942 0.31151240493159699
leaf_weight=299 20 23 36 650 48 469 836 29 36 40 22 29 121 22 47 40 20 20 403 21 38 24 24 24 40 20 54 370 30 28 60 70 30 28 55 186 229 20 29 29 27 24 31 6026 20 29 323 20 24 21 580 37 110 22 20 68 26 54 377 52 247 83
leaf_count=299 20 23 36 650 48 469 836 29 36 40 22 29 121 22 47 40 20 20 403 21 38 24 24 24 40 20 54 370 30 28 60 70 30 28 55 186 229 20 29 29 27 24 31 6026 20 29 323 20 24 21 580 37 110 22 20 68 26 54 377 52 247 83
internal_value=-0.00106552 0.701539 -0.0132571 -0.0207396 -0.0460018 -0.0350975 -0.010713 -0.250556 -1.39176 0.226765 -0.261802 -0.023461 -0.483179 -1.1098 1.01907 0.96297 0.471848 0.297433 0.0152388 0.2493 1.63796 1.12135 -0.235721 0.196173 0.855384 0.440371 -0.269321 0.10738 0.162524 0.110497 0.730779 0.143331 0.0919147 -0.302769 0.17521 -0.00895683 -0.192798 -0.580294 -0.0298138 0.0119336 0.355893 1.05241 0.233197 -0.00555006 -0.362336 0.0113766 -0.336357 -0.226508 -0.645574 -0.860315 0.00627754 -0.0152672 -0.656341 -0.426149 0.325612 0.183714 1.24773 -0.775058 -0.0950652 0.212964 0.148956 -0.16984
internal_weight=12840 219 12621 12525 11365 11162 10078 984 65 1160 1084 522 562 143 87 96 196 176 9094 852 79 53 90 66 86 41 419 773 1073 983 90 955 885 167 83 8242 841 249 592 7401 358 82 55 7043 319 6724 397 343 203 155 6695 6063 131 42 56 718 66 84 563 632 276 919
internal_count=12840 219 12621 12525 11365 11162 10078 984 65 1160 1084 522 562 143 87 96 196 176 9094 852 79 53 90 66 86 41 419 773 1073 983 90 955 885 167 83 8242 841 249 592 7401 358 82 55 7043 319 6724 397 343 203 155 6695 6063 131 42 56 718 66 84 563 632 276 919
is_linear=0
shrinkage=0.05


Tree=102
num_leaves=63
num_cat=0
split_feature=35 29 12 14 24 35 32 34 35 5 33 19 33 36 31 36 23 36 35 36 33 35 36 31 35 32 34 32 32 13 33 40 33 36 35 34 32 21 36 32 40 33 36 31 8 33 34 36 32 33 32 33 32 33 13 31 32 31 35 32 31 32
split_gain=36105.8 32074.3 28460.3 26592.7 25302.1 32670 29372.2 28321.2 23017.8 23346 22436 21960.9 19842 17672.1 16933.1 19058 17456.7 17508.9 23699.8 16818.2 19899.7 16783 16645.9 19505.6 16631.8 16309.8 15998.2 15764 21806.1 15455.9 18112.8 17883.1 14354.3 20245.4 14245.6 23146.6 14205.9 13723.5 43712.6 22853.8 20421.5 18303.5 26603.4 16910.4 14723.3 13594.4 13325.8 12902.9 12616.5 12572.2 16112.7 11903.6 11733.2 19053.1 11633.1 13434.3 12270.5 11398.6 25640.6 25427.6 15302.4 15127
threshold=1522.8500000000001 1.0000000180025095e-35 1.0000000180025095e-35 1.0000000180025095e-35 1.0000000180025095e-35 1186.7000000000003 207.75000000000003 417.25000000000006 609.55000000000007 1.0000000180025095e-35 437.50000000000006 1.0000000180025095e-35 193.85000000000005 264.71666666666675 59.050000000000004 225.04166666666671 1.0000000180025095e-35 206.81666666666669 521.55000000000007 289.61666666666673 384.15000000000003 1186.7000000000003 306.96250000000003 279.05000000000007 1162.6500000000003 435.35000000000008 445.90000000000003 271.95000000000005 333.85000000000008 1.0000000180025095e-35 407.25000000000006 4.5000000000000009 298.15000000000003 336.08750000000003 1291.7500000000002 203.50000000000003 427.95000000000005 1.0000000180025095e-35 305.71000000000004 446.75000000000006 1.0000000180025095e-35 167.15000000000001 279.31666666666672 266.65000000000003 1.0000000180025095e-35 310.10000000000008 389.7000000000001 395.55000000000007 92.350000000000009 182.50000000000003 427.95000000000005 407.25000000000006 364.15000000000003 83.950000000000017 1.0000000180025095e-35 167.75000000000003 362.55000000000007 461.35000000000008 932.50000000000011 128.35000000000005 439.55000000000007 94.15000000000002
decision_type=2 2 2 2 2 2 2 2 2 2 2 2 2 2 2 2 2 2 2 2 2 2 2 2 2 2 2 2 2 2 2 2 2 2 2 2 2 2 2 2 2 2 2 2 2 2 2 2 2 2 2 2 2 2 2 2 2 2 2 2 2 2
left_child=1 2 3 4 5 7 46 11 -4 -10 -2 14 -11 36 15 -1 24 18 -18 20 -15 -21 -6 -24 37 -23 -9 -8 -29 30 -19 -32 33 -30 -34 -36 -3 39 57 40 52 42 -41 -40 -44 -13 -7 -12 -5 -42 54 -37 -16 -54 56 -56 -51 60 59 -59 -39 -62
right_child=10 13 8 48 22 6 27 26 9 12 47 45 -14 19 16 -17 17 29 -20 21 -22 25 23 -25 -26 -27 -28 28 32 -31 31 -33 34 -35 35 51 -38 38 43 41 49 -43 44 -45 -46 -47 -48 -49 -50 50 -52 -53 53 -55 55 -57 -58 58 -60 -61 61 -63
leaf_value=-0.30344439538329571 0.30933130766664235 -0.1244758645061641 0.009313780513462766 -1.3943452557058711 -0.10618528984998477 0.35902717143297197 1.679980660712018 2.0033063398467172 0.36734515241199289 0.14871141165494919 2.7143225075233555 0.38501879942559064 2.0943850661578933 -0.66102272461187872 -0.10414490772253725 -1.9367079162597656 -0.23338614580009068 -0.36638852449109377 0.76185421420099297 -0.14865313262548732 -2.2707135657469433 -0.45380151222499326 -1.5028421782605026 -0.37888912581140177 -1.0942237922639559 -1.8133941516280174 0.32566090350349747 -0.45645243266354441 1.6422575250915861 0.56235220462083813 -0.34661217331886296 -2.3909203416951326 -0.15516892477992128 -0.16445356585085391 1.7164262149392107 -0.47040651626884938 1.0087647253069385 -0.0036869009362895098 -1.9605968497991562 2.4682807207107547 0.070406905275278819 -0.48641748295889964 0.75558118142137598 -0.58207260830198781 -0.42649068986065686 1.6429615329813076 -1.3071665716171266 0.93979897201061258 -0.38493638884075393 0.50545448977748553 -0.9354121297597886 1.0845561946928501 -0.1757137196714228 -1.7595587177523251 -1.0724590919911863 0.33079701612393064 1.5819677768150966 0.76263318667336122 2.1060126137733461 -0.87501807040289836 -1.7566431999206544 -0.1364664573879803
leaf_weight=167 56 596 497 38 692 20 34 27 535 20 21 105 38 96 884 20 171 454 92 344 24 71 46 240 33 32 30 46 69 40 20 23 61 20 41 32 29 1675 25 20 4043 36 149 202 32 27 30 20 167 225 22 20 55 29 23 66 30 63 20 38 25 34
leaf_count=167 56 596 497 38 692 20 34 27 535 20 21 105 38 96 884 20 171 454 92 344 24 71 46 240 33 32 30 46 69 40 20 23 61 20 41 32 29 1675 25 20 4043 36 149 202 32 27 30 20 167 225 22 20 55 29 23 66 30 63 20 38 25 34
internal_value=-0.00101224 -0.00832743 0.017155 -0.00817914 0.00309161 0.0285893 0.487027 0.00938695 0.260293 0.470642 0.959993 0.00223007 1.42346 -0.255263 -0.00746389 -0.478125 0.00285545 -0.219485 0.114759 -0.457391 -0.982961 -0.316298 -0.238798 -0.559665 0.0258691 -0.876199 1.12034 0.661596 0.541786 -0.383184 -0.459283 -1.44008 0.730753 1.23626 0.438612 0.828082 -0.0718935 0.030672 -0.0789672 0.0713326 0.050153 0.55185 0.737808 -0.733892 0.546596 0.642325 -0.640689 1.8487 -0.572046 0.0958105 0.37643 0.127656 -0.157805 -0.722517 0.460327 -0.0318422 0.632103 0.00117734 0.470376 0.146487 -0.0315637 -0.822982
internal_weight=12840 12743 11551 10461 10256 9278 373 8905 1090 593 97 8848 58 1192 8716 187 8529 800 263 567 120 447 978 286 7729 103 57 323 289 537 497 43 243 89 154 93 625 7696 2082 5614 5377 237 201 227 181 132 50 41 205 4409 366 52 968 84 344 89 255 1855 121 101 1734 59
internal_count=12840 12743 11551 10461 10256 9278 373 8905 1090 593 97 8848 58 1192 8716 187 8529 800 263 567 120 447 978 286 7729 103 57 323 289 537 497 43 243 89 154 93 625 7696 2082 5614 5377 237 201 227 181 132 50 41 205 4409 366 52 968 84 344 89 255 1855 121 101 1734 59
is_linear=0
shrinkage=0.05


Tree=103
num_leaves=63
num_cat=0
split_feature=17 32 35 12 14 7 19 33 5 0 36 33 25 31 31 32 36 33 36 32 34 31 36 36 31 31 34 35 32 34 35 36 32 24 36 31 31 32 31 31 24 32 32 24 37 34 34 33 35 34 32 32 34 32 32 9 37 31 36 35 31 31
split_gain=39248.9 34811.2 29916.5 25612.9 24346.4 20882.9 25584.2 20952.4 19364.6 19197.8 18258.8 18219.2 18078.3 17809.1 24223.4 23254.9 23372.8 17174.7 15416.9 14902.4 13300.8 13146.1 12148.1 11771.1 13109.7 12035.6 17545.7 15782.8 19073 16447.1 12805.7 11029.5 11712.6 11023.5 16351.8 11060.8 10658.9 10253.4 10159.9 12507.3 10001.3 12992.8 9796.19 9756.3 9442.27 11469.6 9314.31 20220.6 11148.3 10220.8 26957 19581.2 31501.8 27404.7 15269.7 14750.1 14315.3 20840.8 14140.6 11827.6 10090.5 13044.2
threshold=1.0000000180025095e-35 442.25000000000006 1522.8500000000001 1.0000000180025095e-35 1.0000000180025095e-35 1.0000000180025095e-35 1.0000000180025095e-35 475.30000000000001 1.0000000180025095e-35 1.0000000180025095e-35 395.55000000000007 165.05000000000004 1.0000000180025095e-35 390.80000000000001 446.75000000000006 371.05000000000007 176.91250000000005 447.90000000000003 261.0750000000001 275.60000000000008 83.15000000000002 498.65000000000003 261.0750000000001 357.87500000000006 474.15000000000003 271.85000000000008 406.00000000000006 1009.4000000000001 177.00000000000003 86.750000000000014 976.85000000000002 211.74500000000003 92.350000000000009 1.0000000180025095e-35 306.96250000000003 259.55000000000007 179.05000000000004 186.75000000000003 310.95000000000005 294.85000000000008 1.0000000180025095e-35 227.20000000000002 106.65000000000002 1.0000000180025095e-35 3.5000000000000004 1.0000000180025095e-35 420.7000000000001 391.25000000000006 1274.3500000000001 57.850000000000009 86.450000000000017 455.45000000000005 252.60000000000005 431.35000000000008 413.85000000000008 1.0000000180025095e-35 3.5000000000000004 314.35000000000008 428.75000000000006 939.55000000000018 51.650000000000013 66.450000000000017
decision_type=2 2 2 2 2 2 2 2 2 2 2 2 2 2 2 2 2 2 2 2 2 2 2 2 2 2 2 2 2 2 2 2 2 2 2 2 2 2 2 2 2 2 2 2 2 2 2 2 2 2 2 2 2 2 2 2 2 2 2 2 2 2
left_child=2 13 3 4 5 6 9 40 23 12 17 -10 21 15 -15 16 -2 -4 36 38 -13 33 -11 24 25 26 -5 30 -29 -30 -27 -6 -33 46 42 -36 -8 -34 39 -14 -7 -42 -35 44 -21 -46 49 48 -48 55 -51 53 -53 54 -52 60 58 -58 59 -57 -1 -62
right_child=1 -3 10 8 31 7 18 -9 11 22 -12 20 19 14 -16 -17 -18 -19 -20 43 -22 -23 -24 -25 -26 27 -28 28 29 -31 -32 32 37 34 35 -37 -38 -39 -40 -41 41 -43 -44 -45 45 -47 47 -49 -50 50 51 52 -54 -55 -56 56 57 -59 -60 -61 61 -63
leaf_value=0.94170224401685931 -1.1424240323901178 2.5028964560964835 0.79104393720626831 0.023789373504900443 0.077567404384414354 -0.16740931669225195 -0.69732145156179159 -1.6732673027515412 0.13770509973168374 -0.092342905838464953 0.084925928002312079 0.65361928883053011 -0.057178968855213654 2.5052034527063372 0.13109332720438641 -1.3955610990524292 0.71194785184564846 2.6375764042139056 1.0465296466926952 0.35342591458855716 2.3454653036135897 -1.0762831111749014 -0.86325183640475633 0.5307850503673156 -0.90317275235147187 0.22631385618930355 -1.3094491111544464 1.8932500683972913 1.5491316455331716 -0.091400260984897619 -1.0909649309515952 -1.8052681614955266 0.4086319121576491 -0.32463343927277583 -1.4182360710636264 -0.41054462640900707 0.69502373594376776 -0.79705050419677392 0.29286809121674684 -1.3189893152032581 0.11176005411148071 -1.3216515647810558 0.087851822524895817 -0.43659484152282985 1.8913601924975714 0.63950771335270495 0.5810515544631264 1.8987063381075862 -0.72484900767986593 -1.4809928616881372 -0.062775379025794636 -2.5188506160463611 0.2538624608516693 1.2584174460878499 -1.3203595225627607 0.14725231006881573 0.14694900255778739 2.187754361195998 0.92979185492904104 -0.72430183471490939 -0.4194969290385886 -0.014355973051450286
leaf_weight=27 20 23 34 485 48 971 28 25 40 97 42 21 303 22 21 20 113 20 91 221 26 30 108 168 33 238 26 31 22 50 20 24 21 223 31 224 27 110 235 21 25 43 406 28 24 77 44 20 26 40 337 21 20 38 26 532 29 22 54 42 205 6441
leaf_count=27 20 23 34 485 48 971 28 25 40 97 42 21 303 22 21 20 113 20 91 221 26 30 108 168 33 238 26 31 22 50 20 24 21 223 31 224 27 110 235 21 25 43 406 28 24 77 44 20 26 40 337 21 20 38 26 532 29 22 54 42 205 6441
internal_value=-0.000961628 0.662669 -0.012477 -0.0192164 -0.0420595 -0.0321904 -0.00999067 -0.242879 0.204587 -0.0196303 0.866812 0.922027 -0.00955906 0.446724 1.34575 0.194055 0.433095 1.47494 0.647088 0.202769 1.58953 -0.0313973 -0.49848 0.146416 0.0750635 0.112084 -0.0440466 0.333089 0.856327 0.409873 0.124199 -0.584717 -0.789811 -0.0278384 -0.195309 -0.533048 -0.0138065 -0.603773 0.042576 -0.138963 -0.208461 -0.794662 -0.058387 0.458621 0.536465 0.936978 -0.00915549 0.496604 0.0960028 -0.0149658 -0.238015 -0.125528 -1.16631 -0.0191142 -0.15285 -0.000342669 0.221677 1.0273 0.156252 0.0834801 -0.0229339 -0.0268528
internal_weight=12840 219 12621 12525 11365 11162 10098 1064 1160 9952 96 87 9747 196 43 153 133 54 146 909 47 8838 205 1073 905 872 511 361 103 72 258 203 155 8808 884 255 55 131 559 324 1039 68 629 350 322 101 7924 90 70 7834 482 442 41 401 363 7352 679 51 628 574 6673 6646
internal_count=12840 219 12621 12525 11365 11162 10098 1064 1160 9952 96 87 9747 196 43 153 133 54 146 909 47 8838 205 1073 905 872 511 361 103 72 258 203 155 8808 884 255 55 131 559 324 1039 68 629 350 322 101 7924 90 70 7834 482 442 41 401 363 7352 679 51 628 574 6673 6646
is_linear=0
shrinkage=0.05


Tree=104
num_leaves=63
num_cat=0
split_feature=17 32 29 35 28 12 7 28 35 19 14 5 33 13 34 34 32 0 9 32 32 34 32 32 33 30 35 37 32 35 35 35 35 33 32 35 35 33 34 34 34 34 32 32 18 35 23 33 37 28 33 34 35 32 34 35 35 32 32 35 35 21
split_gain=35422.2 31417.1 27129.1 39119.8 46535.3 22680.6 22880.6 39408 28160.1 19605.9 20218.3 19244.8 20096.1 18801.7 20793.6 21541.2 15487.3 14862.7 17245.8 13934.7 27160.9 12380.8 24451.4 12054.5 11865.1 10946.1 10430.9 15248.7 18469.4 13216.1 11428.6 9980.13 20439.5 9809.67 28912.1 16220.8 9765.21 35689.9 22481.9 9194.09 9173.37 21598.8 10031.8 9964.24 8970.01 8834.52 8799.33 17162.8 21048.7 17492.8 12937.5 9261.49 8760.42 8641.59 8578.76 8573.22 8505.2 8465.16 8527.62 8943.32 11768.3 8392.27
threshold=1.0000000180025095e-35 442.25000000000006 1.0000000180025095e-35 1474.1500000000003 1.0000000180025095e-35 1.0000000180025095e-35 1.0000000180025095e-35 1.0000000180025095e-35 867.15000000000009 1.0000000180025095e-35 1.0000000180025095e-35 1.0000000180025095e-35 243.75000000000003 1.0000000180025095e-35 79.550000000000011 240.75000000000003 247.80000000000004 1.0000000180025095e-35 1.0000000180025095e-35 132.05000000000004 55.20000000000001 433.75000000000006 251.65000000000001 427.95000000000005 336.15000000000003 1.0000000180025095e-35 1274.3500000000001 4.5000000000000009 275.60000000000008 976.85000000000002 1309.4500000000003 675.1500000000002 470.90000000000003 386.00000000000006 419.85000000000008 1175.5000000000002 892.35000000000002 213.90000000000003 189.85000000000005 198.05000000000004 117.80000000000001 204.45000000000002 309.95000000000005 192.55000000000004 1.0000000180025095e-35 478.95000000000005 1.0000000180025095e-35 376.35000000000008 2.5000000000000004 1.0000000180025095e-35 72.450000000000017 381.90000000000003 939.55000000000018 262.55000000000007 329.55000000000007 1152.0500000000002 1401.7500000000002 247.80000000000004 142.45000000000002 837.70000000000016 736.45000000000016 1.0000000180025095e-35
decision_type=2 2 2 2 2 2 2 2 2 2 2 2 2 2 2 2 2 2 2 2 2 2 2 2 2 2 2 2 2 2 2 2 2 2 2 2 2 2 2 2 2 2 2 2 2 2 2 2 2 2 2 2 2 2 2 2 2 2 2 2 2 2
left_child=2 13 3 5 23 6 9 -8 -9 10 17 33 -13 14 -2 -16 -17 18 21 20 45 25 -23 61 -12 44 27 29 -29 52 -28 32 -22 35 -35 36 -7 -38 -39 -27 42 -42 -31 -43 46 -20 51 48 -48 50 -50 -1 57 -52 -37 -19 -32 58 -4 60 -60 -5
right_child=1 -3 26 4 -6 11 7 8 -10 -11 24 12 -14 -15 15 16 -18 55 19 -21 31 22 -24 -25 -26 39 30 28 -30 40 56 -33 -34 34 -36 54 37 38 -40 -41 41 43 -44 -45 -46 -47 47 -49 49 -51 53 -53 -54 -55 -56 -57 -58 -59 59 -61 -62 -63
leaf_value=-0.0020174649215285883 0.72763219481647612 2.3777516924816631 -0.21556088510929175 0.43472159870209232 2.9319465046343596 0.078483261997995615 -0.16661337528397802 -0.41834485176950698 -2.5328156494325209 0.57680439506055547 -0.31782404998066055 0.34867822424489625 1.9918408745527267 1.8771088469028474 -1.7301930129528047 -0.65890371288572047 1.0357799025682304 -0.29873449819592329 0.16156552911820737 0.39341509264766006 -0.44003445264728119 -0.3014729731010668 1.6090964666622527 1.0296112719509336 -1.315821923965063 -0.27326384447515012 -1.7492179231210188 -0.1689803380232591 1.5141696985278812 -1.080206133890897 0.20780959635459145 -0.080795929449446066 -2.4028611336435595 0.20122555222075722 2.0949557536840437 -1.5992902022600175 1.5232634233103859 0.47295377633788371 -1.4294761563651264 -1.4075798692910568 -2.1927720660200487 0.43585126578807831 0.14837789559667861 -0.87060855271087767 0.15354969463678386 1.2349346595151085 -0.33057642139206206 -1.0754097753003531 0.7407447526088129 1.224253304799398 0.20262533013951289 -0.81765526959406487 0.6006228158871334 -0.57211744902839123 -0.19716103772322338 -1.2637255731556152 -0.93581705101438473 -0.43045399523563255 0.15617702340516521 -0.7348627376962793 1.3853315896314125 -0.85983457905905591
leaf_weight=6207 101 23 393 31 23 693 930 32 31 147 126 49 30 20 21 28 26 156 220 510 36 33 34 45 39 80 22 39 28 24 29 34 21 104 25 20 54 44 24 23 26 20 54 54 776 21 433 51 52 39 73 35 36 71 24 27 37 263 127 22 23 21
leaf_count=6207 101 23 393 31 23 693 930 32 31 147 126 49 30 20 21 28 26 156 220 510 36 33 34 45 39 80 22 39 28 24 29 34 21 104 25 20 54 44 24 23 26 20 54 54 776 21 433 51 52 39 73 35 36 71 24 27 37 263 127 22 23 21
internal_value=-0.000913546 0.629535 -0.0118531 0.0118758 0.909893 0.00234275 -0.0205225 -0.248595 -1.4588 0.00397722 -0.00527919 0.221717 0.972664 0.424387 0.259306 -0.371374 0.157055 0.004852 0.01418 0.229301 -0.0228022 -0.00872773 0.66807 0.430437 -0.553714 -0.0145116 -0.238319 -0.196741 0.534426 -0.243755 -0.76229 -0.758773 -1.16318 0.161671 0.568228 0.100617 0.151101 0.563596 -0.198492 -0.526558 -0.63607 -0.953079 -0.229648 -0.517511 -0.00769489 0.255096 -0.0256701 -0.191307 -0.123808 0.257174 0.0647451 -0.00659089 -0.162931 -0.179366 -0.834492 -0.44111 -0.433314 -0.196129 -0.0870536 0.206571 0.344647 -0.0880799
internal_weight=12840 219 12621 11424 120 11304 10237 993 63 9244 9097 1067 79 196 176 75 54 8932 8749 842 332 7907 67 97 165 7840 1197 1109 67 1042 88 91 57 988 129 859 815 122 68 103 178 100 78 74 7737 241 6961 719 668 235 196 6242 864 144 44 183 66 828 565 172 150 52
internal_count=12840 219 12621 11424 120 11304 10237 993 63 9244 9097 1067 79 196 176 75 54 8932 8749 842 332 7907 67 97 165 7840 1197 1109 67 1042 88 91 57 988 129 859 815 122 68 103 178 100 78 74 7737 241 6961 719 668 235 196 6242 864 144 44 183 66 828 565 172 150 52
is_linear=0
shrinkage=0.05


Tree=105
num_leaves=63
num_cat=0
split_feature=28 32 31 31 32 8 37 34 24 31 36 13 22 33 35 33 33 32 32 23 35 13 33 6 34 32 35 35 31 36 36 33 32 33 32 1 11 35 34 21 0 36 32 31 22 37 31 36 36 36 35 23 21 36 32 29 24 31 7 33 35 18
split_gain=55467.7 31204.9 62963.1 44259 39510.8 41591.8 39725.1 49354 51678.7 51333.5 46002.9 41800.9 34623.9 44835.1 76322.7 38606.8 31697.9 31949.2 31083.7 35117 25338.7 23685.7 23092.8 22142.3 35675.7 28244.6 75135.5 41595.8 39358.1 79214.5 23859.4 22842.3 21660.5 27143.8 19646.8 19017.2 17988.6 17120.7 16535.2 18505.9 15545.4 19494.9 23652.1 16171.7 19383.3 17190.8 13679.9 13272.1 17134.1 12384.5 12294.4 11652.3 14946.2 26461.4 12102.7 11222.7 11081.9 11001.3 10278.4 18171.9 10232 9678.67
threshold=1.0000000180025095e-35 469.55000000000007 247.35000000000005 368.55000000000007 455.45000000000005 1.0000000180025095e-35 4.5000000000000009 392.4500000000001 1.0000000180025095e-35 487.35000000000008 282.87083333333339 1.0000000180025095e-35 1.0000000180025095e-35 431.30000000000001 1055.3000000000004 384.15000000000003 298.15000000000003 271.95000000000005 436.85000000000008 1.0000000180025095e-35 1129.3500000000001 1.0000000180025095e-35 165.05000000000004 1.0000000180025095e-35 61.500000000000007 184.85000000000005 562.75000000000011 495.15000000000003 355.45000000000005 356.22500000000008 262.35833333333341 66.350000000000009 227.20000000000002 290.25000000000006 271.95000000000005 1.0000000180025095e-35 1.0000000180025095e-35 470.90000000000003 397.60000000000008 1.0000000180025095e-35 1.0000000180025095e-35 256.62500000000006 392.55000000000007 263.25000000000006 1.0000000180025095e-35 3.5000000000000004 280.75000000000006 237.37750000000003 271.56250000000006 254.65000000000006 614.25000000000011 1.0000000180025095e-35 1.0000000180025095e-35 272.71250000000003 316.55000000000007 1.0000000180025095e-35 1.0000000180025095e-35 387.25000000000006 1.0000000180025095e-35 356.10000000000008 488.05000000000007 1.0000000180025095e-35
decision_type=2 2 2 2 2 2 2 2 2 2 2 2 2 2 2 2 2 2 2 2 2 2 2 2 2 2 2 2 2 2 2 2 2 2 2 2 2 2 2 2 2 2 2 2 2 2 2 2 2 2 2 2 2 2 2 2 2 2 2 2 2 2
left_child=21 4 -3 -4 5 6 7 8 9 11 -10 12 13 15 -15 16 18 -18 19 23 22 35 -7 24 25 26 27 -2 30 -30 31 37 -8 -34 -13 36 40 -27 39 60 43 50 -43 58 45 51 -41 -48 -49 -21 -42 52 54 -54 -45 -56 61 -46 -1 -60 -23 -38
right_child=1 2 3 -5 -6 20 32 -9 10 -11 -12 34 -14 14 -16 -17 17 -19 -20 49 -22 38 -24 -25 -26 28 -28 -29 29 -31 -32 -33 33 -35 -36 -37 56 -39 -40 46 41 42 -44 44 57 -47 47 48 -50 -51 -52 -53 53 -55 55 -57 -58 -59 59 -61 -62 -63
leaf_value=-0.05946290023625226 0.087515043165437664 2.9025232721777527 -1.7015211374685171 1.4541538410186767 -1.7558226784070332 1.6675604035979825 2.5064112003032979 -1.6169346211048272 2.7815164845330376 2.0730558957904579 -0.17862985474722726 -0.47514610300804005 -1.8355647582899441 3.3563292946134298 -0.57909407669847668 -1.6208930686116219 2.3630702833975517 -0.16279903252919514 1.8276938637097677 -0.5840573039921847 2.8010334810750055 0.040513593730888746 -0.18814927995204928 -1.1461618682917427 -1.5100370740890503 0.52473861559843404 -2.3034553576260808 2.3876480465843564 3.5653661485641233 -0.21745351304858926 -0.87409345814675987 -0.72092656862168081 -0.66888595581054688 1.8497246877006863 -2.4319827739959177 -0.52970319855241821 -0.25198192391374896 2.2009083118438721 0.9268077075907164 -0.61872341189413305 -0.51413426282613173 -0.4571045964642575 -2.0476543872587145 0.064974787654899654 -0.11531734642469221 0.31171670686724839 -0.49989161635749046 1.6269231996536258 -0.019156864354776783 -2.3031807053089142 0.59823197766586589 -0.24768873436061567 0.084297095392217011 -0.50498744742759805 0.45767741009457819 -0.24979818183364291 -0.83784502752729362 -1.0162756452336907 -0.18966378559971667 -1.149422012400209 0.39216216225557182 0.32366306125186384
leaf_weight=3888 307 34 20 25 24 38 26 39 35 32 21 29 22 28 22 32 31 21 24 22 22 358 30 34 30 39 32 21 31 25 33 21 20 23 23 208 837 25 70 124 46 95 31 2369 72 618 48 25 43 20 54 349 516 302 372 66 74 64 366 57 490 80
leaf_count=3888 307 34 20 25 24 38 26 39 35 32 21 29 22 28 22 32 31 21 24 22 22 358 30 34 30 39 32 21 31 25 33 21 20 23 23 208 837 25 70 124 46 95 31 2369 72 618 48 25 43 20 54 349 516 302 372 66 74 64 366 57 490 80
internal_value=0.00153295 0.316499 1.2786 0.0516316 0.252197 0.293814 0.206827 0.126685 0.197519 0.106213 1.67146 0.0340356 0.121212 0.175158 1.62474 0.0782609 0.154201 1.34301 0.0611014 -0.00514586 1.32606 -0.0326413 0.848865 0.0930092 0.167711 0.261967 0.00915877 0.23478 0.785017 1.87661 0.266974 0.709977 1.36714 0.678278 -1.34067 -0.0563866 -0.0467874 1.17949 0.181928 0.134004 -0.0251306 -0.434725 -0.84843 -0.0148896 0.0489718 0.0663944 -0.253613 0.136677 0.58602 -1.40269 0.0865435 0.0282442 0.0548098 -0.133263 0.109617 0.351071 -0.24926 -0.539298 -0.0849283 -0.318993 0.243707 -0.201762
internal_weight=12883 1261 79 45 1182 1158 1068 999 960 904 56 872 820 798 50 748 716 52 664 640 90 11622 68 598 564 534 360 328 174 56 118 85 69 43 52 10464 10256 64 1158 1088 9265 226 126 9039 4728 4592 240 116 68 42 100 3974 3625 818 2807 438 991 136 4311 423 848 917
internal_count=12883 1261 79 45 1182 1158 1068 999 960 904 56 872 820 798 50 748 716 52 664 640 90 11622 68 598 564 534 360 328 174 56 118 85 69 43 52 10464 10256 64 1158 1088 9265 226 126 9039 4728 4592 240 116 68 42 100 3974 3625 818 2807 438 991 136 4311 423 848 917
is_linear=0
shrinkage=0.05


Tree=106
num_leaves=63
num_cat=0
split_feature=16 20 19 33 40 11 35 35 18 23 21 36 31 40 40 32 35 32 31 33 32 33 36 34 35 7 35 31 31 31 32 29 31 33 31 36 33 31 34 33 33 35 35 31 35 24 36 35 33 35 34 33 32 31 35 35 36 35 31 31 32 32
split_gain=33182.2 33861.5 28960.8 30306.3 22610.4 26890 33658.3 21600 20640.5 18557.7 18321.5 52294.8 33012.6 27029.1 23003.8 30759.6 27841.1 25525 29198.2 25578.6 20148.2 19863 18245.6 17647 17326.6 16668.5 17095.6 16582.1 15997 25180.3 17855.8 15839.9 16844.7 18885.9 15803.4 16935.1 15699.4 15260.8 14570.8 14142 13797 13635.6 13633.7 16274.6 13219.7 13039.4 20464.6 18009 14676.9 13633.6 12928.9 26796.2 12710.3 12080.7 18150.6 15693.8 12419.7 12054.1 15435.1 16437.8 14398.4 16558.8
threshold=1.0000000180025095e-35 1.0000000180025095e-35 1.0000000180025095e-35 433.05000000000007 1.0000000180025095e-35 1.0000000180025095e-35 1522.8500000000001 574.1500000000002 1.0000000180025095e-35 1.0000000180025095e-35 1.0000000180025095e-35 280.54166666666674 485.85000000000008 2.5000000000000004 1.5000000000000002 258.95000000000005 1309.4500000000003 156.95000000000002 200.55000000000004 449.55000000000007 470.95000000000005 468.85000000000008 212.8666666666667 285.00000000000006 1018.5500000000001 1.0000000180025095e-35 1352.45 432.95000000000005 432.95000000000005 454.65000000000003 424.65000000000003 1.0000000180025095e-35 426.55000000000007 198.05000000000004 487.35000000000008 375.67500000000001 77.950000000000017 150.75000000000003 175.20000000000002 480.90000000000003 163.20000000000002 1211.5500000000002 932.50000000000011 312.35000000000008 741.95000000000016 1.0000000180025095e-35 302.01666666666671 918.1500000000002 442.60000000000008 983.85000000000002 194.40000000000003 167.15000000000001 484.05000000000007 365.45000000000005 932.50000000000011 721.20000000000016 220.71250000000001 562.75000000000011 383.55000000000007 236.25000000000003 374.50000000000006 319.55000000000007
decision_type=2 2 2 2 2 2 2 2 2 2 2 2 2 2 2 2 2 2 2 2 2 2 2 2 2 2 2 2 2 2 2 2 2 2 2 2 2 2 2 2 2 2 2 2 2 2 2 2 2 2 2 2 2 2 2 2 2 2 2 2 2 2
left_child=1 2 4 23 34 6 7 57 9 25 31 12 14 -13 15 -12 17 18 -16 20 28 52 44 38 -11 26 41 -8 30 -30 50 -9 -33 -34 45 -36 -22 -2 -4 -21 -32 -7 -39 -44 -3 48 -47 -48 -1 -50 53 -52 -15 54 56 -55 -19 60 59 -59 61 -6
right_child=37 22 3 -5 5 8 27 10 -10 24 11 13 -14 21 16 -17 -18 19 -20 39 36 -23 -24 -25 -26 -27 -28 -29 29 -31 40 32 33 -35 35 -37 -38 42 -40 -41 -42 -43 43 -45 -46 46 47 -49 49 -51 51 -53 -54 55 -56 -57 -58 58 -60 -61 -62 -63
leaf_value=-0.11866687165727074 -0.12566206576647584 -0.36412878778691476 0.368545736359284 2.3218762978263525 -0.0060236820261623776 -0.17736243998658829 0.37513749996821089 0.29761860998736445 0.59515986474763072 -0.51380476168495537 -0.051300338999583174 0.65301950519735164 1.9477360422794636 -0.4671025609752224 -0.42743351173400879 2.380841610981868 1.5559272889168032 0.081115075589522079 1.0142715574810441 -2.1681635076349433 0.17772595371518818 -2.1548549010640099 -0.85011618980386638 1.5239456817507744 -2.1650097383807103 -1.1121055833101274 0.98043035768693498 2.1814253489176436 -1.8092186485018051 0.084882961435520904 0.28001292610168454 -0.27024009784524755 -0.15092630803585053 1.4518972757984612 -2.0241348033365996 -0.26743378950392499 -1.5339238468054179 0.38274480025452307 -1.0656732464120502 -0.35416031614655541 1.5637456430329217 -1.3660425672829151 2.1972378515428113 0.76467776721174063 1.0754867144252944 -0.17624705355529757 -0.33054247218152061 -2.0154312084402357 1.7188245519995691 0.18270765224901531 -1.5606738699807061 0.12633494296494652 -1.6442804079055788 1.9686000871658327 1.0297573341429234 0.24588556564771213 -0.7579787367376789 -0.93427414800971753 -1.7949091326622737 0.81812777959782146 0.56125127546010767 -0.59509398639202116
leaf_weight=1792 54 52 113 23 5387 690 24 1726 70 47 26 44 26 277 50 26 31 184 118 22 21 21 181 28 24 50 31 27 28 47 50 258 40 34 23 34 37 83 21 21 36 25 31 55 23 143 29 35 20 52 36 68 25 20 40 39 58 32 21 23 109 122
leaf_count=1792 54 52 113 23 5387 690 24 1726 70 47 26 44 26 277 50 26 31 184 118 22 21 21 181 28 24 50 31 27 28 47 50 258 40 34 23 34 37 83 21 21 36 25 31 55 23 143 29 35 20 52 36 68 25 20 40 39 58 32 21 23 109 122
internal_value=0.00145631 -0.00919369 0.00255381 0.62346 -0.00684694 0.0243869 0.0505002 0.0433239 -0.230727 -0.297407 0.142864 -0.000200199 0.18978 -0.509574 0.142069 1.16477 0.0833707 0.0312001 0.585193 -0.100442 -0.0239086 -0.667945 -0.578397 0.382327 -1.07196 -0.22832 -0.169086 1.33141 0.0612997 -0.622248 0.157846 0.236781 -0.0795015 0.585506 -0.154958 -0.976278 -0.914189 0.60607 0.14378 -1.28225 0.817389 -0.218925 0.839879 1.28107 0.0773533 -0.132353 -0.508836 -1.25197 -0.0905439 0.609407 0.0303837 -0.45763 -0.564551 0.179221 0.0430947 0.829857 -0.11999 -0.0162711 -0.641749 -0.201452 -0.00780966 -0.019069
internal_weight=12883 12660 12404 185 12219 10091 9154 9103 937 867 3409 1351 984 367 958 52 906 875 168 707 664 323 256 162 71 796 746 51 606 75 531 2058 332 74 2128 57 58 223 134 43 86 715 169 86 75 2071 207 64 1864 72 445 104 302 341 282 59 242 5694 76 55 5618 5509
internal_count=12883 12660 12404 185 12219 10091 9154 9103 937 867 3409 1351 984 367 958 52 906 875 168 707 664 323 256 162 71 796 746 51 606 75 531 2058 332 74 2128 57 58 223 134 43 86 715 169 86 75 2071 207 64 1864 72 445 104 302 341 282 59 242 5694 76 55 5618 5509
is_linear=0
shrinkage=0.05


Tree=107
num_leaves=63
num_cat=0
split_feature=28 35 31 5 40 37 40 18 31 31 31 36 40 33 36 36 35 35 31 31 40 40 31 36 34 33 39 33 31 35 13 17 20 15 22 31 31 35 40 35 40 16 36 5 40 31 39 31 23 36 7 35 33 7 36 34 24 35 36 35 25 31
split_gain=49374.2 24852.5 44847.7 43427.6 36578.1 34918.1 55311.6 39987 37779.2 52180.2 33515.8 97446 29249.9 27570.8 70260.8 55275.4 38045.7 33439.9 51967.4 34758.2 29790.5 28747.9 36743.6 29839.5 27115.2 25530.6 24571.9 23108.9 22785.4 76531.6 21102.6 23229.3 23212.3 18658.4 17886 17660.1 34919 31244.4 62214 40838.3 16635.8 20278.3 15525.1 14950.7 14475.9 14362.6 13373.9 23266.1 12779.9 12073.1 11857.3 11564.4 19674.8 18313.9 18415.1 12979.7 12286.3 11362.9 9347.23 9323.12 9210.93 11937
threshold=1.0000000180025095e-35 648.85000000000002 100.25000000000001 1.0000000180025095e-35 3.5000000000000004 4.5000000000000009 3.5000000000000004 1.0000000180025095e-35 485.85000000000008 471.05000000000007 439.55000000000007 312.83333333333337 2.5000000000000004 336.15000000000003 269.52000000000004 294.05000000000007 1241.4000000000003 1118.0500000000002 453.05000000000007 187.95000000000002 1.0000000180025095e-35 4.5000000000000009 392.45000000000005 280.54166666666674 83.15000000000002 104.65000000000002 1.0000000180025095e-35 210.15000000000001 323.85000000000008 492.45000000000005 1.0000000180025095e-35 1.0000000180025095e-35 1.0000000180025095e-35 1.0000000180025095e-35 1.0000000180025095e-35 167.75000000000003 200.55000000000004 190.45000000000002 1.5000000000000002 347.05000000000007 1.0000000180025095e-35 1.0000000180025095e-35 224.02500000000003 1.0000000180025095e-35 1.5000000000000002 434.35000000000008 1.0000000180025095e-35 227.65000000000001 1.0000000180025095e-35 196.92000000000004 1.0000000180025095e-35 1291.7500000000002 378.25000000000006 1.0000000180025095e-35 303.53750000000008 451.2000000000001 1.0000000180025095e-35 416.25000000000006 204.23333333333338 741.95000000000016 1.0000000180025095e-35 399.25000000000006
decision_type=2 2 2 2 2 2 2 2 2 2 2 2 2 2 2 2 2 2 2 2 2 2 2 2 2 2 2 2 2 2 2 2 2 2 2 2 2 2 2 2 2 2 2 2 2 2 2 2 2 2 2 2 2 2 2 2 2 2 2 2 2 2
left_child=30 10 -3 5 -5 7 -7 8 9 13 25 -12 -9 16 -15 -16 17 18 19 -4 -17 23 26 -21 -22 28 -23 -27 35 57 32 58 33 34 40 37 -37 -2 -39 -40 50 43 59 48 -25 -45 47 -38 51 -41 -1 52 -42 56 -55 -53 -54 -30 -32 -34 61 -36
right_child=1 2 3 4 -6 6 -8 12 -10 -11 11 -13 -14 14 15 20 -18 -19 -20 21 24 22 -24 44 -26 27 -28 -29 29 -31 31 -33 42 -35 60 36 46 38 39 49 41 -43 -44 45 -46 -47 -48 -49 -50 -51 -52 55 53 54 -56 -57 -58 -59 -60 -61 -62 -63
leaf_value=-0.13683532814082655 -0.27516782285669183 2.0883392708642141 2.470959706928419 -2.2931195543362546 0.21450701979073614 -0.10507800755677399 2.8547136551455452 0.56833804203913763 2.3797245259638187 -1.8650163121845413 -3.6913942423733803 0.60461280361721015 -1.5754951825956018 -1.7780195896442121 3.0036097435724169 -1.4453399571505461 2.9929040515422822 -1.2342752313613892 3.3295122253894807 2.1062951545457582 1.6238299531095171 -0.19889574050903322 0.97497396539239323 -0.61608510923385618 -0.5712256689866384 -1.7727042069037755 -2.5111795032024382 0.36078123937953605 0.3910319222713865 2.7845281214327429 -0.10721651406361865 1.8194712752387638 -0.32094816491673039 0.4820429112561449 -0.16929641242129029 -1.6160199732393832 1.8243326777503606 3.548362430334091 1.9654537677764894 -1.3272998679767956 -0.0078668582978262524 0.80343351701372545 -0.84701927098636798 0.10045444780154461 1.1220363790169359 0.70085764201278367 -0.98274220377206811 0.0012232233442011336 -0.23904433356320168 0.26417999267578124 -0.57630565006505041 0.76402810195890769 -0.096467896764859173 -2.1891250614766724 -0.18737971454858782 -0.43523092647393552 -1.0902868386257338 -0.95196514072872351 0.22395884638208929 0.89381768161600295 -1.4591180318877812 -0.97531347587460382
leaf_weight=1580 79 42 23 26 33 27 38 26 27 23 22 33 41 39 21 22 20 20 20 37 34 27 34 25 24 30 20 22 63 37 284 21 56 167 186 37 21 20 27 22 6063 76 151 670 23 117 24 105 724 26 170 91 195 27 20 30 37 21 853 22 21 61
leaf_count=1580 79 42 23 26 33 27 38 26 27 23 22 33 41 39 21 22 20 20 20 37 34 27 34 25 24 30 20 22 63 37 284 21 56 167 186 37 21 20 27 22 6063 76 151 670 23 117 24 105 724 26 170 91 195 27 20 30 37 21 853 22 21 61
internal_value=0.00138349 0.298546 0.506358 0.400893 -0.890549 0.534334 1.62526 0.394195 0.567839 0.449099 0.0614501 -1.11379 -0.74356 0.585923 0.0245455 0.720585 0.901558 0.718907 0.905815 0.649339 0.121292 0.396946 -0.277095 1.03927 0.715531 0.182495 -1.18285 -0.870076 0.296051 0.889845 -0.030859 0.171672 -0.0532721 -0.0421329 -0.0508276 0.0970227 -0.240316 0.459565 1.07055 0.409804 -0.0398068 -0.00943295 -0.551131 -0.0171804 0.216765 0.189714 0.0990241 0.305075 -0.039836 -0.465248 -0.179527 -0.0175202 -0.0267585 -0.437297 -1.33732 0.466691 -0.254965 0.0552827 0.141238 0.0216781 -0.453824 -0.368353
internal_weight=12883 1261 672 630 59 571 65 506 439 412 589 55 67 389 140 101 249 229 209 189 80 166 81 85 58 534 47 52 482 121 11622 1158 10464 10235 10068 361 187 174 95 75 9800 8050 229 7974 48 787 150 126 7187 48 1750 6463 6342 279 47 121 232 84 1137 78 268 247
internal_count=12883 1261 672 630 59 571 65 506 439 412 589 55 67 389 140 101 249 229 209 189 80 166 81 85 58 534 47 52 482 121 11622 1158 10464 10235 10068 361 187 174 95 75 9800 8050 229 7974 48 787 150 126 7187 48 1750 6463 6342 279 47 121 232 84 1137 78 268 247
is_linear=0
shrinkage=0.05


Tree=108
num_leaves=63
num_cat=0
split_feature=16 19 33 40 31 34 21 34 37 32 36 40 22 34 31 9 31 32 32 6 35 33 31 0 36 39 31 34 23 31 35 31 31 21 36 31 33 10 11 33 31 33 32 36 32 36 36 31 31 40 32 36 32 33 34 36 33 35 35 33 31 35
split_gain=28657.7 23789.7 26768.3 21281.4 21318.2 22960.1 18154.2 26898.4 17517 33419.6 24860.4 18668.5 17790.9 17421.4 14739.4 13969.4 23014.6 19049.4 26634.4 16196.6 18446.1 15944.4 13748.4 13696.6 26655.4 16253.6 13483.9 15362.8 13384 20648.2 12490.6 14705.4 12318.6 12023.7 33047.5 20975.2 20623.1 22510.9 18859 16575.8 26842.8 14895 16305.2 14258.9 20899.7 29822.9 20468.2 15603 20241.4 18493 17471.1 15506.4 13568.1 13525.1 13513.8 11807.3 11127.1 19069.6 24063.2 17422.2 11101.6 11321.8
threshold=1.0000000180025095e-35 1.0000000180025095e-35 433.05000000000007 1.0000000180025095e-35 282.65000000000003 481.20000000000005 1.0000000180025095e-35 285.00000000000006 4.5000000000000009 101.25000000000001 302.01666666666671 2.5000000000000004 1.0000000180025095e-35 473.9500000000001 493.95000000000005 1.0000000180025095e-35 485.85000000000008 132.05000000000004 58.95000000000001 1.0000000180025095e-35 1077.8500000000001 95.300000000000026 150.75000000000003 1.0000000180025095e-35 291.72500000000008 1.0000000180025095e-35 338.05000000000007 134.75000000000003 1.0000000180025095e-35 484.15000000000003 932.50000000000011 312.35000000000008 414.05000000000007 1.0000000180025095e-35 349.01666666666671 488.85000000000008 317.40000000000003 1.0000000180025095e-35 1.0000000180025095e-35 265.65000000000003 417.75000000000006 341.15000000000003 120.85000000000001 221.75000000000003 389.15000000000003 250.32500000000002 214.7416666666667 456.35000000000008 439.55000000000007 4.5000000000000009 341.65000000000003 314.11666666666673 465.85000000000008 384.15000000000003 167.65000000000003 244.52666666666667 446.75000000000006 976.85000000000002 1129.3500000000001 425.80000000000007 480.75000000000006 473.9500000000001
decision_type=2 2 2 2 2 2 2 2 2 2 2 2 2 2 2 2 2 2 2 2 2 2 2 2 2 2 2 2 2 2 2 2 2 2 2 2 2 2 2 2 2 2 2 2 2 2 2 2 2 2 2 2 2 2 2 2 2 2 2 2 2 2
left_child=1 3 6 13 -5 8 7 -3 12 -10 11 -11 15 14 23 28 17 18 -17 20 21 -19 -2 56 25 -25 -13 -28 33 -30 -24 -32 -14 36 35 43 39 38 41 -6 -41 -38 -43 46 47 -46 -35 48 49 -45 -51 52 -47 -36 -44 -20 59 -58 -59 -1 61 -49
right_child=22 2 -4 4 5 -7 -8 -9 9 10 -12 26 32 -15 -16 16 -18 19 55 -21 -22 -23 30 24 -26 -27 27 -29 29 -31 31 -33 -34 34 53 -37 37 -39 -40 40 -42 42 54 44 45 51 -48 60 -50 50 -52 -53 -54 -55 -56 -57 57 58 -60 -61 -62 -63
leaf_value=-0.10603290860248422 -0.13132978139652149 0.25802326961460276 2.1022580633560817 -0.057198317310171991 0.10789332191117645 1.7779347528517246 -0.75472098775207996 2.1284473636875982 2.4720882786810403 -1.2328909635543823 1.9897306795418264 1.1257041613260905 -0.080324499333097099 -1.6259571182727814 -1.2262272139710766 0.32159587921236055 1.8944362847701364 0.72759375394536896 -0.35517543977499011 -0.54880717379351462 1.4330909588436287 -0.41707991784395171 0.34756747848657243 0.43001218750363307 -1.9486832280705373 -1.2736414106119247 -0.96695139030260702 0.39384461551904681 -0.13211003355580392 -1.5902130168217878 2.0782881718489432 0.71654616117477421 -1.1238542810082437 0.11893554290999538 -0.54353866974512743 1.2001850165818868 2.3481873032450675 -0.51165220872744133 -0.1973221893111865 0.11224901264702732 -2.174479004882631 -0.39225460915338428 0.84848766800868936 0.23529309760779143 -1.2518716248598967 1.726478988216037 1.488906729221344 -0.55900421142578127 -2.0014584143956502 -0.54482429469270366 -2.0860374580730094 -0.38359401566641677 0.27312008234170765 -1.8338944861742978 2.2682870359647844 -1.8918769350051878 1.7712237324033464 -1.3390629963505836 0.7800288780315503 -1.2820775432512166 -0.87904819988069072 0.8128148470284805
leaf_weight=1982 54 117 24 5229 2640 20 32 23 20 22 20 39 62 20 31 88 23 104 25 30 60 43 83 42 30 21 28 80 367 26 31 55 52 299 132 38 20 38 36 33 21 21 83 64 22 42 30 21 24 112 22 21 26 24 21 25 21 21 37 32 21 53
leaf_count=1982 54 117 24 5229 2640 20 32 23 20 22 20 39 62 20 31 88 23 104 25 30 60 43 83 42 30 21 28 80 367 26 31 55 52 299 132 38 20 38 36 33 21 21 83 64 22 42 30 21 24 112 22 21 26 24 21 25 21 21 37 32 21 53
internal_value=0.00131432 -0.00858301 0.53799 -0.017178 0.0133782 0.0872167 0.319721 0.565307 0.0804239 0.52846 0.322785 0.125514 0.0607888 -0.156873 -0.143621 0.0759017 0.359178 0.265015 -0.201999 0.536947 0.694303 0.392757 0.563198 -0.128268 -0.722005 -0.137872 0.328812 0.0410457 0.0494174 -0.228575 0.785119 1.20741 -0.556321 0.0776914 -0.0766744 0.0538909 0.128087 0.594696 0.826969 0.0901554 -0.777034 1.08128 0.878569 -0.00365097 -0.193908 0.396546 0.243857 -0.40066 -0.630132 -0.463911 -0.797859 0.80402 1.17078 -0.742055 1.13518 -1.12353 -0.101886 0.480208 0.0127715 -0.124719 0.13558 0.423515
internal_weight=12883 12660 196 12464 10227 4998 172 140 4978 209 189 169 4769 2237 2217 4655 398 375 138 237 207 147 223 2186 93 63 147 108 4257 393 169 86 114 3864 951 795 2913 219 181 2694 54 145 125 757 428 111 329 317 222 198 134 89 68 156 104 50 2093 79 58 2014 95 74
internal_count=12883 12660 196 12464 10227 4998 172 140 4978 209 189 169 4769 2237 2217 4655 398 375 138 237 207 147 223 2186 93 63 147 108 4257 393 169 86 114 3864 951 795 2913 219 181 2694 54 145 125 757 428 111 329 317 222 198 134 89 68 156 104 50 2093 79 58 2014 95 74
is_linear=0
shrinkage=0.05


Tree=109
num_leaves=63
num_cat=0
split_feature=28 32 31 31 32 8 37 34 24 31 13 40 34 32 31 32 40 35 32 32 35 33 31 32 32 40 40 35 32 32 32 31 32 12 33 31 4 35 33 0 32 32 35 35 33 40 7 17 32 33 22 32 32 32 34 25 35 31 16 37 34 34
split_gain=44417.4 26602.4 55526.3 37975.2 36574.8 35824.4 31895.2 44689.5 43536.8 44527.9 37965.4 40939.5 70958.2 52933.6 37942.4 49106.6 34296 70255.6 31145.2 81631.1 53112.3 34460.7 30582.7 30576.8 24807 23644.9 22693.2 22214.3 21797 88670.5 20725.7 22521 31896.3 20674.1 20645.9 20308.5 18584.6 17808 17467.2 17030.5 17017.9 16855.2 16641.3 15628.5 14839.2 14201.3 13103.4 18940.1 18440.5 16171.3 14693 14673.2 21863.1 15466.4 22395.3 13011.8 12768.7 11110.4 13591.6 12544.8 15233.2 18867.7
threshold=1.0000000180025095e-35 469.55000000000007 247.35000000000005 368.55000000000007 455.45000000000005 1.0000000180025095e-35 4.5000000000000009 392.4500000000001 1.0000000180025095e-35 487.35000000000008 1.0000000180025095e-35 4.5000000000000009 61.500000000000007 413.85000000000008 439.55000000000007 161.05000000000004 3.5000000000000004 395.25000000000006 83.050000000000011 142.45000000000002 458.45000000000005 394.35000000000008 271.85000000000008 325.75000000000006 144.15000000000001 5.5000000000000009 4.5000000000000009 1129.3500000000001 80.65000000000002 130.25000000000003 184.85000000000005 291.30000000000001 315.15000000000003 1.0000000180025095e-35 165.05000000000004 175.25000000000003 1.0000000180025095e-35 716.85000000000002 295.45000000000005 1.0000000180025095e-35 364.15000000000003 271.95000000000005 1026.7 1309.4500000000003 104.65000000000002 1.0000000180025095e-35 1.0000000180025095e-35 1.0000000180025095e-35 409.15000000000003 295.45000000000005 1.0000000180025095e-35 308.65000000000003 246.25000000000003 51.95000000000001 186.45000000000002 1.0000000180025095e-35 238.55000000000004 307.45000000000005 1.0000000180025095e-35 3.5000000000000004 1.0000000180025095e-35 99.40000000000002
decision_type=2 2 2 2 2 2 2 2 2 2 2 2 2 2 2 2 2 2 2 2 2 2 2 2 2 2 2 2 2 2 2 2 2 2 2 2 2 2 2 2 2 2 2 2 2 2 2 2 2 2 2 2 2 2 2 2 2 2 2 2 2 2
left_child=33 4 -3 -4 5 6 7 8 9 10 11 13 18 14 16 -16 22 -18 20 -20 -13 30 23 24 56 -10 -8 34 -24 -30 -21 32 -32 39 -7 -26 55 -33 -14 46 -39 -12 -38 -41 -19 -31 47 50 51 -48 57 52 53 -49 -55 -35 -2 -1 59 -59 -61 -62
right_child=1 2 3 -5 -6 27 26 -9 25 -11 41 12 38 -15 15 -17 17 44 19 21 -22 -23 28 -25 35 -27 -28 -29 29 45 31 37 -34 36 -36 -37 42 40 -40 43 -42 -43 -44 -45 -46 -47 49 48 -50 -51 -52 -53 -54 54 -56 -57 -58 58 -60 60 61 -63
leaf_value=-0.069868559212276277 -0.10837628214196726 2.6964274153989907 -1.6047461968660355 1.3183359870910645 -1.7082436621189119 1.5490769756467719 0.30273212264565863 -1.5479510409709736 2.3892246771942487 1.9266567314043641 -0.4808378314149791 0.16262974099879213 -1.1163211459698885 2.4192325979471208 -2.827030576978411 0.48375245419641333 -0.36041436175505326 1.8774211502075198 -2.7341669075191022 -1.7607658204436303 2.8604355139391764 1.8156885100447615 -0.092759490326831229 -1.832921417236328 2.1691973549127579 0.30083170610925425 2.1164465171950204 2.6028261493552818 4.2040179538726807 -0.72954719634283161 0.24597232923275089 1.884031572341919 -1.9207251318569842 0.074088419800793226 -0.20556690851847331 0.13814558414742351 0.42444513273793599 -0.89371383840387519 -3.0649687901787139 -0.32303327901842205 1.0962110417229789 -2.2933285505875296 2.1151775186712092 -1.6369294595718384 3.803502020835877 0.99051259351628174 -0.11463826690348436 1.3682443284988404 1.6814532075609483 -0.62750940144998246 -0.4238163911509667 -0.79571553526016381 1.8944358789402509 -0.97354971690055658 0.94351418805122378 0.73782064722850915 -1.5836643499135972 -0.0041857094622981461 0.84598077535629279 0.62337584896513853 -1.2644724659919739 0.16614580712075963
leaf_weight=5089 55 34 20 25 24 38 34 39 33 32 29 139 23 32 21 24 30 20 32 20 21 23 38 25 20 23 35 22 20 21 41 20 29 959 30 32 43 22 23 239 21 23 22 25 20 28 787 20 28 191 233 26 23 39 25 80 20 3235 52 186 25 295
leaf_count=5089 55 34 20 25 24 38 34 39 33 32 29 139 23 32 21 24 30 20 32 20 21 23 38 25 20 23 35 22 20 21 41 20 29 959 30 32 43 22 23 239 21 23 22 25 20 28 787 20 28 191 233 26 23 39 25 80 20 3235 52 186 25 295
internal_value=0.0012486 0.2831 1.17142 0.0191883 0.223729 0.26377 0.183039 0.111228 0.178632 0.0948268 0.0276036 0.110684 -0.239178 0.46744 0.300442 -1.06128 0.486696 1.46866 -0.00774442 -0.411176 0.516717 0.0111859 0.221301 -0.234555 0.0800836 1.53149 1.22273 1.22178 0.868873 1.39847 -0.260079 -0.0344121 -0.651659 -0.0293326 0.774969 0.919319 0.176505 0.651418 -2.09064 -0.050938 0.0781099 -1.28252 0.996693 -0.447455 2.84046 0.253344 -0.0407292 -0.0223763 0.515208 -0.2148 -0.0318717 0.269682 0.528564 0.154575 -0.224697 0.125194 -0.501786 -0.0215899 0.0431846 0.0320258 0.263536 0.0543788
internal_weight=12883 1261 79 45 1182 1158 1068 999 960 904 872 820 414 406 374 45 329 70 368 208 160 176 259 152 127 56 69 90 107 69 153 133 70 11622 68 52 1104 63 46 10518 43 52 65 264 40 49 10254 9276 161 978 9115 133 107 84 64 1039 75 8882 3793 3741 506 320
internal_count=12883 1261 79 45 1182 1158 1068 999 960 904 872 820 414 406 374 45 329 70 368 208 160 176 259 152 127 56 69 90 107 69 153 133 70 11622 68 52 1104 63 46 10518 43 52 65 264 40 49 10254 9276 161 978 9115 133 107 84 64 1039 75 8882 3793 3741 506 320
is_linear=0
shrinkage=0.05


Tree=110
num_leaves=63
num_cat=0
split_feature=11 35 30 1 19 20 23 35 31 9 8 40 21 36 31 31 35 33 36 35 35 35 36 40 0 33 0 35 33 33 35 36 13 35 40 33 31 35 40 40 31 38 33 33 17 36 40 35 36 31 39 35 31 35 33 23 36 31 31 31 21 36
split_gain=33559.5 32819.5 31530.4 19667.4 19060.8 18465.9 17109.5 20889.4 16837 14400.8 13949.8 13862.8 15550.5 51267.9 24176.7 27663.7 15556 14150.1 21760.1 13535.7 16410.8 17097.2 25488.5 16799.5 13330.4 13880.1 13243.7 18204.6 13924.1 46878.9 20591.7 16130.2 30238.3 23891.3 21438.9 20867.5 19605 24426.1 16934.9 15722.2 12813.2 12055.9 11915.6 21357.8 14630.2 36203.7 21644.8 26491.7 11891.5 15974.1 11230.2 11181.6 10967.7 10924.7 10608 10227.1 19155.3 18600.5 15063.8 11936.3 14175.6 40013.1
threshold=1.0000000180025095e-35 1211.5500000000002 1.0000000180025095e-35 1.0000000180025095e-35 1.0000000180025095e-35 1.0000000180025095e-35 1.0000000180025095e-35 1018.5500000000001 284.05000000000007 1.0000000180025095e-35 1.0000000180025095e-35 1.0000000180025095e-35 1.0000000180025095e-35 364.85833333333341 213.45000000000002 312.35000000000008 1522.8500000000001 225.05000000000004 321.17500000000001 449.15000000000003 1152.0500000000002 969.95000000000016 280.54166666666674 5.5000000000000009 1.0000000180025095e-35 296.75000000000006 1.0000000180025095e-35 1000.2500000000001 409.85000000000008 393.00000000000006 1045.6000000000001 241.60000000000005 1.0000000180025095e-35 976.85000000000002 1.0000000180025095e-35 464.15000000000003 186.55000000000004 1000.2500000000001 5.5000000000000009 4.5000000000000009 377.55000000000007 1.0000000180025095e-35 357.90000000000003 371.65000000000003 1.0000000180025095e-35 296.61250000000007 4.5000000000000009 691.00000000000011 386.78333333333336 428.65000000000003 1.0000000180025095e-35 1309.4500000000003 209.75000000000003 801.70000000000016 369.25000000000006 1.0000000180025095e-35 274.85833333333341 350.15000000000003 484.15000000000003 408.95000000000005 1.0000000180025095e-35 218.3366666666667
decision_type=2 2 2 2 2 2 2 2 2 2 2 2 2 2 2 2 2 2 2 2 2 2 2 2 2 2 2 2 2 2 2 2 2 2 2 2 2 2 2 2 2 2 2 2 2 2 2 2 2 2 2 2 2 2 2 2 2 2 2 2 2 2
left_child=1 3 5 4 9 11 -2 -8 50 26 19 24 14 16 -13 -16 41 -17 -19 -11 21 -21 23 -23 25 -3 28 40 29 42 52 33 34 35 -33 -30 38 -38 -36 -39 -28 -14 44 -44 55 46 47 -46 49 -20 53 -50 -31 -6 -24 59 57 -57 -58 60 -1 -62
right_child=6 2 -4 -5 8 -7 7 -9 -10 10 -12 12 13 -15 15 17 -18 18 48 20 -22 22 54 -25 -26 -27 27 -29 31 30 -32 32 -34 -35 36 -37 37 39 -40 -41 -42 -43 43 -45 45 -47 -48 -49 51 -51 -52 -53 -54 -55 -56 56 58 -59 -60 -61 61 -63
leaf_value=0.024354201481603721 -0.19047072160200673 -0.87530175000429156 -1.3114941303546612 -0.458862574892902 -0.021819059516108314 -0.64561438671180182 -0.34232867688968266 -1.9336786370724441 1.111263497432073 -0.016645549119084387 -0.43332874145358802 -0.39177809583729717 0.63871012612191203 -1.8693904411533606 2.3283590349555019 -0.16342206661190306 1.8214764227469762 2.5926043188571932 1.035431331396103 0.30888231882667233 -0.91608652524326173 0.95346590675413612 0.84943225433429093 2.5503131083079751 -1.1194265121221543 0.60309832227694526 -0.40879150209790577 -1.4893925740863339 0.13146944396328508 1.5032224063873292 2.5397223327647556 -1.8404559461694014 0.60240817578881989 -1.2982232272624969 -0.59342634744114342 1.9443523840470747 0.86784172302637352 -1.7299590275933345 -2.3303170841673149 -0.1828332303521725 0.81738441907442538 -0.57679164111614234 1.1086627530262751 -0.042228259503690885 -0.31839771442886056 2.0881430139315542 -0.93573532203102827 1.9538913421008897 0.46274806022644044 -0.77959478605877275 -0.77822024160279679 1.8472471662930081 0.085215736627578739 1.3282248903875766 -0.63717151830593755 -0.10352712177086709 -0.38329289230207603 0.78082181148541474 -1.7387732746926223 0.13188875825509691 -0.00048789297976341859 -0.55414754431061197
leaf_weight=4663 1075 20 26 214 43 35 58 32 75 303 80 29 136 23 40 28 24 20 27 459 23 40 24 28 20 77 118 33 57 25 22 38 50 20 36 22 39 24 23 52 26 24 68 99 29 29 34 23 25 22 26 35 30 23 24 430 300 69 22 1606 1255 441
leaf_count=4663 1075 20 26 214 43 35 58 32 75 303 80 29 136 23 40 28 24 20 27 459 23 40 24 28 20 77 118 33 57 25 22 38 50 20 36 22 39 24 23 52 26 24 68 99 29 29 34 23 25 22 26 35 30 23 24 430 300 69 22 1606 1255 441
internal_value=0.00996216 0.0355365 0.392253 0.0158033 0.0251818 0.467975 -0.245913 -0.908142 0.555221 0.0168813 0.199428 0.53884 0.669326 0.356237 0.956093 1.15451 0.63444 0.855441 1.07659 0.25561 0.39356 0.445945 0.98829 1.61099 0.0559317 0.298274 -0.00161284 -0.430143 0.00636632 0.0183894 1.2469 -0.298208 -0.503657 0.245506 -0.764521 0.636323 -0.529547 -0.149396 -1.27052 -0.671399 -0.187399 0.456385 0.00795769 0.426398 0.000106942 0.56041 0.0452438 0.686653 0.798421 0.220522 0.101926 1.27037 0.729764 0.448651 0.10613 -0.00722686 -0.175251 0.0187576 -0.475903 0.0100924 -0.020668 -0.144452
internal_weight=12821 11656 611 11045 10831 585 1165 90 167 10664 981 550 433 207 226 197 184 157 129 901 598 575 116 68 117 97 9683 177 9506 9145 77 361 262 99 212 79 174 115 59 76 144 160 9068 167 8901 115 86 52 109 49 92 60 55 66 48 8786 821 499 322 7965 6359 1696
internal_count=12821 11656 611 11045 10831 585 1165 90 167 10664 981 550 433 207 226 197 184 157 129 901 598 575 116 68 117 97 9683 177 9506 9145 77 361 262 99 212 79 174 115 59 76 144 160 9068 167 8901 115 86 52 109 49 92 60 55 66 48 8786 821 499 322 7965 6359 1696
is_linear=0
shrinkage=0.05


Tree=111
num_leaves=63
num_cat=0
split_feature=28 19 35 9 32 32 39 33 32 33 33 32 31 31 36 36 31 6 35 33 31 31 24 31 31 31 38 33 33 32 12 36 36 33 35 0 4 32 33 32 35 31 31 33 39 37 17 31 32 32 31 37 14 9 2 5 4 29 15 35 31 36
split_gain=35705.9 45515.9 53763 34214.6 37252.2 78376 61027.8 52519.5 38505.2 25571.2 27918.4 47315.7 39173.8 28942.9 124908 76015.8 68166 41286.4 33034.5 37641.7 26732.5 45535.3 24492 22475.7 31253.5 21831.6 30046.9 22589.4 16964.5 25554.7 16660.6 16246.4 23540.2 14905.9 25279 14579.5 14339.3 14238.2 13634.1 13621.5 23699.4 13263.9 22340.7 13141.3 22056.7 12736 12254.6 23286.7 19534.7 31035.9 20825.8 13703.3 13109.7 11349.5 11288.2 10826.9 12827.5 9130.78 9057.81 8894.04 8865.7 8298.79
threshold=1.0000000180025095e-35 1.0000000180025095e-35 1257.3500000000001 1.0000000180025095e-35 455.45000000000005 442.25000000000006 1.0000000180025095e-35 71.15000000000002 419.85000000000008 409.85000000000008 376.35000000000008 390.85000000000008 490.65000000000003 368.55000000000007 281.71250000000003 305.71000000000004 431.55000000000007 1.0000000180025095e-35 969.95000000000016 299.85000000000008 200.55000000000004 300.55000000000007 1.0000000180025095e-35 309.25000000000006 179.05000000000004 467.75000000000006 1.0000000180025095e-35 407.25000000000006 106.25000000000001 349.05000000000007 1.0000000180025095e-35 345.92500000000007 382.25000000000006 66.350000000000009 407.85000000000008 1.0000000180025095e-35 1.0000000180025095e-35 392.55000000000007 414.75000000000006 68.15000000000002 294.05000000000007 180.85000000000005 259.55000000000007 341.15000000000003 1.0000000180025095e-35 2.5000000000000004 1.0000000180025095e-35 139.15000000000001 84.350000000000009 264.45000000000005 243.95000000000002 3.5000000000000004 1.0000000180025095e-35 1.0000000180025095e-35 1.0000000180025095e-35 1.0000000180025095e-35 1.0000000180025095e-35 1.0000000180025095e-35 1.0000000180025095e-35 675.1500000000002 471.05000000000007 391.65000000000003
decision_type=2 2 2 2 2 2 2 2 2 2 2 2 2 2 2 2 2 2 2 2 2 2 2 2 2 2 2 2 2 2 2 2 2 2 2 2 2 2 2 2 2 2 2 2 2 2 2 2 2 2 2 2 2 2 2 2 2 2 2 2 2 2
left_child=22 2 3 4 5 8 7 -6 9 10 11 12 13 17 16 -16 -15 18 19 28 -11 -22 30 24 -5 26 27 -4 29 33 35 -17 -33 34 39 46 53 43 57 -2 -41 -30 -43 -37 -45 -36 52 -48 -49 -50 -51 -52 54 60 55 58 -57 -24 -1 -55 61 -32
right_child=1 -3 25 23 6 -7 -8 -9 -10 20 -12 -13 -14 14 15 31 -18 -19 -20 -21 21 -23 38 -25 -26 -27 -28 -29 41 -31 36 32 -34 -35 45 37 -38 -39 -40 40 -42 42 -44 44 -46 -47 47 48 49 50 51 -53 -54 59 -56 56 -58 -59 -60 -61 -62 -63
leaf_value=-0.04999667324241678 0.0068939422458118085 2.5718648240679789 1.5521123714447023 1.7957032724663062 1.4177310078232379 2.8964493732452397 -3.3117494441214066 -1.7307403362714329 -1.7336384345745222 -1.9828868729727611 1.5806347094263351 1.8844645111947447 -2.1299840420484544 4.235567189907206 -3.0186361676170712 1.3097893646785193 0.95755274283034453 -1.9051814523236505 -1.4299505632888112 1.9194379304136551 1.8049253940582277 -1.2363505266141148 -0.14401047103627268 2.3211891724513127 -0.53115972549684587 0.071849599232276282 0.38521910707155865 3.7765581857590451 -1.4508387340653328 1.7097411532402038 -0.0026010543445212165 -1.4765355624935843 0.46907820977130027 1.3194757667454808 -0.44043079928347945 -0.47026144984658019 0.89581220985754673 -1.1849539874716009 -0.79563376663946639 -0.48645026602528313 1.5393308298928399 1.0194097250424834 -1.2605709280286517 1.3390077853202822 -0.80462305963039393 -1.9069197404384615 -0.94740828390304854 2.0140176855999492 -0.56839902867028058 2.4589265298843386 -0.26835817524790767 1.4426421135663987 -0.4718909426500984 -0.20133246123790741 0.16429644624352335 0.09313279925099778 0.85817783767894162 -0.72556255823128846 0.41779372375635876 1.0136842035367841 0.71983373440661524 0.53773672040551901
leaf_weight=7153 204 21 25 27 27 25 21 26 29 28 35 37 20 29 21 28 35 29 36 28 20 32 895 26 31 24 24 21 31 25 707 22 53 22 57 132 69 47 102 22 42 22 21 30 20 20 26 23 47 20 25 22 153 20 886 768 59 73 105 61 53 79
leaf_count=7153 204 21 25 27 27 25 21 26 29 28 35 37 20 29 21 28 35 29 36 28 20 32 895 26 31 24 24 21 31 25 707 22 53 22 57 132 69 47 102 22 42 22 21 30 20 20 26 23 47 20 25 22 153 20 886 768 59 73 105 61 53 79
internal_value=0.00946406 0.263784 0.224217 0.128723 0.0508278 0.133077 -1.03064 -0.126802 0.0602033 0.11681 0.198252 0.138074 0.0538284 0.112297 0.648968 -0.276935 2.4429 -0.0681928 0.0323216 0.138884 -0.737319 -0.066629 -0.0179124 1.09963 0.552035 1.37319 1.81937 2.56762 0.0318979 0.162973 0.00529973 0.282053 -0.101635 0.0576073 -0.0228597 -0.0149999 0.200619 -0.409125 -0.245804 0.206554 0.842969 -0.662446 -0.0940692 -0.208773 0.481555 -0.821337 -0.0052815 0.424434 0.684784 0.416605 1.10758 0.532536 -0.0129584 0.14848 -0.00513128 -0.0236981 0.147713 -0.187867 -0.0432292 0.71368 0.0939135 0.0517077
internal_weight=12821 1246 1225 1131 1047 973 74 53 948 919 839 804 767 747 188 124 64 559 530 494 80 52 11575 84 58 94 70 46 466 392 10505 103 75 367 345 9516 989 229 1070 268 64 74 43 182 50 77 9287 163 137 114 67 47 9124 920 8971 8085 827 968 7258 81 839 786
internal_count=12821 1246 1225 1131 1047 973 74 53 948 919 839 804 767 747 188 124 64 559 530 494 80 52 11575 84 58 94 70 46 466 392 10505 103 75 367 345 9516 989 229 1070 268 64 74 43 182 50 77 9287 163 137 114 67 47 9124 920 8971 8085 827 968 7258 81 839 786
is_linear=0
shrinkage=0.05


Tree=112
num_leaves=63
num_cat=0
split_feature=24 28 35 33 33 33 32 33 32 36 36 33 33 23 36 35 33 34 33 6 37 36 36 32 32 32 32 35 11 12 35 35 35 35 32 32 28 34 22 34 0 32 32 33 17 33 36 32 36 35 36 32 18 34 34 32 28 32 32 33 33 33
split_gain=32278.3 35994.7 43847 57913.5 66781.1 53921.5 70459.1 54966.8 47058.8 39816.6 33386.5 22188.9 26712.4 25604.3 46484.9 25307.6 43280 32451.9 28679.6 23230.8 22681.6 17131.6 29768.2 42849.4 36825.3 29121.4 18986.9 18689.1 16274.7 16641.1 15985.1 15357.8 29358.9 20576.7 49771.8 15214.9 38564.3 15403.4 14241 16030.2 16871.8 18744.2 14869.3 14724.8 14276.6 14258.2 14069.4 29542 24880.6 21359.1 12392 11720.3 9874.17 10090.3 11104.8 9454.74 9442.2 38221.5 61178.1 10447.8 10828.7 9001.38
threshold=1.0000000180025095e-35 1.0000000180025095e-35 1067.0500000000002 452.65000000000003 391.25000000000006 468.85000000000008 264.45000000000005 227.40000000000003 376.45000000000005 337.55000000000007 295.35833333333341 356.10000000000008 315.85000000000008 1.0000000180025095e-35 254.65000000000006 906.45000000000005 217.25000000000003 76.950000000000003 139.95000000000002 1.0000000180025095e-35 3.5000000000000004 185.05833333333337 270.65833333333336 459.15000000000003 352.75000000000006 410.75000000000006 219.95000000000002 660.00000000000011 1.0000000180025095e-35 1.0000000180025095e-35 691.00000000000011 716.85000000000002 648.85000000000002 562.75000000000011 256.95000000000005 374.50000000000006 1.0000000180025095e-35 402.40000000000003 1.0000000180025095e-35 481.20000000000005 1.0000000180025095e-35 392.55000000000007 321.25000000000006 357.90000000000003 1.0000000180025095e-35 423.25000000000006 206.81666666666669 75.050000000000011 236.23333333333338 246.65000000000001 268.44166666666678 61.150000000000013 1.0000000180025095e-35 379.10000000000008 441.80000000000001 240.75000000000003 1.0000000180025095e-35 169.65000000000001 291.80000000000001 414.75000000000006 433.05000000000007 490.55000000000001
decision_type=2 2 2 2 2 2 2 2 2 2 2 2 2 2 2 2 2 2 2 2 2 2 2 2 2 2 2 2 2 2 2 2 2 2 2 2 2 2 2 2 2 2 2 2 2 2 2 2 2 2 2 2 2 2 2 2 2 2 2 2 2 2
left_child=1 28 3 4 11 6 10 -8 -9 -10 -4 12 13 15 -15 17 18 19 -17 20 21 26 24 25 27 31 51 46 29 38 -31 32 33 -24 -35 56 37 50 39 40 42 43 61 -42 -44 -40 -23 49 -49 -48 -37 -3 53 -32 -55 -6 59 -58 -59 -2 -61 -1
right_child=35 2 5 -5 55 -7 7 8 9 -11 -12 -13 -14 14 -16 16 -18 -19 -20 -21 -22 22 23 -25 -26 -27 -28 -29 -30 30 52 -33 -34 34 -36 36 -38 -39 45 -41 41 -43 44 -45 -46 -47 47 48 -50 -51 -52 -53 -54 54 -56 -57 57 58 -60 60 -62 -63
leaf_value=-0.015632675649564665 -0.14110343374006504 -0.31081407070159917 4.5823235368728641 2.5865993540734054 -1.1010648944161154 -1.2275408121446769 -1.0243393525932774 0.010850446045589754 3.8700091320535415 1.159971602848082 1.6932719659805298 1.8386428558826446 -1.3939084582858616 0.609098615248998 -2.5365152294221134 0.84448994894822449 -0.28555155486771555 -1.1899216974653848 3.2888522287209834 -1.2065357318291299 1.7363977008395726 1.1408098486865439 0.36701846697347629 -1.9274806804955007 2.7424559593200684 2.0660864969094592 -1.4195997953414918 1.8296472191810609 -0.18704637635260343 0.037093021425013549 0.45537872861377449 -0.8772986368699508 2.0555876777285622 -2.6836155080795288 0.84384212255477908 0.46422799597395231 -2.4490975703001023 -1.6707418656065351 -0.47839068879567864 1.150405026828089 -0.48058698157469437 -1.4764359572449246 0.13353488848105152 0.79219161683115469 1.0900274172052742 0.58617720868852408 -0.10479772013166677 -2.1470133088883898 0.28690445650191537 2.1293726263940336 -0.45922818192280829 0.62903209748091526 -0.16083808261901142 2.0208785979644115 0.40993228077888494 -2.5842934018089658 1.8469649842807225 -2.2976555155671163 1.4350245282763527 -1.7636639013886453 -0.38306065426797287 0.99746441299265087
leaf_weight=6463 773 86 20 24 22 24 33 39 23 33 20 20 27 24 23 24 33 41 24 26 27 41 139 24 24 21 26 27 998 499 317 33 21 20 20 47 25 21 249 31 105 37 1580 29 40 36 23 21 21 20 160 54 56 23 20 21 28 23 21 20 49 22
leaf_count=6463 773 86 20 24 22 24 33 39 23 33 20 20 27 24 23 24 33 41 24 26 27 41 139 24 24 21 26 27 998 499 317 33 21 20 20 47 25 21 249 31 105 37 1580 29 40 36 23 21 21 20 160 54 56 23 20 21 28 23 21 20 49 22
internal_value=0.00899085 0.034096 0.299795 0.161446 0.0990629 0.989376 1.30608 0.733666 1.34434 2.27302 3.1378 0.192044 0.154191 0.203775 -0.930244 0.270733 1.10836 0.175841 2.06667 0.258922 0.317721 0.256039 0.414664 0.0919599 0.921511 0.282773 -0.178746 0.635873 0.00503475 0.0251985 0.227909 0.122045 0.286937 0.0794419 -0.919887 -0.241716 -0.584865 -0.380453 0.00361102 0.0155342 0.0112833 -0.480212 0.0216529 -0.205135 0.157152 -0.343919 0.380064 0.0131155 -0.930054 0.934351 -0.249555 0.051698 0.456796 0.552872 1.2716 -1.82543 -0.146731 0.40284 -0.516149 -0.193725 -0.783236 -0.0121958
internal_weight=12821 11654 1149 957 933 192 168 128 95 56 40 890 870 843 47 796 81 715 48 674 648 621 455 278 177 254 166 153 10505 9507 915 233 200 179 40 1167 253 228 8592 8307 8276 171 8105 134 1620 285 126 85 42 43 207 140 416 360 43 43 914 72 44 842 69 6485
internal_count=12821 11654 1149 957 933 192 168 128 95 56 40 890 870 843 47 796 81 715 48 674 648 621 455 278 177 254 166 153 10505 9507 915 233 200 179 40 1167 253 228 8592 8307 8276 171 8105 134 1620 285 126 85 42 43 207 140 416 360 43 43 914 72 44 842 69 6485
is_linear=0
shrinkage=0.05


Tree=113
num_leaves=63
num_cat=0
split_feature=24 11 32 34 32 31 17 33 33 36 31 22 31 31 33 1 32 37 31 31 21 31 36 32 36 36 32 34 31 34 23 40 33 34 31 40 21 23 31 31 36 33 36 31 32 31 31 32 34 33 40 34 36 33 34 34 33 40 36 32 10 40
split_gain=29131.1 25069.1 24667.2 23093.7 34547.5 25901.7 22835.6 20166.3 37409.9 30828.1 25561.3 18882.9 18310.6 18189.8 24286.9 16844.9 15448 25684.6 27601.3 28798.7 26213.5 21900.5 21501.9 22962.5 20596.9 20205 15139.4 17110.2 20140.7 22313 14958.5 14760.8 29328.8 18189.1 14514.7 15021.2 23548.9 14073.4 13391.7 12840.9 24505.5 15318.1 17145.2 13816.9 12405.9 11464.2 22638.3 11396.7 11283.2 11256.5 23551.9 19615.9 16320.1 18703.4 14845.7 12705.4 18835.7 16635.3 14444.6 11453.6 11231.5 10815.5
threshold=1.0000000180025095e-35 1.0000000180025095e-35 485.65000000000003 240.75000000000003 469.55000000000007 256.05000000000007 1.0000000180025095e-35 227.40000000000003 77.950000000000017 319.85000000000008 271.85000000000008 1.0000000180025095e-35 276.75000000000006 145.25000000000003 73.750000000000014 1.0000000180025095e-35 202.45000000000002 4.5000000000000009 214.85000000000005 426.55000000000007 1.0000000180025095e-35 249.25000000000003 290.52500000000003 163.15000000000001 226.31000000000003 339.34166666666675 163.15000000000001 189.85000000000005 403.15000000000003 140.95000000000002 1.0000000180025095e-35 3.5000000000000004 440.95000000000005 432.90000000000003 472.45000000000005 2.5000000000000004 1.0000000180025095e-35 1.0000000180025095e-35 383.55000000000007 446.75000000000006 272.71250000000003 401.75000000000006 391.65000000000003 454.65000000000003 252.95000000000002 79.15000000000002 89.950000000000017 137.45000000000002 466.55000000000007 440.95000000000005 3.5000000000000004 79.550000000000011 297.71666666666675 472.7000000000001 61.500000000000007 131.25000000000003 320.95000000000005 4.5000000000000009 196.92000000000004 349.05000000000007 1.0000000180025095e-35 5.5000000000000009
decision_type=2 2 2 2 2 2 2 2 2 2 2 2 2 2 2 2 2 2 2 2 2 2 2 2 2 2 2 2 2 2 2 2 2 2 2 2 2 2 2 2 2 2 2 2 2 2 2 2 2 2 2 2 2 2 2 2 2 2 2 2 2 2
left_child=1 3 37 6 13 -6 11 8 12 10 -9 15 -8 48 -15 26 22 20 -19 -20 21 -18 23 24 -16 -22 -1 28 49 30 34 32 33 -2 39 -36 -37 60 -29 40 -30 42 43 -41 -45 -33 -47 -24 61 51 -51 54 53 -52 -28 57 58 -53 -57 -54 -3 -5
right_child=31 2 -4 4 5 -7 7 9 -10 -11 -12 -13 -14 14 16 -17 17 18 19 -21 25 -23 47 -25 -26 -27 27 38 29 -31 -32 45 -34 -35 35 36 -38 -39 -40 41 -42 -43 -44 44 -46 46 -48 -49 -50 50 52 55 59 -55 -56 56 -58 -59 -60 -61 -62 -63
leaf_value=-0.0046912344738649341 -0.26117240171730122 -0.15817666376333345 -1.9366962718963625 -0.14146395725677316 2.6949651346756864 0.33401427978561044 0.04756716955453158 0.98874484234386029 -1.4047234475612642 -0.35146920919418334 3.3471225762367247 -0.41256587551088392 1.8339463976713326 -1.2429925682869825 -0.11443465569189618 -0.48121666487354742 -0.19592482873371669 2.8193645850471829 0.19967172933476313 2.1194493788480759 0.27421382134375366 1.0064311469721998 -1.7671393084526064 -0.71970803231904013 1.4484975372001809 -1.8709091038930987 0.086555193469950872 -0.22880598617796327 1.5632176929050023 2.024175791665912 -0.27167364275082945 0.66156782850306095 -1.8719810278976667 -1.7734412295477733 1.6861310041867772 1.1503738432026962 -0.29609567498167361 -0.79343430443507879 -1.6935601606965065 -1.3875158647128514 0.28871617518653175 1.2010480130260641 0.50126844865613085 0.7530167415738106 -0.62554046529180862 -1.6225816011428833 -0.089999220435655836 -0.15104935889442761 0.84793651160739714 0.57967372321067978 -2.4291814317305884 0.31733586043119433 0.66957291844098465 -0.45521723031997685 -1.281144723892212 0.49646728322619488 1.2629352446113316 2.0508559873027186 -1.381076674461365 -0.8245260380465409 0.50350885423629188 -1.1699449931873995
leaf_weight=5703 374 909 20 103 26 21 32 27 27 20 20 239 26 22 35 154 56 23 56 30 23 117 20 33 53 21 2493 71 45 20 90 47 34 21 39 68 48 82 20 35 233 22 57 24 51 25 666 24 21 47 24 25 23 24 20 21 28 31 20 29 69 34
leaf_count=5703 374 909 20 103 26 21 32 27 27 20 20 239 26 22 35 154 56 23 56 30 23 117 20 33 53 21 2493 71 45 20 90 47 34 21 39 68 48 82 20 35 233 22 57 24 51 25 666 24 21 47 24 25 23 24 20 21 28 31 20 29 69 34
internal_value=0.00854131 0.0323912 -0.19707 0.0558277 0.329598 1.64007 0.0358839 0.643989 0.132673 1.29267 1.99231 0.0263587 0.848358 0.237806 0.382281 0.037442 0.455103 0.654629 1.28083 0.869362 0.340085 0.617229 0.0608898 0.405081 0.826877 -0.749595 0.0460204 0.126178 0.143692 0.37708 0.330813 -0.22963 -0.462863 -0.341572 0.41799 0.837238 0.551835 -0.164247 -0.55073 0.278839 0.49502 -0.0391421 -0.20252 -0.567211 -0.184402 -0.0940519 -0.145447 -0.885636 -0.23128 0.0823496 -0.343483 0.106079 -0.777366 -1.4422 0.0756702 0.717411 0.263282 1.27696 -0.419408 -0.163675 -0.111493 -0.396707
internal_weight=12821 11654 1080 10574 718 47 9856 152 85 67 47 9704 58 671 513 9465 491 326 109 86 217 173 165 121 88 44 9311 3608 3517 732 712 1167 429 395 622 155 116 1060 91 467 278 189 167 110 75 738 691 44 158 2785 147 2638 100 48 2513 125 69 56 41 52 978 137
internal_count=12821 11654 1080 10574 718 47 9856 152 85 67 47 9704 58 671 513 9465 491 326 109 86 217 173 165 121 88 44 9311 3608 3517 732 712 1167 429 395 622 155 116 1060 91 467 278 189 167 110 75 738 691 44 158 2785 147 2638 100 48 2513 125 69 56 41 52 978 137
is_linear=0
shrinkage=0.05


Tree=114
num_leaves=63
num_cat=0
split_feature=28 19 31 34 29 32 32 32 32 32 34 8 31 38 18 32 32 32 36 32 36 31 36 36 36 31 36 31 33 34 33 24 31 32 32 4 34 12 13 0 31 22 34 33 31 31 32 32 11 37 33 33 31 29 34 31 23 32 32 31 36 12
split_gain=28389.2 39712.4 29007.3 25035.6 46915.2 65530.7 40112.5 34108.8 35247.2 48843.3 31786.8 31695.5 38639.2 64837.7 40286.1 32077.7 31790.2 31708.4 31802.8 30142.4 29855.6 25576.2 25982.2 32389.6 33293.4 31107.7 23142.5 23135 21800 20563.7 19665.5 17844.1 16483.1 22067.7 14549.8 13698.7 13617.8 12484.8 10953.6 11086.6 11573.1 10451.6 9674.65 9265.33 9468.7 9202.14 40282.2 23047.8 8785.76 9993.32 8473.06 15231.7 8294.8 10599.1 8865.42 9142.74 7911 18589.6 8450.08 7878.27 30961.8 10282.2
threshold=1.0000000180025095e-35 1.0000000180025095e-35 59.050000000000004 371.75000000000006 1.0000000180025095e-35 242.65000000000001 322.65000000000003 487.45000000000005 459.15000000000003 442.25000000000006 460.60000000000008 1.0000000180025095e-35 202.65000000000001 1.0000000180025095e-35 1.0000000180025095e-35 371.05000000000007 284.55000000000007 364.15000000000003 315.3250000000001 228.75000000000003 221.75000000000003 484.15000000000003 264.71666666666675 281.71250000000003 299.01666666666671 318.15000000000003 302.01666666666671 394.15000000000003 139.95000000000002 123.10000000000001 97.15000000000002 1.0000000180025095e-35 302.25000000000006 119.35000000000001 278.85000000000008 1.0000000180025095e-35 445.90000000000003 1.0000000180025095e-35 1.0000000180025095e-35 1.0000000180025095e-35 89.950000000000017 1.0000000180025095e-35 447.55000000000007 442.60000000000008 395.65000000000003 135.75000000000003 99.800000000000026 169.65000000000001 1.0000000180025095e-35 4.5000000000000009 447.90000000000003 414.75000000000006 135.75000000000003 1.0000000180025095e-35 395.35000000000008 462.85000000000008 1.0000000180025095e-35 297.75000000000006 183.65000000000001 471.05000000000007 240.34333333333339 1.0000000180025095e-35
decision_type=2 2 2 2 2 2 2 2 2 2 2 2 2 2 2 2 2 2 2 2 2 2 2 2 2 2 2 2 2 2 2 2 2 2 2 2 2 2 2 2 2 2 2 2 2 2 2 2 2 2 2 2 2 2 2 2 2 2 2 2 2 2
left_child=31 2 -2 4 7 -6 10 8 9 11 -5 12 13 15 17 16 29 20 -19 -13 32 22 25 -24 -25 -22 -7 -20 -27 45 -10 35 33 -14 -26 38 -33 52 39 41 -41 48 -40 44 -43 47 -47 -4 49 59 51 -50 -37 54 55 -54 58 -58 -51 -1 -61 -62
right_child=1 -3 3 6 5 26 -8 -9 30 -11 -12 19 14 -15 -16 -17 -18 18 27 -21 21 -23 23 24 34 28 -28 -29 -30 -31 -32 36 -34 -35 -36 37 -38 -39 42 40 -42 43 -44 -45 -46 46 -48 -49 50 56 -52 -53 53 -55 -56 -57 57 -59 -60 60 61 -63
leaf_value=-0.021144073978073757 -1.4227713999924836 2.390803891136533 -0.058184887468814853 2.8694048469716851 0.54219275610787532 -3.6229781389236453 -0.24665602048238122 2.2518044653392972 0.019415433704853061 2.2376171368745066 0.34325154304504396 0.10564764132102332 1.4331834890224318 -2.7283806585348569 1.8984385442733764 -1.579376931488514 1.5201077491044999 2.6791873779296878 -0.5590337824821473 2.2515935854779352 0.086984284954555971 -1.4443346593528987 1.6497662687380066 -1.2149105121994892 0.13268506928388754 -2.8874513351917268 -1.2176435679197313 1.7224942710995674 -0.58088684649694533 -1.6174695090169 -1.9154718070194641 -0.17387740756761735 1.6821032823660436 -0.48148009720094065 1.2648751927332746 -0.18468549942829202 -1.0721649478866973 0.82915912918962431 0.11579209612872335 0.67654251119364872 -0.50902379348550986 -0.25600577403037322 1.0929868698120118 0.51807132150445667 -0.99697601414960002 0.5042540685710859 -1.9009575225688793 1.8900368267297745 -0.17480460264544645 -0.098158556314147258 -0.99379823565483094 1.1594867284663699 0.16540459130918544 -0.39732287365998797 1.2987930149212481 0.7584070949521784 0.75933590895008474 -1.3444937734376818 0.66545561871511483 1.6690817692063071 -0.0068256747811051843 0.79292394081751505
leaf_weight=6528 27 21 63 33 35 20 36 21 24 31 20 30 27 26 40 32 34 25 25 36 59 32 38 41 134 20 20 20 21 21 29 1026 39 34 36 169 44 69 981 23 196 168 26 28 58 49 27 20 770 49 30 22 593 67 20 73 21 21 139 33 376 45
leaf_count=6528 27 21 63 33 35 20 36 21 24 31 20 30 27 26 40 32 34 25 25 36 59 32 38 41 134 20 20 20 21 21 29 1026 39 34 36 169 44 69 981 23 196 168 26 28 58 49 27 20 770 49 30 22 593 67 20 73 21 21 139 33 376 45
internal_value=0.00811425 0.234885 0.197926 0.234453 0.169701 -1.03781 1.0413 0.257287 0.215939 0.285239 1.91614 0.220089 0.139324 -0.353836 0.366294 -0.102868 0.117918 0.255067 1.24934 1.27616 0.110371 -0.0914415 0.0326061 0.306004 0.0639999 -0.648156 -2.42031 0.454979 -1.70604 -0.14694 -1.0393 -0.0162967 0.879277 0.365994 0.372443 0.00351639 -0.210816 0.180428 -0.0149111 -0.0333695 -0.384512 -0.024091 0.141023 -0.339872 -0.446166 0.047281 -0.350229 0.411266 -0.0141073 0.003545 -0.168984 -0.137741 0.131879 0.202927 0.261552 0.230403 0.327827 -0.292579 0.466429 -0.00713745 0.194262 0.0786583
internal_weight=12821 1246 1225 1198 1109 75 89 1034 1013 960 53 929 863 272 591 246 214 551 70 66 481 381 349 249 211 100 40 45 41 180 53 11575 100 61 170 10505 1070 991 9514 8507 219 8288 1007 254 226 159 76 83 8034 7212 822 792 922 753 686 666 230 42 188 6982 454 421
internal_count=12821 1246 1225 1198 1109 75 89 1034 1013 960 53 929 863 272 591 246 214 551 70 66 481 381 349 249 211 100 40 45 41 180 53 11575 100 61 170 10505 1070 991 9514 8507 219 8288 1007 254 226 159 76 83 8034 7212 822 792 922 753 686 666 230 42 188 6982 454 421
is_linear=0
shrinkage=0.05


Tree=115
num_leaves=63
num_cat=0
split_feature=30 17 20 29 34 32 31 32 32 23 31 32 34 4 10 31 31 32 32 33 22 33 1 34 25 10 34 34 34 32 21 32 37 31 33 33 31 32 32 33 11 34 32 32 25 32 33 16 33 32 32 32 6 31 33 31 33 33 32 33 33 33
split_gain=32800.7 36107.2 25551.8 24290.2 24976.7 22183 21238.6 28749.3 28812.4 19660.4 18293.3 17403.3 17853.4 16688.7 16210.1 15952.4 15553.9 67835.3 18111.8 21961.5 23009 15490 15105.2 14822.9 13561.6 17963.6 25547.1 21705.2 26421.1 18288.8 12936.9 28498.1 24953.3 16774.8 15026.4 36317.2 14457.9 27807.4 14555.5 13918.1 12665.4 12571.4 12375.1 12025.7 11787.1 13261.7 11758 11570.9 11490.6 14532.9 11505.6 30597.7 12945 12747.8 11478.9 11801.2 11464.3 11167.1 16067.7 11045.8 19312.9 12777.6
threshold=1.0000000180025095e-35 1.0000000180025095e-35 1.0000000180025095e-35 1.0000000180025095e-35 287.05000000000007 382.00000000000006 139.15000000000001 440.45000000000005 313.35000000000008 1.0000000180025095e-35 479.05000000000007 230.55000000000004 383.40000000000003 1.0000000180025095e-35 1.0000000180025095e-35 275.05000000000007 66.450000000000017 440.45000000000005 277.15000000000003 356.10000000000008 1.0000000180025095e-35 64.65000000000002 1.0000000180025095e-35 160.75000000000003 1.0000000180025095e-35 1.0000000180025095e-35 436.30000000000001 459.30000000000007 473.9500000000001 84.350000000000009 1.0000000180025095e-35 467.75000000000006 2.5000000000000004 467.75000000000006 76.350000000000009 165.05000000000004 103.65000000000002 446.75000000000006 400.15000000000003 334.15000000000003 1.0000000180025095e-35 94.850000000000009 77.050000000000011 288.45000000000005 1.0000000180025095e-35 400.15000000000003 374.75000000000006 1.0000000180025095e-35 425.80000000000007 215.80000000000004 412.25000000000006 436.85000000000008 1.0000000180025095e-35 479.05000000000007 62.850000000000001 326.95000000000005 371.65000000000003 359.45000000000005 242.65000000000001 171.75000000000003 217.25000000000003 315.85000000000008
decision_type=2 2 2 2 2 2 2 2 2 2 2 2 2 2 2 2 2 2 2 2 2 2 2 2 2 2 2 2 2 2 2 2 2 2 2 2 2 2 2 2 2 2 2 2 2 2 2 2 2 2 2 2 2 2 2 2 2 2 2 2 2 2
left_child=1 2 3 4 9 24 -3 8 42 16 11 12 -5 59 -4 -10 17 -1 40 22 41 -12 30 -2 25 27 -27 29 -29 -6 36 32 -32 39 -33 -36 37 38 -20 44 -18 -21 -8 46 -34 -46 -31 -38 50 -50 52 -52 53 56 -44 -56 -11 58 -26 -7 -61 -62
right_child=23 6 14 10 5 13 7 -9 15 48 21 -13 -14 -15 -16 -17 18 -19 19 20 -22 -23 -24 -25 57 26 -28 28 -30 43 31 34 33 -35 35 -37 47 -39 -40 -41 -42 -43 54 -45 45 -47 -48 -49 49 -51 51 -53 -54 -55 55 -57 -58 -59 -60 60 61 -63
leaf_value=-0.12299392811734887 -0.32386552460919149 -0.58923837502797449 -0.66522653640543183 -0.054686285172843713 -1.3384802528790065 1.3744823258174095 2.054667677481969 2.6353766250610353 -1.4909025302529335 -0.14619044859539862 -0.35443585978613962 -0.39050989995784224 1.1585818829014898 2.1385640598478775 0.79335452772322157 0.37219486650493416 0.024115871504494488 -3.1193578740954404 0.6552921516355128 0.48726225280498403 -0.98828403846077306 -2.1417513633316214 -0.87174679468839589 -1.2451183817623293 2.0115009155538348 0.043869491933651694 1.9109650318111695 -2.0843177785133498 -0.0006140120327472687 0.17202599020016315 -0.62596604920302834 -0.30487146396790782 0.1360286659673047 1.4225290434701103 -3.0866291533410553 -0.20172030280033748 0.13976356364193818 2.0607406077782313 -0.89002473175525665 -1.0955467712311517 -0.23069688903276997 1.2634106594053183 -0.13647196626663208 -0.3327529420023379 1.8270066643214744 0.066549288034439089 1.1622400548568992 1.2066406699327323 1.5681565289199353 -0.12142095685005189 -1.8572492302992405 -0.14561960638111718 0.58877188819004045 -1.2446394616365435 1.6796461766958239 0.39141528755426408 -1.130557768575607 -0.22447230484336617 0.25237474679946897 -0.97966945114589876 1.548921614587307 0.29835235862992704
leaf_weight=340 122 30 205 578 21 38 24 20 20 645 27 493 32 21 21 27 6240 20 64 249 23 22 39 68 27 53 28 29 32 99 102 62 391 28 20 24 1128 30 20 21 529 66 25 69 23 20 43 26 20 35 39 79 51 30 40 32 31 20 25 21 30 64
leaf_count=340 122 30 205 578 21 38 24 20 20 645 27 493 32 21 21 27 6240 20 64 249 23 22 39 68 27 53 28 29 32 99 102 62 391 28 20 24 1128 30 20 21 529 66 25 69 23 20 43 26 20 35 39 79 51 30 40 32 31 20 25 21 30 64
internal_value=-0.00151716 0.00830692 -0.0029141 0.00687076 0.0297177 0.338009 0.646206 0.843352 0.630015 0.0113299 -0.211583 -0.169588 0.00896057 0.816835 -0.529695 -0.420613 0.0328843 -0.289459 0.0456293 0.165672 0.538411 -1.1569 0.102616 -0.653577 0.151203 0.0302302 0.689285 -0.151966 -0.991227 0.068702 0.122014 -0.0520416 0.0846413 0.234707 -0.806376 -1.51304 0.216866 0.754039 0.28736 0.161611 0.00420215 0.649884 1.03811 0.208753 0.222441 1.00819 0.47188 0.163801 -0.208038 0.492971 -0.252101 -0.711328 -0.180518 -0.23609 0.786591 1.1071 -0.191332 0.77959 1.16577 0.635421 0.39121 0.69747
internal_weight=12801 12611 12393 12167 11015 620 218 188 168 10395 1152 1103 610 174 226 47 9465 360 9105 2336 338 49 1998 190 446 374 81 293 61 232 1959 691 585 483 106 44 1268 114 84 455 6769 315 121 211 434 43 142 1154 930 55 875 118 757 706 97 72 676 72 52 153 115 94
internal_count=12801 12611 12393 12167 11015 620 218 188 168 10395 1152 1103 610 174 226 47 9465 360 9105 2336 338 49 1998 190 446 374 81 293 61 232 1959 691 585 483 106 44 1268 114 84 455 6769 315 121 211 434 43 142 1154 930 55 875 118 757 706 97 72 676 72 52 153 115 94
is_linear=0
shrinkage=0.05


Tree=116
num_leaves=63
num_cat=0
split_feature=30 17 20 29 35 28 35 31 32 32 31 7 35 35 32 28 28 35 37 31 34 10 35 12 31 28 34 21 23 38 32 31 32 4 21 28 31 35 35 37 28 28 32 32 35 39 31 32 32 23 28 31 32 28 35 32 31 39 21 31 35 31
split_gain=29602.6 32586.7 23060.5 21921.9 23548.3 19234 40243.3 19167.9 25946.2 26003.2 16509.7 16019.6 17190.3 16013.4 15706.4 39060.8 24053.4 15016.5 14842.7 20563.8 14714.5 14629.6 14435 19683 16663.5 23442 23369.9 15409.4 13940.7 12189.3 11763 47174.7 11405.4 27584.7 13085.4 22287.5 14957 15333.2 12156.7 16225.6 29979.9 12611.6 11313.9 11168.5 10887.2 13077.2 10755.9 10440.9 15712.1 9647.94 21259.9 55631.1 9997.39 17321.5 29371.2 28080.3 19325 49153.1 10007.4 13861.6 13243.8 16723.2
threshold=1.0000000180025095e-35 1.0000000180025095e-35 1.0000000180025095e-35 1.0000000180025095e-35 1198.6500000000003 1.0000000180025095e-35 1257.3500000000001 139.15000000000001 440.45000000000005 313.35000000000008 479.05000000000007 1.0000000180025095e-35 1152.0500000000002 813.45000000000016 230.55000000000004 1.0000000180025095e-35 1.0000000180025095e-35 1186.7000000000003 4.5000000000000009 441.45000000000005 79.550000000000011 1.0000000180025095e-35 1000.2500000000001 1.0000000180025095e-35 169.75000000000003 1.0000000180025095e-35 94.850000000000009 1.0000000180025095e-35 1.0000000180025095e-35 1.0000000180025095e-35 478.45000000000005 86.450000000000017 443.85000000000008 1.0000000180025095e-35 1.0000000180025095e-35 1.0000000180025095e-35 225.55000000000004 861.75000000000011 953.35000000000014 4.5000000000000009 1.0000000180025095e-35 1.0000000180025095e-35 148.95000000000002 77.050000000000011 953.35000000000014 1.0000000180025095e-35 143.65000000000001 440.45000000000005 436.85000000000008 1.0000000180025095e-35 1.0000000180025095e-35 167.75000000000003 277.15000000000003 1.0000000180025095e-35 536.6500000000002 318.05000000000007 345.15000000000003 1.0000000180025095e-35 1.0000000180025095e-35 488.85000000000008 413.25000000000006 421.15000000000003
decision_type=2 2 2 2 2 2 2 2 2 2 2 2 2 2 2 2 2 2 2 2 2 2 2 2 2 2 2 2 2 2 2 2 2 2 2 2 2 2 2 2 2 2 2 2 2 2 2 2 2 2 2 2 2 2 2 2 2 2 2 2 2 2
left_child=1 2 3 4 11 28 -7 -3 9 43 14 22 -13 -12 15 -5 -16 42 19 -8 -11 44 30 24 27 -26 -27 29 -6 -24 32 -32 38 34 35 -34 -36 -38 39 47 -41 -40 -2 -9 -4 -46 -44 48 49 52 -51 -52 58 -54 -55 -56 57 -57 -1 60 -60 -62
right_child=17 7 21 10 5 6 18 8 -10 20 13 12 -14 -15 16 -17 -18 -19 -20 -21 -22 -23 23 -25 25 26 -28 -29 -30 -31 31 -33 33 -35 36 -37 37 -39 41 40 -42 -43 46 -45 45 -47 -48 -49 -50 50 51 -53 53 54 55 56 -58 -59 59 -61 61 -63
leaf_value=0.03875820487733718 -1.0062062553774853 -0.55977649942040442 -0.38647603932107599 -0.084067451106207461 0.33782991480000851 -0.83036354730526607 1.7781084546917363 1.9519343386093777 2.5036077880859375 0.46648653868275392 -0.13803023048069166 -0.14663482642621714 -1.5294684586317644 -1.9491995805731186 -0.27005427752549832 1.7376678897488504 -1.579489835312492 -1.5402608516315619 2.6464654445648197 -0.20263643145561216 -1.3033055980568349 0.75368683508464274 2.2699729832735929 0.95126965227690374 0.19786149610678991 -1.6084420394897461 0.20439779201988131 0.05570761674159283 -0.37989169484879604 0.58585468330198809 -2.554318168488416 -0.079124639638058547 0.1676106728033887 1.8285609104803631 -1.0015227438083716 1.7176708715302604 1.2437556467273021 -0.66910909742116931 -0.22203764636069537 0.23873269468060007 2.3746528828144071 -1.4239066598507075 0.82564003132283692 0.74726155461724275 -0.52222698688507074 -1.9579931377336899 -0.38479366615796701 -1.0735573378476231 1.383058218267702 -0.088321037191800233 0.88200106181204319 -2.5223814539114637 0.08973263987270208 1.8447076504047102 1.6265900420291084 -1.8915615834508626 0.87659246708665572 1.1244811393997887 -0.0049274725374423081 0.82972765345322463 -0.50050929020065815 0.074390306162673073
leaf_weight=4878 52 30 141 579 366 24 38 24 20 24 23 983 23 26 455 31 38 36 21 20 23 21 22 91 313 40 32 37 83 21 22 154 135 28 42 28 22 20 136 92 20 26 24 97 35 29 78 22 21 612 20 30 1027 39 28 35 28 22 791 38 400 185
leaf_count=4878 52 30 141 579 366 24 38 24 20 24 23 983 23 26 455 31 38 36 21 20 23 21 22 91 313 40 32 37 83 21 22 154 135 28 42 28 22 20 136 92 20 26 24 97 35 29 78 22 21 612 20 30 1027 39 28 35 28 22 791 38 400 185
internal_value=-0.0014413 0.00789157 -0.00276839 0.00652723 0.0282318 0.346517 0.962742 0.613896 0.801184 0.598515 -0.201004 0.0114399 -0.17825 -1.09906 -0.161108 0.00851254 -0.370984 -0.620898 1.50748 1.09509 -0.399582 -0.50321 0.0316185 0.278782 0.147177 0.0107369 -0.802735 0.803794 0.205155 1.4475 0.0161794 -0.388524 0.0243431 0.341231 0.172626 0.433879 -0.334328 0.332868 0.0140302 0.0224148 0.620147 -0.41493 -0.405982 0.986205 -0.631965 -1.17281 -0.0999857 0.0142267 0.0171616 0.0136347 -0.169311 -1.16063 0.0298454 0.163462 0.661623 0.253301 -0.199076 -0.727475 0.00480817 -0.112312 -0.138328 -0.318703
internal_weight=12801 12611 12393 12167 11015 552 103 218 188 168 1152 10463 1006 49 1103 610 493 190 79 58 47 226 9457 556 465 385 72 80 449 43 8901 176 8725 275 247 163 84 42 8450 8288 112 162 154 121 205 64 102 8176 8154 8133 662 50 7471 1179 152 113 85 57 6292 1414 1376 585
internal_count=12801 12611 12393 12167 11015 552 103 218 188 168 1152 10463 1006 49 1103 610 493 190 79 58 47 226 9457 556 465 385 72 80 449 43 8901 176 8725 275 247 163 84 42 8450 8288 112 162 154 121 205 64 102 8176 8154 8133 662 50 7471 1179 152 113 85 57 6292 1414 1376 585
is_linear=0
shrinkage=0.05


Tree=117
num_leaves=63
num_cat=0
split_feature=30 17 11 34 28 18 34 32 32 20 40 25 35 35 32 32 32 28 32 28 32 28 35 32 32 28 34 36 40 36 35 32 33 36 28 36 34 34 35 35 7 33 32 34 32 34 37 28 36 33 33 36 35 33 32 34 35 36 32 5 34 36
split_gain=26716.4 29409.5 22560.7 29120.4 57504.8 70459.2 36172.9 20814.7 24255.4 17827.5 15532 15319.3 16138.3 19389.5 14909.8 26972.4 14792.9 24360.2 14052 33172 23137.7 20504.1 13552.4 13548.1 13519.2 36660.8 12811.6 11964.3 11507.5 11123 11016.6 14821 27771.2 25544.4 16102.1 18526.1 11046 10970.6 10909.5 10819 10730 12447.8 11289.3 10682.5 10210.8 9580.58 11987.9 47212.2 11645.8 9533.29 9220.66 9126.13 8706.44 10489.9 17014.7 15484.8 8322.26 8313.91 15461.1 15208.4 10800.4 24086.6
threshold=1.0000000180025095e-35 1.0000000180025095e-35 1.0000000180025095e-35 290.50000000000006 1.0000000180025095e-35 1.0000000180025095e-35 432.90000000000003 485.65000000000003 469.55000000000007 1.0000000180025095e-35 1.0000000180025095e-35 1.0000000180025095e-35 1352.45 1198.6500000000003 427.95000000000005 313.35000000000008 275.60000000000008 1.0000000180025095e-35 436.85000000000008 1.0000000180025095e-35 367.75000000000006 1.0000000180025095e-35 1186.7000000000003 336.25000000000006 475.15000000000003 1.0000000180025095e-35 329.55000000000007 246.32500000000005 5.5000000000000009 297.71666666666675 1129.3500000000001 446.75000000000006 115.7 271.56250000000006 1.0000000180025095e-35 282.87083333333339 67.40000000000002 470.05000000000007 1175.5000000000002 1309.4500000000003 1.0000000180025095e-35 245.50000000000003 448.55000000000007 133.55000000000004 148.95000000000002 265.80000000000001 4.5000000000000009 1.0000000180025095e-35 195.71666666666673 471.30000000000001 198.05000000000004 225.04166666666671 458.45000000000005 369.25000000000006 207.75000000000003 102.75000000000001 686.45000000000016 255.82916666666668 387.35000000000008 1.0000000180025095e-35 314.75000000000006 309.27500000000003
decision_type=2 2 2 2 2 2 2 2 2 2 2 2 2 2 2 2 2 2 2 2 2 2 2 2 2 2 2 2 2 2 2 2 2 2 2 2 2 2 2 2 2 2 2 2 2 2 2 2 2 2 2 2 2 2 2 2 2 2 2 2 2 2
left_child=1 2 3 9 23 6 38 8 40 10 18 12 13 24 15 52 -13 28 20 -20 49 -22 44 26 30 -26 -5 -25 43 37 31 45 34 -34 35 -33 -32 -28 -6 50 42 -42 57 -18 -2 46 -12 48 -48 -1 -29 -46 -3 54 55 -54 -37 58 59 -4 -59 -62
right_child=22 14 7 4 5 -7 -8 -9 -10 -11 11 16 -14 -15 -16 -17 17 -19 19 -21 21 -23 -24 27 25 -27 29 39 -30 -31 36 32 33 -35 -36 56 -38 -39 -40 -41 41 -43 -44 -45 51 -47 47 -49 -50 -51 -52 -53 53 -55 -56 -57 -58 60 -60 -61 61 -63
leaf_value=-0.090595781886271959 -0.95589595946053485 0.042569261066841363 -0.13408824335868005 0.59141420130846933 2.1432083485027156 -1.2023690178280786 3.504457157637392 -1.7052828327469205 1.1096414096014839 -0.50027941650795671 0.010599654642618925 0.079028909126073757 -1.0723918311736165 0.66376044662102407 1.6603480679648266 -0.64491394791338186 0.45927457799190202 1.7927517221254463 0.014989762450173749 2.0906708657741548 -0.52513254568304712 -2.2381605544686316 -1.4632477771076893 1.52583501027978 -0.12074678840230131 -2.0371076435878357 -0.14220850001689953 0.46061736663182579 -0.09348980601538312 -0.70144443688569247 -0.091234483512548314 1.3505198581144215 2.729874187166041 0.51663553528487682 -1.2214537715911866 -0.79962026385160589 -1.2607945514447763 1.0217241681140403 0.75913520847048088 0.60476320834230579 -0.24579839328440226 -1.5735257458061942 -1.0544466584920884 1.669749598701795 0.58889508373809585 -1.0037368583938349 0.45101778019558303 2.7346433198451998 -0.80164396422249939 -1.1163590431213379 -0.71896104297122443 -0.42206025362905603 2.9580425572395326 0.18446478569699873 0.47574928182403786 1.0742689286669096 0.23167978702466702 -0.21354440479840311 1.3534191946592182 1.1335320788025856 -2.0315154636347734 0.026993414387106895
leaf_weight=1493 52 33 442 61 24 21 28 23 35 176 7104 468 34 115 28 45 138 34 118 23 138 20 36 23 179 29 169 30 88 81 52 32 22 32 20 26 33 23 35 118 41 31 36 21 33 23 55 20 28 23 37 69 20 31 37 24 79 410 20 25 27 30
leaf_count=1493 52 33 442 61 24 21 28 23 35 176 7104 468 34 115 28 45 138 34 118 23 138 20 36 23 179 29 169 30 88 81 52 32 22 32 20 26 33 23 35 118 41 31 36 21 33 23 55 20 28 23 37 69 20 31 37 24 79 410 20 25 27 30
internal_value=-0.00136923 0.00749699 -0.00262997 0.0186341 0.343509 1.39705 2.0245 -0.216657 -0.185446 -0.0012443 0.00716292 0.0351186 0.0145868 0.0192953 0.583201 0.424464 0.25121 0.537975 -0.125792 0.353576 -0.166169 -0.741972 -0.589853 0.133577 0.00971248 -0.387932 -0.0636956 0.450352 0.365253 -0.210075 0.0207024 0.0271679 0.440236 1.41833 0.103823 0.297294 -0.545299 -0.00277907 1.32215 0.316643 -0.228128 -0.817459 -0.185267 0.619149 -0.385683 0.015113 0.0183645 0.553911 0.0284331 -0.106158 -0.190792 -0.0949865 0.756339 0.966647 1.266 1.93053 -0.0236897 -0.152468 -0.00792673 -0.0662285 -0.3032 -0.94809
internal_weight=12801 12611 12393 11273 650 108 87 1120 1097 10623 10447 8632 7883 7849 218 190 749 281 1815 141 1674 158 190 542 7734 208 334 208 247 273 7526 7441 211 54 157 137 85 192 59 185 1062 72 990 159 154 7230 7207 103 83 1516 67 102 145 112 81 44 105 954 487 467 467 57
internal_count=12801 12611 12393 11273 650 108 87 1120 1097 10623 10447 8632 7883 7849 218 190 749 281 1815 141 1674 158 190 542 7734 208 334 208 247 273 7526 7441 211 54 157 137 85 192 59 185 1062 72 990 159 154 7230 7207 103 83 1516 67 102 145 112 81 44 105 954 487 467 467 57
is_linear=0
shrinkage=0.05


Tree=118
num_leaves=63
num_cat=0
split_feature=30 29 34 34 32 33 33 28 34 32 20 36 28 31 34 32 11 31 9 36 36 31 33 20 34 34 34 31 34 37 32 33 0 32 31 28 8 34 36 31 32 32 19 1 18 32 32 32 28 40 36 33 32 33 31 28 33 39 40 32 37 28
split_gain=24111.5 23776.3 21676.6 24489.5 38428.7 29092.7 19502.8 17419.5 59721 45664.2 17347.5 16642.6 21899.8 88829.5 20498.6 16402.8 15324.9 15028.8 13400.7 13295.2 20682.6 13395.2 13108.3 14620.3 12005.9 11961 11819.3 13619.2 10969.5 10799.8 18857.2 24085.7 19530.1 24111.5 17965.6 22196.4 56332.4 21625.9 50741.5 35456.4 17415.5 16201.3 12194.4 11262.3 10418.6 10320.1 10291.8 19007 35609.4 15974.4 25855.9 17135.6 10220.2 10128.2 18536.2 24393.6 33441.1 55586.6 55104.9 17549 13398.1 16910.8
threshold=1.0000000180025095e-35 1.0000000180025095e-35 287.05000000000007 336.35000000000008 90.850000000000009 288.30000000000007 490.55000000000001 1.0000000180025095e-35 460.60000000000008 316.55000000000007 1.0000000180025095e-35 253.75833333333335 1.0000000180025095e-35 330.95000000000005 359.15000000000003 184.85000000000005 1.0000000180025095e-35 57.45000000000001 1.0000000180025095e-35 208.12500000000003 242.6166666666667 193.35000000000005 468.85000000000008 1.0000000180025095e-35 237.80000000000004 160.75000000000003 386.25000000000006 232.35000000000005 430.65000000000003 3.5000000000000004 467.75000000000006 200.05000000000004 1.0000000180025095e-35 244.65000000000001 77.250000000000014 1.0000000180025095e-35 1.0000000180025095e-35 94.850000000000009 227.41666666666669 229.15000000000001 433.35000000000008 480.35000000000008 1.0000000180025095e-35 1.0000000180025095e-35 1.0000000180025095e-35 132.05000000000004 443.85000000000008 475.15000000000003 1.0000000180025095e-35 5.5000000000000009 345.92500000000007 83.950000000000017 215.80000000000004 111.85000000000001 75.250000000000014 1.0000000180025095e-35 292.00000000000006 1.0000000180025095e-35 4.5000000000000009 440.45000000000005 2.5000000000000004 1.0000000180025095e-35
decision_type=2 2 2 2 2 2 2 2 2 2 2 2 2 2 2 2 2 2 2 2 2 2 2 2 2 2 2 2 2 2 2 2 2 2 2 2 2 2 2 2 2 2 2 2 2 2 2 2 2 2 2 2 2 2 2 2 2 2 2 2 2 2
left_child=1 2 6 18 5 -5 10 22 9 -9 16 14 28 -14 -3 -8 17 -1 45 21 -21 -12 23 26 44 -2 -6 -28 -13 42 32 -32 34 -34 -31 40 37 38 52 -39 -36 -33 43 46 -18 -4 53 48 -48 50 51 -49 -37 59 -55 -56 58 -58 -57 60 -19 -62
right_child=25 11 3 4 7 -7 15 8 -10 -11 19 12 13 -15 -16 -17 24 29 -20 20 -22 -23 -24 -25 -26 -27 27 -29 -30 30 31 41 33 -35 35 36 -38 39 -40 -41 -42 -43 -44 -45 -46 -47 47 49 -50 -51 -52 -53 -54 54 55 56 57 -59 -60 -61 61 -63
leaf_value=-0.44800461741009107 -0.26418335844503077 -0.075807247948207299 1.5745503380894661 -0.078623526667555177 -0.14243777214406847 -2.6269398269199193 2.1009118840098382 3.4044346223656947 -0.98024036486943578 0.46862726829670093 -0.49337443126475117 -0.24579802144599078 -3.8412386587687899 0.53097223135141236 1.3617698339888684 0.27558410665951671 -0.19925314201238126 0.011932339852380004 1.7390222948975862 -1.9558776736259462 -0.42010243439143252 1.0312412078380584 -1.007537840306759 -0.9458120834368926 -1.2845691796392202 -1.0917375489411985 0.03526209832140894 0.80379677822516449 -1.1848444758039534 -0.6987401705841686 -1.7964093290842496 1.1003941709345038 0.36680980920791628 -2.001811359255087 0.15785578021375901 0.13980437154355257 3.2362954314459453 -0.23215411504109704 -2.0300537537621417 2.1375847503935037 0.99725366361877499 -0.66221048552542927 0.5691638861257251 -0.46648723396683939 0.46321025756187739 0.41679570319415149 0.3041557490177777 -0.54795772965465284 2.0160503807238173 0.48896315564504927 0.24592878353946351 -2.2457607404045437 1.6654436054683868 1.0590244924028716 -0.084854428467074056 -0.25894525728879442 -1.6979804413659232 1.3103982027839214 -3.3190133744584664 -1.414166316815785 0.16687588089890426 1.0214709879801824
leaf_weight=159 122 536 23 24 111 21 20 26 27 27 34 540 21 26 26 32 817 6269 32 28 101 25 24 26 24 68 99 138 33 43 26 22 22 21 677 23 22 27 23 38 68 32 101 119 64 118 230 42 35 72 68 23 21 30 639 31 28 34 28 21 529 65
leaf_count=159 122 536 23 24 111 21 20 26 27 27 34 540 21 26 26 32 817 6269 32 28 101 25 24 26 24 68 99 138 33 43 26 22 22 21 677 23 22 27 23 38 68 32 101 119 64 118 230 42 35 72 68 23 21 30 639 31 28 34 28 21 529 65
internal_value=-0.00130077 0.00712214 0.0292008 0.299607 0.129027 -1.26784 0.0116658 0.260531 0.933772 1.90883 0.00696302 -0.206361 -0.384986 -1.42257 -0.00930012 0.977633 0.0154923 0.0340566 0.815291 -0.469088 -0.753449 0.152649 0.125207 0.197896 -0.181187 -0.560361 0.283346 0.482763 -0.299879 0.0421855 0.192146 -0.546109 0.252106 -0.789959 0.299674 0.347429 0.893878 0.503475 -0.126887 1.15323 0.234472 0.0558877 0.0230908 0.0164161 -0.151129 0.605649 0.0234722 0.250594 0.530255 -0.110918 -0.435666 -1.14872 0.86795 0.00956196 -0.160001 -0.20812 -0.859088 -0.0482244 -1.71118 0.0290208 0.0334368 0.260392
internal_weight=12801 12611 11429 696 523 45 10733 478 80 53 10681 1182 620 47 562 52 10493 9588 173 188 129 59 398 374 905 190 348 237 573 9429 1065 80 985 43 942 899 154 132 67 65 745 54 8364 8263 881 141 8144 470 265 205 133 65 44 7674 790 760 121 62 59 6884 6863 594
internal_count=12801 12611 11429 696 523 45 10733 478 80 53 10681 1182 620 47 562 52 10493 9588 173 188 129 59 398 374 905 190 348 237 573 9429 1065 80 985 43 942 899 154 132 67 65 745 54 8364 8263 881 141 8144 470 265 205 133 65 44 7674 790 760 121 62 59 6884 6863 594
is_linear=0
shrinkage=0.05


Tree=119
num_leaves=63
num_cat=0
split_feature=17 13 34 32 32 35 20 11 34 32 32 32 30 4 32 32 10 36 25 32 13 34 18 34 36 36 36 34 31 19 34 34 7 33 32 32 31 34 32 31 31 32 32 21 36 31 33 22 36 32 32 33 35 39 36 7 32 35 34 34 34 35
split_gain=22471.6 26381 36412.3 25580.4 22435.8 26572.6 19523.4 17747 22597.2 20368.6 19012.2 21553.8 15177.6 14894 14249.9 40416.7 12480.4 12256.9 11832.9 13816.9 13780.3 24299.3 21038 37627.7 23040.6 16234.7 18251.2 12280 15330.8 11756 10718.4 11916.4 9935.64 11485.7 10735.2 9879.88 28919.6 30208 19262.9 13663.6 13441.6 18911.4 14433.3 12603.8 13124 13494.1 23806 12167.7 12836.8 9700.86 12302 11160.4 9419.31 12430.9 8789.7 8591.29 13327.5 10985.8 9441.03 21403.8 21769.6 14511.1
threshold=1.0000000180025095e-35 1.0000000180025095e-35 79.550000000000011 392.55000000000007 200.40000000000003 458.45000000000005 1.0000000180025095e-35 1.0000000180025095e-35 244.45000000000002 369.45000000000005 485.65000000000003 469.55000000000007 1.0000000180025095e-35 1.0000000180025095e-35 183.65000000000001 316.55000000000007 1.0000000180025095e-35 247.31666666666669 1.0000000180025095e-35 347.05000000000007 1.0000000180025095e-35 431.80000000000001 1.0000000180025095e-35 384.80000000000007 198.32500000000005 297.71666666666675 330.47500000000008 447.55000000000007 426.55000000000007 1.0000000180025095e-35 426.50000000000006 369.30000000000007 1.0000000180025095e-35 245.50000000000003 448.55000000000007 465.85000000000008 86.450000000000017 121.35000000000001 450.50000000000006 120.25000000000001 275.05000000000007 455.45000000000005 460.60000000000008 1.0000000180025095e-35 334.51666666666671 373.85000000000008 57.500000000000007 1.0000000180025095e-35 227.41666666666669 387.35000000000008 453.75000000000006 286.30000000000001 960.80000000000007 1.0000000180025095e-35 357.87500000000006 1.0000000180025095e-35 421.65000000000003 867.15000000000009 189.85000000000005 97.350000000000009 76.950000000000003 1140.5000000000002
decision_type=2 2 2 2 2 2 2 2 2 2 2 2 2 2 2 2 2 2 2 2 2 2 2 2 2 2 2 2 2 2 2 2 2 2 2 2 2 2 2 2 2 2 2 2 2 2 2 2 2 2 2 2 2 2 2 2 2 2 2 2 2 2
left_child=6 2 3 4 5 -2 7 8 29 12 11 32 18 17 -4 -16 52 -11 19 20 22 -22 24 -24 -10 27 -27 28 -26 35 31 -20 34 -34 -9 38 -37 43 47 -40 41 -41 -43 -38 45 46 -45 55 -49 -19 -51 -52 -8 -54 -42 58 -57 -58 59 60 61 -1
right_child=1 -3 14 -5 -6 -7 16 10 9 13 -12 -13 -14 -15 15 -17 -18 49 30 -21 21 -23 23 -25 25 26 -28 -29 -30 -31 -32 -33 33 -35 -36 36 37 -39 39 40 54 42 -44 44 -46 -47 -48 48 -50 50 51 -53 53 -55 -56 56 57 -59 -60 -61 -62 -63
leaf_value=0.0085361080821920263 0.24012307862440749 2.1778600976580669 -1.4589546796221 2.4074564695358278 -0.24545088945602883 2.4722427050893505 -0.34144238390697118 -0.12769647152808608 -0.98013756408079244 1.3927623931318522 -1.6143833036008091 1.0589586521897998 -1.1537177471524995 1.5903017502692012 1.4661652007102965 -1.1990808682008225 0.68854083039543845 1.2249726582031986 0.85360797714619407 -1.0867401572167874 -0.0062858520150184637 1.7262496257529538 0.19982738535146458 -2.255056831130275 0.23179389150077556 -1.1799372611507293 0.55003746261199316 1.755613105389334 1.6419244761052341 0.45148715521902477 1.6822455951145718 -0.62924708679318431 -0.22620136922314052 -1.4950338215116532 -0.99588555693626413 -1.8316362380981446 0.21636412404805816 -1.6065930604934693 1.4856054862340293 0.98904978036880498 1.3573865855441376 -1.6754876276721125 0.1158746285872026 0.34296145847865511 -1.4655596320827804 0.78689967991301313 -1.576482044061025 0.16001225804405597 -0.66154049069753718 -0.26702052182578423 -0.074529485269026322 1.1360540396637386 -0.43686047395070393 -1.7665307005867363 0.32351859392454996 -0.10019979257754291 -0.090547850457104784 -1.572250275570771 -0.46250867414854319 0.57350167684950104 -1.2525968337760254 0.67298907666321262
leaf_weight=8215 30 21 26 22 49 24 156 945 37 32 23 35 23 36 25 33 22 26 42 25 50 34 37 27 119 31 30 21 23 141 21 20 42 31 37 27 227 32 30 22 34 23 22 35 24 27 30 72 140 77 33 45 39 32 52 825 22 29 102 172 34 83
leaf_count=8215 30 21 26 22 49 24 156 945 37 32 23 35 23 36 25 33 22 26 42 25 50 34 37 27 119 31 30 21 23 141 21 20 42 31 37 27 227 32 30 22 34 23 22 35 24 27 30 72 140 77 33 45 39 32 52 825 22 29 102 172 34 83
internal_value=-0.00123573 0.488527 0.318785 0.859796 0.529227 1.23218 -0.0101965 -0.00133875 0.0175697 0.275563 -0.191765 -0.161747 0.103053 0.649682 -0.48629 -0.0502679 -0.448529 0.490705 0.158963 0.0543557 0.124105 0.694979 -0.0234441 -0.835827 0.175761 0.366691 -0.32913 0.62709 0.460195 -0.00196554 0.705949 0.375268 -0.202244 -0.765021 -0.160408 -0.00818568 -0.251165 -0.137371 0.00170374 0.509915 0.318603 -0.212356 -0.799711 -0.000301148 -0.424293 -0.152658 -0.542936 -0.0078901 -0.382523 0.331225 0.181306 0.623884 -0.558729 -1.03615 0.732257 0.000485994 -0.14869 -0.933085 0.0156705 0.021406 0.0100089 0.0151822
internal_weight=12801 230 209 125 103 54 12571 12322 11209 789 1113 1090 540 249 84 58 249 213 517 434 409 84 325 64 261 224 61 163 142 10420 83 62 1055 73 982 10279 402 375 9877 183 153 67 45 343 116 92 65 9694 212 181 155 78 227 71 86 9482 876 51 8606 8504 8332 8298
internal_count=12801 230 209 125 103 54 12571 12322 11209 789 1113 1090 540 249 84 58 249 213 517 434 409 84 325 64 261 224 61 163 142 10420 83 62 1055 73 982 10279 402 375 9877 183 153 67 45 343 116 92 65 9694 212 181 155 78 227 71 86 9482 876 51 8606 8504 8332 8298
is_linear=0
shrinkage=0.05


Tree=120
num_leaves=63
num_cat=0
split_feature=24 40 35 9 35 11 36 32 32 28 36 0 35 35 35 36 36 39 10 32 10 35 32 28 40 35 36 32 28 32 12 28 35 32 34 40 18 16 36 37 37 35 19 34 35 34 36 36 37 35 36 7 5 19 32 37 34 34 34 36 34 34
split_gain=22538.3 15629.5 16667.3 13935.4 19966.3 15745.2 17864.7 14567.5 27461.6 26031 32989.4 11741.9 14312.9 23075.7 16646.2 12985.7 11788.6 18270.9 11316.2 10733.5 9482.72 11939.7 11250.6 17524.6 9868.99 9478.41 24238.3 9363.01 37717.7 14723.4 16858.9 22263.2 10395.3 9413.74 9068.51 21501.9 13431.4 8745.92 9543.69 19433.9 19401.5 8652.1 8591.47 11575.1 8847.31 21755.6 8396.1 8365.58 12366 8687.82 8235.55 7670.48 9137.43 7649.14 9885.58 7417.4 9172.2 26986.2 23914.6 13460.8 13911.5 13019.9
threshold=1.0000000180025095e-35 1.0000000180025095e-35 1522.8500000000001 1.0000000180025095e-35 1257.3500000000001 1.0000000180025095e-35 238.35416666666671 134.05000000000004 58.95000000000001 1.0000000180025095e-35 279.31666666666672 1.0000000180025095e-35 1118.0500000000002 1257.3500000000001 1099.0500000000002 254.65000000000006 287.31000000000006 1.0000000180025095e-35 1.0000000180025095e-35 364.15000000000003 1.0000000180025095e-35 1055.3000000000004 376.45000000000005 1.0000000180025095e-35 1.0000000180025095e-35 675.1500000000002 200.57500000000002 436.85000000000008 1.0000000180025095e-35 360.55000000000007 1.0000000180025095e-35 1.0000000180025095e-35 879.1500000000002 347.05000000000007 359.15000000000003 3.5000000000000004 1.0000000180025095e-35 1.0000000180025095e-35 252.75000000000003 3.5000000000000004 2.5000000000000004 470.90000000000003 1.0000000180025095e-35 297.85000000000008 1401.7500000000002 333.35000000000008 308.02500000000003 210.33750000000003 2.5000000000000004 939.55000000000018 352.18333333333339 1.0000000180025095e-35 1.0000000180025095e-35 1.0000000180025095e-35 123.35000000000001 5.5000000000000009 126.25000000000001 117.80000000000001 146.75000000000003 156.18750000000003 157.80000000000004 170.10000000000002
decision_type=2 2 2 2 2 2 2 2 2 2 2 2 2 2 2 2 2 2 2 2 2 2 2 2 2 2 2 2 2 2 2 2 2 2 2 2 2 2 2 2 2 2 2 2 2 2 2 2 2 2 2 2 2 2 2 2 2 2 2 2 2 2
left_child=1 11 3 37 5 7 -7 8 41 18 -11 12 14 16 27 -13 -14 -18 51 -17 22 -22 34 24 -24 26 -10 29 32 33 31 47 -29 53 36 -36 -2 42 -39 40 -40 -5 44 -44 55 -46 -26 -31 -49 -50 -4 52 -9 -1 -55 56 57 -3 -58 -60 -61 -62
right_child=20 2 50 4 -6 6 -8 9 25 10 -12 15 13 -15 -16 19 17 -19 -20 -21 21 -23 23 -25 46 -27 -28 28 -30 30 -32 -33 -34 -35 35 -37 -38 38 39 -41 -42 -43 43 -45 45 -47 -48 48 49 -51 -52 -53 -54 54 -56 -57 58 -59 59 60 61 -63
leaf_value=-0.11574470623948195 -0.17503712143086614 0.022780183725266082 1.6986396384239197 0.19329356186580463 1.2584073348840077 0.50619214091982156 -1.3486200685886776 0.34552261805282009 -0.40420399955133113 0.35251429756837238 2.9398427811535921 -0.0061475352694590896 0.18011791745821637 -0.15962226650502423 -1.305315274205701 -0.61554567024988294 2.3619987394732354 0.48753135662812452 -0.53965025073603579 -2.0753079295158385 -0.14855085215286207 1.0582867534365505 -1.1378147347193017 -1.8097087284326552 0.17898185685061027 -0.10229332615167669 -2.527346670627594 -0.4558427417185158 2.3103001183271412 0.39546709575436334 0.77154439858027868 -2.211844586242329 0.57166538484394547 0.90327248573303232 -1.8046003586716122 0.11131981611251832 0.68777430175493171 -0.18214024434218537 1.2101888331499966 1.8642620303012707 -0.88967600519006906 1.2886066424846652 0.1953600009208295 1.5660533338785172 -1.8937472350540618 0.069621550066526552 -0.53515647685557022 -0.16983303604489666 -1.7033741391209121 -0.39006258085370066 0.4658967197650955 -0.4787006893157959 1.2329631259664895 1.3369595618475052 -0.035252760308129454 0.87547216367721559 -1.3720815582153125 1.8176190626053583 1.0422955067157746 1.1172703061785016 -1.4463229358196259 -0.14532902153711766
leaf_weight=1514 748 7667 20 183 45 21 34 310 41 28 22 45 30 101 29 34 26 26 38 20 57 32 38 25 69 39 20 64 20 22 21 22 40 24 27 32 48 37 22 27 22 20 67 20 21 43 102 59 34 20 42 25 32 21 35 25 39 21 25 21 20 500
leaf_count=1514 748 7667 20 183 45 21 34 310 41 28 22 45 30 101 29 34 26 26 38 20 57 32 38 25 69 39 20 64 20 22 21 22 40 24 27 32 48 37 22 27 22 20 67 20 21 43 102 59 34 20 42 25 32 21 35 25 39 21 25 21 20 500
internal_value=-0.00239625 0.0185856 0.0464393 0.0410698 0.233195 0.176448 -0.640419 0.23572 -0.0328841 0.414592 1.49094 -0.101272 -0.0762792 0.346281 -0.11645 -0.633448 0.969406 1.42477 0.28171 -1.1562 -0.210861 0.285368 -0.251416 -0.558615 -0.408963 -0.711087 -1.10032 -0.0982658 0.321764 -0.127658 -0.558955 -0.73692 -0.0606473 -0.079496 -0.167341 -0.765457 -0.123008 0.0218506 0.468955 0.808259 0.160256 0.301206 0.016149 0.510462 0.0110183 -0.574609 -0.246995 -0.496562 -0.670231 -1.21696 0.863556 0.366756 0.428558 -0.0945192 0.479327 0.0155242 0.0129318 0.0276828 -0.174516 -0.0919981 -0.144415 -0.195367
internal_weight=12882 11704 9497 9435 858 813 55 758 303 455 50 2207 2108 183 1925 99 82 52 405 54 1178 89 1089 234 209 100 61 1896 124 1772 178 157 104 1594 855 59 796 8577 108 71 44 203 8469 87 8382 64 171 135 113 54 62 367 342 1570 56 8318 8293 7688 605 566 541 520
internal_count=12882 11704 9497 9435 858 813 55 758 303 455 50 2207 2108 183 1925 99 82 52 405 54 1178 89 1089 234 209 100 61 1896 124 1772 178 157 104 1594 855 59 796 8577 108 71 44 203 8469 87 8382 64 171 135 113 54 62 367 342 1570 56 8318 8293 7688 605 566 541 520
is_linear=0
shrinkage=0.05


Tree=121
num_leaves=63
num_cat=0
split_feature=24 4 36 34 19 33 16 40 25 9 36 33 34 34 37 33 29 33 0 33 10 33 33 9 13 33 33 28 34 36 33 36 40 10 28 40 40 36 36 33 33 34 37 33 33 40 37 40 36 34 37 33 36 36 36 36 36 36 37 2 40 11
split_gain=20340.8 18639.8 15766.5 28081.1 14366.6 16464.6 11687.1 12815.8 11423.2 12872.5 15941.5 12174.6 10395.5 16025.3 14348.5 18142.6 9826.56 18614.2 9416.46 11849.9 9321.87 9309.13 9580.09 8980.68 8791.43 10279.1 22107.2 21204.7 38618.3 17306.5 12686.8 13172.7 9894.93 8326.72 8195.92 25013.7 24418.2 36054.4 40457.4 17249.2 15107.9 123660 42612.7 31090.5 31975.9 77655.1 29822.3 26165.8 26061.1 30372.5 22186 20698.9 19457 95581.4 38546 15746.6 15246.6 11555.6 11119.1 9018.8 8913.63 8145.73
threshold=1.0000000180025095e-35 1.0000000180025095e-35 282.87083333333339 386.25000000000006 1.0000000180025095e-35 414.75000000000006 1.0000000180025095e-35 1.0000000180025095e-35 1.0000000180025095e-35 1.0000000180025095e-35 305.71000000000004 492.35000000000008 279.9500000000001 166.45000000000002 3.5000000000000004 106.25000000000001 1.0000000180025095e-35 139.95000000000002 1.0000000180025095e-35 145.20000000000002 1.0000000180025095e-35 454.35000000000008 483.45000000000005 1.0000000180025095e-35 1.0000000180025095e-35 414.75000000000006 376.35000000000008 1.0000000180025095e-35 270.80000000000001 230.82500000000005 455.7000000000001 316.95000000000005 3.5000000000000004 1.0000000180025095e-35 1.0000000180025095e-35 1.5000000000000002 3.5000000000000004 274.85833333333341 195.71666666666673 123.95000000000002 339.55000000000007 133.55000000000004 3.5000000000000004 157.15000000000001 67.550000000000011 5.5000000000000009 2.5000000000000004 5.5000000000000009 203.00416666666669 74.750000000000014 1.5000000000000002 256.95000000000005 233.04166666666671 281.71250000000003 322.91666666666674 277.15833333333336 205.51666666666668 168.58333333333334 1.5000000000000002 1.0000000180025095e-35 2.5000000000000004 1.0000000180025095e-35
decision_type=2 2 2 2 2 2 2 2 2 2 2 2 2 2 2 2 2 2 2 2 2 2 2 2 2 2 2 2 2 2 2 2 2 2 2 2 2 2 2 2 2 2 2 2 2 2 2 2 2 2 2 2 2 2 2 2 2 2 2 2 2 2
left_child=1 4 16 33 6 -6 7 18 11 -10 -11 34 13 14 15 -8 20 -18 21 -20 23 -1 -23 -3 25 26 27 -2 29 -29 32 -32 -27 61 59 39 37 38 -37 -36 43 42 -42 44 46 -46 47 50 -45 51 -38 -50 57 -54 -55 56 -52 -49 -56 -9 -39 -4
right_child=24 2 3 -5 5 -7 12 8 9 10 -12 -13 -14 -15 -16 -17 17 -19 19 -21 -22 22 -24 -25 -26 30 -28 28 -30 -31 31 -33 -34 -35 35 36 40 60 -40 -41 41 -43 -44 48 45 -47 -48 52 49 -51 55 -53 53 54 58 -57 -58 -59 -60 -61 -62 -63
leaf_value=-0.13390532424185733 -0.17422822654724021 0.11884877344682537 0.4637944895025416 2.0432180757705982 0.23765884859666314 1.5631972432136536 0.72189524142988148 -0.043878872084673969 0.13174717737254857 0.25692498857776325 1.9653085551478648 -1.0703679783200777 1.1920441454558661 -1.1053034099936487 1.6464875721931458 -0.61969490789231807 -1.6600839995819592 0.25962259003094268 -0.067087517324835075 -1.2919270993807377 -0.55901925243595818 1.081832979619503 -0.31314222991466523 0.90595468496664988 0.25825122495492303 -1.9665513286987943 1.0426870046343122 -1.0242028366435658 0.67752233326435096 -3.0564353782683611 -0.95687531575560569 0.8361016176995778 -0.6629800703074481 -0.51754948283330759 2.2002739475419122 -0.13205571836895413 0.2585324273301432 -0.32073143982681734 -2.5193874778066365 0.30459716469049458 -0.11721403598785402 -3.3605149059295658 2.7094248962402343 -0.23212585321494511 0.94956965538171623 -2.8452064429010666 1.6521034916241963 0.40999361315081195 -0.41580628048289903 2.6397375357151032 -0.71601113128662108 1.7787992284411478 3.5383708172788229 -1.6806186608292841 0.23550442104276859 -0.074713555074507193 -2.5681703448295594 -1.0883516593412919 1.6283877466035925 0.14524112471136241 0.86463927030563359 -0.54950352566582816
leaf_weight=1690 883 512 357 26 177 27 63 6104 749 36 22 27 33 20 20 42 23 28 40 39 47 32 20 39 96 24 35 22 20 20 20 21 37 26 24 36 78 29 35 24 40 25 20 28 26 28 36 31 22 35 25 21 27 22 38 31 20 22 23 703 35 21
leaf_count=1690 883 512 357 26 177 27 63 6104 749 36 22 27 33 20 20 42 23 28 40 39 47 32 20 39 96 24 35 22 20 20 20 21 37 26 24 36 78 29 35 24 40 25 20 28 26 28 36 31 22 35 25 21 27 22 38 31 20 22 23 703 35 21
internal_value=-0.00227644 0.0176563 0.215662 0.450471 -0.00245167 0.413098 -0.0105864 -0.0175666 0.00843963 0.187317 0.904933 -0.0105169 0.391086 0.208799 0.419056 0.185259 0.0600869 -0.606127 -0.137843 -0.671755 0.116905 -0.11363 0.545304 0.17456 -0.200318 -0.241005 -0.191286 -0.236989 -1.13082 -1.99193 -0.718695 -0.0385213 -1.17586 0.347967 -0.00674568 0.146666 0.0742552 -0.533122 -1.30891 1.25244 0.211372 -0.406035 0.824999 0.313671 0.115025 -1.01809 0.288363 0.13349 1.0764 1.54613 -0.333859 0.655978 0.575034 0.954223 0.113596 -0.94184 -1.53919 -0.211961 0.76069 -0.0243473 0.327518 0.4075
internal_weight=12882 11704 1079 430 10625 204 10421 10243 8422 807 58 7615 178 145 125 105 649 51 1821 79 598 1742 52 551 1178 1082 980 945 62 42 102 41 61 404 7588 781 733 135 71 48 598 85 60 513 407 54 353 317 106 78 154 43 163 110 83 76 45 53 61 6807 64 378
internal_count=12882 11704 1079 430 10625 204 10421 10243 8422 807 58 7615 178 145 125 105 649 51 1821 79 598 1742 52 551 1178 1082 980 945 62 42 102 41 61 404 7588 781 733 135 71 48 598 85 60 513 407 54 353 317 106 78 154 43 163 110 83 76 45 53 61 6807 64 378
is_linear=0
shrinkage=0.05


Tree=122
num_leaves=63
num_cat=0
split_feature=24 32 7 17 33 40 31 34 11 28 33 31 32 31 32 28 33 6 40 32 31 31 32 34 33 33 34 33 33 32 31 40 31 31 31 32 37 0 31 15 34 34 28 33 39 33 18 34 16 10 28 10 34 34 31 31 32 34 38 32 31 18
split_gain=18357.6 14221.5 18151.2 18001.1 24485.5 14611.9 15108.8 21792.5 12746.4 19930.6 60701.5 40382.3 36810.6 23771.2 16587.2 12440.8 29759.7 31945.7 33128.2 24079.1 38770.3 41004.7 39289.9 12283.9 11538.1 11508.1 11154.6 10857.2 18898.9 13213.2 14813.8 10690.2 37612.3 28141.8 30182.2 27313.7 10667.1 10595.9 10477.4 10404.9 10381.9 29074.9 18257.4 37133.5 23838.6 10022.2 8907 9737.31 8719.33 8559.41 9162.47 8443.27 10307.6 23956.3 9774.85 12664.7 8668.9 15913.4 15240.2 13158 9474.8 17238.5
threshold=1.0000000180025095e-35 436.85000000000008 1.0000000180025095e-35 1.0000000180025095e-35 396.05000000000007 1.0000000180025095e-35 323.85000000000008 426.50000000000006 1.0000000180025095e-35 1.0000000180025095e-35 55.650000000000013 271.85000000000008 455.45000000000005 238.05000000000004 485.65000000000003 1.0000000180025095e-35 412.95000000000005 1.0000000180025095e-35 2.5000000000000004 358.65000000000003 446.75000000000006 467.75000000000006 115.55000000000001 206.60000000000005 116.95000000000002 187.55000000000004 348.9500000000001 338.05000000000007 191.10000000000002 379.75000000000006 182.85000000000005 5.5000000000000009 353.50000000000006 377.55000000000007 421.15000000000003 62.600000000000009 4.5000000000000009 1.0000000180025095e-35 421.15000000000003 1.0000000180025095e-35 126.25000000000001 78.250000000000014 1.0000000180025095e-35 332.75000000000006 1.0000000180025095e-35 467.05000000000007 1.0000000180025095e-35 181.30000000000004 1.0000000180025095e-35 1.0000000180025095e-35 1.0000000180025095e-35 1.0000000180025095e-35 429.35000000000008 477.10000000000008 205.95000000000002 293.05000000000007 413.85000000000008 267.75000000000006 1.0000000180025095e-35 284.55000000000007 397.25000000000006 1.0000000180025095e-35
decision_type=2 2 2 2 2 2 2 2 2 2 2 2 2 2 2 2 2 2 2 2 2 2 2 2 2 2 2 2 2 2 2 2 2 2 2 2 2 2 2 2 2 2 2 2 2 2 2 2 2 2 2 2 2 2 2 2 2 2 2 2 2 2
left_child=1 2 3 5 23 27 40 15 9 39 11 -11 -12 -14 24 48 17 18 -17 20 31 -22 -23 -5 -10 -9 -25 28 29 36 -31 32 -20 -33 -35 -34 -1 49 46 -3 41 -7 -42 44 -44 -4 47 -30 -8 50 -29 52 56 -54 -53 -56 58 -58 60 -60 61 -2
right_child=51 8 45 4 -6 6 7 25 14 10 12 -13 13 -15 -16 16 -18 -19 19 -21 21 22 -24 26 -26 -27 -28 37 38 30 -32 33 35 34 -36 -37 -38 -39 -40 -41 42 -43 43 -45 -46 -47 -48 -49 -50 -51 -52 54 53 -55 55 -57 57 -59 59 -61 -62 -63
leaf_value=-0.080657306193576653 -0.23386940262385322 0.13388028525844459 -0.17195872271257318 -0.017306895482570233 1.9811535944938659 -0.0048713300943736279 0.067633224817545537 2.0996505534648899 0.69863938822134131 3.9495714914231073 1.52382401999914 0.84879056896482197 -2.1024578785896302 0.12292807340621947 -1.4320109519958497 1.9002141098181409 2.0648915710449223 -1.5645560183308342 -0.77969229845773613 1.7041539038221043 -2.6000056557357314 1.6155798614025116 -1.3321484992137322 1.8558971464633942 -0.46604991310834887 0.52929291352629659 0.18597357213497162 0.3228995523074778 -0.37785564144683437 0.15313082611238638 -1.0966925398418397 1.3765515920204612 0.50153672918677328 -1.9945235892114317 0.68923611283302311 2.9405938923358921 0.90597102061978407 -0.84953245265143262 -1.6821198504079473 1.1724786791801454 -0.080156902042865949 1.3665878025731313 1.0946556910224583 -2.3225967741012576 -0.97751790583133702 -1.0000652237942345 0.44114318064280922 -1.3389350665243049 0.93915978903914332 -0.29824119167668478 1.3250508453164782 -0.47577329103288984 -1.8664112069483463 0.3216233697804538 1.6695589935779573 0.12857486553490163 -0.78113313785598937 0.710839776481901 -0.28115833419985298 -1.5087632206508093 0.2513528246741269 0.77189730274207569
leaf_weight=1269 577 681 949 99 25 4244 2762 20 37 21 27 21 20 30 25 33 25 22 21 24 24 20 26 20 50 28 20 123 86 37 66 26 22 22 20 24 28 21 22 25 316 39 23 30 35 38 21 38 29 42 28 29 29 22 20 40 120 21 58 35 181 46
leaf_count=1269 577 681 949 99 25 4244 2762 20 37 21 27 21 20 30 25 33 25 22 21 24 24 20 26 20 50 28 20 123 86 37 66 26 22 22 20 24 28 21 22 25 316 39 23 30 35 38 21 38 29 42 28 29 29 22 20 40 120 21 58 35 181 46
internal_value=-0.00216261 0.0167735 0.0005144 0.021138 0.540566 0.0122792 0.0416651 0.126387 0.203606 0.271554 0.870147 2.39918 0.036129 -0.767226 -0.296903 0.110017 0.41105 0.265465 0.419131 0.2057 0.0302716 -0.924634 -0.0505275 0.281468 0.0292777 1.18361 1.02094 -0.116995 -0.162617 -0.102645 -0.647727 0.525408 0.97365 0.083758 -0.716543 1.77409 -0.0593577 0.217064 -0.665376 0.170658 -0.015238 0.00761686 -0.257533 -0.894477 -0.155794 -0.203841 -0.511111 -0.67238 0.0766889 0.333119 0.508729 -0.190302 -0.22857 -0.922553 0.277941 0.642236 -0.194473 -0.558924 -0.137184 -0.74316 -0.0670902 -0.159607
internal_weight=12882 11704 10767 9780 164 9616 7835 3148 937 825 119 42 77 50 112 3100 309 284 262 229 205 70 46 139 87 48 40 1781 1567 1400 103 135 67 68 42 46 1297 214 167 706 4687 4283 404 88 58 987 145 124 2791 193 151 1178 1089 51 89 60 1038 141 897 93 804 623
internal_count=12882 11704 10767 9780 164 9616 7835 3148 937 825 119 42 77 50 112 3100 309 284 262 229 205 70 46 139 87 48 40 1781 1567 1400 103 135 67 68 42 46 1297 214 167 706 4687 4283 404 88 58 987 145 124 2791 193 151 1178 1089 51 89 60 1038 141 897 93 804 623
is_linear=0
shrinkage=0.05


Tree=123
num_leaves=63
num_cat=0
split_feature=24 4 35 10 32 37 7 19 33 35 32 31 29 8 32 35 32 21 1 31 27 36 31 36 36 36 36 31 36 21 39 35 11 31 33 35 33 31 33 36 29 35 21 36 32 33 32 36 36 31 18 35 33 36 32 32 31 38 35 36 36 32
split_gain=16567.7 16873.3 21759.9 17754.7 19294.8 26518.1 21188.4 12829.3 14314.7 12317 16159.7 14926.9 11464.4 11002.4 10892.5 16233.6 12651.4 9827.61 9377.38 10027.9 17667.2 19794.4 44681.9 22858 20485.5 24610.4 21303.9 21388.4 21025.3 16988.1 16203 22950.4 16020.2 13824.5 12795.9 12171 11462.8 11247.2 24222.7 11181.3 9520 16390.5 12610.8 39960.6 27648 16361.3 13649.9 21130.3 16290.4 13077.2 12990.3 19475.8 12560.9 12235.6 12156.6 14453.1 12014.7 14813.7 19588.8 14658.2 15169.4 11944.2
threshold=1.0000000180025095e-35 1.0000000180025095e-35 1377.7500000000002 1.0000000180025095e-35 446.75000000000006 3.5000000000000004 1.0000000180025095e-35 1.0000000180025095e-35 414.75000000000006 470.90000000000003 193.95000000000002 93.350000000000009 1.0000000180025095e-35 1.0000000180025095e-35 379.75000000000006 1026.7 410.75000000000006 1.0000000180025095e-35 1.0000000180025095e-35 426.55000000000007 1.0000000180025095e-35 324.15000000000009 439.55000000000007 215.85833333333338 296.61250000000007 309.27500000000003 198.32500000000005 449.65000000000003 314.11666666666673 1.0000000180025095e-35 1.0000000180025095e-35 886.1500000000002 1.0000000180025095e-35 495.65000000000003 440.95000000000005 1377.7500000000002 80.250000000000014 476.05000000000007 179.05000000000004 281.71250000000003 1.0000000180025095e-35 1327.2000000000003 1.0000000180025095e-35 206.81666666666669 364.15000000000003 356.10000000000008 382.00000000000006 255.82916666666668 268.44166666666678 101.90000000000002 1.0000000180025095e-35 946.45000000000016 474.05000000000007 241.60000000000005 469.55000000000007 482.55000000000007 193.35000000000005 1.0000000180025095e-35 398.50000000000006 204.23333333333338 195.71666666666673 413.85000000000008
decision_type=2 2 2 2 2 2 2 2 2 2 2 2 2 2 2 2 2 2 2 2 2 2 2 2 2 2 2 2 2 2 2 2 2 2 2 2 2 2 2 2 2 2 2 2 2 2 2 2 2 2 2 2 2 2 2 2 2 2 2 2 2 2
left_child=1 7 3 4 6 -6 9 18 17 10 -3 -11 13 14 15 -13 -16 -9 19 40 21 22 23 -21 26 -26 -24 -28 -27 32 31 -25 34 36 -23 -31 39 38 -38 -29 42 54 46 44 45 50 -1 61 -49 53 51 56 -51 -45 -42 -56 -44 58 -58 60 -60 -48
right_child=-2 2 -4 -5 5 -7 -8 8 -10 11 -12 12 -14 -15 16 -17 -18 -19 -20 20 -22 29 24 30 25 28 27 33 -30 35 -32 -33 -34 -35 -36 -37 37 -39 -40 -41 41 -43 43 49 -46 -47 47 48 -50 52 -52 -53 -54 -55 55 -57 57 -59 59 -61 -62 -63
leaf_value=0.0021851719789634304 -0.1807872652125202 0.11594816272243345 1.5799815339701517 -0.56322669634571321 0.33461711173877123 2.3701633386313916 -0.68609755885075119 0.42396793008606504 1.4618773447142708 1.6303067269532576 -1.0072215146178174 0.49429513369231748 -0.32652742539421986 -0.20441708950722806 -0.98737778464953108 1.5520552217960359 0.52135997252030808 -0.47492682200211744 -0.34405600991154062 -0.15273040248000103 -1.0969564872483413 0.10330206549605594 1.2725268936582976 1.3305652887656771 1.7715088039636613 -1.1787977899610997 -1.0710382095089666 0.65989778729172444 0.79089113984789172 -0.84624503015717178 0.89086439510186521 3.5322213265486067 -0.51777647500857715 -0.99947741329669959 1.1702083419109213 0.52164128333330151 -1.0040887532026872 -0.98035381061690208 1.2040215483418217 -0.53029135043422382 -0.19189136260205539 -1.4722954273223878 -0.22478279775345539 -0.49130664260851015 0.84453487292641682 0.86328265861823006 0.48199266914914296 -1.0320087288107191 0.20401144125800338 -0.37073428822055632 0.71158964697409566 -1.5225863156111346 0.57219928954098676 -2.1229850512742998 1.6102873438880558 -0.20398549670758459 0.34381748063413631 1.3063122014999391 -0.24918017248077506 0.96184714250266556 -1.5056880959442684 1.7709656468592585
leaf_weight=4861 1178 290 28 77 48 24 68 138 27 23 36 266 59 61 24 42 33 39 207 23 30 909 28 29 38 20 54 111 42 87 42 20 104 29 29 20 23 35 27 24 794 24 503 27 105 52 41 28 556 777 54 23 37 20 21 23 269 25 169 21 28 32
leaf_count=4861 1178 290 28 77 48 24 68 138 27 23 36 266 59 61 24 42 33 39 207 23 30 909 28 29 38 20 54 111 42 87 42 20 104 29 29 20 23 35 27 24 794 24 503 27 105 52 41 28 556 777 54 23 37 20 21 23 269 25 169 21 28 32
internal_value=-0.00205448 0.0159349 0.204324 0.167675 0.225457 1.01313 0.162583 -0.00319666 0.389491 0.23178 -0.00808284 0.385707 0.326685 0.417153 0.521032 0.638535 -0.113898 0.225906 -0.0108839 -0.00413169 0.10581 0.12711 0.375279 1.25556 0.142442 0.769588 -0.0470282 -0.168967 0.155508 0.00939806 1.61151 2.2292 0.0710066 0.0266625 0.136287 -0.590565 0.161926 -0.292916 0.188291 0.448309 -0.0264567 -0.183959 -0.00865824 -0.112623 0.0680386 -0.00323069 0.0310962 0.245003 0.14475 -0.374697 -0.0444932 -0.083827 -0.327874 -1.18564 -0.147061 0.661917 -0.0512246 0.119283 0.058347 -0.293908 -0.42777 1.04702
internal_weight=12882 11704 1079 1051 974 72 902 10625 204 834 326 508 485 426 365 308 57 177 10421 10214 1724 1694 545 114 431 100 331 303 62 1149 91 49 1042 249 938 107 220 85 50 135 8490 862 7628 2110 1249 1144 5518 657 584 861 1092 1038 814 47 838 44 1015 512 487 218 197 73
internal_count=12882 11704 1079 1051 974 72 902 10625 204 834 326 508 485 426 365 308 57 177 10421 10214 1724 1694 545 114 431 100 331 303 62 1149 91 49 1042 249 938 107 220 85 50 135 8490 862 7628 2110 1249 1144 5518 657 584 861 1092 1038 814 47 838 44 1015 512 487 218 197 73
is_linear=0
shrinkage=0.05


Tree=124
num_leaves=63
num_cat=0
split_feature=40 25 32 28 33 33 16 31 33 0 35 15 4 35 10 11 33 29 31 33 35 31 19 31 35 33 33 31 35 28 32 32 32 31 32 28 32 31 32 40 13 32 33 35 31 39 39 40 35 35 30 22 31 4 31 33 32 35 5 33 35 33
split_gain=16063.4 18060.2 22572.9 47905.5 22644.1 13075.5 11733.1 17494.7 14150.4 11513.5 12409.3 11909.6 10108.8 20610.5 15778.6 13198.6 12306.6 13922.5 12350.9 11186.8 12841.8 12476 11125.3 25463.5 21251.1 11485.8 10884.4 11820.7 26969.6 25393.1 35084.4 12258.3 28215.4 16559.7 9930.36 9604.47 19896.2 98056 36660.9 26478.7 15706.1 23320 20492.6 32584.3 29479.1 78509.2 22363.2 12952.9 31998.9 15593.7 11236.8 9482.23 8865 8569.36 8459.91 8321.96 19680.3 15682.9 8247.68 8162.16 13766.4 8826.58
threshold=1.0000000180025095e-35 1.0000000180025095e-35 275.60000000000008 1.0000000180025095e-35 227.40000000000003 452.65000000000003 1.0000000180025095e-35 150.75000000000003 369.25000000000006 1.0000000180025095e-35 932.50000000000011 1.0000000180025095e-35 1.0000000180025095e-35 1377.7500000000002 1.0000000180025095e-35 1.0000000180025095e-35 296.75000000000006 1.0000000180025095e-35 77.250000000000014 446.75000000000006 861.75000000000011 365.45000000000005 1.0000000180025095e-35 348.55000000000007 953.35000000000014 492.35000000000008 487.65000000000003 229.15000000000001 1009.4000000000001 1.0000000180025095e-35 413.85000000000008 485.65000000000003 470.95000000000005 145.25000000000003 244.65000000000001 1.0000000180025095e-35 407.65000000000003 417.75000000000006 438.45000000000005 1.5000000000000002 1.0000000180025095e-35 362.55000000000007 389.75000000000006 701.45000000000016 394.15000000000003 1.0000000180025095e-35 1.0000000180025095e-35 5.5000000000000009 497.55000000000007 588.85000000000002 1.0000000180025095e-35 1.0000000180025095e-35 362.15000000000003 1.0000000180025095e-35 387.25000000000006 417.65000000000003 126.65000000000002 879.1500000000002 1.0000000180025095e-35 455.7000000000001 992.6500000000002 120.15000000000002
decision_type=2 2 2 2 2 2 2 2 2 2 2 2 2 2 2 2 2 2 2 2 2 2 2 2 2 2 2 2 2 2 2 2 2 2 2 2 2 2 2 2 2 2 2 2 2 2 2 2 2 2 2 2 2 2 2 2 2 2 2 2 2 2
left_child=9 6 5 53 -5 34 12 -8 52 11 -11 59 22 14 15 16 17 18 -14 20 -18 -22 25 24 -24 26 27 28 31 -30 -31 32 55 -33 -3 50 39 38 -38 -37 41 42 43 47 -45 -46 -44 49 -49 -41 51 58 -9 -4 -53 -2 -57 -58 -29 61 -61 -1
right_child=1 2 3 4 -6 -7 7 8 -10 10 -12 -13 13 -15 -16 -17 19 -19 -20 -21 21 -23 23 -25 -26 -27 -28 35 29 30 -32 33 -34 -35 -36 36 37 -39 -40 40 -42 -43 46 44 45 -47 -48 48 -50 -51 -52 54 -54 -55 -56 56 57 -59 -60 60 -62 -63
leaf_value=-0.069408815830888052 -0.0574393264533836 0.15025338294863577 0.23300879933744853 1.0663202667236329 3.2070519924163818 -1.0280699186027051 -0.80893765006746576 -0.02052337115719205 1.9316447353079207 -0.11078098841078049 -1.188873870115654 0.47977425032991106 -0.70371078174147339 1.5747479474544526 -0.70085388443686747 -0.61994800883896506 0.046625004410743714 -0.78434743537352647 0.25340381037718518 -0.096082842672193372 1.8369874590919133 0.51458504267277261 0.31801709362438751 -0.7600386475141232 2.226695349216461 -1.0012452185153962 1.1157348760536738 -0.0028287336487588656 -0.37667396865575248 -3.2837048006057743 -0.32210251033306125 -1.9061275818518231 1.1262428987026216 0.056823529980399391 -0.59010542887449269 1.7135676463445026 -3.412872841358185 2.3166897933397972 -0.64923465808232628 0.16815471051091499 1.3855672214712416 1.6687532640993596 2.2518839381989979 0.11984480711129995 -3.5909374108681313 0.46744502566077495 -0.084284076690673837 -0.037455394137049874 1.8052257252366919 -1.2152371001243591 -0.7607518179613787 -0.050532654338431626 1.0655325325096354 1.1031808130202756 -0.89440081591407461 -1.8887029687563581 0.62094720891027744 -1.0039293903995443 0.22256212303522083 1.4819023111746426 -0.02295865671201186 -0.29107347308416065
leaf_weight=1534 2877 481 324 30 21 28 21 42 21 56 51 87 36 25 55 49 30 39 529 37 42 31 35 26 25 30 21 3978 142 20 20 21 50 22 50 33 20 21 30 110 28 24 21 39 26 22 20 62 38 25 48 66 34 31 54 21 33 27 452 21 55 635
leaf_count=1534 2877 481 324 30 21 28 21 42 21 56 51 87 36 25 55 49 30 39 529 37 42 31 35 26 25 30 21 3978 142 20 20 21 50 22 50 33 20 21 30 110 28 24 21 39 26 22 20 62 38 25 48 66 34 31 54 21 33 27 452 21 55 635
internal_value=-0.00195176 0.0250312 0.2311 0.514855 1.9478 0.0250101 0.00405034 0.499517 0.78279 -0.117484 -0.624638 -0.0942141 -0.00219592 0.159818 0.118104 0.174905 0.227254 0.12935 0.19242 0.649638 0.917518 1.27542 -0.0188612 0.546942 1.1133 -0.0246532 -0.0211533 -0.0240126 -0.0988558 -0.690131 -1.8029 -0.0635847 -0.0516019 -0.901827 0.0805397 0.0232745 0.227166 -0.550479 -1.75469 0.350409 0.242014 0.159276 0.0594757 -0.0745783 -0.901226 -1.73085 1.11229 0.231457 0.662763 -0.088029 0.00026022 0.00828848 0.465344 0.308996 -0.430273 -0.0715113 -0.571328 -0.110247 0.0201683 -0.116458 0.392858 -0.134304
internal_weight=12882 10443 965 406 51 559 9478 118 97 2439 107 2332 9360 873 848 793 744 604 565 140 103 73 8487 86 60 8401 8371 8350 3233 182 40 3051 3008 43 531 5117 519 71 50 448 415 387 363 322 87 48 41 235 100 135 4598 4550 76 355 120 2958 81 60 4430 2245 76 2169
internal_count=12882 10443 965 406 51 559 9478 118 97 2439 107 2332 9360 873 848 793 744 604 565 140 103 73 8487 86 60 8401 8371 8350 3233 182 40 3051 3008 43 531 5117 519 71 50 448 415 387 363 322 87 48 41 235 100 135 4598 4550 76 355 120 2958 81 60 4430 2245 76 2169
is_linear=0
shrinkage=0.05


Tree=125
num_leaves=63
num_cat=0
split_feature=30 1 28 33 10 32 31 2 40 22 31 36 31 32 32 36 23 33 36 36 33 33 40 33 34 40 31 36 31 31 34 36 31 33 39 36 22 36 16 31 15 31 40 31 36 32 40 32 5 34 33 36 31 23 32 21 36 32 31 33 36 34
split_gain=22664.7 20368.5 16475.9 40412.5 66112.5 55668.7 30670.2 22930.8 41302.3 20881.9 17108 50996.1 56303.3 25207.3 42082.3 29755.7 23268.1 34148.4 32866.5 34798 28267.6 23570.6 63163 33762.7 43878.3 31345.8 20803.3 41471.9 24254.5 18445.2 23964.8 37107.3 22630.5 15926.3 15199.4 16238 14249 14239.9 13684.7 12209.8 11291 10767.5 10454 24414.5 15173 23306.3 9991.86 11064.7 10831.5 10769.6 9592.99 9234.32 9097.93 9012.62 9914.18 9586 25596.5 23009.1 19011 14477.8 13435.7 9817.69
threshold=1.0000000180025095e-35 1.0000000180025095e-35 1.0000000180025095e-35 376.35000000000008 1.0000000180025095e-35 181.85000000000005 143.65000000000001 1.0000000180025095e-35 4.5000000000000009 1.0000000180025095e-35 179.05000000000004 236.23333333333338 112.55000000000001 440.45000000000005 484.05000000000007 350.67500000000001 1.0000000180025095e-35 115.7 148.22500000000002 185.05833333333337 67.550000000000011 265.65000000000003 4.5000000000000009 196.00000000000003 215.20000000000002 3.5000000000000004 469.35000000000008 373.83333333333337 439.55000000000007 62.850000000000001 167.65000000000003 183.82000000000002 83.050000000000011 69.350000000000009 1.0000000180025095e-35 362.92500000000007 1.0000000180025095e-35 315.3250000000001 1.0000000180025095e-35 280.75000000000006 1.0000000180025095e-35 417.75000000000006 1.0000000180025095e-35 408.95000000000005 253.75833333333335 83.050000000000011 1.0000000180025095e-35 367.75000000000006 1.0000000180025095e-35 482.50000000000006 294.05000000000007 255.82916666666668 453.05000000000007 1.0000000180025095e-35 402.15000000000003 1.0000000180025095e-35 271.56250000000006 327.65000000000003 360.35000000000008 457.15000000000003 206.81666666666669 91.40000000000002
decision_type=2 2 2 2 2 2 2 2 2 2 2 2 2 2 2 2 2 2 2 2 2 2 2 2 2 2 2 2 2 2 2 2 2 2 2 2 2 2 2 2 2 2 2 2 2 2 2 2 2 2 2 2 2 2 2 2 2 2 2 2 2 2
left_child=1 2 36 7 5 -5 -7 9 -9 10 11 29 -13 16 15 -15 18 -18 -12 20 -20 23 -23 24 26 -25 28 -28 33 -4 31 32 -31 42 -8 -36 38 41 40 -40 46 -2 -21 44 45 -44 47 -1 49 53 -50 -52 -38 55 -55 -48 57 59 60 -57 61 -59
right_child=37 -3 3 4 -6 6 34 8 -10 -11 13 12 -14 14 -16 -17 17 -19 19 21 -22 22 -24 25 -26 -27 27 -29 -30 30 -32 -33 -34 -35 35 -37 52 -39 39 -41 -42 -43 43 -45 -46 -47 48 -49 50 -51 51 -53 -54 54 -56 56 -58 58 -60 -61 -62 -63
leaf_value=-0.067155287157667234 -0.47586465125282607 -0.45475255203713116 1.3518015338824345 2.8628371909260752 -1.6702525696971202 -0.89514694809913642 0.40741930246353153 0.5882491476833821 -1.9722055287824738 1.5515321736335757 2.1406096601486206 -0.12396919250488281 3.3495013679776875 -2.7810048780270988 1.0301640659570694 -0.40775395441055307 -2.3848417572353195 0.31124852131276082 -2.5420855034481398 -0.50182952207067744 0.05515720844268799 1.0557038573118358 -2.2860256814187574 0.23441208660602572 -1.9940200393850152 2.9694158749146897 3.0089948916435243 -0.045703364372253419 -1.1653300541062508 -1.4139496986071269 -1.6200762911276385 1.7972564254488266 0.13234207980068666 1.41757293405204 2.6828387011652408 0.82368075698614129 -0.23601863979485105 -1.2751569926589728 0.051608534815699561 0.92763938484965147 0.44028946576181105 0.75139640512920569 0.51485605696932635 1.7351182389314528 0.41097626789079139 -1.54673322644727 0.038919581012572091 -0.40116969327934665 0.098034287273049969 0.89038918820971791 1.1375354573461747 0.2850245391242896 -1.0031168751094652 -0.10155640498855763 -0.60216168337983311 -0.069984828779227723 -0.43749721289564009 0.39369918627476475 1.2780389077809393 -1.1475589768961072 -0.095693765571282341 1.5516380526464095
leaf_weight=1501 120 243 26 40 22 24 40 28 36 25 20 20 28 28 20 25 23 24 22 46 20 26 31 20 22 22 20 25 31 30 22 28 112 29 23 24 242 50 86 74 138 21 26 27 137 29 5157 297 688 33 45 108 46 671 116 1203 419 109 49 32 159 22
leaf_count=1501 120 243 26 40 22 24 40 28 36 25 20 20 28 28 20 25 23 24 22 46 20 26 31 20 22 22 20 25 31 30 22 28 112 29 23 24 242 50 86 74 138 21 26 27 137 29 5157 297 688 33 45 108 46 671 116 1203 419 109 49 32 159 22
internal_value=-0.00957529 -0.00140586 0.00748114 0.183474 0.89049 1.26358 0.687269 0.0644912 -0.852007 0.125338 0.0873665 0.426838 1.90222 -0.0468079 -0.924092 -1.66155 0.0599283 -1.00811 0.150702 0.0760341 -1.3053 0.194193 -0.761728 0.319741 0.175388 1.66703 0.30438 1.31194 0.164871 0.101982 -0.0672639 0.133688 -0.194339 0.305131 1.1238 1.73348 -0.0113993 -0.550169 -0.00223303 0.456773 -0.00906665 -0.293081 0.183392 0.327319 0.129348 -0.572164 -0.0149118 -0.122329 0.00700808 -0.0110001 0.177669 0.535763 -0.358541 -0.0147479 -0.175343 0.00292883 -0.0901993 0.00225172 0.367132 -0.0979058 0.21322 0.588162
internal_weight=12830 12639 12396 1201 173 151 111 1028 64 964 939 266 48 673 73 53 600 47 553 533 42 491 57 434 392 42 370 45 325 218 192 170 142 294 87 47 11195 191 10907 160 10747 141 265 219 192 55 10609 1798 8811 7970 841 153 288 7937 787 7150 1993 1574 339 1235 290 131
internal_count=12830 12639 12396 1201 173 151 111 1028 64 964 939 266 48 673 73 53 600 47 553 533 42 491 57 434 392 42 370 45 325 218 192 170 142 294 87 47 11195 191 10907 160 10747 141 265 219 192 55 10609 1798 8811 7970 841 153 288 7937 787 7150 1993 1574 339 1235 290 131
is_linear=0
shrinkage=0.05


Tree=126
num_leaves=63
num_cat=0
split_feature=30 12 28 40 33 35 34 7 35 8 31 28 28 31 31 34 34 34 28 34 35 13 31 36 36 40 9 33 33 8 36 31 31 31 33 28 33 36 28 33 37 36 31 35 31 33 36 8 35 35 31 2 36 31 36 35 31 36 31 22 31 35
split_gain=20454.9 20089.9 18563.2 25699.5 21543.4 36285.9 17423 16848.2 16280 13137.6 12772.4 54644.7 22300.5 33354.2 11720.6 16819.7 10877.5 11022 50511.7 15231.3 29797.5 12413.2 10690.6 18874 22933.2 21500.2 10614.6 16546.8 14207.4 12522.8 11869.2 10192.5 10176.6 9899.25 10574.6 23086.3 9850.23 15174.1 9662.69 47833.6 20632 22122.1 48387.5 47568.9 46010.5 42143.9 39739.3 46768.9 39630 28255.9 27100.8 18210.4 29432.7 70189.6 29268.7 15539 46536.7 15432.1 14717 12437.9 12333.6 12148.5
threshold=1.0000000180025095e-35 1.0000000180025095e-35 1.0000000180025095e-35 1.5000000000000002 95.300000000000026 1026.7 491.95000000000005 1.0000000180025095e-35 1211.5500000000002 1.0000000180025095e-35 348.55000000000007 1.0000000180025095e-35 1.0000000180025095e-35 180.85000000000005 252.55000000000004 379.10000000000008 483.50000000000006 420.7000000000001 1.0000000180025095e-35 392.4500000000001 1186.7000000000003 1.0000000180025095e-35 66.450000000000017 173.80833333333337 148.22500000000002 1.5000000000000002 1.0000000180025095e-35 467.05000000000007 492.35000000000008 1.0000000180025095e-35 255.82916666666668 61.150000000000013 498.65000000000003 484.15000000000003 220.95000000000002 1.0000000180025095e-35 114.15000000000002 216.95833333333334 1.0000000180025095e-35 446.75000000000006 4.5000000000000009 235.01250000000002 171.55000000000004 594.25000000000011 196.45000000000002 134.50000000000003 243.56250000000003 1.0000000180025095e-35 727.25000000000011 505.05000000000007 251.05000000000004 1.0000000180025095e-35 312.83333333333337 412.55000000000007 259.93333333333334 680.80000000000007 462.85000000000008 350.67500000000001 370.35000000000008 1.0000000180025095e-35 437.35000000000008 579.05000000000007
decision_type=2 2 2 2 2 2 2 2 2 2 2 2 2 2 2 2 2 2 2 2 2 2 2 2 2 2 2 2 2 2 2 2 2 2 2 2 2 2 2 2 2 2 2 2 2 2 2 2 2 2 2 2 2 2 2 2 2 2 2 2 2 2
left_child=1 6 14 -4 -5 -6 7 16 -2 10 12 -12 -9 -14 -3 -16 17 19 21 22 -21 -19 23 24 -1 -25 28 29 32 33 -31 -27 38 34 36 -36 -28 -38 59 40 41 43 -43 49 -44 -45 -46 51 -47 50 -40 52 53 54 -48 60 57 -57 -59 -24 -54 -56
right_child=8 2 3 4 5 -7 -8 9 -10 -11 11 -13 13 -15 15 -17 -18 18 -20 20 -22 -23 26 25 -26 31 27 -29 -30 30 -32 -33 -34 -35 35 -37 37 -39 39 -41 -42 42 44 45 46 48 47 -49 -50 -51 -52 -53 55 -55 61 56 -58 58 -60 -61 -62 -63
leaf_value=-0.25288153067231178 -0.32339671464486525 -0.049565282838537977 2.4089549950190956 1.6284646339416504 -1.7520400206247968 0.97703395547537975 1.3843682299960745 -0.21645262354912076 -1.592043206061547 0.3533856496274313 -0.3310317509624654 -2.7186549656666243 -0.45516758398576224 2.2680129051208495 0.21216148723868411 1.2618127632431868 -0.97145896645198615 -0.22975389366390325 2.1538688724691215 -1.9993559306221351 0.18899709505694254 0.97621600077702453 -0.010197231558594049 0.28261453853203705 1.0887237519025803 -1.9525748328582662 0.12772971402875263 1.2033967457988577 -1.0309450252091183 -1.3430461184570084 0.013725426122546198 -0.61221709860407791 -0.91120792939778306 1.1018888777920179 0.24985937191897137 1.8584172147970932 0.21221106269142848 -1.1009266509251161 0.044594860782048537 2.0220383326212565 1.2350304292665948 1.9187463682431443 -2.1466432594440201 -3.1373349830508235 2.3189075702712652 -2.3123994078859691 -1.0760147982630237 -1.884129128285817 0.56096850891908012 1.5672126368240074 -1.9024236965179444 -0.97523862246809334 0.015433486757877594 2.9456511244177821 0.15872420061911857 -1.1338370255008339 -2.6657087188959121 1.3810586734414101 -0.27436059096763871 -0.38414690366348325 1.1215871293204172 1.3543146660161574
leaf_weight=229 161 470 21 25 21 29 22 614 30 94 306 26 22 23 552 41 29 119 33 28 35 26 7672 26 37 37 519 37 34 27 40 23 31 28 157 26 44 44 168 33 37 39 22 24 21 20 29 28 30 27 20 29 90 32 42 20 20 25 29 229 35 43
leaf_count=229 161 470 21 25 21 29 22 614 30 94 306 26 22 23 552 41 29 119 33 28 35 26 7672 26 37 37 519 37 34 27 40 23 31 28 157 26 44 44 168 33 37 39 22 24 21 20 29 28 30 27 20 29 90 32 42 20 20 25 29 229 35 43
internal_value=-0.00909652 -0.00133556 0.19706 0.862925 0.430037 -0.169177 -0.0213652 -0.0240643 -0.522661 -0.211533 -0.265118 -0.518014 -0.137711 0.93668 0.136925 0.284734 -0.00445533 -0.00174428 0.388307 -0.00857381 -0.783604 -0.013511 -0.0037409 -0.274447 -0.0662673 -0.918352 0.00603129 0.167462 -0.0108267 0.124152 -0.533033 -1.43877 -0.00688313 0.17798 0.145234 0.478398 0.0447912 -0.444358 -0.00368435 0.155172 0.0809468 0.0270993 0.227076 -0.32165 0.0851944 -1.41507 0.196031 0.0903898 -0.588379 0.0546893 -0.162535 0.230711 0.326526 0.876427 0.295592 -0.0400746 -0.525754 0.0526117 0.492037 -0.0210357 0.325157 0.763552
internal_weight=12830 12639 1159 96 75 50 11480 11458 191 1085 991 332 659 45 1063 593 10373 10344 178 10166 63 145 10103 352 266 86 9751 922 8829 885 67 60 8795 818 790 183 607 88 8764 863 830 793 504 289 465 74 443 422 50 215 188 394 365 146 114 219 94 74 54 7901 125 85
internal_count=12830 12639 1159 96 75 50 11480 11458 191 1085 991 332 659 45 1063 593 10373 10344 178 10166 63 145 10103 352 266 86 9751 922 8829 885 67 60 8795 818 790 183 607 88 8764 863 830 793 504 289 465 74 443 422 50 215 188 394 365 146 114 219 94 74 54 7901 125 85
is_linear=0
shrinkage=0.05


Tree=127
num_leaves=63
num_cat=0
split_feature=30 12 28 40 32 34 35 31 40 34 31 28 36 31 36 35 34 34 34 31 34 21 36 34 28 28 32 36 40 34 32 32 13 5 35 31 31 28 31 32 28 10 40 36 29 35 40 28 32 34 31 35 28 9 32 28 32 35 34 2 32 36
split_gain=18460.5 18131.2 16753.3 23193.8 16081.5 15724.2 14692.7 12544.2 11631.1 31669.2 17791 58331.4 23003.3 15784 16501.4 17674.5 14282.9 11697.7 10945.8 10577.9 15179.8 10497.1 48499.6 28857.2 21865.4 19326.3 16940.8 27805.7 19743.7 15047.2 44598.4 22070 17520.9 16752.8 14274.6 14143.8 18530.3 14375.2 13079.3 12265.7 41232 11753.6 11612.1 11525.8 11477.2 10884.3 19713.3 14022.6 11224.3 16111.9 13834.2 10851.4 18896 10088.3 20246.9 28673.6 10183.2 9574.78 8446.73 8862.6 12931.3 12006.3
threshold=1.0000000180025095e-35 1.0000000180025095e-35 1.0000000180025095e-35 1.5000000000000002 275.60000000000008 491.95000000000005 1211.5500000000002 498.65000000000003 1.0000000180025095e-35 439.35000000000008 485.85000000000008 1.0000000180025095e-35 246.32500000000005 59.050000000000004 173.80833333333337 557.85000000000002 475.30000000000001 467.30000000000007 402.40000000000003 252.55000000000004 379.10000000000008 1.0000000180025095e-35 281.71250000000003 218.95000000000002 1.0000000180025095e-35 1.0000000180025095e-35 338.25000000000006 255.82916666666668 5.5000000000000009 60.000000000000007 452.15000000000003 119.35000000000001 1.0000000180025095e-35 1.0000000180025095e-35 1000.2500000000001 84.450000000000017 107.15000000000002 1.0000000180025095e-35 394.15000000000003 470.95000000000005 1.0000000180025095e-35 1.0000000180025095e-35 3.5000000000000004 318.41250000000008 1.0000000180025095e-35 588.85000000000002 4.5000000000000009 1.0000000180025095e-35 193.95000000000002 171.50000000000003 372.25000000000006 413.25000000000006 1.0000000180025095e-35 1.0000000180025095e-35 99.800000000000026 1.0000000180025095e-35 79.050000000000011 774.25000000000011 373.75000000000006 1.0000000180025095e-35 258.95000000000005 361.21666666666675
decision_type=2 2 2 2 2 2 2 2 2 2 2 2 2 2 2 2 2 2 2 2 2 2 2 2 2 2 2 2 2 2 2 2 2 2 2 2 2 2 2 2 2 2 2 2 2 2 2 2 2 2 2 2 2 2 2 2 2 2 2 2 2 2
left_child=1 5 19 -4 -5 7 -2 8 9 18 13 12 -12 14 -10 -16 17 21 58 -3 -21 23 26 29 -24 44 27 45 38 39 31 -31 33 41 -27 -28 -37 42 -29 -15 -41 -33 -38 -36 -25 51 47 48 49 50 -47 -23 -53 54 56 -56 -48 -50 59 60 -1 -62
right_child=6 2 3 4 -6 -7 -8 -9 10 -11 11 -13 -14 16 15 -17 -18 -19 -20 20 -22 22 24 25 -26 34 35 28 -30 30 -32 32 -34 -35 43 36 37 -39 -40 40 -42 -43 -44 -45 -46 46 53 -49 57 -51 -52 52 -54 -55 55 -57 -58 -59 -60 -61 61 -63
leaf_value=-0.044178327475816542 -0.30722687960781669 -0.047087019472680194 2.2885072412944978 1.1912408573286875 -0.27633268237113956 1.3151498236439445 -1.5124410659990586 -0.92980128181608102 -0.17379823825772733 -1.557487067423369 1.643415915966034 2.280689011845324 -0.060829395563765015 0.011842327670815105 -2.3095891433683309 -0.40040071965367707 0.94412508271634588 -1.0419658828664708 0.96088762221237034 0.20155341358841869 1.1987221226459597 0.02170694744426932 -0.46785779295818986 0.49972791889764595 -1.8259999170899393 0.12191074565052987 1.2470054319749275 -0.91382532786755333 0.084325436283560373 -1.2118670077700364 -2.4893021168916123 -0.80103114013160992 1.3770744349807502 1.0005468412087513 2.3438670602338068 -1.0524309930977997 1.0481240371863048 -0.7807143483843122 -2.4673513731360437 0.082199247144162657 2.1248173708717029 0.519566972359367 0.2624889468005599 0.78363124132156381 -0.31481890354690883 -0.097915041632950311 -0.35170847291038154 1.8870450794696809 0.16757181053576264 -1.0424801785012949 1.5784146797657013 -0.22030034004217938 -1.5798475674220496 0.71685771575340862 -0.1544972779372564 1.6066690983394019 -1.8910172408277337 1.4601109780763326 -1.1356859707832336 0.23889508292084358 -0.44817055851025017 0.11579520173934328
leaf_weight=1229 161 470 21 35 40 22 30 38 124 38 22 36 198 5866 22 27 40 27 24 552 41 596 401 170 32 20 36 42 34 38 23 63 24 26 29 27 57 28 20 140 30 23 269 20 58 32 21 20 23 23 20 293 28 39 208 26 22 38 20 173 456 119
leaf_count=1229 161 470 21 35 40 22 30 38 124 38 22 36 198 5866 22 27 40 27 24 552 41 596 401 170 32 20 36 42 34 38 23 63 24 26 29 27 57 28 20 140 30 23 269 20 58 32 21 20 23 23 20 293 28 39 208 26 22 38 20 173 456 119
internal_value=-0.00864169 -0.00126879 0.187207 0.819779 0.408535 -0.020297 -0.496528 -0.0228611 -0.0198433 -0.127435 0.00382218 0.414905 0.109595 -0.00773601 -0.480767 -1.25759 0.00142593 -0.00281473 -0.100547 0.130079 0.270498 0.000350196 -0.0906366 0.0328853 -0.568229 0.514401 0.0180897 -0.0609849 -0.883965 0.00994123 -0.42008 -0.146562 0.151096 -0.111613 1.24758 0.299686 0.210176 0.306476 -1.41496 0.0239761 0.442661 -0.447848 0.399855 1.70704 0.292519 -0.00410511 0.190984 0.65088 0.469091 0.0594396 0.546827 -0.104522 -0.33889 -0.0360533 -0.142059 0.0411879 -1.13926 0.97276 -0.113303 -0.10296 -0.135744 -0.331454
internal_weight=12830 12639 1159 96 75 11480 191 11458 11420 2059 9361 256 220 9105 173 49 8932 8892 2021 1063 593 8865 2335 6530 433 297 1902 1485 96 6233 197 174 136 112 69 417 381 354 62 6036 170 86 326 49 228 1389 472 156 136 75 52 917 321 316 277 234 43 61 1997 1977 1804 575
internal_count=12830 12639 1159 96 75 11480 191 11458 11420 2059 9361 256 220 9105 173 49 8932 8892 2021 1063 593 8865 2335 6530 433 297 1902 1485 96 6233 197 174 136 112 69 417 381 354 62 6036 170 86 326 49 228 1389 472 156 136 75 52 917 321 316 277 234 43 61 1997 1977 1804 575
is_linear=0
shrinkage=0.05


Tree=128
num_leaves=63
num_cat=0
split_feature=1 30 36 28 33 10 32 24 32 32 22 39 40 33 23 32 32 36 33 33 34 32 36 32 34 34 33 34 32 15 22 13 38 36 40 36 32 36 40 32 5 33 36 23 36 32 32 40 32 32 36 36 36 36 9 32 24 32 34 32 36 33
split_gain=19861.2 14837.1 11990.2 11579.5 32961.4 57105.5 49516 39438.8 43349.9 25930.8 25030.6 14862.5 23100.6 12881.1 51336.7 49079.7 33454.9 91515 32350 27621.7 37209.6 26760.9 24091.1 18090.7 41891.1 23575.5 82707 16294.4 12243.4 11936.8 13044.3 9644.46 15440.6 11577.3 9590.55 9268.78 11696.9 9033.33 8813.31 11864.1 10379.4 11318.1 9798.16 8525.03 7997.69 7632.63 13867 33220.9 20714.5 17435 14296.8 9588.63 17004.6 7525.46 8315.44 7498.1 7480.13 7447.8 7013.02 6910.98 19400.8 14210.2
threshold=1.0000000180025095e-35 1.0000000180025095e-35 315.3250000000001 1.0000000180025095e-35 376.35000000000008 1.0000000180025095e-35 181.85000000000005 1.0000000180025095e-35 218.05000000000004 423.30000000000001 1.0000000180025095e-35 1.0000000180025095e-35 3.5000000000000004 54.250000000000007 1.0000000180025095e-35 455.45000000000005 387.35000000000008 321.17500000000001 139.95000000000002 189.45000000000002 121.35000000000001 95.850000000000009 154.68750000000003 318.05000000000007 83.15000000000002 124.15000000000002 296.75000000000006 61.500000000000007 472.25000000000006 1.0000000180025095e-35 1.0000000180025095e-35 1.0000000180025095e-35 1.0000000180025095e-35 287.31000000000006 3.5000000000000004 366.27500000000003 307.30000000000001 79.850000000000009 1.0000000180025095e-35 367.75000000000006 1.0000000180025095e-35 294.05000000000007 255.82916666666668 1.0000000180025095e-35 347.55833333333339 347.05000000000007 184.85000000000005 3.5000000000000004 83.050000000000011 53.150000000000013 194.35000000000002 262.35833333333341 189.25416666666669 285.21250000000003 1.0000000180025095e-35 400.15000000000003 1.0000000180025095e-35 478.45000000000005 278.25000000000006 325.75000000000006 206.81666666666669 103.30000000000003
decision_type=2 2 2 2 2 2 2 2 2 2 2 2 2 2 2 2 2 2 2 2 2 2 2 2 2 2 2 2 2 2 2 2 2 2 2 2 2 2 2 2 2 2 2 2 2 2 2 2 2 2 2 2 2 2 2 2 2 2 2 2 2 2
left_child=1 3 -3 29 7 6 -6 10 -9 11 13 34 -13 14 16 18 37 -18 22 20 -20 -21 -15 25 -25 26 -23 -24 -19 30 31 38 -33 -34 -8 36 58 -5 39 -1 43 57 -43 59 -4 46 48 -48 49 -39 -50 52 -49 -41 56 -45 -55 -42 -31 -40 61 -61
right_child=-2 2 44 4 5 -7 9 8 -10 -11 -12 12 -14 15 -16 -17 17 28 19 21 -22 23 27 24 -26 -27 -28 -29 -30 35 -32 32 33 -35 -36 -37 -38 45 40 53 41 42 -44 55 -46 -47 47 51 50 -51 -52 -53 -54 54 -56 -57 -58 -59 -60 60 -62 -63
leaf_value=-0.067137131017916754 -0.44507121967991781 -0.20007959487346502 -1.8255237610502677 -0.85585502783457434 2.6482750409841538 -1.5866854922337967 -1.230875164270401 0.43666114623730001 -2.1990754447686367 2.2265839182399212 1.7573636735263081 2.1443954849243165 -0.097593416991057225 0.54299296935399377 -2.2534358578920366 -1.8207609246938656 3.642770315099646 -0.42560357821954264 0.18547572383174191 -1.5432659214193172 2.9556182601235133 -0.0055399243648235619 -0.49260479741626323 -1.5312505695749732 1.0803598216601782 -0.23497745018256341 3.8864769776662196 -2.0432688636705278 1.0434297131455463 0.34405625544158136 -0.35822208516023779 0.080001407684852616 0.33278706652255585 1.553547150281168 0.25163397789001468 1.3947985372373037 -0.48226891348236489 0.14808108961945515 -0.025627026383213236 -0.74825520258431044 0.11874773731086651 1.2643138439227375 0.31224050819873811 -0.1145161031306333 -0.54125108983781611 -0.66215896873424462 2.0657227021275144 -0.44869740486145021 0.18302060479209536 1.6497340247744607 -1.5066460317181003 -0.53119262456893923 1.5253534952799479 0.056838976215686676 -1.124026198278774 -0.56590584080528339 -0.98238198459148407 -0.86124677419662476 1.3835244154930115 0.32583373175872554 0.036196601260788282 1.4376952348010881
leaf_weight=1404 255 130 22 21 40 22 20 26 39 20 23 20 27 27 20 39 27 37 27 22 22 39 36 34 28 38 21 32 23 86 270 1037 52 31 24 21 38 243 5257 109 633 39 88 621 27 24 33 20 21 21 31 30 24 129 22 108 20 20 20 91 1057 42
leaf_count=1404 255 130 22 21 40 22 20 26 39 20 23 20 27 27 20 39 27 37 27 22 22 39 36 34 28 38 21 32 23 86 270 1037 52 31 24 21 38 243 5257 109 633 39 88 621 27 24 33 20 21 21 31 30 24 129 22 108 20 20 20 91 1057 42
internal_value=-0.00820961 0.000649214 -0.451316 0.00717566 0.154717 0.793238 1.13998 0.047262 -1.14478 0.596453 0.127722 0.238182 0.856444 0.0878476 0.235315 -0.144464 0.324999 1.22536 0.0560749 0.375489 1.42921 0.0917941 -0.720606 0.316615 -0.351814 0.739498 1.35667 -1.22233 0.137526 -0.00865261 -0.0149674 -0.00635408 0.132524 0.788734 -0.422234 0.413478 0.270369 0.157625 -0.0224892 -0.126404 -0.000494211 0.172728 0.604609 -0.0193227 -1.11786 0.205238 0.254452 0.746426 0.0878656 0.267531 -0.824281 0.158091 0.628058 -0.423585 -0.216632 -0.181389 -0.0826538 0.0887326 0.540182 -0.00099696 0.10781 0.676948
internal_weight=12830 12575 179 12396 1201 173 151 1028 65 111 963 91 47 940 575 365 555 87 326 231 49 182 95 160 62 98 60 68 60 11195 11030 10760 1120 83 44 165 144 468 9640 1684 7956 780 127 7176 49 447 423 107 316 264 52 74 44 280 171 729 149 653 106 6447 1190 133
internal_count=12830 12575 179 12396 1201 173 151 1028 65 111 963 91 47 940 575 365 555 87 326 231 49 182 95 160 62 98 60 68 60 11195 11030 10760 1120 83 44 165 144 468 9640 1684 7956 780 127 7176 49 447 423 107 316 264 52 74 44 280 171 729 149 653 106 6447 1190 133
is_linear=0
shrinkage=0.05


Tree=129
num_leaves=63
num_cat=0
split_feature=1 12 31 34 28 36 34 16 33 36 30 35 31 31 36 28 35 32 32 18 34 33 33 32 31 20 31 31 32 34 33 33 36 34 28 35 28 31 36 10 33 33 35 36 35 32 36 32 13 36 40 31 33 32 32 35 32 37 40 36 35 35
split_gain=17924.8 14043.8 13397.1 17134 12187.9 25917.4 12136.9 11926.5 12150.8 12456.5 10558.4 15627.5 11294.4 11777.1 37918.8 16509.8 10576.4 8718.76 9728.11 8098.68 10184.5 14091.5 21507.8 15579.1 17922.2 9504.46 11258.8 10358.5 20207.7 9380.52 8719.09 12939.7 10867 8087.39 10265.8 28439.4 7646.54 30944 94045.1 47334.1 47965.5 45299.2 45148.7 40747.1 35778.9 24683.9 39307.2 30736.8 27033.7 31545.8 45873 46180.3 32196.1 26398.7 23399 21320.7 26599.6 19263.4 16327.8 14191.7 19248.6 15627.3
threshold=1.0000000180025095e-35 1.0000000180025095e-35 256.05000000000007 373.75000000000006 1.0000000180025095e-35 309.27500000000003 491.95000000000005 1.0000000180025095e-35 417.65000000000003 309.27500000000003 1.0000000180025095e-35 1211.5500000000002 498.65000000000003 485.85000000000008 246.32500000000005 1.0000000180025095e-35 1000.2500000000001 204.65000000000001 80.65000000000002 1.0000000180025095e-35 470.05000000000007 345.95000000000005 396.05000000000007 171.65000000000001 348.55000000000007 1.0000000180025095e-35 421.15000000000003 59.050000000000004 397.75000000000006 121.35000000000001 301.35000000000008 201.15000000000001 213.81666666666669 416.00000000000006 1.0000000180025095e-35 711.55000000000007 1.0000000180025095e-35 158.40000000000003 183.82000000000002 1.0000000180025095e-35 376.35000000000008 245.50000000000003 536.6500000000002 340.8250000000001 1227.5000000000002 345.15000000000003 292.81666666666672 277.15000000000003 1.0000000180025095e-35 235.01250000000002 5.5000000000000009 279.05000000000007 67.550000000000011 77.050000000000011 319.55000000000007 701.45000000000016 472.25000000000006 3.5000000000000004 4.5000000000000009 133.45000000000002 227.95000000000002 337.85000000000002
decision_type=2 2 2 2 2 2 2 2 2 2 2 2 2 2 2 2 2 2 2 2 2 2 2 2 2 2 2 2 2 2 2 2 2 2 2 2 2 2 2 2 2 2 2 2 2 2 2 2 2 2 2 2 2 2 2 2 2 2 2 2 2 2
left_child=1 6 -3 4 -4 -6 7 10 9 17 12 -12 13 19 -15 -16 -17 18 -9 25 21 33 -23 -24 29 27 30 28 -1 -25 31 32 -27 34 -21 -36 -29 38 59 40 44 42 -40 57 45 47 -47 48 49 50 -39 -52 53 -51 -43 -48 58 -42 -57 60 -38 -61
right_child=-2 2 3 -5 5 -7 -8 8 -10 -11 11 -13 -14 14 15 16 -18 -19 -20 20 -22 22 23 24 -26 26 -28 36 -30 -31 -32 -33 -34 -35 35 -37 37 39 41 -41 43 54 -44 -45 -46 46 55 -49 -50 52 51 -53 -54 -55 -56 56 -58 -59 -60 61 -62 -63
leaf_value=-0.22106632256928163 -0.42281766140431754 -0.022283115505303545 0.17714643947588038 1.2382706956660494 1.9286157321929931 -0.36162141504741852 1.1846840069407509 -0.075935140825234934 -0.67471678161621096 1.0620873540639877 -0.21382414414882658 -1.5832410013675691 -0.88024661995862674 2.0796787703478778 -0.048020284940841901 1.8240784701846895 0.21748230725526813 -0.22621613735953969 1.2355222082907156 0.076314950360028888 -1.008930139578879 1.491168764697181 1.2809901409149171 -0.047133558057248594 1.004322407518824 0.37785124764886013 -1.4369350158649943 -0.040636465341767014 -1.9092041796445849 -1.3257365526631475 0.41728958503620045 -1.5254344038341356 -0.72207305564525281 0.99763085811652918 0.51344655980666487 -1.6293957242742181 -0.29741045743800126 -0.080327843533207988 1.4120973205566407 -1.4709054984428267 1.0546110722422601 1.8157080847483416 4.7314994687125802 -0.1226825699210167 -2.0201224816882095 -2.1078185659466366 -1.3983775636424189 1.3508039338248117 1.7625704560961044 0.32260081086770387 -0.35876738727092744 -3.7158768926348005 1.7823465708763369 -1.2176685869693757 -0.4591071128845215 0.57460890685518584 1.8387849898565385 3.1365030403137211 -1.3344754196348645 0.12418746857539467 1.4961646681740171 -1.608121302127838
leaf_weight=156 255 520 543 47 30 21 21 26 25 64 125 25 38 27 232 21 20 60 31 768 20 45 25 32 24 43 23 8412 20 26 37 23 47 22 30 32 52 96 20 54 20 26 21 32 23 33 23 49 21 153 20 21 31 34 20 24 21 25 21 23 21 30
leaf_count=156 255 520 543 47 30 21 21 26 25 64 125 25 38 27 232 21 20 60 31 768 20 45 25 32 24 43 23 8412 20 26 37 23 47 22 30 32 52 96 20 54 20 26 21 32 23 33 23 49 21 153 20 21 31 34 20 24 21 25 21 23 21 30
internal_value=-0.00779913 0.000616753 0.166293 0.319272 0.246557 0.985577 -0.0162354 -0.018449 0.358542 0.501257 -0.025391 -0.44206 -0.0197282 -0.0167552 0.29222 0.115438 1.04037 0.194478 0.637314 -0.0254188 0.108296 0.130552 0.574037 0.188328 -0.144801 -0.0395712 -0.406847 -0.0328844 -0.4129 -0.6203 -0.248901 -0.467034 -0.196554 0.0514325 0.0263525 -0.592537 -0.0257127 0.111638 0.63942 -0.0487293 0.0699685 1.90379 3.11228 1.24129 -0.088262 -0.00703201 -0.633931 0.172925 0.0194247 -0.083691 -0.67825 -2.07826 0.289954 0.0425518 0.826658 -0.0874334 0.369411 2.21122 -0.316297 -0.233597 0.21855 -0.856365
internal_weight=12830 12575 1161 641 594 51 11414 11393 206 181 11187 150 11037 10999 300 273 41 117 57 10699 1024 1004 152 107 82 9675 173 9502 176 58 150 113 90 852 830 62 9326 914 213 701 647 87 41 77 570 547 122 425 376 355 137 41 218 187 46 89 66 45 45 126 73 53
internal_count=12830 12575 1161 641 594 51 11414 11393 206 181 11187 150 11037 10999 300 273 41 117 57 10699 1024 1004 152 107 82 9675 173 9502 176 58 150 113 90 852 830 62 9326 914 213 701 647 87 41 77 570 547 122 425 376 355 137 41 218 187 46 89 66 45 45 126 73 53
is_linear=0
shrinkage=0.05


Tree=130
num_leaves=63
num_cat=0
split_feature=16 34 19 34 33 0 33 35 34 34 34 36 25 34 34 34 5 34 33 4 24 34 31 4 36 31 36 34 34 35 31 33 31 29 36 36 36 35 31 8 34 36 31 39 31 35 35 31 34 34 34 36 36 33 35 31 35 31 36 36 31 36
split_gain=22155.6 15170.5 13554.5 14107 13854.8 12925.8 14150.4 26956.3 12658.5 14778.4 12433.2 12086.3 11410.4 17317.8 15243.9 9864.87 9820.06 9258.94 13794.2 8856.44 8606.82 13431.5 13590.8 11952.2 13716.7 16196.4 11703.5 11469 11725.2 8446.07 9690.76 12757.7 8181.66 9379.36 9170.55 8019.6 7915.72 7799.88 7339.94 7080.16 6990.52 6888.27 6466.85 6271.34 6837.82 6200.96 5954.43 13304.6 14344.2 6094.59 12735.7 7469.22 7940.83 5930.22 8956.57 5956.17 28391.5 13435.7 26757.4 22647.8 9618.2 37618.6
threshold=1.0000000180025095e-35 490.75000000000006 1.0000000180025095e-35 483.50000000000006 446.75000000000006 1.0000000180025095e-35 148.65000000000001 801.70000000000016 279.9500000000001 175.20000000000002 475.30000000000001 153.15833333333336 1.0000000180025095e-35 426.50000000000006 391.65000000000003 384.80000000000007 1.0000000180025095e-35 218.95000000000002 319.15000000000003 1.0000000180025095e-35 1.0000000180025095e-35 429.35000000000008 488.85000000000008 1.0000000180025095e-35 282.87083333333339 249.25000000000003 306.96250000000003 78.250000000000014 131.25000000000003 495.15000000000003 142.15000000000001 369.25000000000006 330.95000000000005 1.0000000180025095e-35 252.75000000000003 379.92500000000013 311.75833333333338 849.65000000000009 372.25000000000006 1.0000000180025095e-35 369.30000000000007 229.83333333333337 346.75000000000006 1.0000000180025095e-35 430.25000000000006 468.65000000000009 1291.7500000000002 225.55000000000004 441.80000000000001 270.80000000000001 199.85000000000005 300.5750000000001 336.08750000000003 483.45000000000005 976.85000000000002 487.35000000000008 1055.3000000000004 493.95000000000005 345.92500000000007 334.51666666666671 484.15000000000003 384.55000000000007
decision_type=2 2 2 2 2 2 2 2 2 2 2 2 2 2 2 2 2 2 2 2 2 2 2 2 2 2 2 2 2 2 2 2 2 2 2 2 2 2 2 2 2 2 2 2 2 2 2 2 2 2 2 2 2 2 2 2 2 2 2 2 2 2
left_child=1 2 3 5 8 10 7 -7 9 -4 12 -2 20 14 16 19 32 18 41 29 23 22 39 46 27 26 -26 37 -29 -13 -31 -32 33 -14 38 -36 -19 -25 -34 -22 -30 -8 -27 45 -45 -44 53 -48 49 50 -49 -51 -53 55 -55 60 57 58 -57 -59 -1 -62
right_child=11 -3 4 -5 -6 6 17 -9 -10 -11 -12 15 13 -15 -16 -17 -18 36 -20 -21 21 -23 -24 24 25 42 -28 28 40 30 31 -33 34 -35 35 -37 -38 -39 -40 -41 -42 -43 43 44 -46 -47 47 48 -50 51 -52 52 -54 54 -56 56 -58 59 -60 -61 61 -63
leaf_value=-0.022367067568566573 -0.67986273270100361 1.1080141659705871 0.27790615513684258 -1.1477778921524684 1.5319975237051646 -0.28990519168290579 -0.3451039529659532 1.7099342757463454 1.1567159609869122 -1.0758448471625648 1.1652736693620682 1.1682750991412572 0.04952358595960963 1.2334172485603228 -1.2153659934089298 1.6345741992905027 0.73084712848345301 -0.68548269629478453 0.27291603691875937 1.4621853098982858 -0.12470445491623093 -1.1763461645572417 -1.2055851579776833 0.0854587526862427 1.9459982875803554 -0.094602223048950065 0.45973204236764176 -1.4967397525196984 0.086063679541224875 -0.77343224216075179 0.12333825758153882 1.3719125188313999 1.6203373885154726 -0.68559784990675909 -0.040391251440654252 0.48529089772310413 -2.0022667419342768 1.0962737679481507 0.48025797220567867 0.41171534522013231 -0.85467775591782158 -1.5581931900978088 0.16686566544367987 0.46263494253158566 -0.74600375348871406 0.77015880340906362 1.2846860792901782 0.516973703837878 -0.9913626680007348 -0.087201226168665394 -0.91122717945664022 1.6992369079589844 0.45031500782285416 0.35295995712280276 -0.93766148322966036 1.404380463306294 1.895789448592974 -1.5866957238742285 -0.14908989635415568 0.092465574787536142 -2.4236828792095189 0.25535163926450827
leaf_weight=8437 20 31 126 27 24 107 22 20 32 24 23 28 565 36 21 21 67 25 40 21 905 31 28 417 27 87 26 21 67 21 96 26 20 47 179 122 21 20 48 66 28 25 68 25 22 114 27 37 26 29 27 20 35 20 41 43 23 28 78 71 20 38
leaf_count=8437 20 31 126 27 24 107 22 20 32 24 23 28 565 36 21 21 67 25 40 21 905 31 28 417 27 87 26 21 67 21 96 26 20 47 179 122 21 20 48 66 28 25 68 25 22 114 27 37 26 29 27 20 35 20 41 43 23 28 78 71 20 38
internal_value=0.0122197 0.00328863 0.000564814 -0.00613547 0.402809 -0.00363755 -0.352447 0.0250302 0.253906 0.061306 0.00386995 0.495341 0.00165445 0.154787 0.118462 0.605689 0.14519 -0.712896 -0.409546 0.493155 -0.0137958 -0.151366 -0.11956 0.000485357 0.17194 0.408031 1.21689 0.0144042 -0.427554 0.374151 0.218658 0.389428 0.105191 -0.00693182 0.291151 0.172676 -1.28662 0.13172 0.815575 -0.0882434 -0.191207 -0.990364 0.272368 0.411785 -0.103111 0.544753 -0.0170792 0.252005 0.0917609 0.282039 -0.0855485 0.562106 0.904468 -0.0232261 -0.514507 -0.0197964 0.22428 0.0495315 0.40297 -0.382449 -0.0267783 -0.668453
internal_weight=12837 12604 12573 12367 206 12340 260 127 182 150 12080 233 12057 1105 1069 213 1048 133 87 192 10952 1030 999 9922 922 369 53 553 116 171 143 122 981 612 369 301 46 437 68 971 95 47 316 229 47 182 9000 201 174 148 64 84 55 8799 61 8738 243 220 121 99 8495 58
internal_count=12837 12604 12573 12367 206 12340 260 127 182 150 12080 233 12057 1105 1069 213 1048 133 87 192 10952 1030 999 9922 922 369 53 553 116 171 143 122 981 612 369 301 46 437 68 971 95 47 316 229 47 182 9000 201 174 148 64 84 55 8799 61 8738 243 220 121 99 8495 58
is_linear=0
shrinkage=0.05


Tree=131
num_leaves=63
num_cat=0
split_feature=19 9 31 32 8 38 4 24 0 32 32 37 13 40 36 28 36 36 35 35 31 35 31 15 36 35 32 36 28 28 32 35 36 35 28 31 35 31 35 28 39 36 36 21 1 32 40 32 28 32 36 32 31 10 7 35 35 35 32 35 38 35
split_gain=16045.7 16113.2 13168.5 15493.2 10536.2 12731.2 11299.2 10885.4 9882.07 17072.2 21984.7 9544.27 8867.84 9251.65 8380.2 22059 8341.42 15609.3 16496.4 16752.4 11045.2 13436.7 8227.67 7757.92 10388.8 9502.25 24004.6 12960.4 43062 27590.7 44234.4 67147.3 58569.8 11417.2 27581.2 38899.7 43787 49468.8 14226.2 17997.6 30081.3 10496.8 10136.3 8617.44 8249.92 8191.2 8071.06 13433.4 24406.4 68229.7 11903.3 10647 7748.42 7347.81 9167.87 10479.2 11159.8 10155 9907.23 7518.46 7237.18 7077.85
threshold=1.0000000180025095e-35 1.0000000180025095e-35 241.95000000000002 465.85000000000008 1.0000000180025095e-35 1.0000000180025095e-35 1.0000000180025095e-35 1.0000000180025095e-35 1.0000000180025095e-35 429.25000000000006 374.50000000000006 3.5000000000000004 1.0000000180025095e-35 1.5000000000000002 282.87083333333339 1.0000000180025095e-35 316.95000000000005 264.71666666666675 837.70000000000016 1018.5500000000001 196.45000000000002 837.70000000000016 387.25000000000006 1.0000000180025095e-35 310.41666666666674 1036.0000000000002 101.25000000000001 273.75000000000006 1.0000000180025095e-35 1.0000000180025095e-35 364.15000000000003 1257.3500000000001 354.05000000000007 873.05000000000007 1.0000000180025095e-35 205.95000000000002 960.80000000000007 426.55000000000007 786.30000000000007 1.0000000180025095e-35 1.0000000180025095e-35 280.54166666666674 306.96250000000003 1.0000000180025095e-35 1.0000000180025095e-35 86.450000000000017 1.0000000180025095e-35 364.15000000000003 1.0000000180025095e-35 412.25000000000006 221.75000000000003 378.05000000000007 326.95000000000005 1.0000000180025095e-35 1.0000000180025095e-35 779.25000000000011 670.35000000000002 562.75000000000011 336.25000000000006 918.1500000000002 1.0000000180025095e-35 1186.7000000000003
decision_type=2 2 2 2 2 2 2 2 2 2 2 2 2 2 2 2 2 2 2 2 2 2 2 2 2 2 2 2 2 2 2 2 2 2 2 2 2 2 2 2 2 2 2 2 2 2 2 2 2 2 2 2 2 2 2 2 2 2 2 2 2 2
left_child=1 4 16 12 6 -6 8 14 23 10 -10 -9 13 -4 53 -16 17 18 -3 -20 21 -19 -7 25 52 33 -27 28 61 41 31 -31 42 38 -35 -36 37 -37 46 45 -41 -29 -32 44 -43 -40 51 -48 50 -50 -49 -1 -25 54 55 56 57 -8 59 -57 -45 -28
right_child=-2 2 3 -5 5 22 7 11 9 -11 -12 -13 -14 -15 15 -17 -18 20 19 -21 -22 -23 -24 24 -26 26 27 29 -30 30 32 -33 -34 34 35 36 -38 -39 39 40 -42 43 -44 60 -46 -47 47 48 49 -51 -52 -53 -54 -55 -56 58 -58 -59 -60 -61 -62 -63
leaf_value=-0.10415653265311252 0.42639369347486566 0.046955890848555351 -0.17309716619551183 1.3546062386461668 0.076623614835179793 0.37151865780544591 0.049617677001254773 -0.88428996826740025 -0.32310191377106573 0.84282166132560143 -1.8763610443243615 0.15291056618804025 0.91115566241741197 0.3218300782984993 0.2553573364021926 1.6934984404465248 -0.88401107604687024 0.062408781051635748 -1.5075689385066162 0.26055113048780537 -0.2939587491750717 1.7048192623889808 1.3344459941310269 0.28511418495781538 0.9752651842527611 -1.9252462494373324 -0.40642283979389404 0.62350518777966502 -2.0834979613622031 -1.7028232437533302 3.4903537648916245 1.6929811904827756 -0.39064543771743776 0.019249553034926786 2.3224500193740383 -0.06794985346496106 -1.1962076511234045 3.0551709084283738 -1.0366411021462194 0.14426166725158693 -2.1705238892696799 -0.042550563815937831 1.8984753613173961 -0.46674390460690884 -1.080848534901937 -0.13113565802540597 -0.026962804759932131 0.68516035310075252 3.5383593976497654 -0.37976330566406252 0.0012817851538322754 -0.65828422117740548 -0.73633557061354327 -0.55272345576021409 -0.59057954805237911 0.93591767880651688 -0.71756408792443394 0.90367785088717945 1.4219905717619534 -0.16783428490161897 -1.4199039386662966 0.34038503432874473
leaf_weight=1114 229 330 120 35 1011 78 268 47 184 26 26 42 50 443 331 29 26 20 37 21 20 33 31 82 43 20 90 32 36 37 20 24 25 527 33 32 31 21 27 25 32 215 20 117 21 333 5541 79 20 25 327 94 24 45 42 27 41 40 29 36 24 49
leaf_count=1114 229 330 120 35 1011 78 268 47 184 26 26 42 50 443 331 29 26 20 37 21 20 33 31 82 43 20 90 32 36 37 20 24 25 527 33 32 31 21 27 25 32 215 20 117 21 333 5541 79 20 25 327 94 24 45 42 27 41 40 29 36 24 49
internal_value=0.0116087 0.00407495 0.183787 0.331432 -0.0137036 0.131976 -0.0294634 0.132353 -0.046325 -0.365774 -0.51541 -0.394825 0.273013 0.216339 0.185189 0.371208 -0.0126679 0.0364751 -0.0897243 -0.867388 0.707233 1.08504 0.645379 -0.0380766 0.319756 -0.0440067 -0.216922 -0.1688 -0.542315 -0.0466228 0.600298 -0.366769 1.50785 -0.0287266 0.173427 0.867886 0.296449 1.16951 -0.0458183 -0.329755 -1.15527 -0.245919 2.69441 -0.319716 -0.134941 -0.199049 -0.0293736 -0.0056043 0.256807 1.36162 0.134352 -0.147276 0.0538425 0.0583581 0.115291 0.182517 0.0573769 0.160535 0.657233 0.305202 -0.628984 -0.14316
internal_weight=12837 12608 1135 648 11473 1120 10353 977 9376 236 210 89 613 563 888 360 487 461 388 58 73 53 109 9140 149 8991 730 710 175 535 126 61 65 8261 644 117 84 53 7617 417 57 409 40 377 236 360 7200 5992 451 45 406 1208 106 528 483 441 349 308 92 63 141 139
internal_count=12837 12608 1135 648 11473 1120 10353 977 9376 236 210 89 613 563 888 360 487 461 388 58 73 53 109 9140 149 8991 730 710 175 535 126 61 65 8261 644 117 84 53 7617 417 57 409 40 377 236 360 7200 5992 451 45 406 1208 106 528 483 441 349 308 92 63 141 139
is_linear=0
shrinkage=0.05


Tree=132
num_leaves=63
num_cat=0
split_feature=34 19 9 36 8 35 35 40 28 36 5 0 32 32 8 34 32 40 35 36 34 36 35 32 35 32 36 32 35 35 34 32 35 38 15 34 34 36 34 32 37 20 32 34 32 36 32 29 32 35 32 35 40 35 4 11 36 32 36 40 24 40
split_gain=19381.8 13885 14334.5 11165.9 12708.4 10380.5 10217.1 25542.6 24195.6 11279 9941.27 11633.4 10841.4 22651.8 10598.7 11549.7 9872.51 16985.7 9505.91 8851.86 12278.8 8357.32 10724.1 34490.9 15844 13769.5 12267.8 12175.8 11459.8 15521.9 8354.82 13989.5 7748.3 7559.17 7434.31 10282.5 13602.1 15773.2 12692.9 20236.3 15078.3 9050.8 8756.16 7252.57 8598.4 15035.7 7701.84 6954.26 10412.6 11527.8 6854.52 6559.58 6851.25 11839.9 6346.62 10909.2 11552.4 11061.1 16332.9 13005.2 10691.6 10634.6
threshold=490.75000000000006 1.0000000180025095e-35 1.0000000180025095e-35 369.95000000000005 1.0000000180025095e-35 819.1500000000002 1009.4000000000001 1.0000000180025095e-35 1.0000000180025095e-35 308.02500000000003 1.0000000180025095e-35 1.0000000180025095e-35 453.75000000000006 365.75000000000006 1.0000000180025095e-35 81.350000000000009 218.05000000000004 4.5000000000000009 1162.6500000000003 290.52500000000003 56.050000000000004 425.18333333333339 1241.4000000000003 352.75000000000006 1152.0500000000002 446.75000000000006 304.74166666666673 397.75000000000006 1067.0500000000002 992.6500000000002 79.550000000000011 166.35000000000005 892.35000000000002 1.0000000180025095e-35 1.0000000180025095e-35 460.60000000000008 475.30000000000001 291.72500000000008 426.50000000000006 343.35000000000008 4.5000000000000009 1.0000000180025095e-35 403.85000000000008 285.00000000000006 249.75000000000003 278.37500000000006 181.85000000000005 1.0000000180025095e-35 472.25000000000006 879.1500000000002 397.75000000000006 594.25000000000011 3.5000000000000004 873.05000000000007 1.0000000180025095e-35 1.0000000180025095e-35 242.6166666666667 341.65000000000003 305.71000000000004 4.5000000000000009 1.0000000180025095e-35 2.5000000000000004
decision_type=2 2 2 2 2 2 2 2 2 2 2 2 2 2 2 2 2 2 2 2 2 2 2 2 2 2 2 2 2 2 2 2 2 2 2 2 2 2 2 2 2 2 2 2 2 2 2 2 2 2 2 2 2 2 2 2 2 2 2 2 2 2
left_child=1 2 10 4 6 -5 30 9 16 -8 11 34 13 -13 21 -16 -9 -18 -7 20 -6 22 24 -24 25 27 -27 28 29 -12 33 -32 -29 -4 35 38 37 -37 41 40 -40 47 51 44 45 46 -3 54 -49 -50 -19 -43 53 -53 -1 56 60 -58 59 -59 -56 -60
right_child=-2 43 3 5 19 18 7 8 -10 -11 14 12 -14 -15 15 -17 17 50 -20 -21 -22 -23 23 -25 -26 26 -28 32 -30 -31 31 -33 -34 -35 -36 36 -38 -39 39 -41 -42 42 -44 -45 -46 -47 -48 48 49 -51 -52 52 -54 -55 55 -57 57 58 61 -61 -62 -63
leaf_value=-0.022127990268403858 1.2212121389128947 -0.19131460193453767 0.086453302793565501 0.22538880677148701 -0.25708482247410397 1.6714538926078426 0.22177827954292298 -0.33754495930671696 2.4251092386245729 -1.4574303784966469 0.047558382029200492 -0.2407527478479351 0.75041700192727157 -1.5619094830292921 0.15467710369825363 1.3111077924308026 1.7866552657094497 0.88606011748313918 0.47699262061052861 0.35125302927834645 -1.8036866880598525 0.64382544563662625 -2.0411975922584538 0.26609531702554745 1.1673686908953118 -1.3894357506434123 -0.020404014984766641 0.34630640668253743 -1.0178785835703215 1.3166288952827454 0.19495063066482543 -1.1957900158609405 1.590203646676881 0.7963808694016189 0.31127769005734751 -2.1177034974098206 0.19169310992583632 -0.26420573393503827 0.39577744853112007 -0.70032165845235195 2.0651029109954835 -0.13441516160964967 0.39304595181057533 0.94800887640486386 -0.076980466591684449 1.7072914566682735 0.96835520375858664 -0.11588249466894718 -0.1126508741151719 -1.7899517884850504 -0.14390030588422503 -1.2797775745391846 -1.2281266916057338 0.33838153458558601 0.036632117918666253 -0.5408076296592581 0.15257057747940117 2.1124931522778101 1.2033153154576819 0.62589069681782883 -0.96610609786263835 -0.0021096738514962137
leaf_weight=7814 33 41 599 100 33 31 20 25 20 20 665 193 20 39 50 38 29 30 36 21 21 62 25 46 33 30 36 31 24 25 40 33 21 40 164 22 32 24 31 21 24 63 31 47 95 23 22 890 21 20 35 20 46 26 319 58 290 28 24 31 29 77
leaf_count=7814 33 41 599 100 33 31 20 25 20 20 665 193 20 39 50 38 29 30 36 21 21 62 25 46 33 30 36 31 24 25 40 33 21 40 164 22 32 24 31 21 24 63 31 47 95 23 22 890 21 20 35 20 46 26 319 58 290 28 24 31 29 77
internal_value=0.0110283 0.00790925 0.000898472 0.170545 0.105281 0.548058 0.157897 0.49558 0.815985 -0.617826 -0.0158986 -0.0309897 -0.366553 -0.462844 0.128022 0.654045 0.545543 0.780407 1.02965 -0.519799 -0.858541 0.0816392 0.0444004 -0.546332 0.0928882 0.0502706 -0.642691 0.109977 0.0561806 0.0935392 0.0730024 -0.43374 0.84865 0.130893 -0.0226213 -0.0281298 -0.599952 -1.15066 -0.0236076 0.620063 1.12421 -0.028606 -0.37406 0.394609 0.250909 0.613112 0.213649 -0.0219135 -0.151772 -0.930846 0.331466 -0.527481 -0.796646 -0.365166 -0.00796902 0.121281 0.169403 0.3367 0.670435 1.3314 -0.0469294 0.284328
internal_weight=12837 12804 12576 1133 966 167 891 179 139 40 11443 10357 252 232 1086 88 119 94 67 75 54 998 936 71 865 832 66 766 714 690 712 73 52 639 10105 9941 78 46 9863 76 55 9787 186 228 181 86 63 9601 931 41 65 155 92 46 8670 856 798 450 160 59 348 101
internal_count=12837 12804 12576 1133 966 167 891 179 139 40 11443 10357 252 232 1086 88 119 94 67 75 54 998 936 71 865 832 66 766 714 690 712 73 52 639 10105 9941 78 46 9863 76 55 9787 186 228 181 86 63 9601 931 41 65 155 92 46 8670 856 798 450 160 59 348 101
is_linear=0
shrinkage=0.05


Tree=133
num_leaves=63
num_cat=0
split_feature=16 25 9 36 5 32 37 35 36 19 31 29 37 40 40 20 36 36 36 36 24 36 36 31 32 38 31 40 37 35 32 35 35 32 35 35 35 35 4 5 24 36 7 35 36 35 37 36 21 32 37 31 31 32 31 36 35 31 31 15 36 35
split_gain=19624.7 10877.5 16326.7 21414.7 10914.2 12562.6 11531.6 12268.8 10824.2 10229.4 9664.87 14156.4 9704.85 8842.67 8666.05 11565.3 10622.3 15791.4 10123.6 23328.9 12542.2 16640.7 15272.8 26532.3 10140.2 22459.5 8750.06 8401.23 15169.9 13941.9 12211.2 8348.22 9644.85 8067.89 8758.45 12390.3 8022.31 7901.78 7453.46 10376.2 9731.67 8878.67 9609.58 8024.11 7414.15 7400.55 7335.96 7290.17 13260.9 6929.41 10354.1 7781.52 15183.9 14341.7 11763 8481.53 8621.49 7855.21 7647.12 7039.32 6910.55 6877.29
threshold=1.0000000180025095e-35 1.0000000180025095e-35 1.0000000180025095e-35 305.71000000000004 1.0000000180025095e-35 239.05000000000004 4.5000000000000009 1401.7500000000002 153.15833333333336 1.0000000180025095e-35 330.95000000000005 1.0000000180025095e-35 2.5000000000000004 4.5000000000000009 1.0000000180025095e-35 1.0000000180025095e-35 208.12500000000003 242.6166666666667 306.96250000000003 310.41666666666674 1.0000000180025095e-35 344.31666666666672 325.81666666666672 362.15000000000003 429.25000000000006 1.0000000180025095e-35 145.25000000000003 2.5000000000000004 3.5000000000000004 774.25000000000011 324.55000000000007 1274.3500000000001 1377.7500000000002 369.45000000000005 912.95000000000016 701.45000000000016 1107.4500000000003 1000.2500000000001 1.0000000180025095e-35 1.0000000180025095e-35 1.0000000180025095e-35 261.0750000000001 1.0000000180025095e-35 1055.3000000000004 305.71000000000004 899.20000000000016 5.5000000000000009 252.75000000000003 1.0000000180025095e-35 332.15000000000003 3.5000000000000004 432.95000000000005 370.35000000000008 218.05000000000004 338.05000000000007 204.23333333333338 686.45000000000016 352.05000000000007 312.35000000000008 1.0000000180025095e-35 283.94500000000005 867.15000000000009
decision_type=2 2 2 2 2 2 2 2 2 2 2 2 2 2 2 2 2 2 2 2 2 2 2 2 2 2 2 2 2 2 2 2 2 2 2 2 2 2 2 2 2 2 2 2 2 2 2 2 2 2 2 2 2 2 2 2 2 2 2 2 2 2
left_child=1 9 4 -4 6 -6 7 10 -2 14 11 -3 -13 -8 18 38 -17 -18 24 -20 22 -22 23 -21 33 26 -26 60 29 -29 -30 36 -33 49 35 -35 37 -24 46 40 41 42 -40 -42 -19 -41 -16 -12 -49 51 -51 52 54 -53 58 -54 -57 -56 59 -1 -10 -11
right_child=8 2 3 -5 5 -7 13 -9 27 61 47 12 -14 -15 15 16 17 44 19 20 21 -23 31 -25 25 -27 -28 28 30 -31 -32 32 -34 34 -36 -37 -38 -39 39 45 43 -43 -44 -45 -46 -47 -48 48 -50 50 -52 53 55 -55 57 56 -58 -59 -60 -61 -62 -63
leaf_value=-0.082208714770056271 -0.64698691248893736 -0.012807074906609537 0.1987121322244968 1.8367442050948739 -0.21861563986883714 1.1364034813642501 1.2523473978042603 -1.1340388132178265 -0.22245318624708388 0.046532365990181762 0.76324745468926014 -0.040571590960025793 -1.4624869092305501 0.074601785739262891 -0.0089010482330066556 0.19296673986969926 -1.9411080490459096 0.16792657308040126 -1.7467467172214619 -0.073341356704429705 -1.9987775710496036 -0.25333098543600902 -0.15789848922217151 2.0877288773655893 -0.68641711453596754 1.5925195331374804 0.53156803425016075 0.97427597047614034 0.83639437699759456 -0.52831850281128523 2.4439932891300749 -1.548777934446931 -0.17332389179903729 -0.22476886312166849 0.20970249233974353 -1.6690344029002722 0.80715803474187853 -1.0289681851863861 0.0638143248949751 0.246443670176931 -0.78157617312211258 0.34209692178403633 -0.86992818474769595 0.37645023947670347 -0.90121966723133529 1.3576579823576171 0.84889391536312186 0.25784081697493677 -0.88937054276466376 1.0903481103479862 -0.30046484068683954 0.88586865009046079 -1.5562436282634735 -0.6939194497466088 1.3303431982994081 0.16197987967921842 -0.99923694422750775 0.076931059837341317 -0.84316739141941077 0.70974025078888603 0.6096684710255692 0.6419625481932747
leaf_weight=865 20 519 53 32 26 50 34 23 45 96 57 20 30 30 8275 41 22 31 26 49 22 36 371 20 30 30 29 38 27 26 21 25 26 33 27 27 20 28 338 31 52 340 30 21 34 29 25 251 28 32 23 51 23 20 25 31 33 25 32 29 56 98
leaf_count=865 20 519 53 32 26 50 34 23 45 96 57 20 30 30 8275 41 22 31 26 49 22 36 371 20 30 30 29 38 27 26 21 25 26 33 27 27 20 28 338 31 52 340 30 21 34 29 25 251 28 32 23 51 23 20 25 31 33 25 32 29 56 98
internal_value=0.0104769 0.00207137 0.148453 0.815383 0.0953736 0.672844 0.0511319 0.00636312 0.465167 -0.0126678 0.0353457 -0.090216 -0.893721 0.700279 -0.0188717 0.0014454 -0.470535 -0.78322 -0.113599 -0.280613 -0.216761 -0.915397 -0.141583 0.553056 -0.0373729 0.478635 -0.0877464 0.569595 0.867792 0.363847 1.53972 -0.243562 -0.847566 -0.0733641 -0.538153 -0.874688 -0.170044 -0.219026 0.00805446 0.149893 0.101214 0.157887 -0.012306 -0.448445 -0.391319 0.783531 -0.00631733 0.247978 0.142708 -0.0393551 0.508735 -0.065938 -0.099788 0.440858 -0.0433684 -0.732725 -0.436773 0.703637 -0.0837035 -0.0565191 0.238921 0.347317
internal_weight=12837 12604 1153 85 1068 76 992 928 233 11451 905 569 50 64 11257 9269 128 87 1988 623 597 58 539 69 1365 89 59 213 112 64 48 470 51 1276 87 60 419 399 9141 841 781 708 368 73 65 60 8300 336 279 1189 55 1134 1063 71 976 87 64 50 926 894 101 194
internal_count=12837 12604 1153 85 1068 76 992 928 233 11451 905 569 50 64 11257 9269 128 87 1988 623 597 58 539 69 1365 89 59 213 112 64 48 470 51 1276 87 60 419 399 9141 841 781 708 368 73 65 60 8300 336 279 1189 55 1134 1063 71 976 87 64 50 926 894 101 194
is_linear=0
shrinkage=0.05


Tree=134
num_leaves=63
num_cat=0
split_feature=16 28 9 31 31 36 35 36 36 4 32 12 32 36 1 5 12 35 17 36 32 31 31 18 11 35 11 32 7 2 37 31 36 36 31 10 35 31 23 32 32 28 31 35 28 31 20 36 12 38 35 31 21 21 36 32 32 31 36 35 31 35
split_gain=17711.3 51166 10549.7 11528.2 12621.6 15798.3 15762 15613.4 11944 9382.82 9375.34 9592.89 9325.45 9973.93 8952.91 8096.28 12247 11693.6 9802.42 33782.9 41593.5 13710.1 13080.1 8416.86 8509.65 8502.88 8154.16 35764.5 11644.6 8090.14 9822.21 26119.7 23433.4 17392.2 25014.5 16716 16673.9 20712.4 10340 17773.3 10149.1 22253 9810.7 9184.44 22652.7 35264.6 8991.52 8153.88 7924.86 9109.15 8224.8 8142.77 7852.44 7802.93 10395.1 7759.51 7597 7291.84 7184.3 11250.1 7150.28 11696.1
threshold=1.0000000180025095e-35 1.0000000180025095e-35 1.0000000180025095e-35 211.95000000000002 202.65000000000001 265.81666666666672 716.85000000000002 281.71250000000003 229.83333333333337 1.0000000180025095e-35 465.85000000000008 1.0000000180025095e-35 427.95000000000005 349.01666666666671 1.0000000180025095e-35 1.0000000180025095e-35 1.0000000180025095e-35 946.45000000000016 1.0000000180025095e-35 230.82500000000005 218.05000000000004 234.35000000000005 271.85000000000008 1.0000000180025095e-35 1.0000000180025095e-35 1327.2000000000003 1.0000000180025095e-35 485.65000000000003 1.0000000180025095e-35 1.0000000180025095e-35 4.5000000000000009 466.05000000000007 154.68750000000003 271.56250000000006 287.55000000000007 1.0000000180025095e-35 1352.45 443.05000000000007 1.0000000180025095e-35 413.85000000000008 476.65000000000003 1.0000000180025095e-35 352.05000000000007 1257.3500000000001 1.0000000180025095e-35 305.65000000000003 1.0000000180025095e-35 311.75833333333338 1.0000000180025095e-35 1.0000000180025095e-35 774.25000000000011 480.75000000000006 1.0000000180025095e-35 1.0000000180025095e-35 256.62500000000006 188.45000000000002 472.25000000000006 189.95000000000002 265.81666666666672 634.45000000000016 319.95000000000005 1089.1000000000001
decision_type=2 2 2 2 2 2 2 2 2 2 2 2 2 2 2 2 2 2 2 2 2 2 2 2 2 2 2 2 2 2 2 2 2 2 2 2 2 2 2 2 2 2 2 2 2 2 2 2 2 2 2 2 2 2 2 2 2 2 2 2 2 2
left_child=2 9 14 4 5 6 8 -7 -4 -2 11 12 -5 -14 15 18 52 -18 23 21 -21 -20 -22 26 25 48 29 28 -28 30 36 32 -32 34 35 57 38 -38 40 53 46 -42 -36 44 -31 -46 56 58 49 51 -51 -25 -17 -40 55 -55 -1 -34 59 -48 61 -54
right_child=1 -3 3 10 -6 7 -8 -9 -10 -11 -12 -13 13 -15 -16 16 17 -19 19 20 22 -23 -24 24 -26 -27 27 -29 -30 43 31 -33 33 -35 42 -37 37 -39 39 -41 41 -43 -44 -45 45 -47 47 -49 -50 50 -52 -53 60 54 -56 -57 -58 -59 -60 -61 -62 -63
leaf_value=-0.02251985848198472 0.1022393764040545 2.8599165353178981 -0.042518880222760666 0.22416416763098793 -1.0869025445410185 1.842866811298189 -0.76696745568513869 0.19175901333491008 1.2318279719352723 1.1926710573109716 1.0332982805998703 0.8656267465816605 -1.2836023818362845 0.22198824550617827 -0.32757574479639262 0.1545162802614069 0.25195739947195195 1.4309042158451948 -0.041123999580740929 2.2578936609061988 -0.7393139429092408 -1.6444455975294112 0.71859985719667752 0.13341153381626819 0.61735951860810268 -0.683155571969433 -0.091055506606513542 -2.2748183271288873 -0.86238794037355826 0.15463990698885649 1.3421054662177057 2.0026875036954883 0.93592890277504925 1.1823901870976323 -1.8411431918144228 -1.0905964437127114 -0.1036517826949849 -2.0221186678235727 -0.20738532773623783 -0.86977432721484738 0.12665032824235303 1.900315704516002 -0.5589750715204187 0.78489928987561441 0.14900283868823733 -2.3394292354583741 0.0099510989018848969 -1.2705942926406861 -0.42142099377824299 0.006358909268270839 1.2470848456901664 -0.68183406842872507 -0.13269215653173061 1.1729187405109405 -0.64991567082082236 0.15951179195852841 -0.84803840943745201 -0.029710724774528952 0.53569576306776567 -1.2982273684607613 -0.48955734017151364 1.1471939768110004
leaf_weight=5977 191 20 228 581 28 21 75 45 20 22 38 54 22 22 221 735 58 33 40 37 25 20 40 715 77 36 829 20 52 743 33 20 46 23 25 20 34 24 535 93 112 21 37 49 35 24 42 25 67 22 34 32 119 30 24 51 28 34 22 27 103 21
leaf_count=5977 191 20 228 581 28 21 75 45 20 22 38 54 22 22 221 735 58 33 40 37 25 20 40 715 77 36 829 20 52 743 33 20 46 23 25 20 34 24 535 93 112 21 37 49 35 24 42 25 67 22 34 32 119 30 24 51 28 34 22 27 103 21
internal_value=0.00995303 0.441909 0.0019678 0.14745 -0.0615928 0.0122084 -0.131828 0.717111 0.060251 0.214866 0.269028 0.226256 0.171014 -0.530807 -0.0124156 -0.00622388 0.124676 0.679488 -0.0199697 0.36586 0.919639 -0.575565 0.157864 -0.0262089 0.112736 0.0698483 -0.041326 -0.184046 -0.136583 -0.0255169 -0.0425622 0.273354 0.114699 -0.104243 -0.286914 0.202306 -0.0532348 -0.8975 -0.0462264 -0.223896 -0.0254027 0.406703 -1.07598 0.12036 0.0797584 -0.863241 -0.0347917 -0.470808 0.101007 0.144597 0.759657 0.098488 0.0730529 -0.130041 0.264045 0.534848 -0.0263691 0.525532 -0.251087 -0.501945 -0.173349 0.0592908
internal_weight=12837 233 12604 1134 417 389 323 66 248 213 717 679 625 44 11470 11249 1069 91 10180 162 102 60 65 10018 983 906 9035 901 881 8134 7283 238 218 185 162 100 7045 58 6987 733 6254 133 62 851 802 59 6121 116 870 803 56 747 978 640 105 81 6005 80 91 69 243 140
internal_count=12837 233 12604 1134 417 389 323 66 248 213 717 679 625 44 11470 11249 1069 91 10180 162 102 60 65 10018 983 906 9035 901 881 8134 7283 238 218 185 162 100 7045 58 6987 733 6254 133 62 851 802 59 6121 116 870 803 56 747 978 640 105 81 6005 80 91 69 243 140
is_linear=0
shrinkage=0.05


Tree=135
num_leaves=63
num_cat=0
split_feature=28 32 31 35 32 32 35 2 32 0 31 36 32 33 35 35 33 35 31 32 33 14 33 35 35 35 35 31 31 35 32 31 32 15 35 31 35 22 35 32 35 33 31 36 39 7 21 36 31 31 36 35 32 36 36 35 32 33 33 35 35 23
split_gain=20811.3 40496.6 91766.7 30703.3 24543.2 42599.6 24089.7 29117 52381.1 25192.4 23449.3 58935.8 37923.3 34780.1 28292.6 52279.7 22892.5 41422.1 66553.6 21865.9 17706.6 17420.2 15808.5 17168.9 59958 43327.2 20052.8 15856.3 41900.3 23037.1 81452.8 26857.4 15793.7 14526.6 13826 16761.5 12582.3 10021.2 9962.13 19612.5 9965.75 9698.98 10062.5 8632.29 8550.68 8380.41 8706.92 30477.2 25098.8 12343 19807.6 12020.2 11813.6 10470.3 10293.8 17960.6 16609.3 21561 12665.3 10972.7 9342.95 8969.81
threshold=1.0000000180025095e-35 467.75000000000006 182.85000000000005 906.45000000000005 455.45000000000005 442.25000000000006 1401.7500000000002 1.0000000180025095e-35 309.95000000000005 1.0000000180025095e-35 143.65000000000001 259.93333333333334 325.75000000000006 298.15000000000003 1089.1000000000001 1175.5000000000002 412.95000000000005 953.35000000000014 401.25000000000006 343.35000000000008 288.30000000000007 1.0000000180025095e-35 218.95000000000002 654.95000000000016 701.45000000000016 618.75000000000011 731.35000000000025 477.45000000000005 439.55000000000007 463.35000000000008 142.45000000000002 314.35000000000008 171.65000000000001 1.0000000180025095e-35 813.45000000000016 397.25000000000006 562.75000000000011 1.0000000180025095e-35 388.85000000000008 83.050000000000011 361.85000000000008 442.60000000000008 399.25000000000006 292.81666666666672 1.0000000180025095e-35 1.0000000180025095e-35 1.0000000180025095e-35 305.71000000000004 488.85000000000008 341.65000000000003 186.45000000000002 1077.8500000000001 99.800000000000026 178.41250000000005 208.12500000000003 946.45000000000016 303.10000000000008 361.30000000000001 452.65000000000003 1009.4000000000001 483.4500000000001 1.0000000180025095e-35
decision_type=2 2 2 2 2 2 2 2 2 2 2 2 2 2 2 2 2 2 2 2 2 2 2 2 2 2 2 2 2 2 2 2 2 2 2 2 2 2 2 2 2 2 2 2 2 2 2 2 2 2 2 2 2 2 2 2 2 2 2 2 2 2
left_child=21 4 -3 -4 5 6 7 9 32 10 11 12 13 -2 16 -16 17 20 -19 -17 22 33 23 25 -25 27 -26 28 29 38 -31 36 -9 37 -28 -36 -32 45 40 -40 -12 42 44 -44 -39 46 51 48 49 54 53 61 60 -51 55 -48 58 -58 -56 -57 -52 -1
right_child=1 2 3 -5 -6 -7 -8 8 -10 -11 14 -13 -14 -15 15 19 -18 18 -20 -21 -22 -23 -24 24 26 -27 34 -29 -30 30 31 -33 -34 -35 35 -37 -38 41 39 -41 -42 -43 43 -45 -46 -47 47 -49 -50 50 52 -53 -54 -55 56 59 57 -59 -60 -61 -62 -63
leaf_value=0.044133878621351687 -0.088274008095264436 4.1323915492920653 -1.3140883233246861 1.1292896134364936 -1.5640736171177456 2.0201664826522272 1.6455168304443359 -0.92883867933636621 0.92427506637573242 -1.5303271775895899 0.026001394955490371 -2.8023325011843729 -1.6407827838261924 1.7153230478028385 2.4631795278409636 -0.74792634323239326 1.36423917672573 0.21290796268731357 -3.4095990544273742 1.100465203728527 1.2806701635059559 -0.4558739181352599 -1.0150372001859878 2.9243372349739079 -1.1813578214673768 -2.0447485509126082 1.2703716377954226 1.5608056968450548 -1.7423874858500703 3.4443886001904809 0.070236632227897652 -1.3694590611891313 -2.8064403044680759 0.44839763504266739 -0.87529109051594378 0.99991365589878789 1.6235524583946574 0.0088988794508029004 0.30306886211037637 -1.6613501509030659 1.142757203527119 0.61503870426504703 -1.7653705563023685 -0.5493613405360116 -0.6873283249991281 -0.13603115370425922 -0.047366090641100179 -0.49300693791670103 1.3112968034214445 0.4110399986715878 -0.066287620377352863 0.30917869861034419 0.19970520384246779 1.383861833156609 -0.4609119093593429 1.8512315677106379 -0.28676628549915872 0.67847689275558176 -1.5839262279970894 0.24990055379660234 -0.85661781988335106 -0.14971972140582038
leaf_weight=6052 125 21 20 36 21 30 25 21 25 22 152 21 30 34 41 32 39 32 21 32 38 217 27 25 21 23 37 20 28 24 32 22 24 175 26 22 22 147 27 24 23 27 20 54 63 1063 1077 360 36 85 127 394 349 41 187 20 224 78 29 23 53 662
leaf_count=6052 125 21 20 36 21 30 25 21 25 22 152 21 30 34 41 32 39 32 21 32 38 217 27 25 21 23 37 20 28 24 32 22 24 175 26 22 22 147 27 24 23 27 20 54 63 1063 1077 360 36 85 127 394 349 41 187 20 224 78 29 23 53 662
internal_value=0.00880448 0.20304 1.31367 0.256655 0.129822 0.160835 0.110898 0.0757646 -0.910761 0.143335 0.180155 -0.289456 -0.0102474 0.297401 0.304989 1.06925 0.187839 0.116818 -1.22243 0.176269 0.236514 -0.0121091 0.165022 0.225366 0.721711 0.0615846 0.202224 0.191118 0.113735 0.273157 0.90503 0.103127 -1.93023 -0.00362179 0.54405 -0.0158222 0.703069 -0.0107029 -0.00643326 -0.621364 0.172775 -0.290548 -0.376643 -0.878012 -0.199969 -0.00268894 0.011779 -0.0648572 0.0013231 -0.0192434 0.164205 0.040771 0.0300148 0.727593 -0.0926006 -0.00735798 -0.276909 -0.0374651 -0.611687 0.994706 -0.298996 0.0250199
internal_weight=12808 1245 77 56 1168 1147 1117 1092 70 1022 1000 210 189 159 790 105 685 646 53 64 593 11563 555 528 131 397 106 374 354 326 100 76 45 11346 85 48 54 11171 226 51 175 311 284 74 210 10860 9797 2689 2329 2293 655 7108 529 126 1638 1120 518 302 216 43 180 6714
internal_count=12808 1245 77 56 1168 1147 1117 1092 70 1022 1000 210 189 159 790 105 685 646 53 64 593 11563 555 528 131 397 106 374 354 326 100 76 45 11346 85 48 54 11171 226 51 175 311 284 74 210 10860 9797 2689 2329 2293 655 7108 529 126 1638 1120 518 302 216 43 180 6714
is_linear=0
shrinkage=0.05


Tree=136
num_leaves=63
num_cat=0
split_feature=28 32 31 35 32 32 35 2 32 0 31 36 32 40 36 35 35 34 31 33 35 31 31 33 9 33 33 14 32 33 36 32 15 35 40 35 32 32 32 32 32 35 36 32 22 33 31 36 33 39 35 40 5 33 36 24 35 31 36 36 32 20
split_gain=18782.2 36548.2 82819.5 27709.8 22150.3 38446.1 21741 26278.1 47274 22736.1 21163 53189.6 34225.8 39027.3 47541.1 25534.1 47182.4 30362.6 24611.3 20660.5 37383.5 60064.7 16722.4 15980.2 16404.2 21921.2 21518.7 15721.7 15012.9 14509.7 14377.7 14253.8 13110.2 12887.2 10981.6 25353.4 21678.2 15527.7 25471 20021.6 26790.3 16764.3 13079.8 12916 9044.1 8753.33 9081.44 7790.64 7736.06 7716.99 8371.26 9832.05 7590.93 9410.74 9000.03 7387.16 11254.2 7770.6 16029.8 11437.7 9027.31 10129.5
threshold=1.0000000180025095e-35 467.75000000000006 182.85000000000005 906.45000000000005 455.45000000000005 442.25000000000006 1401.7500000000002 1.0000000180025095e-35 309.95000000000005 1.0000000180025095e-35 143.65000000000001 259.93333333333334 325.75000000000006 5.5000000000000009 150.0291666666667 1089.1000000000001 1175.5000000000002 232.10000000000005 98.550000000000011 412.95000000000005 953.35000000000014 401.25000000000006 83.050000000000011 288.30000000000007 1.0000000180025095e-35 218.95000000000002 97.15000000000002 1.0000000180025095e-35 71.300000000000026 67.550000000000011 148.22500000000002 171.65000000000001 1.0000000180025095e-35 819.1500000000002 5.5000000000000009 588.85000000000002 379.75000000000006 315.15000000000003 115.55000000000001 184.85000000000005 247.80000000000004 382.50000000000006 391.65000000000003 83.050000000000011 1.0000000180025095e-35 442.60000000000008 399.25000000000006 292.81666666666672 496.75000000000006 1.0000000180025095e-35 614.25000000000011 3.5000000000000004 1.0000000180025095e-35 433.05000000000007 304.74166666666673 1.0000000180025095e-35 1009.4000000000001 338.05000000000007 186.45000000000002 180.97500000000005 485.65000000000003 1.0000000180025095e-35
decision_type=2 2 2 2 2 2 2 2 2 2 2 2 2 2 2 2 2 2 2 2 2 2 2 2 2 2 2 2 2 2 2 2 2 2 2 2 2 2 2 2 2 2 2 2 2 2 2 2 2 2 2 2 2 2 2 2 2 2 2 2 2 2
left_child=27 4 -3 -4 5 6 7 9 31 10 11 12 13 14 22 19 -17 -18 -16 20 23 -22 -2 24 25 26 29 32 -15 30 -12 -9 44 -28 36 43 37 38 41 -40 -41 -32 -43 -36 48 46 49 -48 52 50 -46 -52 55 -54 -55 57 -57 -1 59 -59 61 -60
right_child=1 2 3 -5 -6 -7 -8 8 -10 -11 15 -13 -14 28 18 16 17 -19 -20 -21 21 -23 -24 -25 -26 -27 33 -29 -30 -31 34 -33 -34 -35 35 -37 -38 -39 39 40 -42 42 -44 -45 45 -47 47 -49 -50 -51 51 -53 53 54 -56 56 -58 58 60 -61 -62 -63
leaf_value=-0.039474415318895201 -1.2301396494820005 3.9257719714017143 -1.2483838525414468 1.0728251056538689 -1.485869988941011 1.9191580857336523 1.5632409973144532 -0.88239675220989044 0.87806130599975585 -1.4538107853044164 1.4526429590971575 -2.6622158913385299 -1.5587436000506083 0.21061801254749299 3.0530790693484824 2.340020560636753 1.4023270500557763 -0.792999338110288 0.72007795333862301 1.2960272104312214 0.20226257219910623 -3.2391190801348007 0.50491887356449927 1.2166366552051746 -0.94217650592327118 -1.2520237460732462 1.7395981747853129 -0.43308022905329957 -1.5464619269294124 -1.0799992872232742 -0.026187548742720248 -2.666118323802948 0.42597775151540662 0.25964794407288233 0.51686256124692809 1.9151509096914971 -1.5922189402580262 1.3277220723529659 -2.0781115970828319 1.0466603960309711 -1.4789379823775519 2.0605756211280823 0.44012408979011308 -0.8538157421609629 -0.37664397617595063 0.58428677844780463 -1.6771019718050959 -0.5218932836144059 0.97990482330322282 -0.65296191090629219 1.2667105033147066 0.0093106441480933499 0.083444196172106203 1.2345463703076045 0.10018803409355528 -0.066116059354320078 -0.50020647823005115 0.38066566492786114 0.037553401416561168 1.5997667034467062 0.72364560619313667 -0.65334422651816304
leaf_weight=5589 21 21 20 36 21 30 25 21 25 22 23 21 30 20 26 41 28 36 20 39 32 21 41 38 32 24 38 217 31 22 113 24 175 24 68 27 20 24 22 21 21 20 33 23 72 27 20 54 20 63 22 53 978 36 34 774 185 97 3022 24 47 54
leaf_count=5589 21 21 20 36 21 30 25 21 25 22 23 21 30 20 26 41 28 36 20 39 32 21 41 38 32 24 38 217 31 22 113 24 175 24 68 27 20 24 22 21 21 20 33 23 72 27 20 54 20 63 22 53 978 36 34 774 185 97 3022 24 47 54
internal_value=0.00836425 0.192888 1.24799 0.243822 0.123331 0.152793 0.105353 0.0719763 -0.865223 0.136168 0.171148 -0.274983 -0.00973498 0.282531 0.820837 0.289739 1.01579 0.167456 2.03873 0.178447 0.110977 -1.1613 -0.0827622 0.224688 0.156771 0.224011 0.295002 -0.0115036 -0.857411 0.171327 0.237662 -1.83371 -0.0034407 1.16671 0.166375 0.569644 -0.00729533 0.117502 -0.00878204 -0.856192 -0.216139 0.31793 1.05162 0.170427 -0.0101678 -0.276021 -0.35781 -0.834112 -0.0025545 -0.189971 0.00845394 0.378148 -0.00436715 0.123529 0.683572 -0.0180554 -0.149856 -0.00374577 0.0578101 0.622471 0.0359325 0.0254245
internal_weight=12808 1245 77 56 1168 1147 1117 1092 70 1022 1000 210 189 159 108 790 105 64 46 685 646 53 62 593 555 523 499 11563 51 437 415 45 11346 62 392 118 274 254 230 64 42 166 53 91 11171 311 284 74 10860 210 147 75 10840 1048 70 9792 959 8833 3244 121 3123 3076
internal_count=12808 1245 77 56 1168 1147 1117 1092 70 1022 1000 210 189 159 108 790 105 64 46 685 646 53 62 593 555 523 499 11563 51 437 415 45 11346 62 392 118 274 254 230 64 42 166 53 91 11171 311 284 74 10860 210 147 75 10840 1048 70 9792 959 8833 3244 121 3123 3076
is_linear=0
shrinkage=0.05


Tree=137
num_leaves=63
num_cat=0
split_feature=4 35 10 11 9 21 36 31 35 36 31 33 33 36 37 35 33 33 31 36 36 31 33 33 33 13 33 36 36 33 33 35 35 33 31 31 33 33 31 31 35 39 36 33 1 36 36 35 33 36 23 29 35 33 35 36 31 36 40 38 33 35
split_gain=13384 18741.5 14296.6 15430.7 10276 8251.37 30264.1 23426.1 26926.3 13988.7 18704 14852.5 20610.3 13304.7 13258 22013.2 14633.8 20128 13030.3 12941.3 12644.6 11910.9 9642.69 9600.8 13432.7 8376.62 18904.4 24414.9 18694.5 14983.2 41898.6 21544.6 19121.3 12252.2 11984.1 15104.1 10621.1 32083.4 25856 20949.9 16378.7 14972.7 11562.7 20242.5 13288.7 10150.4 11857.9 10042.6 9572.64 8644.51 8514.28 8284.58 26350.5 11291.3 9431.01 17473 9782.57 9126.33 7991.25 7796.29 12139.7 9489.66
threshold=1.0000000180025095e-35 1107.4500000000003 1.0000000180025095e-35 1.0000000180025095e-35 1.0000000180025095e-35 1.0000000180025095e-35 356.22500000000008 485.85000000000008 1045.6000000000001 186.45000000000002 425.05000000000007 356.10000000000008 343.05000000000007 189.25416666666669 3.5000000000000004 1077.8500000000001 480.90000000000003 449.55000000000007 249.25000000000003 324.15000000000009 178.41250000000005 152.45000000000002 414.75000000000006 421.75000000000006 400.35000000000008 1.0000000180025095e-35 409.85000000000008 369.95000000000005 241.60000000000005 449.55000000000007 439.50000000000006 1241.4000000000003 926.15000000000009 435.95000000000005 300.55000000000007 189.95000000000002 182.50000000000003 191.10000000000002 479.05000000000007 103.65000000000002 1089.1000000000001 1.0000000180025095e-35 245.32500000000002 336.15000000000003 1.0000000180025095e-35 308.02500000000003 299.01666666666671 1067.0500000000002 250.65000000000001 256.62500000000006 1.0000000180025095e-35 1.0000000180025095e-35 790.95000000000016 175.00000000000003 939.55000000000018 327.25000000000006 254.15000000000001 289.61666666666673 5.5000000000000009 1.0000000180025095e-35 299.85000000000008 892.35000000000002
decision_type=2 2 2 2 2 2 2 2 2 2 2 2 2 2 2 2 2 2 2 2 2 2 2 2 2 2 2 2 2 2 2 2 2 2 2 2 2 2 2 2 2 2 2 2 2 2 2 2 2 2 2 2 2 2 2 2 2 2 2 2 2 2
left_child=5 2 3 4 -2 25 7 9 -9 10 20 12 13 -11 -13 16 17 23 -14 -17 -7 -22 -8 24 -16 26 36 28 -28 30 32 34 -30 -27 35 -31 51 -38 39 41 -40 -39 43 -41 45 46 49 -34 -47 -44 -50 53 -53 54 -1 56 -56 -54 -3 60 -51 -61
right_child=1 58 -4 -5 -6 6 22 8 -10 11 -12 14 18 -15 15 19 -18 -19 -20 -21 21 -23 -24 -25 -26 33 27 -29 29 31 -32 -33 47 -35 -36 -37 37 38 40 42 -42 -43 44 -45 -46 48 -48 -49 50 59 -52 52 57 -55 55 -57 -58 -59 -60 61 -62 -63
leaf_value=0.0097297574111772436 0.14189988597555067 0.87220063727995589 -0.59806287741734532 -0.75474748870600827 0.86643623342880849 -0.0092612517476996468 -0.5459784432785747 0.1971563961447739 2.4349330258369446 -1.2593554954076636 1.4824944273285245 -0.71072105908073313 -2.2494182639196518 -0.17499665317302263 0.97560578058271297 -0.29984648146030562 1.8995940140315466 -0.73713725098857186 -0.50438880298448641 0.90083287679232082 -0.49907931713830855 0.83225492544117441 -1.5665901448991564 1.5322581898781562 -0.48359676599502566 0.11265348359347999 0.61570477698530468 0.3385044703921003 -1.9146806307460953 -0.27849919034735016 -3.1315827757120136 -1.7657835273639018 0.3508220308295944 0.86969892366936341 -0.91454100082318002 1.2112691476389215 1.9109425581418553 1.7791334494249895 -2.1210781201720237 0.00052882023666002973 -0.12178187143234981 0.42767541798060399 1.0212182790805133 -1.3880198319442572 -0.6490350934790402 -0.58561830492095746 1.243878914250268 -0.92788261217730383 0.36913379611103397 -0.090334852154438317 -0.48341958416211939 -0.058448167652428287 -1.5804437278956176 -0.9546005258957545 1.0413627129793166 1.646693641655147 -0.2670523210167885 -0.45715197026729587 0.13105056939216761 0.42861769959844392 0.97523523430932668 -0.79445494941302719
leaf_weight=5734 831 121 71 46 52 1059 162 41 20 29 23 43 20 1152 46 164 21 27 23 26 21 84 27 31 24 857 28 93 23 46 22 23 34 57 30 27 26 32 20 146 21 57 39 32 41 47 45 28 157 52 36 522 40 30 20 25 50 33 52 29 55 35
leaf_count=5734 831 121 71 46 52 1059 162 41 20 29 23 43 20 1152 46 164 21 27 23 26 21 84 27 31 24 857 28 93 23 46 22 23 34 57 30 27 26 32 20 146 21 57 39 32 41 47 45 28 157 52 36 522 40 30 20 25 50 33 52 29 55 35
internal_value=0.00794604 0.16892 0.0857926 0.138057 0.184568 -0.00828282 -0.079036 -0.0384583 0.930854 -0.0596284 0.0705294 -0.155829 -0.240773 -0.201624 0.116351 0.22126 0.676244 0.475538 -1.31603 -0.135543 0.0426298 0.565988 -0.69178 0.799718 0.475308 0.0167756 -0.00025801 -0.35712 -0.604986 -0.751679 -1.18678 -0.38219 -0.683417 0.159865 -0.0732323 0.272511 0.0169907 0.180987 0.127695 0.190228 -1.09705 0.913593 0.100061 -0.249098 0.216013 0.287663 0.50732 -0.226657 0.0542785 0.349486 0.210108 -0.0051161 -0.18288 0.0129364 0.017916 0.512021 0.106781 -1.07265 0.649427 0.196284 0.457388 -0.24025
internal_weight=12808 1173 1000 929 883 11635 3043 2854 61 2793 1187 1606 1224 1181 382 339 149 128 43 190 1164 105 189 101 70 8592 7678 354 261 233 107 126 85 914 103 73 7324 870 844 803 41 89 714 178 536 495 255 62 240 210 193 6454 595 5859 5829 95 70 73 173 171 107 64
internal_count=12808 1173 1000 929 883 11635 3043 2854 61 2793 1187 1606 1224 1181 382 339 149 128 43 190 1164 105 189 101 70 8592 7678 354 261 233 107 126 85 914 103 73 7324 870 844 803 41 89 714 178 536 495 255 62 240 210 193 6454 595 5859 5829 95 70 73 173 171 107 64
is_linear=0
shrinkage=0.05


Tree=138
num_leaves=63
num_cat=0
split_feature=28 32 32 33 4 33 32 33 36 33 14 25 32 35 15 23 32 35 32 32 32 36 32 33 40 32 35 24 32 35 33 35 33 32 32 32 32 36 32 7 4 11 10 35 32 40 21 36 40 18 35 32 35 35 6 35 36 9 36 33 33 35
split_gain=16918.7 32836.7 45172.4 25956.6 20445.1 22206.2 23338 14973.9 42069.4 14613.3 13804.6 12944.7 15762.1 14815.6 11772.2 11036.3 36979.7 15127.8 23433.3 25057.8 35425.8 20526.1 34001.9 30144.4 29246.3 24158.6 30164.8 20611.1 17983.5 17717.1 16448.1 20771.2 19770 28083.9 12490.8 11688.8 30375.4 27743.2 11174.8 8498.23 8040.63 11502.8 11575.7 11105.5 11134.2 8882.82 7985.72 18759.6 7933.45 7814.89 7632.51 13705.9 9344.42 7462.18 7808.74 7255.71 7194.45 7120.86 7475.85 9107.19 9179.5 23113.4
threshold=1.0000000180025095e-35 467.75000000000006 478.45000000000005 64.65000000000002 1.0000000180025095e-35 298.15000000000003 284.55000000000007 447.90000000000003 308.02500000000003 431.30000000000001 1.0000000180025095e-35 1.0000000180025095e-35 211.45000000000002 932.50000000000011 1.0000000180025095e-35 1.0000000180025095e-35 180.15000000000001 515.45000000000016 95.850000000000009 115.55000000000001 137.45000000000002 247.31666666666669 228.75000000000003 97.15000000000002 3.5000000000000004 318.05000000000007 856.40000000000009 1.0000000180025095e-35 436.85000000000008 439.05000000000007 183.95000000000002 716.85000000000002 269.35000000000008 339.65000000000003 369.45000000000005 274.25000000000006 83.050000000000011 452.87500000000006 356.95000000000005 1.0000000180025095e-35 1.0000000180025095e-35 1.0000000180025095e-35 1.0000000180025095e-35 546.85000000000002 97.65000000000002 4.5000000000000009 1.0000000180025095e-35 271.56250000000006 4.5000000000000009 1.0000000180025095e-35 388.85000000000008 77.050000000000011 324.65000000000003 1118.0500000000002 1.0000000180025095e-35 1186.7000000000003 179.51250000000002 1.0000000180025095e-35 388.85000000000008 464.15000000000003 80.250000000000014 856.40000000000009
decision_type=2 2 2 2 2 2 2 2 2 2 2 2 2 2 2 2 2 2 2 2 2 2 2 2 2 2 2 2 2 2 2 2 2 2 2 2 2 2 2 2 2 2 2 2 2 2 2 2 2 2 2 2 2 2 2 2 2 2 2 2 2 2
left_child=10 4 -3 -4 7 6 -6 9 -9 11 14 15 -13 -14 39 17 -17 29 -19 -20 -21 23 24 -22 -23 26 -25 28 30 50 31 38 -32 -34 -33 36 37 -31 -24 40 46 42 43 -42 -45 -44 -1 49 -18 53 51 56 -53 -48 55 -55 -2 58 59 60 61 -49
right_child=1 2 3 -5 5 -7 -8 8 -10 -11 -12 12 13 -15 -16 16 48 18 19 20 21 22 27 25 -26 -27 -28 -29 -30 35 32 34 33 -35 -36 -37 -38 -39 -40 -41 41 -43 45 44 -46 -47 47 57 -50 -51 -52 52 -54 54 -56 -57 -58 -59 -60 -61 -62 -63
leaf_value=0.018603812292084295 -0.41294036710963528 2.581172414259477 1.4049059379668465 -1.0264373499414194 -0.94564634453166618 1.9700357799728712 1.3574160792610863 -2.4456099076704549 0.30181463627438798 1.1943061908086141 -0.40634503374863329 -0.29948907097180688 2.0986512603759766 0.27286372572183609 0.40316274883332004 2.3214149859818547 0.52936400920152671 -1.4610357482944218 1.5688532128220514 -2.254259873330593 -2.0695958337613516 2.4939349316633663 0.86770991782347362 1.1131433041982872 -0.014817587534586589 -1.3536067547336703 -1.1631665592843836 -1.6402115759253502 1.0718386050633022 2.7378100872039797 1.6333918593146586 -2.318829698562622 1.0019915680885316 -1.3925441145896913 -0.64239580035209665 1.7919118837876753 -0.6141856795549393 0.23936819028854373 -0.73257122278213505 -0.14288739256290309 0.034453090023025677 -0.57593097641782942 0.03031377805603875 -0.53410440266132353 0.46165871087044003 -1.0804181448618573 -0.018668545433106008 -0.25502064221222925 -0.83225703032120413 0.34255580464964153 -0.5910694617695279 0.19698603277405102 1.607331669330597 -1.4053765636224014 0.37383806705474854 -0.33762888875676367 0.17953626979719994 -0.88179823393171497 -0.67708861302469203 0.55931223614795789 -0.52207238813129708 1.2769813225187105
leaf_weight=6576 85 33 21 23 22 30 22 22 38 30 217 24 25 20 175 22 20 35 21 20 28 26 24 43 21 31 22 20 35 20 22 20 25 24 25 22 35 25 20 1088 383 53 45 30 437 30 1740 163 23 143 45 24 23 26 20 41 129 55 97 37 178 29
leaf_count=6576 85 33 21 23 22 30 22 22 38 30 217 24 25 20 175 22 20 35 21 20 28 26 24 43 21 31 22 20 35 20 22 20 25 24 25 22 35 25 20 1088 383 53 45 30 437 30 1740 163 23 143 45 24 23 26 20 41 129 55 97 37 178 29
internal_value=0.00754874 0.18268 1.18277 0.133976 0.116749 0.921081 0.205885 0.0623424 -0.705574 0.106902 -0.0113078 0.0744103 0.735302 1.28719 -0.00375244 0.0256386 0.6541 -0.0213154 -0.217248 -0.115299 -0.20241 -0.0960965 0.154739 -0.626089 1.373 -0.205066 0.3427 -0.111579 0.0452042 0.20055 -0.179372 -0.632167 0.388216 -0.170842 -1.38748 0.771235 0.490549 1.34979 0.140309 -0.010127 0.00419844 0.140434 0.18148 0.23402 0.397691 -0.413979 -0.0104351 -0.0859432 -0.198945 -0.0134028 0.0103216 0.11401 0.887155 -0.0412639 -0.49317 -0.751979 -0.0557932 -0.341586 -0.282635 -0.188625 -0.263418 -0.0236245
internal_weight=12808 1245 77 44 1168 74 44 1094 60 1034 11563 1004 69 45 11346 935 65 870 462 427 406 386 262 124 47 96 65 215 195 408 160 89 71 49 45 102 80 45 44 11171 10083 978 925 850 467 75 9105 2529 43 1970 306 261 47 1827 87 67 214 559 504 407 370 192
internal_count=12808 1245 77 44 1168 74 44 1094 60 1034 11563 1004 69 45 11346 935 65 870 462 427 406 386 262 124 47 96 65 215 195 408 160 89 71 49 45 102 80 45 44 11171 10083 978 925 850 467 75 9105 2529 43 1970 306 261 47 1827 87 67 214 559 504 407 370 192
is_linear=0
shrinkage=0.05


Tree=139
num_leaves=63
num_cat=0
split_feature=28 32 31 35 32 32 35 2 32 7 32 35 34 35 32 31 35 32 35 31 36 32 36 32 13 14 32 36 31 37 32 35 31 31 31 39 32 35 32 7 35 21 36 31 36 40 32 31 32 32 36 35 11 31 35 31 36 40 35 32 23 24
split_gain=15269.1 29635.1 74805.6 25510.5 20402.6 33735.7 19871.4 23027.5 42920.9 20604.7 30317.4 21656.6 28434.1 27700.4 49960.7 35667.3 25765.3 101325 27650 21201 40590.8 38729.1 20307 17004.3 16335.7 12458.6 12277.7 11422.9 16913.7 19115.7 17286.3 17886.8 19435.8 17264.6 17625.4 10190.5 14308 21483.5 9257.59 8355.09 9014.18 7970.08 23357.5 11508.5 17015.8 10963.2 21006.8 12945.8 11740.8 9868.54 10183.5 9221.8 9703.21 11416 9135.69 8484.39 29113.4 7942.31 14420.3 7852.66 7769.86 9579.84
threshold=1.0000000180025095e-35 467.75000000000006 182.85000000000005 906.45000000000005 455.45000000000005 442.25000000000006 1401.7500000000002 1.0000000180025095e-35 309.95000000000005 1.0000000180025095e-35 227.20000000000002 1089.1000000000001 259.15000000000003 953.35000000000014 200.40000000000003 287.55000000000007 758.55000000000007 123.35000000000001 813.45000000000016 166.15000000000001 221.75000000000003 277.15000000000003 330.47500000000008 128.35000000000005 1.0000000180025095e-35 1.0000000180025095e-35 171.65000000000001 111.17500000000003 75.250000000000014 3.5000000000000004 379.75000000000006 696.05000000000007 477.45000000000005 439.55000000000007 399.25000000000006 1.0000000180025095e-35 184.85000000000005 422.45000000000005 69.750000000000014 1.0000000180025095e-35 1611.0000000000002 1.0000000180025095e-35 271.56250000000006 345.15000000000003 186.45000000000002 4.5000000000000009 329.05000000000007 462.85000000000008 183.65000000000001 251.65000000000001 209.31250000000003 509.85000000000008 1.0000000180025095e-35 83.050000000000011 801.70000000000016 477.45000000000005 340.8250000000001 5.5000000000000009 500.15000000000003 102.95000000000002 1.0000000180025095e-35 1.0000000180025095e-35
decision_type=2 2 2 2 2 2 2 2 2 2 2 2 2 2 2 2 2 2 2 2 2 2 2 2 2 2 2 2 2 2 2 2 2 2 2 2 2 2 2 2 2 2 2 2 2 2 2 2 2 2 2 2 2 2 2 2 2 2 2 2 2 2
left_child=25 4 -3 -4 5 6 7 9 26 11 23 13 22 16 -15 -16 24 -18 -19 -20 -21 -22 -13 -11 27 39 -9 -2 -29 30 31 32 33 34 35 36 37 38 -30 40 41 51 43 49 -45 46 47 48 -46 50 -43 -1 53 -53 -50 -44 -57 58 -38 -54 -55 -62
right_child=1 2 3 -5 -6 -7 -8 8 -10 10 -12 12 -14 14 15 -17 17 18 19 20 21 -23 -24 -25 -26 -27 -28 28 29 -31 -32 -33 -34 -35 -36 -37 57 -39 -40 -41 -42 42 55 44 45 -47 -48 -49 54 -51 -52 52 59 60 -56 56 -58 -59 -60 -61 61 -63
leaf_value=-0.0063385412563212191 -0.60871600736677645 3.6685681785855979 -1.2624771371483803 0.96471071044603984 -1.4335005782899404 1.7938110001881917 1.4885435314178468 -0.85439399168604901 0.84660084724426277 -0.71645932197570805 -1.6447014117852234 2.3848304874756758 -0.13405092105269431 -2.7436375327732256 1.2540092661462983 -1.2050657441218695 3.7650941987832391 1.4387619235936333 -1.670045816525817 2.0844083316624165 -2.1595670754259286 0.60240022728840514 0.48523138339320826 1.3453517335653307 -1.101854345716279 -0.38602778622408485 -2.5098554914196334 1.608156273365021 0.017867876782887773 1.2371872233019936 -1.3964536730200052 -1.1192396417260171 1.5100706751529989 -1.0543534597754478 1.2281885099471421 -0.69269670404885941 1.9719290952682496 -1.511567427895286 1.1278752210594358 -0.13425172787390402 0.90642249456473767 -0.084864868188755854 -0.39943827730245973 0.76304051041066112 -0.44463385411284184 -0.16238939477566711 1.5852891362946611 0.89503259076958619 -0.14862989539449864 0.10787155640284658 -0.53727375992413229 0.69617691401230264 0.59113255269928933 0.16973344055690437 1.3093577032997494 1.4669646842548483 -0.83719234219912819 -0.021438589951266414 0.34597657918930058 -0.18214339455215126 0.023706718521854808 -0.69953453314525116
leaf_weight=4807 50 21 20 36 21 30 25 21 25 20 39 34 40 23 29 30 24 34 20 20 22 30 24 20 29 217 24 20 178 36 20 28 26 30 37 38 25 22 21 1104 28 875 547 111 88 235 29 42 22 589 145 92 36 1792 21 26 29 23 30 373 301 54
leaf_count=4807 50 21 20 36 21 30 25 21 25 20 39 34 40 23 29 30 24 34 20 20 22 30 24 20 29 217 24 20 178 36 20 28 26 30 37 38 25 22 21 1104 28 875 547 111 88 235 29 42 22 589 145 92 36 1792 21 26 29 23 30 373 301 54
internal_value=0.0071713 0.173546 1.12364 0.169286 0.110911 0.139187 0.0947482 0.0628389 -0.814483 0.122929 -0.652728 0.18791 0.891508 0.10631 -0.766943 0.00363214 0.200159 0.787526 0.220371 -0.229905 0.170135 -0.566124 1.59879 0.314446 0.0564308 -0.0107424 -1.73731 0.113948 0.181614 0.126106 0.0424263 0.105259 0.184994 0.0997171 0.19229 0.0785559 0.176575 -0.0289078 0.135004 -0.00356482 0.0105221 0.00806615 -0.0645363 0.0123201 0.210218 0.0697989 0.339919 0.131157 -0.113749 -0.0550809 -0.149178 0.0349354 0.109861 0.150769 0.563411 -0.339917 0.252046 0.758775 1.08505 -0.11408 0.127398 -0.0863074
internal_weight=12808 1245 77 56 1168 1147 1117 1092 70 1022 79 943 98 845 82 59 763 150 126 92 72 52 58 40 613 11563 45 584 534 514 478 458 430 404 374 337 299 221 199 11346 10242 10214 2759 2157 548 437 202 173 131 1609 1020 7455 2648 2239 43 602 55 78 55 409 2147 355
internal_count=12808 1245 77 56 1168 1147 1117 1092 70 1022 79 943 98 845 82 59 763 150 126 92 72 52 58 40 613 11563 45 584 534 514 478 458 430 404 374 337 299 221 199 11346 10242 10214 2759 2157 548 437 202 173 131 1609 1020 7455 2648 2239 43 602 55 78 55 409 2147 355
is_linear=0
shrinkage=0.05


Tree=140
num_leaves=63
num_cat=0
split_feature=16 36 36 5 33 34 0 17 33 34 17 33 33 36 40 36 33 36 33 36 33 34 33 2 20 37 33 33 35 39 31 33 34 31 25 31 35 39 36 33 33 31 36 35 35 35 34 36 35 31 35 36 31 36 36 34 39 31 36 36 31 33
split_gain=14341.8 10478.8 16333.9 9566.13 26850.4 13826.7 12048.5 14458.1 17185.2 12048.4 11681.4 25894.5 19636.9 21088 18114.7 9961.35 9860.23 9107.17 9015.74 8832.8 11394.1 11377.2 8990.93 8760.4 8518.98 15498.1 10406.3 12163 31610.4 23218.9 19778.5 17708.4 13078.2 12139.9 10460.6 14105.5 20093.2 23822 14721.7 10100.1 9893.85 9516.76 23378.3 27335 24437.1 22496.8 17375.4 13240.6 11378.9 8276.46 8223.89 10519.3 7994.62 29446.7 14678.7 8236.8 8179.03 7887.1 15344.9 13952.7 7782.35 7443.09
threshold=1.0000000180025095e-35 249.31250000000003 222.88333333333335 1.0000000180025095e-35 449.55000000000007 463.9500000000001 1.0000000180025095e-35 1.0000000180025095e-35 350.85000000000008 218.95000000000002 1.0000000180025095e-35 369.25000000000006 296.75000000000006 258.81250000000006 4.5000000000000009 276.02500000000003 479.15000000000003 153.15833333333336 145.20000000000002 159.68333333333337 421.75000000000006 397.60000000000008 189.45000000000002 1.0000000180025095e-35 1.0000000180025095e-35 3.5000000000000004 487.65000000000003 447.90000000000003 1227.5000000000002 1.0000000180025095e-35 137.35000000000005 431.30000000000001 348.9500000000001 257.85000000000008 1.0000000180025095e-35 480.75000000000006 946.45000000000016 1.0000000180025095e-35 375.67500000000001 225.05000000000004 326.45000000000005 454.65000000000003 379.92500000000013 1045.6000000000001 736.45000000000016 562.75000000000011 482.50000000000006 303.53750000000008 918.1500000000002 66.450000000000017 1152.0500000000002 315.3250000000001 439.55000000000007 285.21250000000003 227.41666666666669 447.55000000000007 1.0000000180025095e-35 488.85000000000008 258.81250000000006 321.17500000000001 191.45000000000002 378.25000000000006
decision_type=2 2 2 2 2 2 2 2 2 2 2 2 2 2 2 2 2 2 2 2 2 2 2 2 2 2 2 2 2 2 2 2 2 2 2 2 2 2 2 2 2 2 2 2 2 2 2 2 2 2 2 2 2 2 2 2 2 2 2 2 2 2
left_child=3 2 17 6 5 19 10 8 15 16 23 12 13 14 -12 -8 -6 -2 -15 22 21 50 -5 24 26 -26 27 31 30 -30 -29 34 -31 -28 35 41 37 57 -39 -38 -27 46 43 44 45 -43 52 -47 -46 -25 -21 -52 55 54 -54 -1 -57 59 -59 -37 -32 -3
right_child=1 61 -4 4 9 -7 7 -9 -10 -11 11 -13 -14 18 -16 -17 -18 -19 -20 20 -22 -23 -24 49 25 40 33 28 29 32 60 -33 -34 -35 -36 36 39 38 -40 -41 -42 42 -44 -45 48 47 -48 -49 -50 -51 51 -53 53 -55 -56 56 -58 58 -60 -61 -62 -63
leaf_value=-0.031098480300182807 -0.48996434908892428 0.43311080623305209 -1.2865082180500031 -0.13793559938096966 2.4029090387480601 1.3811252057552339 0.28585331797085961 -1.541984104073566 -0.99546303550402326 0.19575486740266734 0.55556096216807005 -0.90649368445078538 2.0486296859124433 2.0440664677392868 -1.1482567500609617 -0.44487124819021961 0.85166276097297677 0.79046584425902955 0.57893679865768977 0.13898723268171498 -0.7976123139487975 -0.79238963377091198 -1.2242077101360669 -0.59091444722352893 -0.030428231215995291 -0.55498075928539048 1.2640069077996647 0.28617741242051126 1.4938027270378607 0.60939149061838793 -1.8113080710669358 0.62263163745960348 -1.1164352635974468 -0.04477453090854594 0.13849449960134858 -1.3909527301788331 -0.56360428323348366 -1.9160545683569379 -0.40501710362732413 -1.8840079026562826 -1.8952065808432446 1.2589181608623929 -0.084662742737512786 -0.55008406294019607 2.3240960140119902 -1.3736569279432298 1.3946677724520367 0.4457248111069203 1.0008364222943784 0.15126313164049543 1.4548632519585747 0.15463079367365157 -0.58215077862595066 -0.041724168890961887 -2.1541439789312857 -0.049464881381330393 -1.3689371267090673 1.5493302617754257 0.075431762196056476 0.0368206531244826 -0.87602204380686899 1.2342371579350495
leaf_weight=7212 21 99 20 142 21 20 116 23 57 22 39 30 23 21 26 78 20 41 21 793 33 31 22 39 115 40 34 32 31 21 30 107 23 37 892 22 30 27 40 28 21 36 294 38 33 20 21 20 32 1020 28 35 33 223 27 24 23 21 111 77 86 41
leaf_count=7212 21 99 20 142 21 20 116 23 57 22 39 30 23 21 26 78 20 41 21 793 33 31 22 39 115 40 34 32 31 21 30 107 23 37 892 22 30 27 40 28 21 36 294 38 33 20 21 20 32 1020 28 35 33 223 27 24 23 21 111 77 86 41
internal_value=0.0064625 0.404826 -0.0440282 -0.000600573 0.135719 0.0784266 -0.0146119 -0.342146 -0.232201 1.1397 -0.00651224 0.417618 0.723183 0.438274 -0.125966 -0.00794316 1.6462 0.356772 1.3115 0.0543915 0.114652 0.148592 -0.283655 -0.0127266 -0.0274026 -0.372147 -0.0211378 -0.0255917 -0.390549 0.445695 -0.814321 -0.0169254 -0.292745 0.581966 -0.0242965 -0.0415998 -0.349583 -0.183863 -1.01394 -1.20104 -1.01637 -0.0279559 0.18962 0.640118 0.960882 0.352137 -0.0415634 -0.463966 1.67265 0.123931 0.18267 0.732512 -0.0455625 -0.30628 -1.28955 -0.0353981 -0.695164 0.0568965 0.309916 -0.280462 -1.11791 0.667726
internal_weight=12743 222 82 12521 1167 1104 11354 274 251 63 11080 160 130 107 65 194 41 62 42 1084 920 887 164 10920 9861 176 9685 9614 223 75 148 9391 44 71 9284 8392 356 298 67 58 61 8036 473 179 141 76 7563 40 65 1059 856 63 7542 283 60 7259 47 231 132 99 116 140
internal_count=12743 222 82 12521 1167 1104 11354 274 251 63 11080 160 130 107 65 194 41 62 42 1084 920 887 164 10920 9861 176 9685 9614 223 75 148 9391 44 71 9284 8392 356 298 67 58 61 8036 473 179 141 76 7563 40 65 1059 856 63 7542 283 60 7259 47 231 132 99 116 140
is_linear=0
shrinkage=0.05


Tree=141
num_leaves=63
num_cat=0
split_feature=16 40 28 33 32 33 34 32 35 35 5 33 39 34 12 36 36 33 35 31 36 33 31 34 31 32 34 11 28 33 36 35 36 21 34 32 33 33 36 36 36 33 36 11 33 31 31 33 0 31 35 35 32 28 31 35 32 31 28 35 0 29
split_gain=12943.5 9459.97 17132.2 25086.1 35000 32861.6 13523.8 17636.6 11973.4 23389.5 10453.7 22476 14931.5 14575.3 10236.4 9457.07 14741.4 8827.31 15963.4 23525.5 8219.22 7565.6 7307.86 7460.55 20559.9 16014.4 28517.3 14929.7 18394.8 34056.3 13132.6 11672.9 10955.9 10133.9 12611.5 7845.8 6974.97 6717.39 15473.7 13314.2 6612.68 7449.45 6598.6 6567.58 9879.2 8074.21 6364.57 6306.06 5912.47 9529.34 5790.25 8431.85 5697.43 46765.5 7403.26 8696.2 6844.5 26904.7 64725 15175.2 13903.8 11759.6
threshold=1.0000000180025095e-35 1.0000000180025095e-35 1.0000000180025095e-35 148.65000000000001 146.55000000000004 55.650000000000013 481.20000000000005 252.95000000000002 1077.8500000000001 892.35000000000002 1.0000000180025095e-35 451.40000000000003 1.0000000180025095e-35 471.55000000000007 1.0000000180025095e-35 249.31250000000003 222.88333333333335 329.30000000000001 960.80000000000007 457.95000000000005 153.15833333333336 421.75000000000006 498.65000000000003 297.85000000000008 456.35000000000008 431.35000000000008 402.40000000000003 1.0000000180025095e-35 1.0000000180025095e-35 357.90000000000003 189.25416666666669 1437.45 247.31666666666669 1.0000000180025095e-35 429.35000000000008 225.35000000000005 193.85000000000005 378.25000000000006 321.17500000000001 310.41666666666674 158.12500000000003 59.300000000000004 206.81666666666669 1.0000000180025095e-35 173.30000000000004 134.15000000000001 456.35000000000008 362.55000000000007 1.0000000180025095e-35 279.05000000000007 1152.0500000000002 1009.4000000000001 478.45000000000005 1.0000000180025095e-35 182.85000000000005 675.1500000000002 364.15000000000003 122.10000000000001 1.0000000180025095e-35 568.95000000000016 1.0000000180025095e-35 1.0000000180025095e-35
decision_type=2 2 2 2 2 2 2 2 2 2 2 2 2 2 2 2 2 2 2 2 2 2 2 2 2 2 2 2 2 2 2 2 2 2 2 2 2 2 2 2 2 2 2 2 2 2 2 2 2 2 2 2 2 2 2 2 2 2 2 2 2 2
left_child=1 2 17 5 -5 42 10 -8 9 -6 13 14 -13 22 21 16 20 18 -1 -20 -2 40 23 31 25 27 -27 28 30 -30 -25 52 35 34 -34 -32 -16 38 -17 -39 41 -12 -4 45 -45 -42 48 -29 49 -19 51 -47 56 54 55 -54 -3 58 -58 -59 61 -61
right_child=15 6 3 4 8 -7 7 -9 -10 -11 11 12 -14 -15 36 37 -18 46 19 -21 -22 -23 -24 24 -26 26 -28 47 29 -31 32 -33 33 -35 -36 -37 -38 39 -40 -41 43 -43 -44 44 -46 50 -48 -49 -50 -51 -52 -53 53 -55 -56 -57 57 59 -60 60 -62 -63
leaf_value=-0.045362671832477289 -0.46546613077322646 -0.012608748684585704 -0.92528888180449198 -2.9116494973500568 0.016046890839934349 1.824593915939331 1.8985052666880868 -0.04258257985115052 0.024314827040622111 -2.3731293303625924 -0.042407988660821794 2.2317072411378223 0.43914764586549543 -1.2308288047711056 0.2744041039297978 -0.15917990086255251 -1.2221827706322075 0.08911044696124934 -0.32699975537668385 -2.1506711974740029 0.75094255092667384 -0.86815877982548306 -0.77616420691212029 -1.2539541380746027 1.3535071844855944 1.8018013687694776 -0.44928958623980481 -0.38060542282305265 -0.13403178011929548 2.5881714463233951 0.15972062862581679 -1.0832604631185532 0.63109842856000697 -0.66645917872913552 -0.67653040976396639 1.3268187195062637 1.2726143464446069 2.0957982969284057 1.0962174587779576 0.29321766942739486 0.82184942771370206 -0.99756839046111478 -0.086474447313230493 -0.95853685429019309 0.40913851883100433 0.15476985855383263 -0.50623183040707198 -1.4774785643815995 -0.42361140680313114 0.76191425828557269 0.70568113532350507 -0.64768515706062324 -0.0060750273557809683 -2.4972546157382784 0.22109548702551254 -1.249318295039914 0.34104952420388068 -1.0511231796815992 3.377853698730469 0.1545723705065454 -1.1320469761888186 -0.38594862789887452
leaf_weight=1638 21 7426 37 21 20 20 22 25 38 21 95 21 26 24 42 54 20 118 112 21 41 21 30 21 36 34 24 38 27 20 36 25 54 61 28 24 30 20 45 21 48 26 64 31 23 506 27 20 25 95 43 35 39 21 121 22 143 32 20 805 24 115
leaf_count=1638 21 7426 37 21 20 20 22 25 38 21 95 21 26 24 42 54 20 118 112 21 41 21 30 21 36 34 24 38 27 20 36 25 54 61 28 24 30 20 45 21 48 26 64 31 23 506 27 20 25 95 43 35 39 21 121 22 143 32 20 805 24 115
internal_value=0.00613937 -0.000570543 -0.093251 -0.511374 -1.09735 -0.0270924 0.0198094 0.866012 -0.615074 -1.20768 0.0159167 0.174154 1.24008 -0.000248361 0.118489 0.384585 -0.0418268 -0.0478653 -0.0881378 -0.614948 0.338933 0.0687636 0.00294588 0.00548204 0.21059 0.104272 0.870315 -0.0307751 0.125046 1.02435 -0.0636473 -0.00438497 0.0594879 -0.178444 0.184591 0.62656 0.690325 0.63434 0.411455 1.17253 0.0931445 -0.247649 -0.393763 0.153255 -0.376008 0.198477 0.221277 -0.758838 0.303809 0.389187 0.147241 0.102855 -0.0013088 -0.263112 -0.00532623 -0.454458 0.00489623 0.119024 0.713664 0.0197148 0.0560143 0.0870072
internal_weight=12743 12521 2257 221 100 121 10264 47 79 41 10217 947 47 9270 900 222 82 2036 1771 133 62 828 9246 9216 423 387 58 329 271 47 224 8793 203 143 82 60 72 140 99 41 807 121 101 686 54 632 265 58 238 213 584 541 8768 203 182 61 8565 1139 163 976 944 920
internal_count=12743 12521 2257 221 100 121 10264 47 79 41 10217 947 47 9270 900 222 82 2036 1771 133 62 828 9246 9216 423 387 58 329 271 47 224 8793 203 143 82 60 72 140 99 41 807 121 101 686 54 632 265 58 238 213 584 541 8768 203 182 61 8565 1139 163 976 944 920
is_linear=0
shrinkage=0.05


Tree=142
num_leaves=63
num_cat=0
split_feature=16 12 5 33 33 35 31 35 35 33 32 28 32 31 31 33 0 32 32 31 31 40 33 31 32 20 33 17 33 32 32 32 33 33 35 31 28 40 31 28 40 27 31 32 39 28 31 32 32 11 33 32 10 33 28 40 35 32 33 40 35 40
split_gain=11681.5 8845.6 13290.2 13104.6 15907.2 12910.2 13644.5 13049.9 11422.5 11065.5 8851.49 24827.8 10008.2 8495.11 9059.94 9869.78 8290.33 9426.94 8882.37 8072.26 8419.38 7535.33 7533.31 7230.31 6423.61 6229.43 14368.6 8329.6 20424.4 8127.94 22518.8 6715.33 6122.02 8033.67 5931.8 6310.26 31075 14603.6 5937.91 24255.1 34621 6400.35 5828.44 19832.7 12528.5 15139.2 9657.51 6796.37 12254.5 6445.84 12276.3 26174.8 9519.28 6412.85 22495.7 124548 46008 31055.3 16504.9 13208.8 11627.2 9579.78
threshold=1.0000000180025095e-35 1.0000000180025095e-35 1.0000000180025095e-35 471.30000000000001 290.25000000000006 1175.5000000000002 426.55000000000007 873.05000000000007 932.50000000000011 271.65000000000003 478.45000000000005 1.0000000180025095e-35 476.65000000000003 279.05000000000007 348.55000000000007 397.45000000000005 1.0000000180025095e-35 289.75000000000006 62.600000000000009 140.85000000000005 89.950000000000017 3.5000000000000004 354.2000000000001 392.45000000000005 134.05000000000004 1.0000000180025095e-35 356.10000000000008 1.0000000180025095e-35 371.65000000000003 110.05000000000001 207.75000000000003 341.65000000000003 273.40000000000003 200.05000000000004 79.850000000000009 484.15000000000003 1.0000000180025095e-35 4.5000000000000009 461.35000000000008 1.0000000180025095e-35 4.5000000000000009 1.0000000180025095e-35 75.250000000000014 435.35000000000008 1.0000000180025095e-35 1.0000000180025095e-35 77.250000000000014 137.45000000000002 275.60000000000008 1.0000000180025095e-35 393.00000000000006 200.40000000000003 1.0000000180025095e-35 345.95000000000005 1.0000000180025095e-35 2.5000000000000004 1036.0000000000002 154.85000000000005 339.55000000000007 4.5000000000000009 1257.3500000000001 4.5000000000000009
decision_type=2 2 2 2 2 2 2 2 2 2 2 2 2 2 2 2 2 2 2 2 2 2 2 2 2 2 2 2 2 2 2 2 2 2 2 2 2 2 2 2 2 2 2 2 2 2 2 2 2 2 2 2 2 2 2 2 2 2 2 2 2 2
left_child=1 10 3 4 5 6 9 -8 -4 -3 12 19 16 21 15 -15 25 18 -18 20 -12 -6 -16 24 -20 27 32 34 29 -29 -31 -32 33 -27 -1 38 -37 -38 41 -40 -41 42 43 44 47 -46 -44 -36 -49 53 52 -52 -51 58 59 -56 57 -57 60 -55 -48 -62
right_child=-2 2 8 -5 13 -7 7 -9 -10 -11 11 -13 -14 14 22 -17 17 -19 23 -21 -22 -23 -24 -25 -26 26 -28 28 -30 30 31 -33 -34 -35 35 36 37 -39 39 40 -42 -43 46 -45 45 -47 49 48 -50 50 51 -53 -54 54 55 56 -58 -59 -60 -61 61 -63
leaf_value=-0.2234906908440388 0.36535549484663182 -0.0097435157491035131 0.29813524402918351 -0.96750296323463836 0.81410131637127181 -0.99626711389470479 0.21895951597960953 1.3700307641968583 1.4496235964876234 -1.1043446159611146 0.062401475792839417 -1.4786529773160033 0.95466148544240892 0.55283039523288602 1.2631217876449228 2.0875249510461633 -0.7845617473125458 -0.68325475395346691 -0.86560951113700879 0.03357085581868887 -1.2724692145983378 -0.1074218477576207 0.16038386148668954 0.81003106640231237 0.15909163073851512 -0.063772103249088052 -1.2683796165450927 0.1029971383904156 -0.86641876697540288 2.430995559245348 -0.11118135804740281 1.0365287947654724 0.68035230474038566 -1.1194865158626013 0.46236943748469161 -0.032204608121743569 -0.51937324092501691 -2.3627434229986237 0.053324955192983595 -0.079934258858362847 2.3221824405590694 0.37629344672360254 -1.0559317242015493 1.534182128768701 0.19149876541712069 1.6368414197649277 -0.0086802972821837451 -1.1341753678350914 0.0034966024969305311 -0.1231128653743213 -1.897596962849299 -0.067364307386534553 0.59159527909755705 0.27622954830303231 -1.9474521360089705 4.2608211278915409 0.42658522191800574 1.7172303808728853 -1.218620597996882 -0.21004479632389789 0.090707012170400378 1.238959484700771
leaf_weight=295 222 608 62 29 31 31 97 33 33 24 21 38 27 20 21 22 32 96 20 200 27 78 59 31 65 127 31 38 26 20 26 25 22 21 24 325 21 22 468 30 30 113 22 26 132 21 7255 41 56 683 30 56 50 266 31 20 38 30 28 294 39 34
leaf_count=295 222 608 62 29 31 31 97 33 33 24 21 38 27 20 21 22 32 96 20 200 27 78 59 31 65 127 31 38 26 20 26 25 22 21 24 325 21 22 468 30 30 113 22 26 132 21 7255 41 56 683 30 56 50 266 31 20 38 30 28 294 39 34
internal_value=0.0058324 -0.000542017 0.131734 0.0806348 0.110318 0.00395647 0.044648 0.511155 0.698126 -0.0513106 -0.0138941 -0.288535 -0.00680943 0.475448 0.762052 1.35672 -0.0091566 -0.297372 -0.0470692 -0.106178 -0.688463 0.154663 0.449853 0.156377 -0.0820145 -0.00265471 -0.278409 0.00256684 0.392811 0.693177 1.00905 0.451422 -0.0978854 -0.213569 -0.00246016 0.00394181 -0.199331 -1.46249 0.0115617 0.174666 1.12112 0.00229061 -0.00231514 0.214439 0.089208 0.389879 -0.00964121 -0.290979 -0.477375 -0.00704144 -0.140667 -0.705818 -0.0743606 0.00657893 0.153603 0.777921 1.738 2.73467 -0.00699222 0.0209355 -0.00236263 0.62551
internal_weight=12743 12521 1148 1053 1024 793 762 130 95 632 11373 286 11087 231 122 42 11060 244 148 248 48 109 80 116 85 10816 201 10615 135 109 71 51 170 148 10480 10185 368 43 9817 528 60 9289 9176 300 274 153 8876 121 97 8854 819 86 733 8035 679 119 88 50 7356 560 7328 73
internal_count=12743 12521 1148 1053 1024 793 762 130 95 632 11373 286 11087 231 122 42 11060 244 148 248 48 109 80 116 85 10816 201 10615 135 109 71 51 170 148 10480 10185 368 43 9817 528 60 9289 9176 300 274 153 8876 121 97 8854 819 86 733 8035 679 119 88 50 7356 560 7328 73
is_linear=0
shrinkage=0.05


Tree=143
num_leaves=63
num_cat=0
split_feature=16 36 36 40 28 36 33 32 32 31 33 33 32 28 33 35 32 37 31 21 32 32 36 25 36 32 35 32 28 32 28 32 31 9 32 10 35 31 28 36 21 33 28 31 33 40 33 36 31 40 35 37 36 35 35 40 35 36 32 31 33 35
split_gain=10542.6 8535.01 13304.1 8372.56 14478.4 22378.6 42276.6 12867.5 13760.5 26390.7 9452.91 14817.6 20410.6 41161.7 71521.5 40460.7 30705.4 16359.2 25589.6 13230 28457.2 9857.66 17322.3 10413 11596.9 9111.8 42422.7 27381.9 30941.5 20505.3 36319.8 11757.3 10438.9 9962.54 17830.5 14014.4 20407.6 14004.5 17487.2 13706 23202.9 12852.3 12493.9 81743.6 35261.3 32868.2 25684 24662.1 22121.1 17035.3 12259.9 11338.8 10458.4 10282.2 10248.3 9831.68 8756.28 16697.8 13998.3 12962.8 9256.22 8426
threshold=1.0000000180025095e-35 249.31250000000003 222.88333333333335 1.0000000180025095e-35 1.0000000180025095e-35 342.55000000000007 302.85000000000008 102.95000000000002 235.55000000000004 180.85000000000005 157.15000000000001 52.350000000000001 174.95000000000002 1.0000000180025095e-35 82.40000000000002 899.20000000000016 318.05000000000007 2.5000000000000004 358.75000000000006 1.0000000180025095e-35 51.95000000000001 374.50000000000006 256.62500000000006 1.0000000180025095e-35 272.71250000000003 94.15000000000002 1018.5500000000001 90.850000000000009 1.0000000180025095e-35 123.35000000000001 1.0000000180025095e-35 137.45000000000002 177.15000000000001 1.0000000180025095e-35 219.95000000000002 1.0000000180025095e-35 1377.7500000000002 103.65000000000002 1.0000000180025095e-35 359.37500000000006 1.0000000180025095e-35 403.40000000000003 1.0000000180025095e-35 152.45000000000002 202.90000000000003 4.5000000000000009 396.05000000000007 308.02500000000003 416.15000000000003 3.5000000000000004 1089.1000000000001 3.5000000000000004 206.81666666666669 801.70000000000016 1036.0000000000002 4.5000000000000009 407.85000000000008 173.80833333333337 119.35000000000001 323.85000000000008 87.450000000000003 1227.5000000000002
decision_type=2 2 2 2 2 2 2 2 2 2 2 2 2 2 2 2 2 2 2 2 2 2 2 2 2 2 2 2 2 2 2 2 2 2 2 2 2 2 2 2 2 2 2 2 2 2 2 2 2 2 2 2 2 2 2 2 2 2 2 2 2 2
left_child=3 2 -2 4 -1 6 7 -6 -9 -10 11 17 15 -14 -15 56 -16 19 -19 21 -21 -5 -23 24 -24 26 27 28 32 30 -27 -31 -12 35 54 39 41 -36 -39 42 55 51 49 45 -45 -44 48 -48 50 -33 -46 -37 53 -51 -35 61 -13 59 -59 60 -58 -41
right_child=1 -3 -4 10 5 -7 -8 8 9 -11 25 12 13 14 16 -17 -18 18 -20 20 -22 22 23 -25 -26 29 -28 -29 -30 31 -32 33 -34 34 37 36 -38 38 -40 40 -42 -43 43 44 46 -47 47 -49 -50 52 -52 -53 -54 -55 -56 -57 57 58 -60 -61 -62 -63
leaf_value=-0.045983415255588363 0.30371873301844443 0.58435528916972024 -1.1793414206802846 -0.0015924023206979718 -1.0326713643777066 0.50928142381346098 -2.0509310995207897 0.90823037153290176 1.039929174809229 -1.1585840275654427 -0.56196744056611225 -0.70813812445371582 -0.20859806416797808 -3.9499620111215688 0.87242607966713293 2.2254188494248823 -1.5558093376954396 0.057855277257466899 0.82457000539190595 -0.0058632576603348521 -0.64613429395824074 1.2503237084534609 -1.0866389331363497 0.74678540584586917 0.11643541741655916 0.34828795053950556 -2.0132817810135228 -1.6722238525038673 1.8356664964785943 -0.50012762894853946 2.3477643975505122 0.42219340136224359 0.25069119925460509 0.084776353516748976 1.6047615830103557 0.060592505675943001 1.8206276640660413 0.26847392758902383 1.7374672161496205 -0.12957240776158871 -1.5401328016486433 -0.37425364241003994 -2.5704859733581547 2.8300169544375464 0.18258052093142105 -0.096563532640194072 0.59159404536088311 2.9689323055744175 -0.9058209921916327 -0.00039944504811005165 1.7704052722454073 0.82611813543035706 -0.19260175201950447 0.9664216768741607 -1.2903775662183763 -0.40201339931864494 1.0104785727506334 -1.2432473844097507 0.27181477187201381 1.5422922978401186 -0.2721711936669472 1.2600167524814605
leaf_weight=2036 62 140 20 5197 39 46 45 31 21 39 58 39 453 21 23 22 30 371 154 595 245 38 21 63 434 143 28 21 26 80 27 185 124 42 30 92 23 170 23 24 36 60 25 23 31 29 24 20 30 88 20 102 652 40 20 95 22 31 30 25 39 20
leaf_count=2036 62 140 20 5197 39 46 45 31 21 39 58 39 453 21 23 22 30 371 154 595 245 38 21 63 434 143 28 21 26 80 27 185 124 42 30 92 23 170 23 24 36 60 25 23 31 29 24 20 30 88 20 102 652 40 20 95 22 31 30 25 39 20
internal_value=0.00554078 0.347088 -0.0580033 -0.000514916 -0.087706 -0.472083 -0.730041 -0.27281 0.0528448 -0.389104 0.018658 -0.00792941 -0.221665 -0.387197 -1.48051 0.197734 -0.502047 0.0141408 0.282758 -0.00724919 -0.192609 0.0198153 0.219916 0.144326 0.0609089 0.105257 -0.176147 0.0484813 0.222206 0.138832 0.665852 0.0936743 -0.00828793 0.118624 0.391222 0.0706373 0.394432 0.599754 0.443535 0.00380326 -0.408831 0.265289 0.0656807 0.423259 1.03082 -1.2419 0.699763 1.6722 0.171524 -0.00916979 0.805257 0.463085 -0.11148 0.301732 -0.358822 -0.115832 -0.0420992 0.134605 -0.498135 0.583409 0.190424 0.502059
internal_weight=12743 222 82 12521 2257 221 175 130 91 60 10264 7853 735 527 74 208 53 7118 525 6593 840 5753 556 518 455 2411 257 229 208 2154 170 1984 182 1904 285 1619 277 223 193 1342 175 254 1167 202 148 54 125 44 81 965 51 194 780 128 62 139 186 147 61 86 61 44
internal_count=12743 222 82 12521 2257 221 175 130 91 60 10264 7853 735 527 74 208 53 7118 525 6593 840 5753 556 518 455 2411 257 229 208 2154 170 1984 182 1904 285 1619 277 223 193 1342 175 254 1167 202 148 54 125 44 81 965 51 194 780 128 62 139 186 147 61 86 61 44
is_linear=0
shrinkage=0.05


Tree=144
num_leaves=63
num_cat=0
split_feature=16 12 5 33 33 35 31 35 35 33 32 28 34 7 35 35 33 32 38 10 31 36 6 31 36 36 33 36 31 31 34 34 13 34 35 33 32 38 36 38 29 28 31 35 36 33 28 33 28 34 34 31 35 32 28 33 34 36 35 32 13 34
split_gain=9514.67 7899.67 12185.6 11754.6 14191.9 11319.9 12268 11882.6 10104.2 9975.81 8174.01 22708.2 10974.4 9709.25 16177.4 22556 16532.4 12058 9414.82 8064.93 8461.43 20233.2 7792.94 10332.3 7702.84 12006.9 7555.47 7417.84 7178.2 7626.79 7032.84 7658.48 27602.5 12161.8 32258.1 10465.4 8912.04 8462.13 6859.28 6763.77 6398.66 26550.7 38211.6 9694.27 14798.5 20254.2 23330.6 17767.9 17245.4 15191.3 22082.8 11838.1 9195.54 35958.3 62010.7 22748 13480.7 19157.2 12895.2 14253.8 10962.6 15054.3
threshold=1.0000000180025095e-35 1.0000000180025095e-35 1.0000000180025095e-35 471.30000000000001 290.25000000000006 1175.5000000000002 426.55000000000007 873.05000000000007 932.50000000000011 271.65000000000003 478.45000000000005 1.0000000180025095e-35 490.75000000000006 1.0000000180025095e-35 1026.7 953.35000000000014 468.85000000000008 476.65000000000003 1.0000000180025095e-35 1.0000000180025095e-35 346.75000000000006 234.04166666666669 1.0000000180025095e-35 284.05000000000007 249.31250000000003 222.88333333333335 347.65000000000003 153.15833333333336 140.85000000000005 89.950000000000017 480.15000000000003 420.7000000000001 1.0000000180025095e-35 386.25000000000006 1129.3500000000001 290.25000000000006 228.75000000000003 1.0000000180025095e-35 247.31666666666669 1.0000000180025095e-35 1.0000000180025095e-35 1.0000000180025095e-35 355.45000000000005 1107.4500000000003 327.25000000000006 343.05000000000007 1.0000000180025095e-35 447.90000000000003 1.0000000180025095e-35 115.55000000000001 264.00000000000006 276.75000000000006 918.1500000000002 196.15000000000001 1.0000000180025095e-35 235.25000000000003 313.10000000000008 242.6166666666667 879.1500000000002 180.15000000000001 1.0000000180025095e-35 174.30000000000004
decision_type=2 2 2 2 2 2 2 2 2 2 2 2 2 2 2 2 2 2 2 2 2 2 2 2 2 2 2 2 2 2 2 2 2 2 2 2 2 2 2 2 2 2 2 2 2 2 2 2 2 2 2 2 2 2 2 2 2 2 2 2 2 2
left_child=1 10 3 4 5 6 9 -8 -4 -3 12 28 13 17 15 19 18 30 -16 20 -15 -22 23 -6 25 27 -17 -2 29 -12 31 33 35 40 -35 37 -37 -33 -30 -40 43 -42 -43 52 45 46 -45 48 -46 -47 -51 -52 58 54 -54 56 57 -55 -1 -60 61 -57
right_child=24 2 8 -5 22 -7 7 -9 -10 -11 11 -13 -14 14 16 26 -18 -19 -20 -21 21 -23 -24 -25 -26 -27 -28 -29 38 -31 -32 32 -34 34 -36 36 -38 -39 39 -41 41 42 -44 44 47 49 -48 -49 -50 50 51 -53 53 55 -56 60 -58 -59 59 -61 -62 -63
leaf_value=0.012579504143074861 -0.47564653591031125 -0.010185552209134729 0.29065688278886581 -0.91709798553894317 0.1846997868081536 -0.93335943721955827 0.20486676066192155 1.3032534882426263 1.3736608628070717 -1.049496040120721 0.062926143123990017 -1.4152132448397186 1.0617349108060201 -0.061248109138418085 -0.16769653697099007 0.43776999243668152 -1.7097236488546645 1.1258386378486953 -1.1522837496572926 0.49978458862751723 -1.7978509659568471 -0.26225993769003614 -0.36688409585219167 0.89505377411842346 0.55513750564706121 -1.120374386459589 1.6923838348615741 0.67994171613600196 0.86205337650396607 -1.2075605324021093 -0.7481730734148333 -0.87488327685155365 1.809245851304796 -2.1936069467793344 0.030445834036384314 -0.2451256261630492 1.054060994495045 0.34023658581401994 0.10282618025901602 -0.61166310847144245 -0.049998982332463818 -2.0861203366204313 0.61394815802574154 0.64096842224467299 -0.12045506257997003 0.80522582651452823 2.4671459468810455 0.69352267919754507 -1.636275698741277 -1.3884338013331097 -0.51058144807815553 1.1527033733284993 -0.36413980269183721 -1.5947873409334068 -3.1790264182090762 -0.021689525199810249 0.772423786520958 -0.27805287966487607 1.2845497632026674 0.19237185262017331 0.94255642418591479 1.1831222097078959
leaf_weight=7738 21 608 62 29 99 31 97 33 33 24 21 38 24 543 112 28 28 24 31 48 24 202 26 106 140 20 21 41 22 27 31 38 27 23 56 22 33 23 134 44 865 38 20 73 86 47 23 49 24 30 20 23 90 37 25 191 20 109 40 118 53 30
leaf_count=7738 21 608 62 29 99 31 97 33 33 24 21 38 24 543 112 28 28 24 31 48 24 202 26 106 140 20 21 41 22 27 31 38 27 23 56 22 33 23 134 44 865 38 20 73 86 47 23 49 24 30 20 23 90 37 25 191 20 109 40 118 53 30
internal_value=0.00526374 -0.00048917 0.124514 0.0755847 0.103698 0.00323402 0.0413369 0.483688 0.666858 -0.049653 -0.0131071 -0.277028 -0.00629901 -0.00861599 -0.154263 -0.0665074 -0.598685 0.00644841 -0.381139 -0.129 -0.168248 -0.425332 0.44858 0.552005 0.329733 -0.0551031 0.975462 0.288533 -0.102629 -0.651723 0.00376241 0.00610019 0.369376 0.000814429 -0.617063 0.0342338 0.534386 -0.416723 0.0291535 -0.0737891 0.00582134 -0.11944 -1.15506 0.0189208 0.267683 0.537168 1.07849 -0.0984097 -0.45118 0.10411 -0.347294 0.379083 0.00788237 -0.188844 -0.976072 0.0169092 -0.444978 -0.611746 0.02171 0.468873 0.296739 0.14186
internal_weight=12743 12521 1148 1053 1024 793 762 130 95 632 11373 286 11087 11063 1037 866 171 10026 143 817 769 226 231 205 222 82 49 62 248 48 10002 9971 143 9828 79 116 55 61 200 178 9749 923 58 8826 375 216 96 159 110 120 73 43 8451 555 115 440 166 146 7896 158 274 221
internal_count=12743 12521 1148 1053 1024 793 762 130 95 632 11373 286 11087 11063 1037 866 171 10026 143 817 769 226 231 205 222 82 49 62 248 48 10002 9971 143 9828 79 116 55 61 200 178 9749 923 58 8826 375 216 96 159 110 120 73 43 8451 555 115 440 166 146 7896 158 274 221
is_linear=0
shrinkage=0.05


Tree=145
num_leaves=63
num_cat=0
split_feature=21 36 31 31 33 13 34 32 34 32 31 31 36 33 33 33 33 33 1 36 33 34 14 31 5 33 34 34 31 32 33 36 31 33 32 33 32 19 33 36 36 31 40 31 36 31 9 31 36 36 32 32 36 31 25 31 31 33 32 32 33 33
split_gain=12579.5 30206.1 16380.8 16077.2 14899 14272.2 17271.4 15844.9 13772.2 21844.9 13092.6 31500.6 20834.3 14101.7 32453.5 23350.4 13622.3 14287.2 12098.8 11868.6 11367.7 15930.3 10827.3 10427.2 9849.62 24344.9 9941.28 10978.8 10077.9 9668.99 12236 8421.2 8367.01 10303.9 8344.7 9150.3 12557.1 8276.47 17940.5 9859.54 11006.6 8178.73 21821.4 14461 10859.9 9910.22 16301.6 11240.6 10234.7 14538.8 22420.9 8816.59 8867.11 8631.41 9660.06 8224.33 7772.22 14605.9 10040.4 32302.9 19399.7 7847.13
threshold=1.0000000180025095e-35 362.92500000000007 464.35000000000008 469.35000000000008 414.75000000000006 1.0000000180025095e-35 444.2000000000001 435.35000000000008 471.55000000000007 293.95000000000005 439.55000000000007 421.15000000000003 247.31666666666669 369.25000000000006 451.40000000000003 482.05000000000007 344.35000000000008 334.15000000000003 1.0000000180025095e-35 321.17500000000001 435.95000000000005 121.35000000000001 1.0000000180025095e-35 456.35000000000008 1.0000000180025095e-35 449.55000000000007 61.500000000000007 388.20000000000005 227.65000000000001 330.65000000000003 93.600000000000009 243.56250000000003 365.45000000000005 191.10000000000002 297.75000000000006 136.45000000000002 80.65000000000002 1.0000000180025095e-35 490.55000000000001 238.35416666666671 291.72500000000008 387.25000000000006 1.5000000000000002 381.95000000000005 194.35000000000002 256.05000000000007 1.0000000180025095e-35 373.85000000000008 198.32500000000005 191.62500000000003 440.45000000000005 364.15000000000003 137.26666666666671 101.90000000000002 1.0000000180025095e-35 412.55000000000007 234.35000000000005 416.50000000000006 427.95000000000005 465.85000000000008 215.65000000000001 299.85000000000008
decision_type=2 2 2 2 2 2 2 2 2 2 2 2 2 2 2 2 2 2 2 2 2 2 2 2 2 2 2 2 2 2 2 2 2 2 2 2 2 2 2 2 2 2 2 2 2 2 2 2 2 2 2 2 2 2 2 2 2 2 2 2 2 2
left_child=5 2 10 -4 -3 8 7 -7 18 -10 11 12 13 16 20 -16 17 31 22 -9 21 -15 24 29 37 26 28 -28 -26 30 -12 41 -24 -34 35 36 -13 38 -1 -39 -41 43 -43 45 -44 48 47 -47 49 50 51 52 -2 -54 -55 -46 57 61 -58 -60 -61 -14
right_child=1 4 3 -5 -6 6 -8 19 9 -11 23 34 56 14 15 -17 -18 -19 -20 -21 -22 -23 32 -25 25 -27 27 -29 -30 -31 -32 -33 33 -35 -36 -37 -38 39 -40 40 -42 42 44 -45 55 46 -48 -49 -50 -51 -52 -53 53 54 -56 -57 58 -59 59 60 -62 -63
leaf_value=0.0065532530394714923 0.013241780088350608 -0.53052878278102 1.3833561965913486 0.18534436744612617 -1.824537256589303 0.098042799041173245 1.4289001664945058 1.5147616307525074 -1.951944128715474 0.18322154998779297 -0.5572583687716518 0.10789378514656654 -0.68076144162430818 0.16287821551708326 -1.388904044032097 0.65061640376630037 -1.0246490240097046 1.0991537868976593 -0.36347300604881966 0.38376803316482128 1.7978502302120132 1.4145693555856365 -0.14890556661594731 -0.062456007525324819 -0.16110800338979481 1.5931186298529307 0.92126151115017041 -0.40498310983180996 0.23797972438856962 -0.022043640272957937 -2.0226355195045471 0.8336343581859883 -0.19896472387987635 -1.6799462298552197 1.2834619237618012 -0.29941154335226333 1.7517648503893899 -0.34723094679189453 -1.2847436353012369 1.4135760173201561 0.28637617314929392 -1.7906621203422546 -0.95216944724321362 1.2903487688302995 0.81661152392625813 0.11783231558604829 1.3485082773061901 -1.0414487738500942 -0.45363386760295282 0.97736250748857856 -1.5541766836093023 0.54856653015721935 -0.97265746085481219 -0.31234913678361781 0.76322768926620488 -0.45681385653359552 -0.37404006792169708 -0.020098034143447879 1.120682006891893 -1.5285536942810849 0.4159408906555695 -1.5563018689284454
leaf_weight=7132 552 154 33 185 26 862 28 34 23 25 29 26 83 73 36 23 36 27 212 73 24 39 102 60 271 30 71 20 380 21 28 26 23 24 44 28 21 33 27 32 67 25 25 20 32 422 26 22 213 32 26 55 44 226 23 21 312 65 49 29 23 37
leaf_count=7132 552 154 33 185 26 862 28 34 23 25 29 26 83 73 36 23 36 27 212 73 24 39 102 60 271 30 71 20 380 21 28 26 23 24 44 28 21 33 27 32 67 25 25 20 32 422 26 22 213 32 26 55 44 226 23 21 312 65 49 29 23 37
internal_value=-0.00358788 -0.0876373 -0.0513141 0.366695 -0.717441 0.0257127 0.204653 0.169277 0.00465469 -0.839879 -0.0827044 -0.0589824 -0.0947722 -0.0189581 0.385489 -0.593837 -0.0615199 -0.0424376 0.00946684 0.743149 0.810344 0.598735 0.0190946 -0.558004 0.0268992 0.19673 0.140272 0.629779 0.0718464 -0.939195 -1.27709 -0.0596571 -0.403243 -0.955211 0.736816 0.416117 0.842389 0.00891685 0.00168316 0.401235 0.650724 -0.0728235 -0.505168 -0.0460135 -0.0931507 -0.0623007 0.131648 0.0603905 -0.140145 -0.0704446 -0.106654 -0.0648366 -0.104762 -0.327077 -0.212999 0.312047 -0.354417 -0.623745 -0.233774 0.199525 -0.668489 -0.95072
internal_weight=12770 3301 3121 218 180 9469 997 969 8472 48 2903 2765 2646 2048 195 59 1853 1817 8424 107 136 112 8212 138 8063 772 742 91 651 78 57 1790 149 47 119 75 47 7291 7159 132 99 1764 103 1661 78 1641 470 444 1171 958 926 900 845 293 249 53 598 185 413 101 52 120
internal_count=12770 3301 3121 218 180 9469 997 969 8472 48 2903 2765 2646 2048 195 59 1853 1817 8424 107 136 112 8212 138 8063 772 742 91 651 78 57 1790 149 47 119 75 47 7291 7159 132 99 1764 103 1661 78 1641 470 444 1171 958 926 900 845 293 249 53 598 185 413 101 52 120
is_linear=0
shrinkage=0.05


Tree=146
num_leaves=63
num_cat=0
split_feature=21 36 31 34 29 33 7 34 34 33 31 33 38 40 35 34 34 34 13 31 36 31 31 31 35 37 33 39 35 35 35 33 34 33 33 33 33 34 33 33 1 31 35 39 29 36 31 34 34 33 35 40 31 31 31 35 36 35 40 36 34 10
split_gain=11353 27578.3 21530.2 18493.6 16162.2 19178.5 37320.1 20613.8 24087.9 16083.8 23230.8 15972.3 31339.9 15963.8 22401.9 15644.4 27207.4 20844.2 15311.2 13573.7 12801.1 15365.6 24724.2 13561.1 16762 16251.6 13446.3 12477.1 11638.3 11732.3 11577.9 19881.7 11309.7 11302.5 21057.8 21705.3 20822.7 17786.4 17003.1 13147.6 10962.1 9475.47 8864.95 19856.8 8485.42 8331.36 8171.93 8080.64 7932.14 14198.4 13215.5 20135.2 11210.6 9578.62 12100.6 7741.34 7461.26 7359.46 7315.3 14128.8 7287.25 13900.3
threshold=1.0000000180025095e-35 247.31666666666669 464.35000000000008 85.250000000000014 1.0000000180025095e-35 449.55000000000007 1.0000000180025095e-35 164.90000000000003 330.80000000000001 425.80000000000007 330.95000000000005 439.50000000000006 1.0000000180025095e-35 3.5000000000000004 992.6500000000002 417.25000000000006 391.65000000000003 437.40000000000003 1.0000000180025095e-35 453.05000000000007 362.92500000000007 419.55000000000007 439.55000000000007 456.35000000000008 1186.7000000000003 3.5000000000000004 414.75000000000006 1.0000000180025095e-35 552.85000000000014 541.75000000000011 1198.6500000000003 437.50000000000006 422.30000000000007 357.90000000000003 449.55000000000007 482.05000000000007 344.35000000000008 69.15000000000002 431.30000000000001 334.15000000000003 1.0000000180025095e-35 227.65000000000001 562.75000000000011 1.0000000180025095e-35 1.0000000180025095e-35 288.28333333333336 59.050000000000004 201.80000000000004 83.15000000000002 330.95000000000005 1009.4000000000001 5.5000000000000009 309.25000000000006 220.15000000000001 370.35000000000008 1327.2000000000003 133.45000000000002 912.95000000000016 1.5000000000000002 235.01250000000002 279.9500000000001 1.0000000180025095e-35
decision_type=2 2 2 2 2 2 2 2 2 2 2 2 2 2 2 2 2 2 2 2 2 2 2 2 2 2 2 2 2 2 2 2 2 2 2 2 2 2 2 2 2 2 2 2 2 2 2 2 2 2 2 2 2 2 2 2 2 2 2 2 2 2
left_child=4 2 15 58 5 11 7 13 -9 32 -11 28 -13 14 -7 16 18 -17 19 33 21 30 27 25 45 -24 -22 -23 29 46 48 44 -6 36 37 -36 39 38 -35 -2 42 -31 43 -30 -32 -25 56 -39 50 -50 53 52 -52 -3 -55 -26 -1 -20 -4 -60 -44 -62
right_child=1 20 3 -5 9 6 -8 8 -10 10 -12 12 -14 -15 -16 17 -18 -19 57 -21 26 22 23 24 55 -27 -28 -29 40 41 31 -33 -34 34 35 -37 -38 47 -40 -41 -42 -43 60 -45 -46 -47 -48 -49 49 -51 51 -53 -54 54 -56 -57 -58 -59 59 -61 61 -63
leaf_value=-0.1642264911606908 -0.0064202679348904293 -1.0328129772242014 1.2286915493011474 2.0789706549048428 -0.080724159940641749 2.318997943919638 -0.77538497988134625 2.788599780201912 0.69312438182532787 -1.833245118225322 0.043734155781567099 0.20367015259606497 -2.3877942529320717 0.038351536389778965 0.31023369516645161 2.0048392225395548 -1.8325137955801829 0.0055600220337510111 -0.29509150872970175 -1.0588313148453319 -0.50400234227637186 1.5674910941057736 -1.9141226335005328 0.047961054350200455 -1.4530458348989488 0.055196773409843448 -1.7333103709495985 0.18682959516843162 1.7935902179479599 -1.4962450690891433 -0.15577182619433319 0.80891925658170993 -1.0527316404927161 -0.088412275772828328 -1.2012457879150615 0.87460120424628274 -1.6129394125938417 2.2754108321666719 1.5787255266308786 1.1971818714362124 -0.30460817074448759 -0.20389152580016368 0.10110046619011581 -0.24210010281075603 -1.2588560646230524 0.99636586553011197 0.013652010349698547 0.95952102967670982 -0.33238981058520656 -1.9339108233451843 1.7173118477775937 -0.84968266928637481 0.083547472244217283 -0.21472337140316167 -1.1543614889894214 -0.19906863416545095 -1.0216377317905427 -1.0735520316333307 -0.68919770589162566 0.78479207673588325 0.18072832439336098 0.97893282043082375
leaf_weight=100 1679 77 20 20 864 23 48 24 32 34 32 28 20 88 35 22 21 32 117 29 154 36 22 57 20 20 26 30 25 23 84 52 31 65 34 20 20 20 20 23 143 37 2275 23 22 39 5233 28 31 25 21 27 21 186 42 32 34 41 29 37 247 70
leaf_count=100 1679 77 20 20 864 23 48 24 32 34 32 28 20 88 35 22 21 32 117 29 154 36 22 57 20 20 26 30 25 23 84 52 31 65 34 20 20 20 20 23 143 37 2275 23 22 39 5233 28 31 25 21 27 21 186 42 32 34 41 29 37 247 70
internal_value=-0.00340848 -0.0832554 0.0136614 0.70947 0.0244271 0.0463812 0.477832 0.775626 1.59119 -0.169939 -0.923195 0.0333196 -0.876107 0.462809 1.10681 -0.0203118 -0.0417484 0.820081 -0.0238065 0.0147796 -0.298763 -0.217122 0.106206 -0.183399 0.0416279 -0.976351 -0.681569 0.939918 0.0386366 -0.00399392 -0.35789 0.00812743 -0.114391 0.031089 0.400279 -0.432414 -0.00900304 0.738365 0.303855 0.00984463 0.121768 -0.699294 0.144864 0.818155 -0.384714 0.433251 0.00377914 1.50781 -0.49238 -1.04735 -0.409283 0.215603 0.90043 -0.55065 -0.387815 -0.681368 -0.381779 -0.497097 0.390981 0.13713 0.132395 0.356988
internal_weight=12770 3301 2277 106 9469 8508 250 202 56 961 66 8258 48 146 58 2171 2117 54 2096 1938 1024 844 256 190 148 42 180 66 8210 5427 588 158 895 1909 187 54 1722 133 85 1702 2783 60 2640 48 106 96 5367 48 430 56 374 69 42 305 228 52 134 158 86 66 2592 317
internal_count=12770 3301 2277 106 9469 8508 250 202 56 961 66 8258 48 146 58 2171 2117 54 2096 1938 1024 844 256 190 148 42 180 66 8210 5427 588 158 895 1909 187 54 1722 133 85 1702 2783 60 2640 48 106 96 5367 48 430 56 374 69 42 305 228 52 134 158 86 66 2592 317
is_linear=0
shrinkage=0.05


Tree=147
num_leaves=63
num_cat=0
split_feature=1 21 36 36 31 28 6 31 36 32 32 32 32 32 32 33 31 36 36 33 33 35 33 8 32 32 32 32 32 32 31 36 31 28 36 32 32 39 33 28 31 10 31 33 35 32 28 36 33 15 37 13 23 8 31 7 36 33 35 32 36 36
split_gain=10385.9 11031.5 25324.5 20900.5 14385.9 13277.1 27322.2 39379.2 52817.4 35161.2 59115.3 37331.3 30497.2 30759.3 26427.5 24099.8 21700.2 34387.4 31774.2 30343.8 19049.5 17422.7 16037.8 12626.7 15890.6 23798.2 41977 19267.5 12811.5 12558.8 11738.5 11909.4 11505.6 19449.3 14138.6 25730.5 15405 10947.3 10246.8 28616.6 10114 9909.07 9458.82 11182.7 18662.5 9399.47 20743.8 28396.5 12426.6 9349.22 9295.91 9528.2 9211.84 9052.96 8545.07 8488.46 8297.1 27301.8 8368.76 8205.75 8196.17 8039.28
threshold=1.0000000180025095e-35 1.0000000180025095e-35 247.31666666666669 245.32500000000002 464.35000000000008 1.0000000180025095e-35 1.0000000180025095e-35 370.35000000000008 265.81666666666672 442.25000000000006 462.05000000000007 413.85000000000008 333.85000000000008 211.45000000000002 351.00000000000006 431.30000000000001 431.55000000000007 357.87500000000006 312.83333333333337 180.40000000000003 435.95000000000005 849.65000000000009 131.25000000000003 1.0000000180025095e-35 225.35000000000005 90.850000000000009 62.600000000000009 258.95000000000005 140.45000000000002 440.45000000000005 167.75000000000003 278.37500000000006 275.05000000000007 1.0000000180025095e-35 362.92500000000007 409.15000000000003 489.35000000000008 1.0000000180025095e-35 369.25000000000006 1.0000000180025095e-35 177.15000000000001 1.0000000180025095e-35 421.15000000000003 336.15000000000003 873.05000000000007 184.85000000000005 1.0000000180025095e-35 140.81666666666669 241.45000000000002 1.0000000180025095e-35 2.5000000000000004 1.0000000180025095e-35 1.0000000180025095e-35 1.0000000180025095e-35 446.75000000000006 1.0000000180025095e-35 190.465 64.65000000000002 1036.0000000000002 188.45000000000002 379.92500000000013 206.81666666666669
decision_type=2 2 2 2 2 2 2 2 2 2 2 2 2 2 2 2 2 2 2 2 2 2 2 2 2 2 2 2 2 2 2 2 2 2 2 2 2 2 2 2 2 2 2 2 2 2 2 2 2 2 2 2 2 2 2 2 2 2 2 2 2 2
left_child=1 5 3 4 29 49 7 9 -9 11 -11 14 13 -8 20 16 17 -10 -18 60 23 -16 -12 24 25 26 -7 -26 -27 38 -29 -32 33 -4 35 37 42 -34 45 41 -30 -40 43 44 -37 46 48 -48 61 55 -47 -52 -39 -2 -44 -1 -31 -58 -59 -6 -20 -3
right_child=53 2 32 -5 59 6 12 8 15 10 22 -13 -14 -15 21 -17 18 -19 19 -21 -22 -23 -24 -25 27 28 -28 30 40 56 31 -33 34 -35 -36 36 -38 52 39 -41 -42 -43 54 -45 -46 50 47 -49 -50 -51 51 -53 -54 -55 -56 -57 57 58 -60 -61 -62 -63
leaf_value=0.021235196504046587 -0.40251183686079461 0.017062982640510319 -0.42921831699771973 1.2295855156012945 0.2938856806660044 0.042598749842672125 -0.98086814823058932 2.9159943015487109 2.3797119362344001 3.364531377525557 1.0897018551826478 -1.9367613735198976 -1.8388287833242707 1.6272998321056367 1.8917047886053719 1.9677287419637044 -1.680257360637188 0.18123324461605239 1.7788476876914503 -1.1130858271121979 -1.3950945744147667 0.084288866321245826 -0.91265835046768196 1.0251534562025753 -1.9895649433135987 1.559195007880529 -2.2073897434317549 0.66152260614478076 1.1779565117575908 -1.332696775518931 -1.5183735279933268 0.12852961789994014 -0.06878967365966393 -1.8955391569137576 -0.58618630354110834 1.0454223566055298 -0.71248271361641269 -0.78547036782838409 0.31332257392076668 2.1402973771095275 -0.17581566225838019 -0.71958132811955045 2.0361242815852165 1.2790730689962706 -0.74323041098458431 -0.61606239355927295 0.29428201261020842 -2.10298787355423 -0.69361232265636519 0.39585205166570603 0.20586821465407434 -0.36992154358713719 0.15143176425587049 0.68009410642442258 0.69270395965411746 -0.14588500301162538 0.86257718791884752 -0.39087792841287761 -1.6721136856079104 1.2962340249069806 0.56235072195529934 -0.45484033828914755
leaf_weight=7307 240 848 237 35 69 210 26 27 29 21 20 25 33 20 30 27 24 46 20 25 26 24 20 28 21 33 23 23 22 26 23 21 260 25 169 25 23 128 136 20 37 28 20 24 35 43 21 30 77 155 636 81 33 21 29 848 31 26 25 29 45 101
leaf_count=7307 240 848 237 35 69 210 26 27 29 21 20 25 33 20 30 27 24 46 20 25 26 24 20 28 21 33 23 23 22 26 23 21 260 25 169 25 23 128 136 20 37 28 20 24 35 43 21 30 77 155 636 81 33 21 29 848 31 26 25 29 45 101
internal_value=-0.00323806 0.00327531 -0.0756497 0.0172363 -0.00181721 0.0312096 0.210477 0.293142 0.831022 0.0778133 1.21633 -0.0493834 -0.678961 0.153118 0.0411817 0.5704 0.370782 1.03131 -0.0637771 0.367284 -0.0799109 1.08841 0.0885218 -0.00237175 -0.0720345 0.089351 -0.179503 -0.66806 0.770253 -0.0290821 -0.253857 -0.732352 -0.28409 -0.569134 -0.183981 -0.0661772 0.482334 -0.269426 -0.00100937 0.354726 0.328981 0.136973 0.688956 0.366908 0.00204158 -0.036641 -0.13165 -1.11588 -0.0827267 0.0111687 0.0979972 0.140821 -0.593435 -0.315406 1.24104 0.00385715 -0.554406 -0.307631 -1.01893 0.590499 0.936657 -0.0331607
internal_weight=12770 12509 3270 2262 2227 9239 929 850 243 607 61 546 79 46 521 216 189 75 114 90 467 54 40 441 413 325 233 88 92 2129 67 44 1008 262 746 577 156 421 2021 184 59 164 133 84 60 1837 1077 51 1026 8310 760 717 161 261 49 8155 108 82 51 98 65 949
internal_count=12770 12509 3270 2262 2227 9239 929 850 243 607 61 546 79 46 521 216 189 75 114 90 467 54 40 441 413 325 233 88 92 2129 67 44 1008 262 746 577 156 421 2021 184 59 164 133 84 60 1837 1077 51 1026 8310 760 717 161 261 49 8155 108 82 51 98 65 949
is_linear=0
shrinkage=0.05


Tree=148
num_leaves=63
num_cat=0
split_feature=13 34 21 31 32 35 28 34 31 28 32 34 35 32 31 31 1 14 32 21 29 28 31 31 28 35 32 31 24 35 31 32 31 9 18 32 32 32 32 32 32 32 32 10 31 31 0 31 30 31 37 32 15 35 37 32 32 32 35 32 32 31
split_gain=9499.12 17955.2 12930.4 18822.9 14289.7 16863.7 13864.9 12510.6 12318 11501.9 10366.6 9902.25 12723.6 7810.38 9898.5 8309.98 7310.43 8344.61 9991.48 7252.37 13954.7 29294.5 55514.6 23370.2 20930.8 33100.1 61406.6 36958.1 37425.4 19914.3 19004.1 51633.8 22931.4 21895.9 26110.1 18370.9 25005.4 27339.8 18261.4 11798.5 32465.4 45508.6 10117.3 21998.6 14241.4 9886 8746.26 7604.91 7551.1 6895.67 11193 11932.6 6863.59 6859.95 6828.19 17481.8 10193.3 23958.4 14869.5 10444.8 8944.62 8755.58
threshold=1.0000000180025095e-35 420.7000000000001 1.0000000180025095e-35 456.35000000000008 435.35000000000008 1186.7000000000003 1.0000000180025095e-35 437.40000000000003 264.85000000000008 1.0000000180025095e-35 258.95000000000005 425.15000000000003 1241.4000000000003 379.75000000000006 385.35000000000008 302.25000000000006 1.0000000180025095e-35 1.0000000180025095e-35 394.45000000000005 1.0000000180025095e-35 1.0000000180025095e-35 1.0000000180025095e-35 353.50000000000006 234.35000000000005 1.0000000180025095e-35 552.85000000000014 315.15000000000003 169.75000000000003 1.0000000180025095e-35 731.35000000000025 208.05000000000004 113.45000000000002 252.55000000000004 1.0000000180025095e-35 1.0000000180025095e-35 207.75000000000003 268.45000000000005 407.65000000000003 247.80000000000004 183.65000000000001 95.850000000000009 61.150000000000013 465.85000000000008 1.0000000180025095e-35 419.55000000000007 373.85000000000008 1.0000000180025095e-35 421.15000000000003 1.0000000180025095e-35 162.45000000000002 3.5000000000000004 249.75000000000003 1.0000000180025095e-35 439.05000000000007 2.5000000000000004 77.050000000000011 427.95000000000005 400.15000000000003 960.80000000000007 438.45000000000005 79.050000000000011 186.55000000000004
decision_type=2 2 2 2 2 2 2 2 2 2 2 2 2 2 2 2 2 2 2 2 2 2 2 2 2 2 2 2 2 2 2 2 2 2 2 2 2 2 2 2 2 2 2 2 2 2 2 2 2 2 2 2 2 2 2 2 2 2 2 2 2 2
left_child=7 2 4 13 5 6 -2 11 -8 -9 -3 16 -13 14 -4 -15 17 19 -19 20 24 -22 23 -23 46 26 38 29 30 -27 -29 -32 -33 34 35 -34 -37 47 39 40 41 53 54 44 -44 -39 48 -38 52 -18 51 -51 -1 -26 55 -21 57 60 -59 -58 -56 -61
right_child=1 10 3 -5 -6 -7 8 9 -10 -11 -12 12 -14 15 -16 -17 49 18 -20 42 21 22 -24 -25 25 27 -28 28 -30 -31 31 32 33 -35 -36 36 37 45 -40 -41 -42 -43 43 -45 -46 -47 -48 -49 -50 50 -52 -53 -54 -55 56 -57 59 58 -60 61 -62 -63
leaf_value=0.023828478821210738 0.10289797451042274 1.547250929926381 -0.37169889074302359 1.1278111762326697 0.71543132307274004 1.2614452364047368 -1.7269904962182048 -0.24388158449451247 -0.030327247536700703 -1.2776750296354296 0.33590236957135955 1.2612697327180822 -0.26141365701737612 -0.32732011304961312 -1.3652624222540088 0.82475986282030744 -0.89054992288351065 -0.54277469332729067 0.37142078202021755 -0.034780257899909808 -0.084472223958570736 -1.1418597495555878 0.61733362124516411 -3.5589973139762878 0.015783782407754299 3.0042431990305585 -2.7304506969451907 -0.4747555704493272 -1.4470346224308015 1.0944509582641799 3.1626740932464603 1.738253836559527 0.9808823087523062 1.7343123078346254 1.6975244509137195 -1.8293069884181024 0.24484172682795258 -1.7599525054295857 1.5834227943420411 -0.91811686187982566 1.490839261130283 -2.3649242198467255 -0.95202897716006007 1.0548653918008009 0.24765835283324122 -0.24327395504171198 -0.36891557813204567 1.4421155412991844 -0.43865390875558746 -9.8904349828419624e-05 0.41694647706391524 -0.9655070952156134 0.45214609986857363 0.80790964528437592 -0.39916774262716109 -0.53237574800270904 1.006458296094622 -0.16009952738400429 -1.2689918166500027 -0.52167134493589395 0.068160732995549395 0.46465637279408317
leaf_weight=6052 776 33 131 23 105 30 20 169 23 32 38 34 23 45 31 24 40 140 38 738 784 20 26 20 231 21 20 38 25 39 20 33 31 24 23 24 36 21 20 30 38 20 109 21 32 22 145 21 87 73 57 57 95 31 111 232 49 62 59 35 1320 63
leaf_count=6052 776 33 131 23 105 30 20 169 23 32 38 34 23 45 31 24 40 140 38 738 784 20 26 20 231 21 20 38 25 39 20 33 31 24 23 24 36 21 20 30 38 20 109 21 32 22 145 21 87 73 57 57 95 31 111 232 49 62 59 35 1320 63
internal_value=-0.00307616 0.126183 0.0807648 -0.236265 0.165173 0.09712 0.0544707 -0.0174632 -0.819473 -0.408466 0.898924 -0.0105021 0.646854 -0.372082 -0.561825 0.0734034 -0.0138377 -0.00804488 -0.347609 -0.00246282 0.021884 -0.169638 -1.18131 -2.35043 0.044662 0.291264 -0.0318959 0.624683 0.409929 1.76288 0.568373 0.72382 0.516258 0.316625 0.125476 -0.107796 -0.379965 -0.032123 0.113972 0.0300033 0.11889 -0.0659831 -0.0712376 -0.454901 -0.67976 -0.983977 0.0149723 0.685943 0.0239013 -0.294701 -0.167247 -0.423393 0.030448 0.109509 -0.0479505 -0.153793 0.0124774 -0.025214 -0.700799 0.410417 0.0319109 0.112396
internal_weight=12770 1279 1208 254 954 849 819 11491 43 201 71 11290 57 231 162 69 11233 11006 178 10828 7997 850 66 40 7147 768 390 378 318 60 293 255 235 202 178 155 124 100 370 350 320 282 2831 162 141 43 6379 57 6234 227 187 130 6147 262 2669 970 1699 1552 121 147 1431 98
internal_count=12770 1279 1208 254 954 849 819 11491 43 201 71 11290 57 231 162 69 11233 11006 178 10828 7997 850 66 40 7147 768 390 378 318 60 293 255 235 202 178 155 124 100 370 350 320 282 2831 162 141 43 6379 57 6234 227 187 130 6147 262 2669 970 1699 1552 121 147 1431 98
is_linear=0
shrinkage=0.05


Tree=149
num_leaves=63
num_cat=0
split_feature=13 34 37 32 35 28 31 34 25 28 32 32 40 34 35 32 32 36 32 31 32 9 32 31 40 32 31 32 36 35 35 34 35 31 40 35 36 34 38 31 28 35 34 32 32 36 31 31 31 36 36 18 35 32 32 28 19 40 36 34 31 31
split_gain=8572.96 16204.6 11460.1 16667 13197.6 16312.6 17659 11290.8 10916.3 15596.6 9676.39 9563.5 16980.5 8936.78 11483.1 8579.75 8376.3 7798.74 7176.55 7104.81 20577.5 10819.3 16889.1 16291.5 11366.7 17681.5 10454.9 10173.9 13005.3 15873 10354.1 15525.5 9580.35 9072.47 9035.12 8667.86 15503.4 16948.4 10737 8449.91 8413.22 8156.01 8494.25 7024.79 6476.6 10814.5 12964.4 28051.8 12217.6 17229.4 7792.24 7409.26 7922.74 9896.75 19972.5 49746 14748.4 11003.5 10684.4 9154.55 8244.04 11939.4
threshold=1.0000000180025095e-35 420.7000000000001 4.5000000000000009 435.35000000000008 1186.7000000000003 1.0000000180025095e-35 245.75000000000003 437.40000000000003 1.0000000180025095e-35 1.0000000180025095e-35 333.85000000000008 343.35000000000008 2.5000000000000004 425.15000000000003 1241.4000000000003 190.35000000000005 385.45000000000005 257.88000000000005 336.25000000000006 154.35000000000005 485.65000000000003 1.0000000180025095e-35 482.55000000000007 167.75000000000003 1.0000000180025095e-35 180.15000000000001 343.35000000000008 469.55000000000007 286.35833333333341 1026.7 837.70000000000016 244.45000000000002 648.85000000000002 457.95000000000005 5.5000000000000009 1099.0500000000002 261.0750000000001 320.15000000000003 1.0000000180025095e-35 449.65000000000003 1.0000000180025095e-35 1522.8500000000001 399.55000000000007 394.45000000000005 465.85000000000008 288.28333333333336 448.05000000000007 412.55000000000007 254.15000000000001 356.22500000000008 247.31666666666669 1.0000000180025095e-35 1129.3500000000001 436.85000000000008 405.75000000000006 1.0000000180025095e-35 1.0000000180025095e-35 5.5000000000000009 328.7166666666667 379.10000000000008 466.05000000000007 479.05000000000007
decision_type=2 2 2 2 2 2 2 2 2 2 2 2 2 2 2 2 2 2 2 2 2 2 2 2 2 2 2 2 2 2 2 2 2 2 2 2 2 2 2 2 2 2 2 2 2 2 2 2 2 2 2 2 2 2 2 2 2 2 2 2 2 2
left_child=7 2 3 4 5 -2 -7 13 9 16 -10 12 -3 19 -15 -4 17 -9 -17 20 27 41 23 -23 25 -25 -27 28 30 43 31 -1 -29 39 -35 36 37 38 -32 40 -26 42 44 -30 51 50 47 48 -47 -50 -46 52 53 54 56 -56 -21 58 -55 60 -54 -62
right_child=1 11 15 -5 -6 6 -8 8 10 -11 -12 -13 -14 14 -16 18 -18 -19 -20 21 -22 22 -24 24 33 26 -28 32 29 -31 35 -33 -34 34 -36 -37 -38 -39 -40 -41 -42 -43 -44 -45 45 46 -48 -49 49 -51 -52 -53 59 57 55 -57 -58 -59 -60 -61 61 -63
leaf_value=-0.075012344179195001 0.05654729125976439 0.33828346927960717 0.33814448833465582 0.64800804635653142 0.93641870200634014 -2.0237048238515856 -0.078434661030769348 -0.86926198974251756 -0.43003038622084122 -1.648556091104235 1.0878304335776539 0.041909188839296507 2.2394681990146639 1.1982062378350427 -0.24834296871786532 -1.4653597844334749 -0.97395430531867433 0.17712774490532668 -0.27889117908477784 -0.0064126058203560505 -1.2262599825859071 1.4027977695465088 1.5544828661463477 0.32677116942090484 0.10286723727670809 -0.31478070255481838 -1.6160580221948952 0.064874985323033554 0.49262605394635889 -1.7259602377047907 0.2927000454092612 -1.1844006778672338 1.4118941198695791 1.0807576124484723 0.02299577407538891 -0.49476324478509248 1.7350262119656517 1.3782373730952924 -0.90488516710422662 -0.84650100845504894 0.98116275544824283 0.8430423172456879 -0.73859952509403237 -0.67718840512362399 -0.13865312871833643 0.33459652785270938 -0.93264320791748012 1.2977786104145803 -1.7222739362856374 -0.18556150242098068 -1.301760980155733 0.15393617191942482 -0.19784671607965659 1.1747073233127594 -0.19424969193120903 -2.4509579375386239 0.63147477381255324 -0.17505137739989621 0.23684990889303489 0.58017026639543479 -1.7807515832510863 -0.35417182879014453
leaf_weight=2179 919 24 20 130 40 20 28 24 21 28 21 24 23 34 23 26 38 69 25 6016 39 25 22 52 456 33 29 33 21 26 61 32 22 52 33 27 21 26 27 22 29 28 40 33 24 63 38 38 24 76 36 716 237 52 191 28 92 65 73 30 22 44
leaf_count=2179 919 24 20 130 40 20 28 24 21 28 21 24 23 34 23 26 38 69 25 6016 39 25 22 52 456 33 29 33 21 26 61 32 22 52 33 27 21 26 27 22 29 28 40 33 24 63 38 38 24 76 36 716 237 52 191 28 92 65 73 30 22 44
internal_value=-0.00292235 0.119873 0.0767266 0.115211 0.0464284 0.00961395 -0.888964 -0.0165901 -0.388042 -0.577423 0.3289 0.853977 1.26865 -0.00997697 0.614511 -0.53956 -0.348479 -0.0929083 -0.883758 -0.0131458 -0.0865793 0.00838709 0.189513 0.148434 0.104016 -0.35317 -0.923443 -0.068857 -0.0839363 -0.710963 -0.0627976 -0.0910686 0.603683 0.192055 0.670097 0.323049 0.486611 0.25664 -0.0747409 0.11191 0.155384 -0.00880541 -0.0118227 -0.222261 -0.00812645 -0.236367 -0.0857009 0.0744175 -0.210783 -0.554372 -0.836518 0.000893346 -0.0151035 -0.00294838 -0.0136259 -0.482779 0.00319539 0.352613 0.626999 -0.252987 -0.335478 -0.829698
internal_weight=12770 1279 1208 1137 1007 967 48 11491 201 159 42 71 47 11290 57 71 131 93 51 11233 2547 8686 753 731 706 114 62 2508 2453 80 2373 2211 55 592 85 162 135 114 88 507 485 7933 7905 54 7865 299 239 201 163 100 60 7566 6850 6517 6327 219 6108 190 125 333 303 66
internal_count=12770 1279 1208 1137 1007 967 48 11491 201 159 42 71 47 11290 57 71 131 93 51 11233 2547 8686 753 731 706 114 62 2508 2453 80 2373 2211 55 592 85 162 135 114 88 507 485 7933 7905 54 7865 299 239 201 163 100 60 7566 6850 6517 6327 219 6108 190 125 333 303 66
is_linear=0
shrinkage=0.05


Tree=150
num_leaves=63
num_cat=0
split_feature=24 10 33 32 28 37 33 33 33 31 32 31 33 33 39 33 35 31 31 32 31 33 33 35 36 32 32 21 36 28 33 37 32 32 32 35 35 32 32 2 37 32 31 36 4 17 31 31 36 35 36 36 33 5 33 31 35 36 32 32 28 31
split_gain=7405.06 10107.8 13243.3 12671.2 19414.5 9196.62 16876.6 15869.7 13563.5 28790.1 23894.1 25746.8 13661.9 13592.4 11787.4 9448.83 9298.33 9111.56 8959.5 8913.29 10903.1 16975.6 16916.8 13913.7 11620.9 9076.19 8792.03 8390.12 22876.1 25843.1 12345.1 39341 27563.1 14177.4 25888 12813.2 21760.3 15691.6 12906 11603 11179.3 13910.6 10215.9 9486.18 9339.98 8101.12 19999.6 12793.6 11358.2 10784.3 10253.3 8049.79 7981.66 7846.9 18217.2 10867.2 10496.2 20044.8 12488.8 11376.2 71055.2 74322.3
threshold=1.0000000180025095e-35 1.0000000180025095e-35 146.90000000000003 480.35000000000008 1.0000000180025095e-35 4.5000000000000009 464.15000000000003 381.90000000000003 217.25000000000003 414.05000000000007 190.35000000000005 310.95000000000005 176.45000000000002 120.15000000000002 1.0000000180025095e-35 73.750000000000014 849.65000000000009 214.85000000000005 353.50000000000006 75.050000000000011 392.45000000000005 393.00000000000006 440.95000000000005 1198.6500000000003 306.96250000000003 113.45000000000002 289.75000000000006 1.0000000180025095e-35 310.41666666666674 1.0000000180025095e-35 57.500000000000007 3.5000000000000004 484.05000000000007 470.95000000000005 435.35000000000008 644.05000000000018 701.45000000000016 193.95000000000002 181.85000000000005 1.0000000180025095e-35 2.5000000000000004 51.95000000000001 498.65000000000003 264.71666666666675 1.0000000180025095e-35 1.0000000180025095e-35 139.15000000000001 216.75000000000003 295.35833333333341 807.70000000000016 331.58333333333343 268.44166666666678 480.90000000000003 1.0000000180025095e-35 440.95000000000005 59.050000000000004 1327.2000000000003 342.55000000000007 307.30000000000001 438.45000000000005 1.0000000180025095e-35 223.55000000000004
decision_type=2 2 2 2 2 2 2 2 2 2 2 2 2 2 2 2 2 2 2 2 2 2 2 2 2 2 2 2 2 2 2 2 2 2 2 2 2 2 2 2 2 2 2 2 2 2 2 2 2 2 2 2 2 2 2 2 2 2 2 2 2 2
left_child=5 2 3 4 -2 27 7 8 9 12 11 -10 13 15 -15 -7 -14 -17 26 -4 22 23 25 -22 -24 -21 -9 42 30 -30 32 -32 40 34 35 38 37 -37 -33 -38 41 -29 45 -43 51 53 -47 -48 49 -49 -50 -42 -8 56 55 -55 59 -58 -59 -1 -61 -62
right_child=1 -3 19 -5 -6 6 52 18 10 -11 -12 -13 16 14 -16 17 -18 -19 -20 20 21 -23 24 -25 -26 -27 -28 28 29 -31 31 33 -34 -35 -36 36 39 -39 -40 -41 44 43 -44 -45 -46 46 47 48 50 -51 -52 -53 -54 54 -56 -57 57 58 -60 60 61 -63
leaf_value=-0.0051541781166304194 -0.040240160046069298 0.37797071063972038 -1.2283574206048045 -1.2611155821383 1.3824328144788742 -0.42003660088493711 -1.3284783271451792 1.8698093877236048 -0.16410424009184629 1.8827136940757434 0.22073839484330487 -2.3908132144383023 0.1971798062324524 0.1436021564262254 -1.2611536931246521 1.6153680728304955 1.6867840934883465 0.14247367743934905 0.22452401499594413 0.56002782571262555 0.2461038583203366 1.1361049584796032 -0.56747928652270085 -1.3575710885758911 -2.0232260992893809 -0.39317780849382733 0.62612713271820997 0.022305462019492503 -0.34392719406232303 -2.0165114465951919 -0.87393637699949245 -0.88762691388656578 1.710495407700539 -1.1454771344478314 1.2599267282137057 1.9823483328024549 -0.14730467618145376 0.24005605535847799 0.1858345477862961 0.68298920585463452 0.11666908737910223 -0.71134107787642753 -0.98742954730987553 0.14320042516866868 1.1732828798393409 -0.82580032985785923 1.5947210813010182 0.43985879937807715 1.7372749351319812 -1.0374829706691562 0.3729194329120219 0.94688887115447751 -0.025023389380911122 -1.0122279331797646 1.1670742757791697 0.14104170370471517 -1.6791720578303704 0.96047224090212868 -0.38819928948787297 -0.0045071796625027038 3.8654713905774631 0.33629179716110236
leaf_weight=6971 588 92 29 20 25 21 24 30 34 30 136 21 20 28 32 21 22 21 31 28 38 30 29 21 26 231 27 657 303 25 163 77 25 26 41 24 341 28 44 48 502 124 25 44 24 29 27 30 21 21 40 31 23 21 43 748 26 21 94 361 26 35
leaf_count=6971 588 92 29 20 25 21 24 30 34 30 136 21 20 28 32 21 22 21 31 28 38 30 29 21 26 231 27 657 303 25 163 77 25 26 41 24 341 28 44 48 502 124 25 44 24 29 27 30 21 21 40 31 23 21 43 748 26 21 94 361 26 35
internal_value=-0.00423386 -0.124849 -0.168285 -0.0226267 0.0177808 0.00780991 0.213103 0.302713 0.164575 0.457908 -0.134902 -1.0143 0.198853 -0.0670093 -0.605601 0.445935 0.977449 0.878921 0.908636 -0.381714 -0.320789 0.167709 -0.459249 -0.324696 -1.25565 -0.290129 1.2807 -0.00185554 -0.0818868 -0.471411 -0.0237859 -0.181688 0.0650972 -0.002298 0.0469933 -0.0414947 0.0835613 1.04419 -0.497277 -0.044852 0.0353324 -0.0815161 0.0218286 -0.487533 0.208403 0.0247921 0.368556 0.617738 0.382216 -0.168458 0.842616 0.164956 -0.690617 0.0178724 0.16555 0.109548 0.00195597 -0.425385 -0.14192 0.0101063 0.262193 1.84053
internal_weight=12744 1157 1065 633 613 11587 521 474 386 195 191 55 165 123 60 63 42 42 88 432 403 89 314 59 55 259 57 11066 2527 328 2199 792 1407 629 603 562 441 52 121 389 1382 825 8539 168 557 8514 168 139 112 51 61 533 47 8346 812 769 7534 141 115 7393 422 61
internal_count=12744 1157 1065 633 613 11587 521 474 386 195 191 55 165 123 60 63 42 42 88 432 403 89 314 59 55 259 57 11066 2527 328 2199 792 1407 629 603 562 441 52 121 389 1382 825 8539 168 557 8514 168 139 112 51 61 533 47 8346 812 769 7534 141 115 7393 422 61
is_linear=0
shrinkage=0.05


Tree=151
num_leaves=63
num_cat=0
split_feature=29 36 28 28 40 31 17 32 36 31 36 36 32 34 37 32 36 28 33 31 36 34 34 21 32 33 36 28 34 31 32 36 36 36 40 33 32 21 40 32 36 33 36 40 24 33 28 36 2 31 36 5 33 33 32 36 31 36 40 36 33 32
split_gain=7049.76 17455.5 23083.5 22782.8 37035.1 9309.68 11756.3 15574.7 11439.6 9945.4 18227.4 15384.9 13873.5 16907.1 11881.8 8078.99 11477.4 20581.3 45635.9 85177.3 59768.4 25473.2 18390.7 17145.6 16889.5 12428.5 11020.8 23417.5 10646 9563.43 20260.2 11800.2 11519.5 10804.4 8497.55 7927.95 7347.5 17857.7 10199.9 7504.12 6522.7 11490.9 10351.6 6734.44 6297.29 6280.19 18012.3 5367.75 5349.65 6230.31 5243.55 5290.28 7322.04 11376.8 12765.2 9515.96 5177.9 14815.3 20871.7 11226.7 13457 11768.7
threshold=1.0000000180025095e-35 264.71666666666675 1.0000000180025095e-35 1.0000000180025095e-35 5.5000000000000009 55.550000000000004 1.0000000180025095e-35 409.15000000000003 172.42500000000004 150.75000000000003 201.8333333333334 261.0750000000001 173.15000000000001 73.500000000000014 3.5000000000000004 329.05000000000007 321.17500000000001 1.0000000180025095e-35 80.250000000000014 173.35000000000005 261.0750000000001 83.15000000000002 130.05000000000004 1.0000000180025095e-35 489.35000000000008 455.7000000000001 344.31666666666672 1.0000000180025095e-35 483.50000000000006 360.35000000000008 351.00000000000006 309.27500000000003 285.21250000000003 291.72500000000008 3.5000000000000004 141.75000000000003 313.35000000000008 1.0000000180025095e-35 3.5000000000000004 322.65000000000003 238.35416666666671 245.50000000000003 219.51666666666668 1.0000000180025095e-35 1.0000000180025095e-35 405.35000000000008 1.0000000180025095e-35 292.81666666666672 1.0000000180025095e-35 375.65000000000003 347.55833333333339 1.0000000180025095e-35 171.75000000000003 320.95000000000005 431.35000000000008 371.92500000000007 464.35000000000008 272.71250000000003 3.5000000000000004 288.28333333333336 296.75000000000006 181.85000000000005
decision_type=2 2 2 2 2 2 2 2 2 2 2 2 2 2 2 2 2 2 2 2 2 2 2 2 2 2 2 2 2 2 2 2 2 2 2 2 2 2 2 2 2 2 2 2 2 2 2 2 2 2 2 2 2 2 2 2 2 2 2 2 2 2
left_child=5 2 -2 -3 -5 8 15 9 -1 -8 -11 14 -13 -14 -12 28 17 29 19 -19 22 -22 -20 24 26 44 27 48 36 40 -31 32 34 -34 -32 -10 56 -38 -39 -40 41 -17 -43 -42 -25 50 -47 -23 49 -18 -28 52 -52 54 -54 -55 -7 58 -58 -59 61 -61
right_child=1 3 -4 4 -6 6 7 -9 35 10 11 12 13 -15 -16 16 23 18 20 -21 21 47 -24 25 -26 -27 45 -29 -30 30 31 -33 33 -35 -36 -37 37 38 39 -41 43 42 -44 -45 -46 46 -48 -49 -50 -51 51 -53 53 55 -56 -57 57 59 -60 60 -62 -63
leaf_value=-0.059232910041665213 -0.0089796760560564275 -0.2222539633610901 1.3140545642375947 -0.1860294052532741 -3.0031382685899737 -0.017102418031424396 -0.62036529837116117 1.3475822584969659 -1.7189858765849337 1.5643650579911013 0.1683096554875374 1.6112909566788447 -0.60903749432076104 1.2057869638715473 -1.555186917334795 0.33702474135772026 -0.089005600560146073 3.8209433121340619 -0.39950631098313766 0.0164386349339639 0.015371236989372657 2.4023256731033324 -2.4944284158945087 -0.53163695449733905 0.80233546558065694 0.66658632099628456 0.7387094236289462 -1.661591857055138 -0.98973512771938532 1.631856732790669 -0.81177956136790197 -0.86251348690553142 1.8929913961887359 0.34721407615221467 0.35717644444051783 -0.44032562054969654 0.036066637903359941 -0.16966175981930326 -1.7233233834562058 -0.53820139819925483 -0.36744387921397437 -1.17174607698734 0.18108250107015333 0.034499709556688261 -1.4866797542572021 0.076480954926743921 1.6405433317025502 1.2439059400558472 0.48875169110794864 -1.0397689226127806 0.02602842672725408 0.38161244172499414 -0.12641871219331569 -0.67594076258440816 -1.762881860595483 0.68085180478436613 1.5623455383838751 -0.90226298663765192 0.21287418434879296 0.087085571697013822 0.84279888129234315 -0.59451364093770587
leaf_weight=87 568 530 35 28 20 7816 31 35 22 26 20 21 33 21 20 307 96 28 22 31 38 20 20 126 69 20 24 29 28 30 22 22 20 26 53 27 162 35 34 22 132 26 31 495 20 79 24 20 30 21 359 72 22 24 26 28 39 32 108 407 50 75
leaf_count=87 568 530 35 28 20 7816 31 35 22 26 20 21 33 21 20 307 96 28 22 31 38 20 20 126 69 20 24 29 28 30 22 22 20 26 53 27 162 35 34 22 132 26 31 495 20 79 24 20 30 21 359 72 22 24 26 28 39 32 108 407 50 75
internal_value=-0.00402216 -0.120385 0.0678134 -0.316724 -1.35982 0.00786269 0.0127572 0.386137 -0.40338 0.190494 0.368768 0.0984596 0.520805 0.0967276 -0.693439 0.00586859 0.0869464 0.184256 0.683391 1.82197 0.123592 0.94242 -1.39709 -0.0353048 0.0505508 -0.502338 -0.0116472 -0.363087 -0.0163339 0.107499 0.450514 0.20268 0.396352 1.01929 0.0142827 -1.01442 -0.0132297 -0.27877 -0.839248 -1.25774 0.0476181 0.215975 -0.435997 -0.05012 -0.662465 0.0823549 0.440923 1.82312 -0.106919 -0.259655 0.0158098 -0.0168636 -0.0793696 -0.457749 -1.01284 0.0546399 -0.00535098 0.123832 0.570897 0.00730999 0.0620211 -0.0189724
internal_weight=12744 1181 603 578 48 11563 11427 207 136 172 141 115 75 54 40 11220 2412 1343 179 59 120 78 42 1069 903 166 834 176 8808 1164 173 143 121 46 75 49 8780 253 91 56 991 364 57 627 146 658 103 40 147 117 555 531 459 100 48 52 8527 711 147 564 532 482
internal_count=12744 1181 603 578 48 11563 11427 207 136 172 141 115 75 54 40 11220 2412 1343 179 59 120 78 42 1069 903 166 834 176 8808 1164 173 143 121 46 75 49 8780 253 91 56 991 364 57 627 146 658 103 40 147 117 555 531 459 100 48 52 8527 711 147 564 532 482
is_linear=0
shrinkage=0.05


Tree=152
num_leaves=63
num_cat=0
split_feature=24 40 35 35 28 40 40 33 33 17 32 33 35 40 32 35 36 23 36 33 28 28 35 12 28 35 28 33 32 28 33 33 36 35 32 36 40 32 35 36 7 32 33 35 36 40 32 21 36 23 12 35 36 38 35 32 32 32 35 35 33 36
split_gain=6603.89 11371.8 26653 18892 12505.8 33343.2 7866.04 7715.92 10913.3 6312.73 8024.43 10999.6 13866.9 14676.4 12948.4 10880.4 9912.07 6106.79 10581.6 8784.89 19723.5 12707.3 8748.78 8451.56 10896.6 7974.69 17066 19999.8 9707.21 26082.3 32767.9 45524.6 58449.2 30292 27690 10788.6 8993.1 7867.04 11111.7 7345.19 6925.03 6922.54 6741.08 8926.56 10020.5 8329.38 8252.54 6294.71 6230.44 5989.39 6079.57 5519.9 5506.57 5375.99 5285.11 5054.45 6598.13 4914.95 4289.47 6490.43 4166 4061.99
threshold=1.0000000180025095e-35 3.5000000000000004 1099.0500000000002 1401.7500000000002 1.0000000180025095e-35 5.5000000000000009 1.0000000180025095e-35 372.95000000000005 306.35000000000008 1.0000000180025095e-35 409.15000000000003 396.05000000000007 825.45000000000016 4.5000000000000009 200.40000000000003 1067.0500000000002 218.3366666666667 1.0000000180025095e-35 314.11666666666673 163.20000000000002 1.0000000180025095e-35 1.0000000180025095e-35 1522.8500000000001 1.0000000180025095e-35 1.0000000180025095e-35 1327.2000000000003 1.0000000180025095e-35 339.55000000000007 410.75000000000006 1.0000000180025095e-35 357.90000000000003 114.15000000000002 303.53750000000008 983.85000000000002 470.95000000000005 196.92000000000004 4.5000000000000009 407.65000000000003 856.40000000000009 276.02500000000003 1.0000000180025095e-35 419.85000000000008 490.55000000000001 1198.6500000000003 252.75000000000003 5.5000000000000009 336.25000000000006 1.0000000180025095e-35 395.55000000000007 1.0000000180025095e-35 1.0000000180025095e-35 69.65000000000002 305.71000000000004 1.0000000180025095e-35 1009.4000000000001 1.0000000180025095e-35 77.050000000000011 247.80000000000004 634.45000000000016 696.05000000000007 367.55000000000007 251.51250000000002
decision_type=2 2 2 2 2 2 2 2 2 2 2 2 2 2 2 2 2 2 2 2 2 2 2 2 2 2 2 2 2 2 2 2 2 2 2 2 2 2 2 2 2 2 2 2 2 2 2 2 2 2 2 2 2 2 2 2 2 2 2 2 2 2
left_child=9 2 7 6 49 -6 -4 8 58 17 11 12 14 15 16 -14 -11 22 19 20 41 39 25 24 53 28 57 -28 37 35 31 32 -31 -33 -34 36 -30 42 -39 40 54 55 43 51 -45 52 -47 -41 -24 50 61 -1 -46 -20 60 -19 -57 -27 -2 -60 -21 -3
right_child=1 4 3 -5 5 -7 -8 -9 -10 10 -12 -13 13 -15 -16 -17 -18 18 23 21 -22 -23 48 -25 -26 26 27 -29 29 30 -32 33 34 -35 -36 -37 -38 38 -40 47 -42 -43 -44 44 45 46 -48 -49 -50 -51 -52 -53 -54 -55 -56 56 -58 -59 59 -61 -62 -63
leaf_value=-0.26716413037092596 -0.0049715750297117563 0.088946370231627506 -1.0742048697038131 0.12084280103445054 2.1138467028737069 -0.4475159896192728 -2.2249650284096045 -0.99551126758257547 0.85913998762081423 0.32773988644282026 0.94752277425817555 1.0633666605861098 -0.7028182987509104 -1.6913521996140481 -0.45625513477457896 0.81310122907161719 1.7647560825943949 -0.23890384604612774 -0.26351648095095981 0.103662660466821 -1.34118510466069 1.0478501764627604 1.0468851244662489 0.54241426798204584 -1.5035063058137894 -0.69091672326127695 -0.13095110395680304 -2.2396443930539216 0.047226284850727433 3.4304052873091266 2.6194092092059909 -2.1251440689677286 -1.1023452329635621 0.3869928812175723 1.3522720098495484 0.020236881458974558 1.4207852010543531 0.0048376736896378657 -1.5382350645121188 -0.045070918214817846 -0.36889021587040693 -0.73014479943684174 -0.62826400319380427 1.158060656894337 -0.21234517812728884 -1.1224482381343843 0.25276303924620153 -1.0829630477087837 0.00092386469865838683 -0.54933966571199044 0.51924284440279 0.0059916839185800074 0.75886762251870499 -0.97480404098828632 1.0096900303815974 0.90475343942642228 0.051037592705822393 0.09632996235761726 -1.190616464047205 -0.21835722137004773 0.90226939916610727 -0.17887833455529112
leaf_weight=189 180 262 33 22 24 27 27 24 29 30 37 27 29 20 27 20 20 141 232 89 32 39 35 24 22 24 23 22 22 22 21 21 20 28 27 829 26 28 20 48 36 35 42 33 20 20 24 21 24 56 50 8627 54 30 29 25 239 114 21 94 20 308
leaf_count=189 180 262 33 22 24 27 27 24 29 30 37 27 29 20 27 20 20 141 232 89 32 39 35 24 22 24 23 22 22 22 21 21 20 28 27 829 26 28 20 48 36 35 42 33 20 20 24 21 24 56 50 8627 54 30 29 25 239 114 21 94 20 308
internal_value=-0.00382106 -0.117724 -0.321546 -1.13249 0.00283072 0.757831 -1.59205 -0.130462 -0.0663838 0.00755255 0.279195 0.136258 -0.035194 -0.549953 0.426084 -0.0840756 0.902546 0.0025385 -0.111627 -0.0107543 -0.142673 0.210046 0.0142926 -0.358569 -0.434708 0.0108 -0.316308 -1.16187 0.0167427 0.163292 0.799631 0.475772 1.30338 -0.689637 0.307754 0.0624353 0.791237 0.000303103 -0.638109 0.0755831 0.248692 -0.0555084 0.00370457 0.00666461 0.38785 0.172452 -0.372333 -0.360951 0.621409 -0.0541294 -0.0094007 0.000135689 0.496378 -0.344962 0.4098 0.00279353 0.131882 -0.0405825 -0.157367 -0.3959 0.250196 -0.0557729
internal_weight=12744 1157 430 82 727 51 60 348 324 11587 210 173 146 69 77 49 50 11377 1062 754 472 282 10315 308 284 10256 183 45 10073 1016 139 118 69 49 47 877 48 9057 48 243 174 440 9009 8967 151 118 44 69 59 676 620 8816 74 262 138 405 264 138 295 115 109 570
internal_count=12744 1157 430 82 727 51 60 348 324 11587 210 173 146 69 77 49 50 11377 1062 754 472 282 10315 308 284 10256 183 45 10073 1016 139 118 69 49 47 877 48 9057 48 243 174 440 9009 8967 151 118 44 69 59 676 620 8816 74 262 138 405 264 138 295 115 109 570
is_linear=0
shrinkage=0.05


Tree=153
num_leaves=63
num_cat=0
split_feature=29 36 28 40 28 31 35 32 23 31 35 32 35 36 31 32 21 35 32 36 36 21 31 36 36 35 40 31 28 35 31 36 32 32 36 31 39 32 28 39 32 30 34 32 36 34 32 39 35 36 36 32 40 36 32 36 14 36 32 31 36 31
split_gain=6444.09 15503 20838.9 32991.8 20674.2 8264.44 14255.8 8689.98 10358.1 19135.3 10417.6 20416.8 16692.4 13022.4 11382.8 9542.6 19077.9 9104.1 8931.36 8870.38 8095.32 22489.3 21789.2 11308 10877.1 17642.3 10098.8 10077.4 9088.27 62999.2 42441.1 39666.8 23036.3 9945.11 8933.2 7804.09 7527.43 6946.63 6715.65 12913 14394.4 6561.01 12323.2 6387.63 8765.67 8475.25 8162.34 12637.1 17120.6 8602.79 8318.41 6912.49 6384.99 7723 5818.65 5590.21 5537.06 7539.48 8753.63 7286.74 5069.58 7775.67
threshold=1.0000000180025095e-35 264.71666666666675 1.0000000180025095e-35 5.5000000000000009 1.0000000180025095e-35 55.550000000000004 521.55000000000007 329.05000000000007 1.0000000180025095e-35 434.35000000000008 1009.4000000000001 467.75000000000006 843.15000000000009 340.8250000000001 307.45000000000005 313.35000000000008 1.0000000180025095e-35 1474.1500000000003 322.65000000000003 305.71000000000004 321.17500000000001 1.0000000180025095e-35 394.15000000000003 261.0750000000001 344.31666666666672 1327.2000000000003 3.5000000000000004 309.25000000000006 1.0000000180025095e-35 731.35000000000025 173.35000000000005 261.0750000000001 419.85000000000008 494.15000000000003 309.27500000000003 243.95000000000002 1.0000000180025095e-35 459.15000000000003 1.0000000180025095e-35 1.0000000180025095e-35 462.05000000000007 1.0000000180025095e-35 198.05000000000004 450.50000000000006 204.23333333333338 54.150000000000006 469.55000000000007 1.0000000180025095e-35 856.40000000000009 288.28333333333336 230.82500000000005 364.15000000000003 3.5000000000000004 290.52500000000003 318.05000000000007 209.31250000000003 1.0000000180025095e-35 225.04166666666671 115.55000000000001 270.15000000000003 362.92500000000007 435.95000000000005
decision_type=2 2 2 2 2 2 2 2 2 2 2 2 2 2 2 2 2 2 2 2 2 2 2 2 2 2 2 2 2 2 2 2 2 2 2 2 2 2 2 2 2 2 2 2 2 2 2 2 2 2 2 2 2 2 2 2 2 2 2 2 2 2
left_child=5 4 -3 -4 -2 6 -1 15 20 10 12 13 19 14 -12 17 -17 41 54 55 22 24 28 -24 25 26 36 -23 33 30 -30 -31 -33 43 52 -14 -22 -28 -26 40 -40 56 -43 44 45 51 47 -45 -49 50 -48 -9 -25 -54 -18 -10 -7 -58 -59 -60 61 -29
right_child=1 2 3 -5 -6 7 -8 8 9 -11 11 -13 35 -15 -16 16 18 -19 -20 -21 21 27 23 34 38 -27 37 60 29 31 -32 32 -34 -35 -36 -37 -38 -39 39 -41 -42 42 -44 46 -46 -47 49 48 -50 -51 -52 -53 53 -55 -56 -57 57 58 59 -61 -62 -63
leaf_value=-0.072589116943068799 -0.010196105392426777 -0.20956505319455043 -0.18965554258653097 -2.8485388610512019 1.2418909935014588 0.0055501789178934351 -1.2329259110407698 -0.32166992740498651 -0.23891044080257418 -1.2313147039985972 -0.24912729371677744 1.725087064195594 -0.26403867870569231 -0.85636768569903721 1.3990104309469462 0.016918642255591181 -0.74381806437785813 0.99175565903601448 -0.30503136560320859 -0.45040987932935678 -1.0627271893043673 -1.3116439005642226 0.0541816917700427 0.71927805863893957 0.15444327655077492 -1.4561826500892641 0.075847380509709614 -0.56288229316473015 3.1914911664765455 -1.5205739276634682 0.24001071112496511 1.6813542402707615 -0.29573162408436049 -0.89645187497138989 0.18977026655560447 -1.5391274969528119 0.10337459230422974 1.1359037892147901 -0.59588188279059628 1.2627274780534208 1.1246214580535889 -0.092255753171013075 -1.3396965212403584 1.5286305280402304 -0.029456336656738014 1.2398718673449298 0.54287421932587265 -0.68339199324448907 1.2714872485115416 0.73419569054165412 -0.54901656040324365 0.5727890655950264 1.1779170326391857 2.4463643214106563 -1.7739121856360602 0.76925703605467621 0.20676060914993288 -1.485343517788819 -1.1002228870242836 0.050803565708073706 -0.56118180619454694 0.8313624238967896
leaf_weight=100 568 530 28 20 35 8426 36 36 20 38 22 22 20 28 20 164 26 23 40 47 31 33 35 26 556 25 68 20 29 37 21 26 34 25 21 30 25 20 31 42 20 83 26 32 610 26 26 24 21 37 53 54 30 20 29 44 44 21 20 44 76 20
leaf_count=100 568 530 28 20 35 8426 36 36 20 38 22 22 20 28 20 164 26 23 40 47 31 33 35 26 556 25 68 20 29 37 21 26 34 25 21 30 25 20 31 42 20 83 26 32 610 26 26 24 21 37 53 54 30 20 29 44 44 21 20 44 76 20
internal_value=-0.00363 -0.114882 -0.299915 -1.29752 0.0624789 0.00773286 -0.379737 0.0123444 0.0951413 -0.185126 -0.027991 0.396446 -0.270526 -0.021127 0.5357 -0.0106177 -0.309688 -0.00170105 -0.873516 0.0711697 0.132382 0.0242726 0.217862 0.824603 0.127183 -0.230113 -0.0172533 -0.540701 0.144453 0.510154 1.95187 -0.232999 0.561006 0.0875059 1.10259 -1.02909 -0.542146 0.316769 0.220224 0.613491 0.0788253 -0.00433834 -0.38981 0.114273 0.0463069 0.444717 0.369938 0.769039 0.228885 0.105018 -0.18966 0.215005 1.35482 1.6853 -1.28696 0.454205 0.000572994 -0.324526 -0.599545 -0.308892 -0.321381 0.13424
internal_weight=12744 1181 578 48 603 11563 136 11427 2481 291 253 92 161 70 42 8946 259 8687 95 111 2190 967 1223 132 818 169 144 149 1091 147 50 97 60 944 97 50 56 88 649 93 51 8664 109 919 726 116 193 77 45 116 79 90 76 50 55 64 8555 129 85 64 116 40
internal_count=12744 1181 578 48 603 11563 136 11427 2481 291 253 92 161 70 42 8946 259 8687 95 111 2190 967 1223 132 818 169 144 149 1091 147 50 97 60 944 97 50 56 88 649 93 51 8664 109 919 726 116 193 77 45 116 79 90 76 50 55 64 8555 129 85 64 116 40
is_linear=0
shrinkage=0.05


Tree=154
num_leaves=63
num_cat=0
split_feature=22 33 33 31 34 32 29 31 33 31 36 36 28 28 17 36 39 40 35 32 32 32 28 32 35 23 35 34 28 32 31 36 32 34 35 34 31 33 28 34 36 32 35 36 31 39 14 5 35 28 33 33 34 33 32 36 37 31 33 31 40 32
split_gain=6280.42 11101.1 22214 9433.81 7478.36 8798.1 5946.84 15837.9 21024.9 14035.1 22081 15985.4 31116 28018.5 8493.02 18609.4 18635.7 16515.2 13955.2 8193.11 8082.27 7787.25 22304.2 11501 8051.71 7873.27 14885.2 10998.9 17299.7 10164.6 16892.8 30287.6 10042.3 10383.7 12222.8 10956.7 10041.8 9808.59 47835 15005.7 16903.6 9851.08 8750.8 8191.35 17264.7 12560.2 9964.42 10413.8 12035.1 33777.8 12125.4 12672.2 12098.8 11538.1 10043.6 10038.9 15178.9 9451.41 8873.19 13291.1 13234.1 8175.78
threshold=1.0000000180025095e-35 464.15000000000003 437.50000000000006 399.25000000000006 150.65000000000001 134.05000000000004 1.0000000180025095e-35 467.75000000000006 64.65000000000002 426.55000000000007 332.91666666666669 269.52000000000004 1.0000000180025095e-35 1.0000000180025095e-35 1.0000000180025095e-35 295.35833333333341 1.0000000180025095e-35 4.5000000000000009 886.1500000000002 219.95000000000002 146.55000000000004 487.45000000000005 1.0000000180025095e-35 480.35000000000008 670.35000000000002 1.0000000180025095e-35 1401.7500000000002 130.05000000000004 1.0000000180025095e-35 412.25000000000006 173.35000000000005 327.25000000000006 329.05000000000007 459.30000000000007 1175.5000000000002 444.2000000000001 55.550000000000004 465.55000000000007 1.0000000180025095e-35 413.85000000000008 269.52000000000004 275.60000000000008 1309.4500000000003 321.17500000000001 360.35000000000008 1.0000000180025095e-35 1.0000000180025095e-35 1.0000000180025095e-35 711.55000000000007 1.0000000180025095e-35 159.30000000000004 134.50000000000003 393.95000000000005 310.10000000000008 424.65000000000003 224.02500000000003 4.5000000000000009 177.15000000000001 462.65000000000003 259.55000000000007 5.5000000000000009 423.30000000000001
decision_type=2 2 2 2 2 2 2 2 2 2 2 2 2 2 2 2 2 2 2 2 2 2 2 2 2 2 2 2 2 2 2 2 2 2 2 2 2 2 2 2 2 2 2 2 2 2 2 2 2 2 2 2 2 2 2 2 2 2 2 2 2 2
left_child=6 2 3 -2 5 -5 14 9 -9 11 -11 13 -13 -8 21 16 18 -17 20 -10 -16 23 -23 25 -25 32 27 29 -29 -27 -31 -32 33 35 -35 37 -34 39 41 -1 -41 -39 -36 44 46 -46 47 48 49 -38 51 -50 55 54 57 56 -52 -49 59 60 61 -45
right_child=1 -3 -4 4 -6 -7 7 8 19 10 -12 12 -14 -15 15 17 -18 -19 -20 -21 -22 22 -24 24 -26 26 -28 28 -30 30 31 -33 36 34 42 -37 43 38 -40 40 -42 -43 -44 58 45 -47 -48 53 50 -51 52 -53 -54 -55 -56 -57 -58 -59 -60 -61 -62 -63
leaf_value=0.0005487483154854527 -0.014419266868998686 0.94325323373079295 -1.8065568951043216 -0.18134264404123479 0.028760284802009317 -1.4645821304005737 -0.029245347179578132 0.077522494761567362 -2.2767952156066893 1.4585909525030538 -0.067490828622664728 -0.24269601679211406 -2.0342926364678604 1.5388975004355112 0.62362553708014956 0.45626693665981294 -1.0325841540354304 2.2118275324503585 1.4347761993822845 -0.89307025308194365 -0.4519848130643368 0.13579433566458474 1.9113134574890136 0.24193154465068473 -0.87145621052853051 -0.10677690758478982 -1.1382400625944138 0.037764708621098715 1.346635901158856 0.55212089411914345 -2.4974257888893288 -0.19127086477620261 -0.88922071518997348 -1.6285957484018234 0.56764208078384404 1.0916660422864168 0.080227834406377402 -0.2712213634268234 -2.6173254694257464 2.0003018665313723 0.012763797459395036 0.89076115389664978 -0.89373097136616719 -1.794731782078743 1.1339906885953885 0.21612337312814014 1.0283944894469552 1.2439504146575928 -0.27864108022353423 1.6372357747493647 -1.5749025636911393 -1.5298085063695908 -1.1017972729422831 1.5530018101567808 -0.49171210527420045 0.28482862447841945 0.24246476491292321 0.080066773698136626 0.63009383748878145 0.057189336842909624 0.31484352428466084 -0.59858747071027751
leaf_weight=7668 254 20 22 22 29 34 564 38 20 38 63 357 26 30 31 37 32 21 23 23 40 153 20 22 62 734 35 136 31 20 24 35 24 21 21 23 326 76 21 20 23 24 20 20 84 67 31 33 73 39 20 28 22 23 28 191 27 37 55 623 30 50
leaf_count=7668 254 20 22 22 29 34 564 38 20 38 63 357 26 30 31 37 32 21 23 23 40 153 20 22 62 734 35 136 31 20 24 35 24 21 21 23 326 76 21 20 23 24 20 20 84 67 31 33 73 39 20 28 22 23 28 191 27 37 55 623 30 50
internal_value=-0.0034485 -0.203394 -0.26692 -0.167002 -0.622956 -0.960452 0.00271336 -0.105106 -0.779391 -0.0544406 0.506679 -0.112448 -0.364319 0.0499538 0.0138667 0.350763 0.00960443 1.0919 0.364392 -1.53666 0.0176479 0.00824161 0.341057 0.0029335 -0.579855 0.00748188 -0.125046 -0.08886 0.280729 -0.164778 -0.703674 -1.12937 0.0212812 -0.00312458 -0.647656 0.00196274 0.126808 -0.00123736 -0.447921 0.00577194 0.9372 0.00765444 -0.145223 0.140303 0.232869 0.726725 0.147934 0.11571 0.0441353 0.246593 -0.160566 -0.625499 0.0200432 0.545157 0.308621 0.123743 -0.530883 0.628755 0.0178733 -0.0286995 -0.563787 -0.940343
internal_weight=12744 381 361 339 85 56 12363 1159 81 1078 101 977 383 594 11204 184 126 58 94 43 71 11020 173 10847 84 10763 1015 980 167 813 79 59 9748 7917 62 7855 1831 7832 121 7711 43 100 41 1807 1029 151 878 847 726 365 361 101 260 121 98 238 47 70 778 723 100 70
internal_count=12744 381 361 339 85 56 12363 1159 81 1078 101 977 383 594 11204 184 126 58 94 43 71 11020 173 10847 84 10763 1015 980 167 813 79 59 9748 7917 62 7855 1831 7832 121 7711 43 100 41 1807 1029 151 878 847 726 365 361 101 260 121 98 238 47 70 778 723 100 70
is_linear=0
shrinkage=0.05


Tree=155
num_leaves=63
num_cat=0
split_feature=11 32 32 22 32 34 40 32 34 31 32 34 32 32 31 28 33 36 32 36 30 34 34 28 32 32 17 32 33 36 33 34 34 31 28 34 34 31 34 34 33 40 36 33 28 40 32 4 32 32 28 32 33 32 32 28 31 31 33 33 31 31
split_gain=11408.9 20956.6 12387.4 12435.2 9164.25 8670.52 17001.7 11689.2 11372.7 9000.18 13720.3 13650.8 12358.4 23753.3 20303.6 19095.2 12892.1 12432.4 12421.5 16031.4 11056.7 16471 11763.7 19282.3 21993.4 20269.6 14258.1 20503.4 15515.3 14230.6 18768.9 13484.1 24422.6 21109.8 19314.2 40352.6 13190.4 12302.4 10909.2 10694.1 9577.99 9211.55 8841.32 8545.39 8032.72 24643.7 26695.8 7986.2 7281.33 11278.4 14751.5 9510.46 8938.44 14529.2 15315.1 16498.3 68736.1 17807.1 33093.6 8893.03 8780.94 13758.8
threshold=1.0000000180025095e-35 485.65000000000003 469.55000000000007 1.0000000180025095e-35 417.95000000000005 470.05000000000007 3.5000000000000004 228.75000000000003 486.25000000000006 143.65000000000001 489.35000000000008 434.75000000000006 382.00000000000006 417.95000000000005 73.050000000000011 1.0000000180025095e-35 118.95000000000002 268.44166666666678 371.05000000000007 250.32500000000002 1.0000000180025095e-35 160.75000000000003 285.00000000000006 1.0000000180025095e-35 264.45000000000005 376.45000000000005 1.0000000180025095e-35 200.40000000000003 182.50000000000003 328.7166666666667 193.85000000000005 1.0000000180025095e-35 62.550000000000004 287.55000000000007 1.0000000180025095e-35 136.55000000000004 203.50000000000003 247.35000000000005 432.90000000000003 196.60000000000005 326.45000000000005 5.5000000000000009 219.51666666666668 341.15000000000003 1.0000000180025095e-35 1.0000000180025095e-35 260.95000000000005 1.0000000180025095e-35 489.35000000000008 465.85000000000008 1.0000000180025095e-35 423.30000000000001 57.500000000000007 407.65000000000003 362.55000000000007 1.0000000180025095e-35 430.25000000000006 319.95000000000005 176.45000000000002 107.85000000000001 186.55000000000004 282.65000000000003
decision_type=2 2 2 2 2 2 2 2 2 2 2 2 2 2 2 2 2 2 2 2 2 2 2 2 2 2 2 2 2 2 2 2 2 2 2 2 2 2 2 2 2 2 2 2 2 2 2 2 2 2 2 2 2 2 2 2 2 2 2 2 2 2
left_child=5 2 3 4 -2 9 7 -7 -8 10 11 12 18 14 -14 17 -16 41 -1 -20 22 -22 26 38 -25 -26 31 28 -28 30 -29 40 -33 37 -35 -36 -37 -34 47 -39 48 42 -15 -40 -42 -46 -47 -24 49 51 -51 52 -11 54 55 59 57 58 -57 -54 -53 -62
right_child=1 -3 -4 -5 -6 6 8 -9 -10 20 -12 -13 13 15 16 -17 -18 -19 19 -21 21 -23 23 24 25 -27 27 29 -30 -31 -32 32 33 34 35 36 -38 39 43 -41 44 -43 -44 -45 45 46 -48 -49 -50 50 -52 60 53 -55 -56 56 -58 -59 -60 -61 61 -63
leaf_value=-0.095536398502955089 -0.092048961670112991 -1.6598139275675234 0.86715658287207287 -1.3129910671192668 -0.59431564998626707 0.58982023596763611 1.5967376822934432 -1.0468788530677557 0.23598648451734336 0.016318096053430226 -1.1933024187173162 -1.3804033273458483 2.2355501929918926 -0.52837311049302416 1.1619279088158356 -1.4078812460104624 -0.10207534110130266 -0.37183551729461295 -0.073897251486778268 -1.9906268572807315 -0.043177743240886808 -1.1736848791440329 0.14433221247074376 1.9385029098566839 -0.73907340814669931 1.3880047337285111 0.59898193910204134 -0.64126683473587043 2.409211144447327 -0.9510599987506867 1.3076983968416851 -1.6752417700631277 -0.011956143938004971 -0.2275716799117149 -3.0688981056213382 0.5459100518907819 -1.205999033017592 1.3251928122812195 -0.80879488684693168 -0.10320609122514726 0.13214642529880699 1.1011634327471256 0.62668638551557398 0.2990089378975056 -0.92218123969621968 2.0316517379548813 0.13160626076553997 0.83148356741666807 0.45269443508698032 -0.20261781818348254 -1.4748110780009518 1.0028935313224794 -0.48689355033786363 -1.1892725188172226 0.46248736489902847 -2.150212914603097 -3.2640344424681231 0.83317679998374761 0.65681929361252556 -0.0009671447703618962 -0.30996068336309923 0.44339449665584096
leaf_weight=1934 989 23 30 23 100 20 34 24 28 5899 28 20 21 30 38 24 43 81 24 20 98 48 274 34 24 21 29 21 20 25 30 28 168 235 20 21 22 38 49 20 511 36 37 27 20 36 38 50 89 146 27 37 119 33 99 21 22 31 21 451 93 174
leaf_count=1934 989 23 30 23 100 20 34 24 28 5899 28 20 21 30 38 24 43 81 24 20 98 48 274 34 24 21 29 21 20 25 30 28 168 235 20 21 22 38 49 20 511 36 37 27 20 36 38 50 89 146 27 37 119 33 99 21 22 31 21 451 93 174
internal_value=-0.0163524 -0.165517 -0.135422 -0.16247 -0.138171 -0.00138575 0.448755 -0.302925 0.982205 -0.00553307 -0.0931478 -0.079801 -0.0684321 0.225099 0.850104 -0.081393 0.490914 0.0916272 -0.114436 -0.945138 0.0167887 -0.414851 0.023773 0.264891 0.978727 0.253563 0.0102552 0.54034 1.33785 0.0261559 0.505183 0.00238485 -0.236499 -0.159619 -0.435991 -1.21343 -0.350416 0.204799 0.123909 0.832641 0.0191465 0.456098 0.109496 -0.415233 0.210287 0.635073 1.05595 0.250374 0.00322249 -0.0023544 -0.401168 0.007502 -0.00491597 -0.16208 -0.117712 -0.204087 -0.814122 -0.0757916 -0.746697 -0.102415 0.281024 0.18099
internal_weight=12776 1165 1142 1112 1089 11611 106 44 62 11505 2336 2308 2288 310 102 208 81 184 1978 44 9169 146 9023 479 79 45 8544 125 49 76 51 8419 552 524 298 63 43 226 400 58 7867 103 67 76 605 94 74 324 7262 7173 173 7000 6696 797 764 665 95 73 42 570 304 267
internal_count=12776 1165 1142 1112 1089 11611 106 44 62 11505 2336 2308 2288 310 102 208 81 184 1978 44 9169 146 9023 479 79 45 8544 125 49 76 51 8419 552 524 298 63 43 226 400 58 7867 103 67 76 605 94 74 324 7262 7173 173 7000 6696 797 764 665 95 73 42 570 304 267
is_linear=0
shrinkage=0.05


Tree=156
num_leaves=63
num_cat=0
split_feature=11 32 32 22 32 34 31 35 34 34 39 31 32 34 32 35 36 31 32 36 32 30 34 34 9 33 34 34 32 32 34 31 16 34 32 28 33 28 31 34 35 23 28 33 31 31 32 36 28 36 35 21 34 34 34 31 21 35 36 31 39 33
split_gain=10296.6 18913.3 11179.6 11222.8 8270.74 7825.15 15967.2 13412.3 9401.45 8382.82 12535.8 7780.45 16240.7 11603.2 10727 20384.3 14189.6 20633.1 11088.9 14468.3 10608.9 10105.6 16291.3 10242.5 18838 13151.1 26861.3 22046.5 14152.5 10348.4 9485.94 22213.3 27476.8 17765.1 23674.5 28996.4 19661.5 30064.9 22282.5 16380.9 15188.6 11772 14872.2 10927.4 10364 39822.9 13001.1 12371.3 17912.9 11982.1 10321.1 9940.55 9498.83 8759.73 13559.5 8397.84 10235.9 17844 10685.9 11784.3 7907.09 9381.63
threshold=1.0000000180025095e-35 485.65000000000003 469.55000000000007 1.0000000180025095e-35 417.95000000000005 470.05000000000007 164.25000000000003 1257.3500000000001 484.85000000000008 457.05000000000007 1.0000000180025095e-35 143.65000000000001 489.35000000000008 444.2000000000001 382.00000000000006 521.55000000000007 214.7416666666667 95.100000000000009 371.05000000000007 250.32500000000002 498.60000000000008 1.0000000180025095e-35 160.75000000000003 285.00000000000006 1.0000000180025095e-35 120.15000000000002 430.65000000000003 399.55000000000007 99.800000000000026 264.45000000000005 1.0000000180025095e-35 435.95000000000005 1.0000000180025095e-35 62.550000000000004 374.50000000000006 1.0000000180025095e-35 468.85000000000008 1.0000000180025095e-35 241.95000000000002 81.350000000000009 1162.6500000000003 1.0000000180025095e-35 1.0000000180025095e-35 322.25000000000006 276.75000000000006 294.85000000000008 438.45000000000005 215.85833333333338 1.0000000180025095e-35 262.35833333333341 1018.5500000000001 1.0000000180025095e-35 170.10000000000002 339.90000000000003 391.65000000000003 132.35000000000005 1.0000000180025095e-35 939.55000000000018 262.35833333333341 101.90000000000002 1.0000000180025095e-35 55.650000000000013
decision_type=2 2 2 2 2 2 2 2 2 2 2 2 2 2 2 2 2 2 2 2 2 2 2 2 2 2 2 2 2 2 2 2 2 2 2 2 2 2 2 2 2 2 2 2 2 2 2 2 2 2 2 2 2 2 2 2 2 2 2 2 2 2
left_child=5 2 3 4 -2 9 -7 -8 -9 11 -11 12 14 20 18 -16 17 -17 -1 -20 21 23 -23 30 25 27 28 -25 -27 -30 41 32 33 -32 36 -36 37 39 -39 -35 50 43 -43 60 46 -46 47 -45 -49 -47 -33 -51 -42 -26 -55 56 57 58 -18 -60 61 -13
right_child=1 -3 -4 -5 -6 6 7 8 -10 10 -12 13 -14 -15 15 16 55 -19 19 -21 -22 22 -24 24 53 26 -28 -29 29 -31 31 40 -34 34 35 -37 -38 38 -40 -41 52 42 -44 44 45 49 -48 48 -50 51 -52 -53 -54 54 -56 -57 -58 -59 59 -61 -62 -63
leaf_value=-0.095177024737106514 -0.087446513625343988 -1.5768231879109922 0.82379875461260488 -1.2473415198533431 -0.56459987366199493 1.3808286208298899 -0.94291287511587152 -0.22957602019111314 1.1305059838764093 0.078639548443830934 -1.5430562851103871 0.015352348994834165 -1.3268290008489902 0.95415595155773747 1.0665140188166073 1.7074859950277543 -1.3676362308363119 -0.090596511348699921 -0.070202381660540908 -1.8910955083370209 1.1374131106194996 -0.037191006664148311 -1.1796767585951349 0.10490087595812621 1.8759392729827338 -0.94472371499453267 -1.6327184893190863 2.0890582152775354 0.62787749212980271 -0.049809867594131203 -1.5194505388086492 -0.74555065064203174 1.4806082724726626 1.3985230684280396 -0.18958263638906364 -1.9847015658693932 -1.1009147950581142 0.13094431369200996 2.1582785216244784 -0.099959538272325552 0.19989664066168999 -0.12369200291714687 -1.1559849584424817 0.74775479714075732 2.4815354520624338 1.02864260762606 0.94324530938019358 -0.11672310584949122 -1.5581824962909405 0.35402245596441301 -2.2787070917046588 -0.30413970918190192 -1.004765466451645 -0.14327368617057801 1.5801435612496877 0.50602087049251965 -0.99729921847581871 0.96269439541060364 0.50716552571816886 -0.93199239802360534 0.1229769923520951 -0.20805724914224955
leaf_weight=1941 989 23 30 23 100 31 24 24 27 26 22 4709 26 33 56 27 24 39 24 20 21 97 46 42 21 28 24 21 100 129 22 21 28 20 82 31 28 23 33 207 36 612 37 30 22 46 30 126 26 191 23 82 30 25 21 34 45 29 33 25 1509 522
leaf_count=1941 989 23 30 23 100 31 24 24 27 26 22 4709 26 33 56 27 24 39 24 20 21 97 46 42 21 28 24 21 100 129 22 21 28 20 82 31 28 23 33 207 36 612 37 30 22 46 30 126 26 191 23 82 30 25 21 34 45 29 33 25 1509 522
internal_value=-0.0155347 -0.157242 -0.128651 -0.154347 -0.131262 -0.00131646 0.426317 0.0317857 0.490467 -0.00525641 -0.664638 -0.00249388 -0.0841978 0.0182854 -0.0701323 0.202408 0.0133852 0.644983 -0.11297 -0.897881 0.014892 0.0122958 -0.404704 0.0189682 0.262766 0.113374 -0.0330079 0.766287 0.116381 0.246123 0.00721583 -0.187274 -0.0387221 -0.134106 -0.062225 -0.682049 0.162984 0.288034 1.32562 0.0320654 -0.827396 0.0215172 -0.182544 0.0396765 0.253346 0.424018 -0.0211786 -0.18015 -0.363289 0.28212 -1.54697 0.156333 -0.347677 1.02979 0.643504 -0.206012 -0.361198 -0.10332 -0.480325 -0.113161 0.0221455 -0.00694163
internal_weight=12776 1165 1142 1112 1089 11611 106 75 51 11505 48 11457 2323 9134 2297 312 256 66 1985 44 9101 9080 143 8937 411 344 281 63 257 229 8526 584 474 446 424 113 311 283 56 227 110 7942 649 7293 553 341 212 182 152 319 44 273 66 67 46 190 156 111 82 58 6740 5231
internal_count=12776 1165 1142 1112 1089 11611 106 75 51 11505 48 11457 2323 9134 2297 312 256 66 1985 44 9101 9080 143 8937 411 344 281 63 257 229 8526 584 474 446 424 113 311 283 56 227 110 7942 649 7293 553 341 212 182 152 319 44 273 66 67 46 190 156 111 82 58 6740 5231
is_linear=0
shrinkage=0.05


Tree=157
num_leaves=63
num_cat=0
split_feature=11 28 31 31 31 40 34 34 31 35 31 30 34 34 28 21 17 36 35 39 31 36 31 36 19 31 28 31 21 31 36 36 36 35 16 25 40 35 34 34 28 28 36 21 35 40 36 21 35 35 40 28 35 31 35 35 35 35 36 5 31 23
split_gain=9292.66 11879.4 25637.7 52920.1 20873.5 7694.45 13018 9949.62 9241.35 12310.9 17628.1 10950.3 15793.8 10504.4 15181.8 18755.4 10758.8 13470.6 11533 24768.6 9306.62 8562.7 7265.52 12563.9 7797.22 14960 8792.43 16302.1 48722.1 29923.2 14947.6 33649.7 14411.2 15335 6405.52 5996.62 6637.63 7566.06 6623.26 18945.9 39205.2 29723.1 9662.43 7744 7567.15 6242.74 5591.02 7849.92 6372.05 5868.44 5553.01 14771.1 20311.1 37018.7 27613.6 14369.3 12876.5 5743.01 5548.97 5140.04 9384.82 7508.86
threshold=1.0000000180025095e-35 1.0000000180025095e-35 360.35000000000008 266.65000000000003 173.35000000000005 1.0000000180025095e-35 470.05000000000007 486.25000000000006 143.65000000000001 1026.7 83.050000000000011 1.0000000180025095e-35 232.10000000000005 295.25000000000006 1.0000000180025095e-35 1.0000000180025095e-35 1.0000000180025095e-35 258.81250000000006 1352.45 1.0000000180025095e-35 105.65000000000002 302.01666666666671 62.850000000000001 151.65000000000001 1.0000000180025095e-35 166.15000000000001 1.0000000180025095e-35 370.35000000000008 1.0000000180025095e-35 426.55000000000007 349.01666666666671 297.71666666666675 246.32500000000005 388.85000000000008 1.0000000180025095e-35 1.0000000180025095e-35 3.5000000000000004 918.1500000000002 1.0000000180025095e-35 144.15000000000003 1.0000000180025095e-35 1.0000000180025095e-35 192.87500000000003 1.0000000180025095e-35 953.35000000000014 5.5000000000000009 255.82916666666668 1.0000000180025095e-35 1211.5500000000002 721.20000000000016 1.5000000000000002 1.0000000180025095e-35 497.55000000000007 86.450000000000017 416.25000000000006 267.80000000000007 480.95000000000005 976.85000000000002 337.55000000000007 1.0000000180025095e-35 477.45000000000005 1.0000000180025095e-35
decision_type=2 2 2 2 2 2 2 2 2 2 2 2 2 2 2 2 2 2 2 2 2 2 2 2 2 2 2 2 2 2 2 2 2 2 2 2 2 2 2 2 2 2 2 2 2 2 2 2 2 2 2 2 2 2 2 2 2 2 2 2 2 2
left_child=5 46 3 4 -3 22 8 21 9 50 -11 13 -13 16 -15 -16 18 -18 34 -20 -12 -8 23 -1 26 -26 -24 28 30 -29 31 32 33 -28 35 38 37 -37 59 40 42 43 -40 -41 -45 -44 49 -48 -49 -2 56 57 54 -54 55 -53 -7 -52 -38 -10 61 -61
right_child=1 2 -4 -5 -6 6 7 -9 11 10 20 12 -14 14 15 -17 17 -19 19 -21 -22 -23 24 -25 25 -27 27 29 -30 -31 -32 -33 -34 -35 -36 36 58 -39 39 41 -42 -43 45 44 -46 -47 47 48 -50 -51 51 52 53 -55 -56 -57 -58 -59 -60 60 -62 -63
leaf_value=-0.13746764140354623 -0.097046245500092679 -1.5133072021603586 0.40282029029395849 -3.4004549776762723 0.65384109210968022 -0.047418605129306138 1.9331746768951417 0.051629413271115893 0.0088688885125623781 0.29591100215911864 -2.0401486935940656 -0.15883346878819996 -1.7471098059415817 0.16239286272104869 1.8089390093789381 0.024987354645362267 -0.23000262329975762 1.2909736303058832 -2.0456526358922322 0.13834768393460442 -0.65476258728239278 0.5037095871838656 -0.088076554146586092 1.3134994442462922 -0.75482195119063067 0.67940229181448619 -0.18380502666113899 -2.7151209148764615 1.7980390021434198 -0.26413848002751672 0.66394599303603175 -2.6698569273948674 0.51361596496968431 -1.9226659408637456 0.50723632425069809 0.27122602251668776 -0.018229837132179561 1.1264853778788273 0.83352454900741579 0.18174624860286714 -2.0240476482792906 1.4026384986109204 -0.84350031630860445 0.054751397554691023 -1.0464678944685522 0.12447192159391218 -0.14254932087253355 -1.1840968103068217 -0.16177037910178857 0.26897018765225827 -0.044230732854608323 -0.037849731886616125 -2.8948339917443016 -0.3297484013514641 1.5647651207447053 -1.4774652334359977 1.2878362946510316 0.76933894482525922 0.37725069966167213 0.16444556211648997 1.0319867392381032 -0.76100775210753735
leaf_weight=37 338 20 36 20 25 65 20 36 5421 28 22 72 20 291 34 26 24 37 21 34 27 22 1818 25 24 75 32 20 26 33 20 20 29 21 70 108 340 34 21 60 38 36 36 26 39 31 502 35 27 162 1547 52 22 39 20 26 25 22 120 466 30 23
leaf_count=37 338 20 36 20 25 65 20 36 5421 28 22 72 20 291 34 26 24 37 21 34 27 22 1818 25 24 75 32 20 26 33 20 20 29 21 70 108 340 34 21 60 38 36 36 26 39 31 502 35 27 162 1547 52 22 39 20 26 25 22 120 466 30 23
internal_value=-0.014758 -0.149379 -0.667601 -1.26045 -0.309336 -0.00125064 0.0183186 0.661587 0.012954 -0.0856441 -0.704888 0.0380068 -0.504111 0.0447777 0.311709 1.03589 0.0314216 0.692557 0.0256222 -0.695543 -1.27677 1.18441 -0.0859099 0.4476 -0.101527 0.331712 -0.122771 -0.436573 -0.167109 -1.18904 -0.585911 -0.830981 -0.382474 -0.872788 0.0313714 0.0264936 0.177184 0.476006 0.0119255 -0.222669 -0.681882 0.136715 -0.102311 -0.227871 -0.60598 -0.395633 -0.100187 -0.208105 -0.73889 0.0215431 -0.0594166 -0.0793594 -0.538576 -1.25486 -0.0927243 -0.517722 0.323486 -0.0328231 0.084939 0.0232603 0.17358 0.120917
internal_weight=12776 1165 101 65 45 11611 9431 78 9353 1895 77 7458 92 7366 351 60 7015 61 6954 55 49 42 2180 62 2118 99 2019 201 148 53 122 102 82 53 6899 6829 602 142 6227 287 126 161 88 125 65 67 1064 564 62 500 1818 1728 159 61 98 78 90 1569 460 5940 519 489
internal_count=12776 1165 101 65 45 11611 9431 78 9353 1895 77 7458 92 7366 351 60 7015 61 6954 55 49 42 2180 62 2118 99 2019 201 148 53 122 102 82 53 6899 6829 602 142 6227 287 126 161 88 125 65 67 1064 564 62 500 1818 1728 159 61 98 78 90 1569 460 5940 519 489
is_linear=0
shrinkage=0.05


Tree=158
num_leaves=63
num_cat=0
split_feature=7 33 33 36 31 10 33 31 34 34 31 33 34 33 34 34 34 34 34 13 0 33 34 34 40 34 31 34 40 36 28 36 28 36 33 33 36 33 36 40 31 31 36 28 36 33 36 36 34 14 33 28 31 34 40 34 37 33 40 28 11 28
split_gain=8454.73 11082.5 10224.4 14192.6 13067 9637.2 10759.9 8597.27 14634.6 18704 8123.39 13716.1 13176.8 7332.29 7122.25 16698.7 16379 15152.7 12719 12473.6 10043 11305.4 9609.51 9278.57 10839.5 9025.53 8013.5 9909.61 7911.86 14693 12557.5 11171.2 42575 10242.6 11476.9 10330.1 7679.55 9303.28 7525.5 7120.13 6876.52 6113.31 9768.65 8700.88 27760.9 7967.5 6103.3 5991.8 5920.61 5885.87 12334.4 5819.77 5355.52 5073.7 5046.56 19294.1 11080.5 9160.14 7928.27 30918.1 7093 8996.1
threshold=1.0000000180025095e-35 475.30000000000001 487.65000000000003 354.05000000000007 189.95000000000002 1.0000000180025095e-35 434.45000000000005 426.55000000000007 67.40000000000002 278.25000000000006 385.35000000000008 71.15000000000002 460.60000000000008 283.25000000000006 287.05000000000007 189.85000000000005 310.65000000000003 218.95000000000002 320.15000000000003 1.0000000180025095e-35 1.0000000180025095e-35 127.45000000000002 144.15000000000003 131.25000000000003 4.5000000000000009 373.75000000000006 202.65000000000001 232.10000000000005 2.5000000000000004 263.54166666666674 1.0000000180025095e-35 267.12500000000006 1.0000000180025095e-35 249.31250000000003 179.05000000000004 230.25000000000003 211.74500000000003 202.90000000000003 282.87083333333339 4.5000000000000009 257.85000000000008 357.15000000000003 299.01666666666671 1.0000000180025095e-35 244.52666666666667 354.2000000000001 287.31000000000006 211.74500000000003 395.35000000000008 1.0000000180025095e-35 344.35000000000008 1.0000000180025095e-35 372.25000000000006 67.40000000000002 1.0000000180025095e-35 79.550000000000011 3.5000000000000004 299.85000000000008 1.5000000000000002 1.0000000180025095e-35 1.0000000180025095e-35 1.0000000180025095e-35
decision_type=2 2 2 2 2 2 2 2 2 2 2 2 2 2 2 2 2 2 2 2 2 2 2 2 2 2 2 2 2 2 2 2 2 2 2 2 2 2 2 2 2 2 2 2 2 2 2 2 2 2 2 2 2 2 2 2 2 2 2 2 2 2
left_child=2 5 14 4 -4 6 7 10 -9 -10 12 -12 41 -7 15 22 39 36 -18 28 21 -19 23 49 -25 -21 -23 -28 29 47 40 33 46 34 48 -35 -17 -38 -27 -16 -31 43 -43 45 -45 -2 -33 -20 -30 54 -51 -24 -40 -3 55 56 -1 -58 59 -56 -60 -62
right_child=1 53 3 -5 -6 13 -8 8 9 -11 11 -13 -14 -15 16 17 18 20 19 25 -22 26 51 24 -26 38 27 -29 31 30 -32 32 -34 35 -36 -37 37 -39 52 -41 -42 42 -44 44 -46 -47 -48 -49 -50 50 -52 -53 -54 -55 58 -57 57 -59 60 -61 61 -63
leaf_value=-0.09081508668301437 -0.094461954071507981 -0.40560997944502603 0.24174539409577847 -0.46664728808403022 1.6942504904667537 0.65597303382941152 0.53870785753681971 -0.26097958163757412 -2.3772771049113501 -0.24076995611190799 -0.16377867886833117 1.1568014050833881 -1.4422162628173829 -0.28456753492355347 1.3003704409673811 -0.19137027232811368 -0.922907409360332 -0.83252906516978609 -0.16406390409056959 -0.15139420941664741 -1.2177811639010907 0.48242070536333614 0.20837223976850511 0.1487147189321972 -1.3659045878935743 1.4561186855489558 0.7291424157826798 -0.45185152987639116 0.17507075101137162 -0.96783794164657599 -1.6831689639524983 0.63884651607109444 1.964990476710456 -0.13789607112606367 0.66950826265595176 -1.6765015920996669 -2.0709614855051042 -0.79858049575020296 1.0061204253331475 0.33111227759056622 -0.019264894617455348 -1.4634568127718839 -0.12612643064931037 -0.72225054036016045 1.6624512115350136 -0.74137440269024912 -0.090051948591332198 0.88124395855541904 -0.97911216449737548 -0.075593900734309077 -1.2508415502720867 0.9209583233564328 -0.072880743379178256 -1.5183657789230347 0.096092650325823661 -1.2082837307775343 0.039175861229887234 0.87740295025435366 0.016379961685115078 1.5978537305786804 -0.10759609044684718 -0.88087162867188451
leaf_weight=1619 562 21 32 25 30 67 53 140 21 20 51 32 20 30 40 29 31 38 26 29 20 82 108 21 27 33 23 78 20 29 22 36 35 24 44 20 20 51 23 36 56 22 36 23 26 52 142 29 25 97 29 39 23 20 465 37 80 55 7145 37 630 40
leaf_count=1619 562 21 32 25 30 67 53 140 21 20 51 32 20 30 40 29 31 38 26 29 20 82 108 21 27 33 23 78 20 29 22 36 35 24 44 20 20 51 23 36 56 22 36 23 26 52 142 29 25 97 29 39 23 20 465 37 80 55 7145 37 630 40
internal_value=-0.0140201 -0.140584 -0.000948352 0.539048 0.94457 -0.111908 -0.15564 -0.192257 -0.504284 -1.33508 -0.123717 0.345361 -0.176259 0.365084 -0.00503603 -0.0152342 0.146879 -0.359542 0.0653147 0.115047 -0.144844 -0.0477455 -0.00397628 -0.00971506 -0.703259 0.603018 0.115215 -0.182912 0.0113047 -0.277071 -0.618466 0.146324 0.370825 -0.213215 0.0953031 -0.837262 -0.876966 -1.157 0.879955 0.841248 -0.342896 -0.141142 -0.63339 -0.0980801 0.543101 -0.149249 0.0573657 0.387098 -0.466142 -0.00646217 -0.346087 0.397426 0.46662 -0.948418 -0.00222861 -0.0783612 -0.0545259 0.380676 0.0141659 0.20678 0.00179327 -0.153762
internal_weight=12776 1196 11580 87 62 1155 1058 1005 181 41 824 83 741 97 11493 10770 723 341 647 616 241 221 10429 10282 48 108 183 101 508 162 107 346 213 133 89 44 100 71 79 76 85 721 58 663 49 614 178 55 45 10234 126 147 46 41 10108 1791 1754 135 8317 502 7815 670
internal_count=12776 1196 11580 87 62 1155 1058 1005 181 41 824 83 741 97 11493 10770 723 341 647 616 241 221 10429 10282 48 108 183 101 508 162 107 346 213 133 89 44 100 71 79 76 85 721 58 663 49 614 178 55 45 10234 126 147 46 41 10108 1791 1754 135 8317 502 7815 670
is_linear=0
shrinkage=0.05


Tree=159
num_leaves=63
num_cat=0
split_feature=11 28 40 31 36 34 40 34 34 39 35 40 31 34 30 34 36 36 24 28 36 36 34 9 35 35 39 4 34 28 40 36 36 31 36 35 31 16 35 36 34 34 7 31 12 29 39 36 31 31 35 28 37 35 40 23 28 35 36 37 38 40
split_gain=7867.74 10413.5 22958.2 31266 25516.9 6349.9 14424.8 9643.66 7480.87 11264.2 7163.79 6495.73 5987.21 11108.1 8326.17 14243.9 7070.37 8072.81 7004.49 11949.3 16299.6 33804.1 11175.1 16616.4 10939.9 10783.9 11755.5 9162.24 8371.11 6787.44 20416.1 39582.8 49449.2 29343.4 21841.6 39073.1 14345.5 6428.55 20402.7 7718.75 6146.1 30880.4 13721.6 15588.4 10351.7 10996.2 14695.6 11058.6 23964.7 11788.4 8676.19 23705.3 8455.1 9316.94 8148.07 7926.09 25258.3 7439.61 17159 16179.6 11289.4 8389.72
threshold=1.0000000180025095e-35 1.0000000180025095e-35 1.5000000000000002 375.65000000000003 240.34333333333339 470.05000000000007 3.5000000000000004 486.25000000000006 457.05000000000007 1.0000000180025095e-35 1522.8500000000001 1.5000000000000002 143.65000000000001 444.2000000000001 1.0000000180025095e-35 160.75000000000003 289.61666666666673 222.88333333333335 1.0000000180025095e-35 1.0000000180025095e-35 306.96250000000003 234.04166666666669 285.00000000000006 1.0000000180025095e-35 932.50000000000011 1352.45 1.0000000180025095e-35 1.0000000180025095e-35 422.30000000000007 1.0000000180025095e-35 5.5000000000000009 203.00416666666669 162.62916666666669 95.100000000000009 233.04166666666671 446.95000000000005 83.050000000000011 1.0000000180025095e-35 1009.4000000000001 324.15000000000009 1.0000000180025095e-35 62.550000000000004 1.0000000180025095e-35 419.55000000000007 1.0000000180025095e-35 1.0000000180025095e-35 1.0000000180025095e-35 242.6166666666667 390.80000000000001 403.15000000000003 1107.4500000000003 1.0000000180025095e-35 4.5000000000000009 983.85000000000002 2.5000000000000004 1.0000000180025095e-35 1.0000000180025095e-35 660.00000000000011 224.02500000000003 3.5000000000000004 1.0000000180025095e-35 5.5000000000000009
decision_type=2 2 2 2 2 2 2 2 2 2 2 2 2 2 2 2 2 2 2 2 2 2 2 2 2 2 2 2 2 2 2 2 2 2 2 2 2 2 2 2 2 2 2 2 2 2 2 2 2 2 2 2 2 2 2 2 2 2 2 2 2 2
left_child=5 -2 -3 4 -4 8 -7 -8 10 -10 12 -12 29 14 18 16 17 -16 22 -20 21 -21 25 24 -24 37 -27 28 -26 -1 31 32 36 -33 35 -32 -31 40 39 -39 50 -42 44 -44 45 47 -47 48 52 -49 55 54 -43 -54 -52 57 -57 -14 59 -59 61 -61
right_child=1 2 3 -5 -6 6 7 -9 9 -11 11 -13 13 -15 15 -17 -18 -19 19 20 -22 -23 23 -25 27 26 -28 -29 -30 30 34 33 -34 -35 -36 -37 -38 38 -40 -41 41 42 43 -45 -46 46 -48 49 -50 -51 51 -53 53 -55 -56 56 -58 58 -60 60 -62 -63
leaf_value=-0.048422503959687196 -0.091133018088775608 0.65794631370271628 -0.59192562841233753 0.21951424643911166 -2.9561185188293457 -0.30804561227560046 1.4415862952961642 0.18853675586038404 0.0772330813181515 -1.4600139391693203 -0.15138653457164764 0.97819200125123784 0.0077375302865820231 1.0662484703063966 -0.2137641094881913 -1.1040724054061704 -0.49999416104771877 1.0122920915596187 -0.066482710598767564 -1.5939899580819268 -1.879933798313141 1.2782576003670694 1.2800488574802875 1.1445978029416157 0.048593461013670208 -1.6498956643976272 -0.095076532517710047 0.75547383152521574 -0.91958446777783909 -1.0049315755183881 -0.33915474379763888 0.056952269872029629 2.5167686004638674 -2.4422694973323655 0.45300857067108158 -2.9140432725732146 0.47644122452898463 -0.2695843349594404 1.5169443174203237 0.68239106420547735 -1.9921307650479403 -0.35155830579725178 -0.22505801076791726 -1.8815233068168162 0.71055560881658542 -1.4579584113482771 0.064064522300447735 0.17635896260801115 -1.6710174625570122 1.4786169335842132 0.88309348790595932 1.9605585545301438 1.2098234900406428 -0.13270536921918394 -0.050275348309638368 -0.07216812263479562 -1.4576671300615585 1.8558895453162816 0.077116098632362906 -0.13771146521903574 1.5146260166168215 0.73639033357513717
leaf_weight=2101 1064 26 21 29 25 44 34 28 26 22 20 35 4950 25 29 45 44 25 790 21 22 20 20 52 158 20 31 39 26 26 34 24 25 23 20 26 44 68 30 31 22 44 49 20 53 29 35 57 22 25 30 21 28 24 106 547 35 23 1330 66 20 47
leaf_count=2101 1064 26 21 29 25 44 34 28 26 22 20 35 4950 25 29 45 44 25 790 21 22 20 20 52 158 20 31 39 26 26 34 24 25 23 20 26 44 68 30 31 22 44 49 20 53 29 35 57 22 25 30 21 28 24 106 547 35 23 1330 66 20 47
internal_value=-0.0133191 -0.13719 -0.622385 -1.06623 -1.87681 -0.000890395 0.38433 0.875693 -0.00443958 -0.627338 -0.00182989 0.567436 -0.00457587 0.0137514 0.0108452 -0.367656 -0.0295061 0.353855 0.0169192 -0.11933 -0.782019 -0.192894 0.0313423 0.333397 0.159807 0.0198639 -0.70481 0.0593365 -0.0882143 -0.0762044 -0.339131 0.0207681 0.607941 -1.16607 -0.977953 -1.45494 -0.073783 0.0246563 0.374657 0.028509 0.0187021 -0.170067 -0.0662185 -0.705193 0.0728643 -0.0551571 -0.625602 0.127385 -0.182549 0.573389 0.0294363 0.39704 0.158558 0.590195 0.155615 0.0212126 -0.155489 0.0371915 0.135305 0.631406 0.419653 0.225853
internal_weight=12776 1165 101 75 46 11611 106 62 11505 48 11457 55 11402 9079 9054 143 98 54 8911 853 63 41 8058 295 243 7763 51 223 184 2323 222 142 95 47 80 60 70 7712 129 99 7583 408 386 69 317 264 64 200 118 82 7175 157 96 52 136 7018 582 6436 1486 156 133 113
internal_count=12776 1165 101 75 46 11611 106 62 11505 48 11457 55 11402 9079 9054 143 98 54 8911 853 63 41 8058 295 243 7763 51 223 184 2323 222 142 95 47 80 60 70 7712 129 99 7583 408 386 69 317 264 64 200 118 82 7175 157 96 52 136 7018 582 6436 1486 156 133 113
is_linear=0
shrinkage=0.05


Tree=160
num_leaves=63
num_cat=0
split_feature=7 36 28 36 31 28 21 32 36 31 19 31 32 36 31 31 31 4 31 31 28 28 31 36 32 32 20 32 32 31 36 40 32 34 28 31 36 34 28 29 36 34 34 31 32 31 32 32 36 31 2 36 31 36 32 32 31 31 34 36 36 36
split_gain=9325.16 13811.4 26614.2 62259.2 10240.7 21798.6 54799.5 24093.2 16916.5 34693.8 10937.9 10143.5 14281.3 9390.22 11988 8990.08 8621.08 8584.34 8133.4 13136.4 40089.1 31913.5 10078.8 17839.9 7682.32 12589.1 7101.23 6972.24 6806.39 37853.3 13953.8 14980.3 16812.4 7321.31 30748.5 39606.3 16118.3 15133.3 7341.73 37652.1 68581.6 16512.7 30218.9 24324.3 40069.5 36651.3 27480.4 25684.7 15836.6 19417.4 15170.6 15987.5 16838.3 15117.5 20448.4 14914.3 14462.8 13775.2 9278.31 7260.89 7715.74 6688.79
threshold=1.0000000180025095e-35 274.85833333333341 1.0000000180025095e-35 318.41250000000008 454.65000000000003 1.0000000180025095e-35 1.0000000180025095e-35 53.150000000000013 382.25000000000006 487.35000000000008 1.0000000180025095e-35 448.05000000000007 169.65000000000001 258.81250000000006 286.05000000000007 428.65000000000003 186.55000000000004 1.0000000180025095e-35 425.05000000000007 437.35000000000008 1.0000000180025095e-35 1.0000000180025095e-35 414.05000000000007 283.94500000000005 206.25000000000003 90.850000000000009 1.0000000180025095e-35 132.05000000000004 478.45000000000005 86.450000000000017 247.31666666666669 4.5000000000000009 484.05000000000007 307.10000000000008 1.0000000180025095e-35 184.85000000000005 287.31000000000006 290.50000000000006 1.0000000180025095e-35 1.0000000180025095e-35 258.81250000000006 189.85000000000005 94.850000000000009 164.25000000000003 258.95000000000005 200.55000000000004 400.15000000000003 321.25000000000006 206.81666666666669 286.05000000000007 1.0000000180025095e-35 245.32500000000002 254.15000000000001 311.75833333333338 336.25000000000006 161.05000000000004 287.55000000000007 300.55000000000007 232.10000000000005 204.23333333333338 231.85000000000005 224.02500000000003
decision_type=2 2 2 2 2 2 2 2 2 2 2 2 2 2 2 2 2 2 2 2 2 2 2 2 2 2 2 2 2 2 2 2 2 2 2 2 2 2 2 2 2 2 2 2 2 2 2 2 2 2 2 2 2 2 2 2 2 2 2 2 2 2
left_child=4 15 -3 -4 10 17 7 -7 9 -9 11 18 -13 16 -15 -2 -12 26 22 20 61 -21 28 24 25 -24 -6 -17 33 -30 -31 32 -32 37 59 -36 -37 38 -1 41 -41 42 43 44 -40 47 -46 -45 49 -47 51 52 -50 54 55 57 -55 -53 -43 -35 -61 -20
right_child=1 2 3 -5 5 6 -8 8 -10 -11 13 12 -14 14 -16 27 -18 -19 19 21 -22 -23 23 -25 -26 -27 -28 -29 29 30 31 -33 -34 34 35 36 -38 -39 39 40 -42 58 -44 45 46 48 -48 -49 50 -51 -52 53 -54 56 -56 -57 -58 -59 -60 60 -62 -63
leaf_value=0.00057174240575477361 -0.023082446730936904 -0.21541302334361695 -3.5392350578308105 0.35873849902834215 0.055977007364950704 -0.99832291048148591 2.6816410917660285 -0.72984019517898568 1.8285953770513121 1.790430270541798 -0.46757163055565054 0.05173532373636313 -0.84999569304997014 1.3507738232612612 0.26023223040595889 1.4098058661818504 0.5915077643186758 0.52420077418174704 0.82940217625153689 0.12297618959323858 2.0487845139069991 -1.5851123204154354 -0.34089381127130419 -0.05400064040428481 -0.14207458138465881 -1.9164047556929291 -0.85304297588088296 0.089555492401123052 -2.0636616801413203 0.92079656813293698 -1.8905334329740571 0.22395324864230315 -0.27099903885085708 -0.57751257807016376 -2.7379465475082401 0.75486771265665698 -1.0776138309921537 1.072110415622592 0.17892351369923495 0.78573371171951301 -3.3053757508595787 -1.4853766876459122 1.7190994155075814 -0.32019024307672411 2.4689003433500019 0.29927733395550704 0.34798495968182885 -2.4269084951151974 0.10868496793237599 2.2329707145690918 1.4075538170337678 0.18407225139213332 -1.4767909647787318 -1.3527519832957875 2.0602997183799743 -0.53008841626784375 0.054877416079289448 1.8470412719249727 -0.027199757533768815 0.59388771231832171 -0.034763675966820166 0.11832687660832615
leaf_weight=7721 637 479 20 21 917 29 29 36 23 22 46 92 84 42 63 20 33 99 38 232 33 31 21 185 20 32 22 20 26 32 22 91 59 50 25 21 28 34 127 20 21 20 36 39 42 37 24 23 33 20 20 33 34 22 20 34 107 20 24 58 308 255
leaf_count=7721 637 479 20 21 917 29 29 36 23 22 46 92 84 42 63 20 33 99 38 232 33 31 21 185 20 32 22 20 26 32 22 91 59 50 25 21 28 34 127 20 21 20 36 39 42 37 24 23 33 20 20 33 34 22 20 34 107 20 24 58 308 255
internal_value=0.00660345 -0.126274 -0.320065 -1.54271 0.0202974 0.16011 0.748123 0.238378 0.681147 0.226124 0.00453198 -0.00232434 -0.378636 0.386623 0.696449 0.0225756 -0.0251714 0.0813679 0.00424749 0.184537 0.396627 -0.0783574 -0.00694344 -0.315176 -0.977058 -1.29215 0.0346794 0.749681 0.00167143 -0.266916 -0.0379188 -0.216284 -0.710873 0.00853457 -0.179402 -1.11851 -0.292265 0.0193546 0.0151321 0.163837 -1.30971 0.248334 0.309864 0.229971 0.698284 0.0254812 1.69766 -1.10171 0.209392 0.977766 0.0737967 -0.0142401 -0.695885 0.179278 0.618675 0.287267 -0.185183 0.811608 -0.690007 -0.0123494 0.0648587 0.210548
internal_weight=12812 1197 520 41 11615 1177 139 110 81 58 10438 10254 176 184 105 677 79 1038 10078 589 326 263 9489 258 73 53 939 40 9231 230 204 172 81 9001 490 74 49 8511 8477 756 41 715 671 635 193 442 66 62 380 57 323 303 67 236 107 87 129 53 44 416 366 293
internal_count=12812 1197 520 41 11615 1177 139 110 81 58 10438 10254 176 184 105 677 79 1038 10078 589 326 263 9489 258 73 53 939 40 9231 230 204 172 81 9001 490 74 49 8511 8477 756 41 715 671 635 193 442 66 62 380 57 323 303 67 236 107 87 129 53 44 416 366 293
is_linear=0
shrinkage=0.05


Tree=161
num_leaves=63
num_cat=0
split_feature=7 33 31 31 28 31 28 31 28 21 33 33 31 15 33 33 25 4 34 5 37 33 33 33 37 31 10 28 31 33 34 40 40 33 33 12 34 33 31 31 33 34 34 28 31 33 28 29 33 33 40 33 34 31 31 21 37 31 33 33 31 31
split_gain=8415.96 12546.7 9270.05 12254.4 36117.1 14055.5 44666.8 24762.6 19673.2 49456.5 10270.9 10873.4 9801.99 10976.6 9493.45 9422.77 8447.82 7747.36 7688.36 7383.72 7084.51 9044.51 8652.25 18984.2 15220.8 11266.2 10072.8 12381.5 31424.7 7457.36 7065.71 7009.77 6981.78 8484.39 16068.5 6754.1 6071.52 5821.57 9847.49 6936.02 5596.41 5502.63 19974.2 16492.3 26957.6 12174.8 8740.47 26274.9 25962.7 18296.3 8895.74 13337.1 27862.3 21239.2 24489.9 16741.5 15583.6 12729.5 24696.5 28483.9 23955.7 18200.1
threshold=1.0000000180025095e-35 465.55000000000007 425.05000000000007 437.35000000000008 1.0000000180025095e-35 454.65000000000003 1.0000000180025095e-35 445.15000000000003 1.0000000180025095e-35 1.0000000180025095e-35 296.75000000000006 64.65000000000002 414.05000000000007 1.0000000180025095e-35 179.05000000000004 352.55000000000007 1.0000000180025095e-35 1.0000000180025095e-35 74.750000000000014 1.0000000180025095e-35 4.5000000000000009 176.45000000000002 371.65000000000003 313.95000000000005 3.5000000000000004 355.45000000000005 1.0000000180025095e-35 1.0000000180025095e-35 287.55000000000007 414.75000000000006 69.15000000000002 4.5000000000000009 1.0000000180025095e-35 179.05000000000004 345.95000000000005 1.0000000180025095e-35 420.7000000000001 64.65000000000002 448.05000000000007 441.45000000000005 71.15000000000002 307.10000000000008 290.50000000000006 1.0000000180025095e-35 184.85000000000005 235.25000000000003 1.0000000180025095e-35 1.0000000180025095e-35 279.05000000000007 452.65000000000003 3.5000000000000004 57.500000000000007 123.10000000000001 355.45000000000005 171.55000000000004 1.0000000180025095e-35 1.5000000000000002 96.850000000000009 155.45000000000002 334.15000000000003 81.15000000000002 338.05000000000007
decision_type=2 2 2 2 2 2 2 2 2 2 2 2 2 2 2 2 2 2 2 2 2 2 2 2 2 2 2 2 2 2 2 2 2 2 2 2 2 2 2 2 2 2 2 2 2 2 2 2 2 2 2 2 2 2 2 2 2 2 2 2 2 2
left_child=2 20 12 4 -4 6 16 -8 17 10 11 -10 13 41 -15 19 37 32 -3 30 22 -22 23 26 -25 29 27 36 -29 -24 -14 -23 33 -7 -35 -34 -2 -5 39 -39 -19 42 46 -43 -45 -46 -1 49 -49 50 51 53 55 54 56 -53 -48 60 61 -60 -52 -59
right_child=1 18 3 5 -6 8 7 -9 9 -11 -12 -13 15 14 -16 -17 -18 40 -20 -21 21 31 25 24 -26 -27 -28 28 -30 -31 -32 -33 35 34 -36 -37 -38 38 -40 -41 -42 43 -44 44 45 -47 47 48 -50 -51 57 52 -54 -55 -56 -57 -58 58 59 -61 -62 -63
leaf_value=-0.010640076648404386 -0.10700235171122599 -0.24774297034740447 0.21938230769425204 0.019074721667573027 1.938004175354453 -0.042784125146766508 -0.38719401927221392 -2.7161826686859132 0.29875439004464582 2.5475590442789016 0.98077093809843063 -0.99589966483738113 -0.20100622943259383 0.043323314255103468 0.82367874648618078 -1.2054933717617624 0.57380014238534149 0.77599475861643441 -1.4645919605537698 -0.99781920239329347 -0.45978895411604931 1.3638712344169619 -1.5232959459567894 0.025331651770016728 1.5572137519236535 0.16984176522976646 0.46583759725996948 0.33365808984507689 -2.2800490192745042 -0.48577832968602347 0.76549575044995266 0.15436400887758839 0.047157449797756525 -1.9041869640350342 -0.0027605438232421878 0.5435094674362948 -0.98941547632217408 -0.73797594860196114 -1.1011149885824749 0.45632679504492596 -0.010359480061701367 -0.033751813917281645 1.202031831060137 -2.0325550784645925 0.7979613031659808 -0.73324468907187967 -0.015360596196519007 0.10848155021667481 -2.3547217488288879 1.5637494189739227 0.37449019749959311 -1.54028180253749 0.90555818933248533 1.5655295183658602 -0.61933282281029722 0.17635797776281836 1.7356986942390602 0.38697813164704203 1.7789641234718385 0.19436467458617013 -1.6329502787279049 -0.55586866672066126
leaf_weight=7897 770 25 303 261 34 120 21 25 55 29 32 23 190 80 76 26 54 64 27 26 21 25 29 34 31 37 66 23 23 43 21 23 698 20 25 76 20 20 35 31 35 435 35 29 21 34 27 23 20 25 42 49 25 25 73 20 24 228 61 53 23 66
leaf_count=7897 770 25 303 261 34 120 21 25 55 29 32 23 190 80 76 26 54 64 27 26 21 25 29 34 31 37 66 23 23 43 21 23 698 20 25 76 20 20 35 31 35 435 35 29 21 34 27 23 20 25 42 49 25 25 73 20 24 228 61 53 23 66
internal_value=0.00627328 -0.119961 0.0192825 0.118392 0.392774 0.0614546 -0.177236 -1.65295 0.152104 0.710717 0.226459 -0.0830026 -0.000849501 0.00758181 0.423496 -0.301908 -0.00795188 0.0772995 -0.879568 -0.202781 -0.0854631 0.405675 -0.116958 -0.0693557 0.755922 -0.539265 -0.128827 -0.175774 -0.973195 -0.903667 -0.104814 0.784316 0.0329454 -0.262345 -0.847839 0.0958949 -0.129342 -0.0984839 -0.455261 -0.0120272 0.497991 0.000556077 0.00997414 -0.157609 -0.799015 -0.148602 0.00516801 0.164398 -1.03719 0.234126 0.187701 -0.058184 -0.52455 0.236033 -0.0320102 -1.04271 0.808667 0.314022 0.417553 1.04226 -0.335835 0.175319
internal_weight=12812 1197 11615 1961 337 1624 447 46 1177 139 110 78 9654 9391 156 263 401 1038 52 237 1145 69 1076 967 65 109 902 836 46 72 211 48 939 165 45 774 790 347 86 51 99 9235 8716 519 84 55 8681 784 43 741 716 243 94 149 124 69 51 473 408 114 65 294
internal_count=12812 1197 11615 1961 337 1624 447 46 1177 139 110 78 9654 9391 156 263 401 1038 52 237 1145 69 1076 967 65 109 902 836 46 72 211 48 939 165 45 774 790 347 86 51 99 9235 8716 519 84 55 8681 784 43 741 716 243 94 149 124 69 51 473 408 114 65 294
is_linear=0
shrinkage=0.05


Tree=162
num_leaves=63
num_cat=0
split_feature=35 33 7 33 35 36 35 36 12 32 12 10 24 4 32 37 40 36 34 12 34 33 36 6 36 36 35 34 32 34 34 29 32 35 33 32 35 36 40 32 33 35 35 32 33 34 32 36 36 34 35 0 35 32 32 32 33 34 33 32 36 34
split_gain=7960.93 8051.61 7102.13 14403.4 11958.1 8455.79 20544.6 16869.8 8309.98 7288.56 7218.13 7020.15 6610.89 8681.98 12106.9 10907 13710.9 9421.07 8614.12 8012.22 6715.85 9525.57 6805.56 6254.72 6254.31 8722.91 10228.6 8888.48 6246.88 8365.81 17985.6 13582.2 13185.4 11138.4 13467.8 19467.1 19220.6 13673.3 9475.43 7818.69 5873.22 5785.66 8287.8 10799.5 5610.82 6041.45 5590.95 5536.51 13452.8 5386.27 6352.88 10185.2 10140.3 16510 11894.6 13998.7 30787.4 9445.83 21673.7 10426.2 9867.16 11779.6
threshold=1522.8500000000001 437.50000000000006 1.0000000180025095e-35 468.85000000000008 1107.4500000000003 274.85833333333341 1099.0500000000002 292.81666666666672 1.0000000180025095e-35 230.55000000000004 1.0000000180025095e-35 1.0000000180025095e-35 1.0000000180025095e-35 1.0000000180025095e-35 436.85000000000008 3.5000000000000004 3.5000000000000004 252.75000000000003 429.35000000000008 1.0000000180025095e-35 73.500000000000014 286.30000000000001 302.01666666666671 1.0000000180025095e-35 169.91666666666671 236.23333333333338 670.35000000000002 81.350000000000009 465.85000000000008 246.10000000000005 117.80000000000001 1.0000000180025095e-35 470.95000000000005 618.75000000000011 66.350000000000009 487.45000000000005 906.45000000000005 331.58333333333343 4.5000000000000009 487.45000000000005 339.55000000000007 675.1500000000002 470.90000000000003 219.95000000000002 312.30000000000001 160.75000000000003 173.15000000000001 210.33750000000003 230.82500000000005 483.50000000000006 1152.0500000000002 1.0000000180025095e-35 992.6500000000002 416.25000000000006 400.15000000000003 142.45000000000002 343.05000000000007 310.65000000000003 288.30000000000007 423.30000000000001 302.01666666666671 413.85000000000008
decision_type=2 2 2 2 2 2 2 2 2 2 2 2 2 2 2 2 2 2 2 2 2 2 2 2 2 2 2 2 2 2 2 2 2 2 2 2 2 2 2 2 2 2 2 2 2 2 2 2 2 2 2 2 2 2 2 2 2 2 2 2 2 2
left_child=2 -2 12 5 -5 6 10 9 -9 -7 11 23 13 28 17 16 -16 41 -14 20 21 -19 -23 24 -4 26 -26 -27 49 30 31 32 38 -34 36 -36 37 -35 -30 -39 -22 42 43 -15 45 -28 -12 -43 -49 50 52 57 -1 54 55 56 -54 58 -52 60 61 -59
right_child=1 -3 3 4 -6 7 -8 8 -10 -11 46 -13 18 14 15 -17 -18 19 -20 -21 40 22 -24 -25 25 27 44 -29 29 -31 -32 -33 33 34 35 -37 -38 39 -40 -41 -42 47 -44 -45 -46 -47 -48 48 -50 -51 51 -53 53 -55 -56 -57 -58 59 -60 -61 -62 -63
leaf_value=0.026862451652180715 0.057467135946665499 0.96717254834812749 0.081178911394056155 -0.21904084380208091 -1.9083096754550934 -1.5382304287950199 1.441435510635376 -0.056233366512919616 -0.97996440208875224 -0.52278312293942586 1.1709593174003421 0.56811216883361337 -0.076276122914119213 0.032623857774195221 1.3875324680691674 1.5676159862014982 -0.19712712825872961 0.18384338065292488 -0.8626510117616919 1.0399019672884606 0.16669140253748216 1.5790909615429967 0.4685982574079488 0.49171033570399647 -0.24105343649333177 -0.1642420428471828 -1.8514418780803681 0.91742505612580671 -1.8096623447808353 0.47237352739239846 -1.5587415137290954 0.72106215436207632 -1.0330874450008076 0.79711624383926394 0.1646531301672044 -1.4131304847405239 1.5969694359851778 -0.87620758884831484 -0.37307671140879395 0.26232527238130571 -0.81480329213319003 -0.68374681542232896 0.4588299978955796 -1.0812220293283463 -0.31060688098271694 -0.7295526549220086 0.12733747453400585 0.89127491185298335 -0.48499046921164601 -0.68447105535478503 1.9602587799231213 -0.50944884192375905 0.43554470228112269 0.41480794548988342 -1.5433732587099076 -0.14996285257558969 -1.9063482963376577 -0.86672860646949101 0.34693768516562551 -0.90711355203390132 0.64039164249713609 0.51815496959856577
leaf_weight=8228 56 43 170 22 20 30 25 383 26 43 21 40 1067 168 21 27 39 281 36 32 35 22 37 39 132 109 24 23 22 43 25 38 30 36 46 34 24 38 24 25 27 59 95 25 21 24 33 26 56 27 24 42 23 85 20 296 36 34 157 25 65 28
leaf_count=8228 56 43 170 22 20 30 25 383 26 43 21 40 1067 168 21 27 39 281 36 32 35 22 37 39 132 109 24 23 22 43 25 38 30 36 46 34 24 38 24 25 27 59 95 25 21 24 33 26 56 27 24 42 23 85 20 296 36 34 157 25 65 28
internal_value=0.00595962 0.452592 0.00248156 -0.114081 -1.02345 -0.0806654 0.0354652 -0.239923 -0.114955 -0.94009 -0.0198009 -0.0711094 0.0144634 0.0267794 0.170881 0.733056 0.357504 0.114208 -0.101942 0.278455 0.217842 0.305112 0.88268 -0.118284 -0.16558 -0.291553 -0.498934 0.0242303 0.0123313 -0.18494 -0.267585 -0.165758 -0.286544 -0.133817 -0.000919694 -0.505905 0.327526 0.0197821 -1.06014 -0.424409 -0.260734 -0.051954 0.0765247 -0.111657 -0.99227 -1.2905 0.53319 -0.314379 -0.0486136 0.0206865 0.0227873 0.224282 0.0140902 -0.214367 -0.35698 -0.290141 -0.993407 0.316825 0.560859 0.0262315 0.209961 -0.241297
internal_weight=12812 99 12713 1185 42 1143 661 482 409 73 636 582 11528 10425 950 87 60 863 1103 434 402 340 59 542 503 333 201 132 9475 385 342 317 279 233 203 80 123 99 46 63 62 429 288 193 69 48 54 141 82 9090 9063 375 8688 460 375 355 59 333 181 152 127 62
internal_count=12812 99 12713 1185 42 1143 661 482 409 73 636 582 11528 10425 950 87 60 863 1103 434 402 340 59 542 503 333 201 132 9475 385 342 317 279 233 203 80 123 99 46 63 62 429 288 193 69 48 54 141 82 9090 9063 375 8688 460 375 355 59 333 181 152 127 62
is_linear=0
shrinkage=0.05


Tree=163
num_leaves=63
num_cat=0
split_feature=12 6 33 28 31 33 33 19 28 34 34 40 31 28 32 17 34 33 28 37 31 40 31 33 31 32 40 31 34 33 28 32 38 28 21 37 32 31 31 33 13 33 32 40 28 32 33 32 33 23 28 32 32 37 32 33 32 31 31 32 31 31
split_gain=6068.34 8913.4 9265.83 16347.1 8525.55 6071.25 7636.19 6060.41 22395.8 8462.56 9138.17 15884.3 21071.7 20155.3 18034 34033.3 29793.6 24454.2 21963.4 28793.1 40864.7 17524.7 15812.3 22651.9 22508.5 13648 11730.2 11585.3 18782.7 15993 22958.3 11291.5 11147.9 9981.28 9211.69 8026.05 21811.1 15944.4 35168.5 12090.3 11642.9 16170 18287.7 17519.3 10851.5 11579 10234 9772.84 8296.09 7945.51 10031.3 11264.8 36161.8 21688.4 25696.2 25005.2 38515.4 11224.6 15454.4 11666.4 9699.38 20702
threshold=1.0000000180025095e-35 1.0000000180025095e-35 243.75000000000003 1.0000000180025095e-35 401.25000000000006 213.90000000000003 200.05000000000004 1.0000000180025095e-35 1.0000000180025095e-35 491.95000000000005 1.0000000180025095e-35 2.5000000000000004 379.65000000000003 1.0000000180025095e-35 254.95000000000002 1.0000000180025095e-35 74.750000000000014 97.15000000000002 1.0000000180025095e-35 4.5000000000000009 252.55000000000004 5.5000000000000009 227.65000000000001 371.65000000000003 84.450000000000017 343.35000000000008 1.0000000180025095e-35 268.45000000000005 142.35000000000002 464.15000000000003 1.0000000180025095e-35 443.85000000000008 1.0000000180025095e-35 1.0000000180025095e-35 1.0000000180025095e-35 3.5000000000000004 467.75000000000006 461.35000000000008 437.35000000000008 419.85000000000008 1.0000000180025095e-35 449.55000000000007 180.15000000000001 3.5000000000000004 1.0000000180025095e-35 412.25000000000006 317.40000000000003 364.15000000000003 334.15000000000003 1.0000000180025095e-35 1.0000000180025095e-35 277.15000000000003 242.65000000000001 2.5000000000000004 319.55000000000007 118.95000000000002 371.05000000000007 469.35000000000008 439.55000000000007 53.150000000000013 357.15000000000003 167.75000000000003
decision_type=2 2 2 2 2 2 2 2 2 2 2 2 2 2 2 2 2 2 2 2 2 2 2 2 2 2 2 2 2 2 2 2 2 2 2 2 2 2 2 2 2 2 2 2 2 2 2 2 2 2 2 2 2 2 2 2 2 2 2 2 2 2
left_child=7 2 5 -4 -3 6 -2 9 -9 10 35 12 25 -14 22 16 -16 21 -19 20 -20 -18 23 24 -13 -12 31 -24 -29 30 -30 32 -27 -26 -25 39 37 38 44 49 41 42 -41 -43 45 -37 -46 -44 -47 50 -1 52 57 54 -53 -55 -57 58 -52 -59 61 -56
right_child=1 4 3 -5 -6 -7 -8 8 -10 -11 11 14 13 -15 15 -17 17 18 19 -21 -22 -23 27 34 33 26 -28 28 29 -31 -32 -33 -34 -35 -36 36 -38 -39 -40 40 -42 43 47 -45 46 48 -48 -49 -50 -51 51 53 -54 55 60 56 -58 59 -60 -61 -62 -63
leaf_value=0.00037224857548329464 0.060157253420532013 -0.092790278225378969 0.24923879702038329 1.351486160880641 -1.2072709782557054 -0.6269318981516746 1.0510328614711761 0.093719034880632546 1.8518688440322877 0.94789738823538239 0.05569091381425683 1.2687858808226884 -0.64304531774976681 -2.3410391341556203 -1.8046055102348326 2.0531546976255335 -0.027055153923649947 0.11907709652753495 2.1755027423410311 2.6737069129943851 -0.46946508899331096 -1.8063111324310304 0.84267803833765142 -2.107073288744894 -0.29536767199839636 -0.17903975417668172 -1.5549376946229201 -1.0591670727729798 0.017097256894295032 -1.2397374391555787 1.7988494237263997 0.38682107419678657 -1.5952944168200096 -1.5103002691810783 -0.75027753494002614 0.083424233102047718 -1.108811691403389 1.1673358269713141 -1.8798874211311341 -2.2590141316254932 0.32948941868543624 0.53646384307742123 0.13705084190393488 -0.65951865234329743 1.6173269255845637 0.30120794326066974 0.18206505153490149 -1.3594817817211151 1.5036356956912922 -0.15222035746442425 0.15847927677599072 1.4877901627467229 -1.8724134305249092 2.1611783322165996 0.51775741066251491 2.0723174897107213 -0.61259567947948679 0.02711129069328308 -1.1260983862876892 1.6622080206871033 0.52590461117880682 -1.1929778941809976
leaf_weight=7718 699 78 293 38 22 31 20 192 20 23 211 20 85 22 20 23 31 362 23 20 40 25 34 29 73 33 26 45 130 20 21 33 24 22 22 393 31 44 20 24 50 50 24 79 27 32 23 20 26 760 369 26 23 34 28 22 34 20 25 24 28 48
leaf_count=7718 699 78 293 38 22 31 20 192 20 23 211 20 85 22 20 23 31 362 23 20 40 25 34 29 73 33 26 45 130 20 21 33 24 22 22 393 31 44 20 24 50 50 24 79 27 32 23 20 26 760 369 26 23 34 28 22 34 20 25 24 28 48
internal_value=0.00566164 0.113651 0.155429 0.375781 -0.337976 0.0581809 0.0877199 -0.00530347 0.259582 -0.0102212 -0.0121549 -0.132087 -0.38311 -0.992166 -0.0186039 0.170904 0.0878108 0.163356 0.287276 1.02087 0.496158 -0.821366 -0.266422 -0.644723 -0.255763 -0.183816 -0.619471 -0.0152309 -0.150272 0.0889107 0.264891 -0.349225 -0.775358 -0.57672 -1.52179 0.00456025 0.182493 0.253344 0.176154 -0.00671428 -0.351907 -0.52485 -1.14878 -0.19596 0.258232 0.180751 0.957106 -0.543191 0.840227 0.00259489 0.0166036 0.20056 0.0600783 0.494932 0.0818626 1.09159 0.442192 0.161556 0.0769705 0.918982 -0.269619 -0.562707
internal_weight=12812 1181 1081 331 100 750 719 11631 212 11419 11396 1394 434 107 960 544 521 501 445 83 63 56 416 166 115 327 116 250 216 171 151 90 57 95 51 10002 596 565 521 9406 247 197 68 129 501 451 50 44 58 9159 8399 681 461 220 130 90 56 438 394 44 104 76
internal_count=12812 1181 1081 331 100 750 719 11631 212 11419 11396 1394 434 107 960 544 521 501 445 83 63 56 416 166 115 327 116 250 216 171 151 90 57 95 51 10002 596 565 521 9406 247 197 68 129 501 451 50 44 58 9159 8399 681 461 220 130 90 56 438 394 44 104 76
is_linear=0
shrinkage=0.05


Tree=164
num_leaves=63
num_cat=0
split_feature=35 33 7 33 35 35 36 35 36 31 12 10 12 31 36 31 31 31 35 35 36 31 36 34 32 35 34 34 23 31 32 36 31 32 36 13 33 31 36 32 32 15 32 31 36 36 31 32 31 11 32 32 38 31 35 36 33 17 32 33 31 34
split_gain=7272.94 6991.1 6302.88 12586.7 10638.8 7901.16 10423.8 18241.2 14968.2 13621.3 9061.75 6502.86 6291.94 10864.2 8907.63 8443.42 6679.86 9853.22 27513.5 14310.8 6131.52 6003.25 19715.4 18780.6 13565 27301.6 13333.4 13902.9 11376.2 8837.55 20069.2 12231.7 10867.2 13252.1 15957.2 8283.2 9768.11 7439.65 15388 8626.46 12136.3 7750.07 7090.24 34794.6 16246 9522.05 15285 18327.4 8304.57 6612.77 13576.2 9417.7 8383.99 8790.6 9483.66 7303.36 6472.77 6363.36 14984.6 9932.18 9523.14 6013.56
threshold=1522.8500000000001 437.50000000000006 1.0000000180025095e-35 468.85000000000008 1107.4500000000003 1401.7500000000002 274.85833333333341 1099.0500000000002 292.81666666666672 319.95000000000005 1.0000000180025095e-35 1.0000000180025095e-35 1.0000000180025095e-35 348.55000000000007 234.04166666666669 175.25000000000003 261.55000000000007 218.35000000000005 918.1500000000002 526.80000000000007 198.32500000000005 454.65000000000003 221.75000000000003 119.65000000000002 53.150000000000013 579.05000000000007 299.45000000000005 199.85000000000005 1.0000000180025095e-35 443.05000000000007 438.45000000000005 225.04166666666671 425.05000000000007 80.65000000000002 224.02500000000003 1.0000000180025095e-35 179.05000000000004 414.05000000000007 283.94500000000005 206.25000000000003 90.850000000000009 1.0000000180025095e-35 478.45000000000005 86.450000000000017 247.31666666666669 287.31000000000006 189.95000000000002 484.05000000000007 259.55000000000007 1.0000000180025095e-35 128.35000000000005 256.95000000000005 1.0000000180025095e-35 467.75000000000006 983.85000000000002 261.0750000000001 179.05000000000004 1.0000000180025095e-35 409.15000000000003 396.05000000000007 156.25000000000003 409.75000000000006
decision_type=2 2 2 2 2 2 2 2 2 2 2 2 2 2 2 2 2 2 2 2 2 2 2 2 2 2 2 2 2 2 2 2 2 2 2 2 2 2 2 2 2 2 2 2 2 2 2 2 2 2 2 2 2 2 2 2 2 2 2 2 2 2
left_child=2 -2 21 5 -5 6 7 11 9 -8 -10 12 13 16 -15 -14 17 18 -4 -19 -18 29 -23 24 28 -26 27 -25 -24 32 31 -31 37 -34 -35 49 -37 41 39 40 -39 42 57 -44 -45 -46 -47 -48 -49 50 -27 -51 55 -54 -55 -52 -43 -1 59 60 -59 -28
right_child=1 -3 3 4 -6 -7 8 -9 10 -11 -12 -13 15 14 -16 -17 20 19 -20 -21 -22 22 23 26 25 35 61 -29 -30 30 -32 -33 33 34 -36 36 -38 38 -40 -41 -42 56 43 44 45 46 47 48 -50 51 52 -53 53 54 -56 -57 -58 58 -60 -61 -62 -63
leaf_value=0.00073362722883162524 0.064090870733239824 0.91177147391230562 -0.14636559486813869 -0.19910180866718294 -1.792464598417282 0.90855358839035039 -0.2802633266996693 1.3581064299345016 -0.093440398964675639 -1.6665981696151637 -1.0962667802969615 0.5606217804882262 -0.16339360640197995 -1.3977174937725068 -0.17655737142194994 1.1495669404665629 1.0077992201745509 -0.12173865148515413 1.7243225074949722 -1.8167303949920459 0.10511096455156804 1.2268772616600379 0.023021698466786915 -0.3612653493881226 1.8446639424456017 -0.74530951419184288 0.64619381874799731 -2.1194033380259167 -0.95038693323731427 -1.2355697691440584 -1.7976329958438875 -0.054062246112709503 -0.02036621790996879 1.7044691865444184 0.36783418679458391 0.28440684358919821 1.701716042160988 -0.28411043123765428 -0.01820071716411192 -0.0025204454149518694 -1.8002070925452494 0.045098532265983524 -2.0370996751785277 0.97410104032605893 -1.1775592976560196 0.64793228777530398 -1.6569380948940915 0.72251271586055343 -0.43299610667551564 0.64502685010433203 -0.29733670486344232 -0.63515441562323005 0.73012851268053058 0.11687586445074816 -1.3117238657815118 0.57212738151942666 0.69390415432485375 -0.96957823990479763 1.5702017239161901 1.1446897224709394 0.18485782761126757 -0.56524999283608934
leaf_weight=8839 56 43 307 22 20 20 37 25 367 34 24 45 25 28 32 24 25 33 21 20 76 39 484 23 28 31 20 22 32 24 20 251 236 25 209 31 20 22 183 21 33 80 25 32 24 46 24 23 48 20 27 51 20 26 21 229 74 23 21 20 80 21
leaf_count=8839 56 43 307 22 20 20 37 25 367 34 24 45 25 28 32 24 25 33 21 20 76 39 484 23 28 31 20 22 32 24 20 251 236 25 209 31 20 22 183 21 33 80 25 32 24 46 24 23 48 20 27 51 20 26 21 229 74 23 21 20 80 21
internal_value=0.00537855 0.432275 0.00205418 -0.107754 -0.957846 -0.0765167 -0.0940603 0.0332942 -0.276271 -0.944142 -0.154995 -0.0187818 -0.0628988 -0.111952 -0.746432 0.479689 -0.032971 -0.128807 -0.0265959 -0.761358 0.328549 0.0133417 0.121995 0.0830349 0.142862 0.327359 -0.626539 -1.2208 -0.0373447 0.00135973 -0.268393 -0.157176 0.00924802 0.244006 0.510637 0.238106 0.840214 -0.00222381 -0.266567 -0.864608 -1.19377 0.00509161 -0.00079353 -0.279934 -0.0569433 -0.256903 -0.100196 -0.462448 -0.0586763 0.165852 0.25418 -0.27454 0.350106 -0.147834 -0.521435 0.480426 0.356862 0.00610496 0.335808 0.125058 -0.0729289 0.0256982
internal_weight=12812 99 12713 1185 42 1143 1123 661 462 71 391 636 591 542 60 49 482 381 328 53 101 11528 1145 1106 1020 504 86 45 516 10383 295 275 10088 470 234 476 51 9618 259 76 55 9359 9205 222 197 165 141 95 71 425 354 71 323 67 47 256 154 8983 144 123 103 41
internal_count=12812 99 12713 1185 42 1143 1123 661 462 71 391 636 591 542 60 49 482 381 328 53 101 11528 1145 1106 1020 504 86 45 516 10383 295 275 10088 470 234 476 51 9618 259 76 55 9359 9205 222 197 165 141 95 71 425 354 71 323 67 47 256 154 8983 144 123 103 41
is_linear=0
shrinkage=0.05


Tree=165
num_leaves=63
num_cat=0
split_feature=33 32 36 31 31 39 17 13 32 33 31 32 40 33 40 32 36 34 32 31 37 33 31 11 32 33 5 31 36 34 32 33 33 32 31 33 10 33 33 40 36 37 32 31 40 36 36 32 32 36 21 32 31 31 36 32 32 36 36 33 31 31
split_gain=8689.34 7828.79 18515.7 15305.2 14077.6 16774.3 12110.2 23735.2 19827.5 26118.5 17686.6 16925.8 13005.9 9421.24 7807.02 16398.4 10910.1 8617.26 7317.21 6982.48 6864.59 6535.95 6103.4 5588.88 18582.1 11409.6 21697.2 30469.4 15163.4 11528.4 10910 14065.1 10539.3 18279.4 12364.7 9904.39 9599.35 9441.67 13680.5 18513.9 10607.4 8136.36 7699.13 13110.2 21385.7 33276.8 14718.4 10399.5 9478.54 19638.3 8082.26 7345.86 7854.59 7215.29 7087.62 6948.85 6656.89 6177.11 22603.8 11845.5 6057.98 5461.01
threshold=496.75000000000006 485.65000000000003 309.27500000000003 448.05000000000007 273.45000000000005 1.0000000180025095e-35 1.0000000180025095e-35 1.0000000180025095e-35 405.75000000000006 396.05000000000007 154.35000000000005 84.350000000000009 4.5000000000000009 492.35000000000008 1.0000000180025095e-35 482.55000000000007 331.58333333333343 451.2000000000001 480.35000000000008 249.25000000000003 5.5000000000000009 183.95000000000002 395.65000000000003 1.0000000180025095e-35 467.75000000000006 431.30000000000001 1.0000000180025095e-35 439.55000000000007 314.11666666666673 270.80000000000001 392.55000000000007 444.85000000000008 344.35000000000008 235.55000000000004 343.35000000000008 435.95000000000005 1.0000000180025095e-35 409.85000000000008 393.00000000000006 3.5000000000000004 318.41250000000008 3.5000000000000004 364.15000000000003 103.65000000000002 5.5000000000000009 246.32500000000005 236.23333333333338 369.45000000000005 354.00000000000006 289.61666666666673 1.0000000180025095e-35 237.45000000000002 86.450000000000017 498.65000000000003 185.05833333333337 321.25000000000006 230.55000000000004 309.27500000000003 269.52000000000004 419.85000000000008 467.75000000000006 309.25000000000006
decision_type=2 2 2 2 2 2 2 2 2 2 2 2 2 2 2 2 2 2 2 2 2 2 2 2 2 2 2 2 2 2 2 2 2 2 2 2 2 2 2 2 2 2 2 2 2 2 2 2 2 2 2 2 2 2 2 2 2 2 2 2 2 2
left_child=1 6 4 19 5 -3 13 8 9 10 -8 -12 21 14 17 20 -17 18 -1 -4 23 -13 -21 25 32 37 27 29 -28 30 31 41 36 34 35 -34 51 38 42 -40 -41 -27 48 44 46 -46 -44 -45 53 50 -50 60 -53 61 -49 -35 -31 58 59 -39 -25 -16
right_child=-2 2 3 -5 -6 -7 7 -9 -10 -11 11 12 -14 -15 15 16 -18 -19 -20 22 -22 -23 -24 24 -26 26 28 -29 -30 56 -32 -33 33 55 -36 -37 -38 57 39 40 -42 -43 43 47 45 -47 -48 54 49 -51 -52 52 -54 -55 -56 -57 -58 -59 -60 -61 -62 -63
leaf_value=-0.062006253693730841 0.89841390646718178 -0.45775809720158578 0.91716531556513581 -1.0475815552597245 0.22055157589912416 -1.9683207768289481 -1.3706852342401232 1.8550748437643052 1.5099832572937011 1.5392727931340537 1.2131617327531181 -0.31745443891834574 -1.0784923430645106 -0.78689726104861812 -0.034087150050008834 1.7358094163562943 0.15951483813641107 -0.87285784936564825 -1.0227530443668367 -0.22718646990565153 0.81229435257889604 0.66677655914137446 0.76629274108193135 -0.031172489951679878 1.3327166763218967 0.19312904265619094 2.2678525228391995 1.4147556838535129 0.41145251014015893 0.020529869079589844 -0.8446013184834501 -0.27832318647330956 -0.95023679089333335 0.50993300187023916 -0.20340058600100189 -2.4070719361305239 0.61649133350167962 -0.93904270205808738 1.8905837350948289 0.75331069550863128 -0.48392032027244575 1.4866527229547501 -0.75942015485330072 0.8229986692059108 2.1316823045350612 -0.36619486406445506 0.60658600826044484 0.82249271667429391 -1.8551513872716736 0.20347655926037722 -0.61809784798852863 0.61987248318535948 -0.38644990083198305 -0.90295712636275727 0.015875473928254041 -0.41503439631727013 1.1252607943614323 0.077544730073875856 -2.055572429367087 0.63324980890750893 0.68424101226119094 0.053927591415489189
leaf_weight=2182 27 40 36 24 25 34 28 24 25 24 24 37 33 38 4081 23 21 34 20 52 27 31 22 393 22 31 22 42 22 25 49 131 28 37 26 20 49 23 22 41 30 20 33 44 40 20 49 28 23 54 31 21 253 22 995 45 30 36 22 25 32 3102
leaf_count=2182 27 40 36 24 25 34 28 24 25 24 24 37 33 38 4081 23 21 34 20 52 27 31 22 393 22 31 22 42 22 25 49 131 28 37 26 20 49 23 22 41 30 20 33 44 40 20 49 28 23 54 31 21 253 22 995 45 30 36 22 25 32 3102
internal_value=0.00237916 0.000492481 -0.28669 0.0964234 -0.805247 -1.1518 0.00580729 0.368516 0.191895 0.0057246 -0.234832 0.0195991 -0.26402 -0.000822618 0.00160078 0.0203331 0.983487 -0.0829293 -0.0707324 0.346025 0.0161146 0.131239 0.0681722 0.013969 -0.103053 0.0258862 0.297069 0.157211 1.33965 -0.0274639 -0.182363 -0.00406749 -0.137994 -0.51183 -1.08157 -1.55725 -0.0600287 0.0143187 0.0200895 0.623236 0.230537 0.700393 0.0135074 0.130391 0.581727 1.29906 0.0568518 0.070326 -0.0058161 -0.470757 -1.14499 -0.107453 -0.309323 0.00115318 0.037953 0.00232894 0.62311 -0.454695 -0.728419 -0.12014 0.0226939 0.00392228
internal_weight=12850 12823 233 134 99 74 12590 226 202 177 153 125 101 12364 12326 10090 44 2236 2202 110 10046 68 74 10019 926 9093 372 328 44 286 231 182 904 156 74 48 748 8721 8615 93 71 51 8522 1209 142 60 82 1067 7313 108 54 699 274 7205 1023 82 55 106 70 48 425 7183
internal_count=12850 12823 233 134 99 74 12590 226 202 177 153 125 101 12364 12326 10090 44 2236 2202 110 10046 68 74 10019 926 9093 372 328 44 286 231 182 904 156 74 48 748 8721 8615 93 71 51 8522 1209 142 60 82 1067 7313 108 54 699 274 7205 1023 82 55 106 70 48 425 7183
is_linear=0
shrinkage=0.05


Tree=166
num_leaves=63
num_cat=0
split_feature=33 5 31 28 32 33 31 35 33 34 34 31 38 35 33 31 32 32 33 33 32 31 40 31 33 31 31 35 31 35 31 34 32 25 25 28 32 35 33 31 21 31 16 32 28 32 33 31 32 31 31 31 32 32 32 40 35 32 11 34 31 35
split_gain=7996.64 19098.7 17660.7 33620.4 16667.7 17815.8 15895.5 18657.1 34011.2 14528.1 10348.3 10060 10055.8 9881.52 9123.51 8486.81 8417.13 20506.2 12367.6 15546.3 9230.1 24767.2 9617.06 7842.27 12562 7121.23 6921.06 6779.1 9809.37 6774.77 6406.52 6336.97 6105.29 5771.55 5407.79 8118.82 21821 13909 6813.57 19832.3 6867.81 5359.19 4819.87 15544.6 5761.87 22289.4 53612.6 41235.6 29560.7 25171.8 21961.8 35022.7 23316.1 44639.7 39152.8 19728.5 35097.3 27546.7 23492.3 18867.5 20430.1 13940.3
threshold=431.30000000000001 1.0000000180025095e-35 338.05000000000007 1.0000000180025095e-35 390.85000000000008 487.65000000000003 139.15000000000001 849.65000000000009 447.90000000000003 310.65000000000003 88.750000000000014 469.35000000000008 1.0000000180025095e-35 960.80000000000007 457.15000000000003 229.15000000000001 485.65000000000003 487.45000000000005 54.250000000000007 165.05000000000004 469.55000000000007 98.550000000000011 1.5000000000000002 198.45000000000002 118.95000000000002 95.100000000000009 280.75000000000006 1327.2000000000003 232.35000000000005 899.20000000000016 254.15000000000001 100.75000000000001 297.75000000000006 1.0000000180025095e-35 1.0000000180025095e-35 1.0000000180025095e-35 277.15000000000003 953.35000000000014 421.75000000000006 162.45000000000002 1.0000000180025095e-35 143.65000000000001 1.0000000180025095e-35 400.15000000000003 1.0000000180025095e-35 402.15000000000003 107.85000000000001 316.15000000000003 387.35000000000008 266.65000000000003 439.55000000000007 426.55000000000007 1.0000000180025095e-35 163.15000000000001 246.25000000000003 1.0000000180025095e-35 490.15000000000009 246.25000000000003 1.0000000180025095e-35 333.35000000000008 77.250000000000014 341.25000000000006
decision_type=2 2 2 2 2 2 2 2 2 2 2 2 2 2 2 2 2 2 2 2 2 2 2 2 2 2 2 2 2 2 2 2 2 2 2 2 2 2 2 2 2 2 2 2 2 2 2 2 2 2 2 2 2 2 2 2 2 2 2 2 2 2
left_child=16 2 4 11 5 6 25 14 -9 12 -7 33 -10 -3 -8 -6 20 -18 29 -20 34 -22 30 41 26 -2 -25 28 -21 -19 -23 -26 -15 -4 38 -36 -37 -38 42 -40 -41 -24 44 -44 -1 48 49 -48 50 -47 51 55 -52 -54 -55 56 61 -58 59 60 -57 -46
right_child=1 13 3 -5 15 10 7 8 9 -11 -12 -13 -14 32 -16 -17 17 18 19 27 21 22 23 24 31 -27 -28 -29 -30 -31 -32 -33 -34 -35 35 36 37 -39 39 40 -42 -43 43 -45 45 46 47 -49 -50 -51 52 -53 53 54 -56 58 57 -59 -60 -61 -62 -63
leaf_value=-0.0078857147048146791 -0.029184497940924859 1.6535578195865339 0.46042501555925064 1.7759337302444405 -0.40069592760077549 1.6598546944558621 -2.090901543945074 1.2307084787743434 -0.61805248965437598 -1.7197131942618977 0.14002537244842167 -0.71994509604470491 0.70120025638490924 -0.13461750472585363 -0.58064392149448396 -1.4544972361161792 -1.6619051626622678 0.056833929525954389 -1.3174648491959824 -0.41288555388649306 1.7568138920343839 0.077486650733386772 0.26911198723883856 -1.0436883974075319 1.4740909551084043 1.0114655729702542 0.021903637505602092 -0.81646176338195797 1.048794868503782 1.1002910122275353 -0.92498222152392084 0.21542355179786685 0.84554402701398157 -0.39536409576733911 0.060478240052937338 -0.31299213088444766 2.1460228621959687 0.36067058563232424 -1.8393696212768553 -0.53833414204418661 0.68470675782723867 1.3341101747971995 0.037078522344430286 1.3016451103933928 -0.4033842385048047 -3.3705484195189044 1.1844056500328912 -1.5632201194763184 1.8454922285676003 -0.91965169489383713 0.46634424319490791 1.6524871245507271 -2.7309330085228232 1.183877477645874 -1.315282658735911 -1.0891347790086592 -2.5334942720830442 -0.16803112804889681 -1.4768214963376523 1.2116496465898849 0.1311463866414542 1.1874748877116612
leaf_weight=9469 31 26 110 38 56 24 20 35 52 22 21 29 20 24 20 29 25 70 38 24 26 34 21 20 20 35 64 20 22 20 30 20 47 24 951 37 24 20 20 24 22 27 150 29 40 22 36 22 20 20 32 31 29 25 42 37 32 20 24 37 470 21
leaf_count=9469 31 26 110 38 56 24 20 35 52 22 21 29 20 24 20 29 25 70 38 24 26 34 21 20 20 35 64 20 22 20 30 20 47 24 951 37 24 20 20 24 22 27 150 29 40 22 36 22 20 20 32 31 29 25 42 37 32 20 24 37 470 21
internal_value=0.00226021 0.171368 0.0602735 0.436642 -0.146987 0.0391753 -0.135353 -0.392334 -0.0997955 -0.595196 0.950601 0.124415 -0.251593 0.819611 -1.33577 -0.760228 -0.00693964 -0.314119 -0.140435 -0.511814 -0.00131862 0.292187 0.130829 0.325527 0.115471 0.522675 -0.231809 -0.0479546 0.286179 0.288713 -0.392421 0.844757 0.514222 0.307149 -0.00788777 0.101407 0.581941 1.3345 -0.0184548 -0.524907 0.0465985 0.868173 -0.0153038 0.241952 -0.0197192 -0.13644 -0.842973 0.142203 -0.0542846 -2.20345 -0.0995174 0.00888259 -0.702492 -1.0921 -0.38276 -0.0659364 -0.669299 -1.6237 0.0540988 0.121639 0.0420923 0.144289
internal_weight=12850 663 566 201 365 280 235 169 129 94 45 163 72 97 40 85 12187 219 194 104 11968 262 236 172 124 66 84 66 46 90 64 40 71 134 11706 1032 81 44 10674 66 46 48 10608 179 10429 960 100 58 860 42 840 712 128 96 67 681 113 52 568 544 507 61
internal_count=12850 663 566 201 365 280 235 169 129 94 45 163 72 97 40 85 12187 219 194 104 11968 262 236 172 124 66 84 66 46 90 64 40 71 134 11706 1032 81 44 10674 66 46 48 10608 179 10429 960 100 58 860 42 840 712 128 96 67 681 113 52 568 544 507 61
is_linear=0
shrinkage=0.05


Tree=167
num_leaves=63
num_cat=0
split_feature=33 32 36 38 31 17 33 32 31 32 31 31 33 33 38 40 32 36 34 32 36 34 34 31 36 23 31 31 33 8 32 33 33 33 28 33 36 34 34 31 36 33 34 34 32 32 36 32 33 33 31 31 28 28 36 31 40 32 34 32 36 36
split_gain=7296.15 6227.27 16023.6 14173.5 12294 10777.5 14356.3 24530 13538 14007.8 13375.2 9989.66 9381.97 8849.57 8824.22 6876.54 13898.5 9298.6 7506.01 6453.19 6073.75 5217.75 7494.77 5145.54 18207.7 4934.38 11428.6 8566.79 8673.57 7093.27 10292.2 7623.75 12710.4 15132.6 16002.5 8840.65 7294.3 7379.46 6599.86 6408.59 6288.78 5654.03 5549.12 5965.82 6621.29 5277.56 17101.7 8684.11 9502.75 21044.7 21056.8 15210.1 19350.1 8781.88 62419.7 20167.4 26775.1 17713.3 7431.47 7249.53 20512.5 7052.9
threshold=496.75000000000006 485.65000000000003 309.27500000000003 1.0000000180025095e-35 273.45000000000005 1.0000000180025095e-35 396.05000000000007 405.75000000000006 154.35000000000005 84.350000000000009 446.75000000000006 249.25000000000003 182.50000000000003 492.35000000000008 1.0000000180025095e-35 1.0000000180025095e-35 482.55000000000007 331.58333333333343 451.2000000000001 480.35000000000008 271.56250000000006 420.7000000000001 388.20000000000005 62.850000000000001 153.15833333333336 1.0000000180025095e-35 484.15000000000003 493.95000000000005 198.05000000000004 1.0000000180025095e-35 278.85000000000008 425.80000000000007 315.85000000000008 163.20000000000002 1.0000000180025095e-35 447.90000000000003 309.27500000000003 74.750000000000014 475.30000000000001 370.35000000000008 292.81666666666672 116.95000000000002 467.30000000000007 451.2000000000001 308.65000000000003 364.15000000000003 159.68333333333337 369.45000000000005 465.55000000000007 409.85000000000008 186.55000000000004 105.65000000000002 1.0000000180025095e-35 1.0000000180025095e-35 263.54166666666674 213.45000000000002 4.5000000000000009 445.35000000000008 218.95000000000002 354.00000000000006 290.52500000000003 244.52666666666667
decision_type=2 2 2 2 2 2 2 2 2 2 2 2 2 2 2 2 2 2 2 2 2 2 2 2 2 2 2 2 2 2 2 2 2 2 2 2 2 2 2 2 2 2 2 2 2 2 2 2 2 2 2 2 2 2 2 2 2 2 2 2 2 2
left_child=1 5 4 11 14 13 7 8 -7 -10 12 -4 -11 15 20 18 25 -18 19 21 -3 22 23 24 -1 27 29 38 -29 31 -31 32 33 34 41 -33 37 39 42 -35 -40 -27 43 45 -45 59 -47 -48 49 51 -51 52 -49 58 -55 -56 -57 -58 -53 -17 -61 -60
right_child=-2 2 3 -5 -6 6 -8 -9 9 10 -12 -13 -14 -15 -16 16 17 -19 -20 -21 -22 -23 -24 -25 -26 26 -28 28 -30 30 -32 35 -34 36 -36 -37 -38 -39 40 -41 -42 -43 -44 44 -46 46 47 48 -50 50 -52 53 -54 54 55 56 57 -59 61 60 -62 -63
leaf_value=-0.16955965030938389 0.82321354829602778 -0.99035848215703037 1.1513240267490519 -0.92299399900215651 0.22050629234267399 -0.98203325264396213 1.2337176583315197 1.7370172045447612 1.2449730787277222 -0.30678411342880946 -1.1688801375302402 0.064420627200832734 0.72575277713212105 -0.76294861882189791 -0.24892496648042101 0.0061407909380703125 1.600080171616181 0.14485060810333206 -0.81531836583333872 -0.96074479520320899 -2.1079614132642748 0.6322559694449108 -0.92784361267089843 -0.071274109534677055 1.5956321003891174 -0.088271277093026734 -1.1286345933492368 0.25003296224640148 1.3668409268061321 1.092252024719792 -0.23022861124149394 1.1822487913072111 -0.65958342535707815 0.54976910436153414 -1.3757156361032417 -0.043525364681294088 -0.45178667848760434 0.076563115388739347 1.2202678104693241 1.5738188954916867 0.13535097589175327 -0.87481898888945586 -0.75857099864793864 1.2417409578959147 0.013753087883410248 1.5236372831321898 0.67811963916835138 0.33665477959439161 0.82552976501293684 -2.1561217284202576 -0.28276555803914866 0.027113307394899241 2.0348608398437498 -2.4966366352858369 -1.1931036806106567 1.9745025912920635 0.67313859674966703 -1.2126209342479708 1.3247225688444451 -1.0235483768044926 0.30801638251678515 0.27495305724442004
leaf_weight=48 27 31 29 27 25 31 38 22 25 44 22 78 44 38 23 7434 23 21 34 20 20 27 25 2061 21 476 26 101 21 31 28 24 104 50 27 38 22 51 22 22 34 24 23 21 23 21 59 104 39 20 60 781 20 27 20 24 33 20 20 61 55 80
leaf_count=48 27 31 29 27 25 31 38 22 25 44 22 78 44 38 23 7434 23 21 34 20 20 27 25 2061 21 476 26 101 21 31 28 24 104 50 27 38 22 51 22 22 34 24 23 21 23 21 59 104 39 20 60 781 20 27 20 24 33 20 20 61 55 80
internal_value=0.0021472 0.000418366 -0.255711 0.100689 -0.738111 0.00515848 0.347328 0.168165 -0.0397557 0.176619 -0.0661886 0.359002 0.209484 -0.001096 -1.06197 0.00125273 0.0188334 0.905539 -0.0780802 -0.0666969 -1.42863 -0.0585022 -0.0671567 -0.0570547 0.367673 0.0149497 -0.0952188 0.0260958 0.44227 -0.0652647 0.464634 -0.102573 -0.145201 -0.0655941 -0.190051 0.430968 0.386744 0.536725 0.0204549 0.862673 0.561568 -0.126026 0.0170673 0.0190668 0.599838 0.0161885 0.108107 0.0853633 0.0573403 0.03256 -0.751105 0.0880899 0.610559 0.023626 -0.370339 0.221517 0.588951 -0.0384688 0.0790763 2.05417e-05 -0.392203 0.484907
internal_weight=12850 12823 233 134 99 12590 226 188 166 135 110 107 88 12364 74 12326 10090 44 2236 2202 51 2182 2155 2130 69 10046 923 9123 122 897 59 838 776 672 527 62 145 123 9001 72 56 500 8945 8922 44 8878 1328 1307 1248 1209 80 1129 124 1005 124 97 77 53 881 7550 116 100
internal_count=12850 12823 233 134 99 12590 226 188 166 135 110 107 88 12364 74 12326 10090 44 2236 2202 51 2182 2155 2130 69 10046 923 9123 122 897 59 838 776 672 527 62 145 123 9001 72 56 500 8945 8922 44 8878 1328 1307 1248 1209 80 1129 124 1005 124 97 77 53 881 7550 116 100
is_linear=0
shrinkage=0.05


Tree=168
num_leaves=63
num_cat=0
split_feature=33 35 35 19 31 33 33 32 32 36 34 34 36 32 33 32 32 36 40 34 32 32 34 40 35 37 33 33 33 40 35 37 34 31 34 31 34 33 35 34 31 39 32 36 31 32 33 31 29 34 35 35 32 36 40 40 36 32 32 31 33 33
split_gain=6875.87 15886 12693.1 10430.9 10059.3 16730.7 11984.7 10590.3 8680.9 7747.02 8694.41 8466.23 14549.5 9421.62 7897.38 7523.37 13083.9 9617.98 7112.08 13523.5 10923.8 19294.8 6805.36 29295.2 13071.9 7664.72 6421.21 10231.1 9131.88 21036.7 14927.6 10686 9110 11875.6 9043.28 16541.3 13068.9 11207 10300.6 8913.76 10742.7 8800.24 7777.18 17932.5 15392.1 13839.5 14698.6 12478.4 11259.6 11701.9 10364.2 10321.7 10300.5 20010.9 16677.8 13386.8 8031.13 9355.14 7271.52 12686.3 7202.7 13423
threshold=431.30000000000001 696.05000000000007 790.95000000000016 1.0000000180025095e-35 426.55000000000007 475.30000000000001 460.75000000000006 77.050000000000011 453.75000000000006 362.92500000000007 416.00000000000006 78.250000000000014 249.31250000000003 180.15000000000001 465.55000000000007 246.25000000000003 207.75000000000003 272.71250000000003 1.0000000180025095e-35 437.40000000000003 482.55000000000007 491.15000000000003 475.30000000000001 5.5000000000000009 1257.3500000000001 5.5000000000000009 409.85000000000008 412.95000000000005 393.00000000000006 4.5000000000000009 906.45000000000005 3.5000000000000004 437.40000000000003 286.05000000000007 371.75000000000006 403.15000000000003 383.40000000000003 142.95000000000002 1352.45 170.10000000000002 156.25000000000003 1.0000000180025095e-35 364.15000000000003 250.32500000000002 205.95000000000002 407.65000000000003 103.30000000000003 93.350000000000009 1.0000000180025095e-35 267.75000000000006 879.1500000000002 1162.6500000000003 423.30000000000001 203.00416666666669 5.5000000000000009 5.5000000000000009 235.01250000000002 397.75000000000006 354.00000000000006 132.35000000000005 343.05000000000007 352.55000000000007
decision_type=2 2 2 2 2 2 2 2 2 2 2 2 2 2 2 2 2 2 2 2 2 2 2 2 2 2 2 2 2 2 2 2 2 2 2 2 2 2 2 2 2 2 2 2 2 2 2 2 2 2 2 2 2 2 2 2 2 2 2 2 2 2
left_child=18 -2 -3 4 7 6 -6 -4 9 10 11 15 13 -13 -11 16 17 -9 19 20 -1 -22 25 24 -24 26 28 -28 32 31 -31 -30 34 -34 38 36 -36 -38 42 40 -29 -40 58 44 52 50 -47 -45 49 51 -46 -49 55 -54 -55 56 57 -44 60 -60 -20 -62
right_child=1 2 3 -5 5 -7 -8 8 -10 14 -12 12 -14 -15 -16 -17 -18 -19 22 -21 21 -23 23 -25 -26 -27 27 39 29 30 -32 -33 33 -35 35 -37 37 -39 41 -41 -42 -43 43 47 45 46 -48 48 -50 -51 -52 -53 53 54 -56 -57 -58 -59 59 -61 61 -63
leaf_value=-0.054146300326382291 1.5465974682569505 -0.79651826139953408 -1.0710427673090073 1.112321014063699 0.53901435159470734 -0.34035607304643184 1.9173272465666136 1.3315594905614854 -0.63574377285937478 -0.92843345879547068 1.1831720243329586 -0.11422271221876144 0.2314498030326583 -1.6136697555130182 0.12369164547749929 0.66639118449431711 -0.92379477071762095 -0.029363455643524994 0.0010559899005486404 -0.97545821617046991 -1.893729754164815 0.22513326690310526 -1.1147696705091568 2.054525891797883 0.64942042973069913 0.90085241484145318 -1.2235387992400391 -1.3359402900156769 0.56316010400652894 1.0336889920027361 -0.4873842669857873 2.1976346141099934 -1.1979886427521707 0.061355663874210459 1.0578299889276768 1.3050086604783664 -0.92293191663920882 0.19035668820142748 -1.4679144539616324 0.51471559501983022 -0.055761772354966724 -0.018756723776459695 0.12937824857585573 -0.75931990161538132 0.91841347668060047 -1.2645820624688093 0.33249206846952439 0.12011998234686122 -0.4001094142262771 1.0804883247613908 -0.43672352177756174 -0.5869840626283126 0.17821002162638166 2.3878938121721149 0.76064394712448125 0.98719367167124394 0.68332088646980438 -1.2128531245958238 -1.5533691266924143 -0.16527003761260742 -1.175693281677862 -0.11288869522073691
leaf_weight=2170 20 36 21 28 46 34 24 20 39 31 23 20 88 22 42 107 25 37 7518 42 22 21 21 21 21 24 26 23 20 23 54 20 36 39 29 37 32 77 22 37 57 20 34 50 43 34 25 837 123 30 21 55 42 32 31 52 26 21 20 93 36 170
leaf_count=2170 20 36 21 28 46 34 24 20 39 31 23 20 88 22 42 107 25 37 7518 42 22 21 21 21 21 24 26 23 20 23 54 20 36 39 29 37 32 77 22 37 57 20 34 50 43 34 25 837 123 30 21 55 42 32 31 52 26 21 20 93 36 170
internal_value=0.00203984 0.15885 0.115685 0.169786 0.124206 0.5696 1.01158 0.026688 0.0774641 0.144488 0.244296 0.176602 -0.133982 -0.899647 -0.323101 0.390231 0.0298765 0.448153 -0.00649098 -0.0866523 -0.0697839 -0.858936 0.0117092 0.529726 -0.232675 0.00840234 0.00622674 -0.326382 0.0111291 0.450188 -0.0330377 1.3804 0.00576972 -0.54313 0.0100986 0.366206 0.114498 -0.13648 0.00342276 -0.127013 -0.423813 -0.777839 0.0069537 0.113074 0.418681 -0.0354708 -0.587856 0.012321 0.0492416 0.109188 0.473759 0.0765205 0.65339 1.02359 1.58718 0.361123 -0.0407989 -0.38311 -0.0127618 -0.410951 -0.00693645 -0.298622
internal_weight=12850 663 643 607 579 104 70 475 454 415 342 319 130 42 73 189 82 57 12187 2255 2213 43 9932 63 42 9869 9845 143 9702 117 77 40 9585 75 9510 175 138 109 9335 117 80 42 9293 1456 361 123 59 1095 1045 922 64 892 238 105 63 133 81 55 7837 113 7724 206
internal_count=12850 663 643 607 579 104 70 475 454 415 342 319 130 42 73 189 82 57 12187 2255 2213 43 9932 63 42 9869 9845 143 9702 117 77 40 9585 75 9510 175 138 109 9335 117 80 42 9293 1456 361 123 59 1095 1045 922 64 892 238 105 63 133 81 55 7837 113 7724 206
is_linear=0
shrinkage=0.05


Tree=169
num_leaves=63
num_cat=0
split_feature=13 17 32 36 31 31 39 37 33 33 37 34 33 10 28 33 33 36 34 32 36 33 33 33 22 33 36 34 33 32 32 34 32 31 36 29 28 31 35 35 31 31 34 31 31 32 28 36 36 34 33 20 32 32 32 36 21 34 36 31 28 31
split_gain=6665.96 25444.7 7728.39 18392.2 16537.6 8519.63 12378.6 6877.99 13453.2 16957.8 6687.99 12876 9479.47 15508.1 23717 9146.02 11902.9 13685.3 20392 9853.54 16454.8 9031.09 23891.7 18664.9 8547.56 13647 7399.52 6781.43 6819.22 6568.33 6437.89 7187.22 6027.5 33760.6 9513.06 8386.25 12175.1 30700.8 20012.6 7382.06 5794.62 5777.26 5715.3 6930.99 5523.77 5462.17 6095.35 23155.8 5510.91 5393.57 5316.2 4625.63 7411.35 6556.37 8221.54 7731.05 4845.23 15748 11986.8 25116.9 39212.9 22081
threshold=1.0000000180025095e-35 1.0000000180025095e-35 485.65000000000003 309.27500000000003 448.05000000000007 254.15000000000001 1.0000000180025095e-35 4.5000000000000009 332.75000000000006 167.15000000000001 4.5000000000000009 483.50000000000006 464.15000000000003 1.0000000180025095e-35 1.0000000180025095e-35 464.15000000000003 362.55000000000007 224.02500000000003 321.85000000000008 181.85000000000005 183.82000000000002 73.750000000000014 120.15000000000002 176.45000000000002 1.0000000180025095e-35 427.75000000000006 388.85000000000008 368.40000000000003 361.30000000000001 431.35000000000008 378.05000000000007 369.30000000000007 469.55000000000007 98.550000000000011 271.56250000000006 1.0000000180025095e-35 1.0000000180025095e-35 353.50000000000006 906.45000000000005 1107.4500000000003 286.05000000000007 399.25000000000006 444.2000000000001 488.85000000000008 196.45000000000002 473.65000000000003 1.0000000180025095e-35 243.56250000000003 319.85000000000008 422.30000000000007 71.15000000000002 1.0000000180025095e-35 419.85000000000008 193.95000000000002 115.55000000000001 286.35833333333341 1.0000000180025095e-35 69.15000000000002 183.82000000000002 257.85000000000008 1.0000000180025095e-35 366.75000000000006
decision_type=2 2 2 2 2 2 2 2 2 2 2 2 2 2 2 2 2 2 2 2 2 2 2 2 2 2 2 2 2 2 2 2 2 2 2 2 2 2 2 2 2 2 2 2 2 2 2 2 2 2 2 2 2 2 2 2 2 2 2 2 2 2
left_child=2 7 10 5 -5 6 -4 42 9 -9 11 12 24 14 26 16 19 -18 -19 20 44 -21 -23 -24 32 27 -14 28 41 30 31 -25 35 -34 -35 51 49 38 -38 -36 -17 -26 43 45 -12 46 -2 -48 -47 -37 -43 56 53 54 -53 -55 -1 58 61 60 -60 -58
right_child=1 -3 3 4 -6 -7 -8 8 -10 -11 15 -13 13 -15 -16 40 17 18 -20 21 -22 22 23 29 25 -27 -28 -29 -30 -31 -32 -33 33 34 39 36 37 -39 -40 -41 -42 50 -44 -45 -46 48 47 -49 -50 -51 -52 52 -54 55 -56 -57 57 -59 59 -61 -62 -63
leaf_value=0.024997524305230254 0.076714131614351755 1.7226957922180492 -0.51050720773637293 0.38936184113440309 -1.1656786782400947 -0.092603532552719123 -1.9367634932028837 -0.74714571961334775 -1.3041689877326672 1.0640762793521086 -0.42864087302117576 -0.99908477402094642 0.35471780379749324 -0.79615807501333102 1.6857340335845947 -1.0132768545150757 1.457402932854035 -0.72058139869144988 1.1711506759370518 -0.63762127661705026 -1.3979093191428829 1.6106281439237524 -0.85575501016668376 0.21779655205306186 -0.20718140523062975 -1.4798784342679112 -0.59264002262304227 0.56681152538016988 0.49816366984294014 1.0413399986682401 -0.45666226104453761 1.2625965464115145 2.2111471486091614 0.95282013702392576 -0.26737773799233966 -0.088051748016897219 -2.5366436223189037 0.7994033527374268 -0.39509873270988466 0.59389885619523064 0.11335452454430717 -0.36472073905169966 0.74810294964734247 0.96927391493862336 0.46057309778407218 1.1730557311664929 0.60765948880601817 -1.4106847500304383 0.14505758043378592 -0.86446806036907697 -1.3378329930305481 -0.42239971403722409 0.64869168281555178 -1.1853671652078628 0.64618828296661379 -0.14268843941390516 0.045704590394820804 -0.64101234544907604 -0.38649867121130232 -0.0069441261925288784 -2.6381579035804386 1.1363908086504255
leaf_weight=6879 1017 24 32 92 21 25 29 28 26 24 31 33 146 28 33 25 39 28 29 25 26 33 37 93 164 22 24 27 26 31 27 20 20 25 126 814 24 20 20 31 21 32 34 22 40 22 27 30 32 23 25 54 20 40 27 32 876 111 244 844 21 49
leaf_count=6879 1017 24 32 92 21 25 29 28 26 24 31 33 146 28 33 25 39 28 29 25 26 33 37 93 164 22 24 27 26 31 27 20 20 25 126 814 24 20 20 31 21 32 34 22 40 22 27 30 32 23 25 54 20 40 27 32 876 111 244 844 21 49
internal_value=0.00193784 0.109928 -0.0100714 -0.318972 0.100372 -0.86997 -1.18856 0.0792571 -0.375521 0.0888029 -0.0046626 -0.0129337 -0.00992799 0.306936 0.459087 0.173207 0.240569 0.735685 0.241879 0.109629 -0.321759 0.26694 0.360774 0.162479 -0.0168358 -0.281743 0.220973 -0.185542 -0.267783 0.382799 0.236979 0.402717 -0.00922299 0.261211 0.0469328 -0.0146327 -0.160211 -0.824896 -1.56321 -0.0973168 -0.498945 -0.357894 0.109217 0.0903284 0.0723247 0.0731858 0.0485145 -0.454627 0.563872 -0.109387 -0.791524 -0.000370909 -0.25647 -0.374792 -0.0662037 -0.721954 0.0045388 -0.0610722 -0.0294235 -0.140278 -0.564932 0.103481
internal_weight=12850 1286 11564 199 113 86 61 1262 78 52 11365 10860 10827 231 203 505 459 96 57 363 97 266 241 208 10596 296 170 274 247 171 140 113 10300 202 182 10098 901 64 44 157 46 221 1184 1150 71 1128 1074 57 54 837 57 9197 173 153 81 72 9024 2145 2034 1109 265 925
internal_count=12850 1286 11564 199 113 86 61 1262 78 52 11365 10860 10827 231 203 505 459 96 57 363 97 266 241 208 10596 296 170 274 247 171 140 113 10300 202 182 10098 901 64 44 157 46 221 1184 1150 71 1128 1074 57 54 837 57 9197 173 153 81 72 9024 2145 2034 1109 265 925
is_linear=0
shrinkage=0.05


Tree=170
num_leaves=63
num_cat=0
split_feature=16 36 30 35 35 14 32 32 32 36 34 36 31 32 34 35 35 34 36 20 27 31 34 21 36 31 31 32 37 35 28 36 40 31 28 32 36 37 34 11 32 31 35 36 38 35 32 36 40 32 17 35 34 28 34 34 28 34 28 32 36 32
split_gain=7446.93 8109.64 7351.15 10685.2 10098.1 7040.22 9146.45 13461 7988.89 8366.74 7922.29 29579.1 6521.21 6379.2 5536.78 5527.33 5168.23 11128.5 4731.15 4770.22 5271.99 8355.78 7832.58 5453.51 12073.7 24851.7 16012.5 15999.9 20630.2 15165.3 13432.2 11854.6 12628.8 12515 11563 62895.3 24315.1 25340.8 16963.8 10893.5 10866.2 12063.7 13720.2 8425.42 8595.87 9094.8 8125.84 8270.65 8085.13 15005.6 10846.9 8760.31 9234.79 17485.5 10374.6 11004.5 34218.6 21033.1 12573.7 36821.3 71597.3 42756.4
threshold=1.0000000180025095e-35 245.32500000000002 1.0000000180025095e-35 1211.5500000000002 1045.6000000000001 1.0000000180025095e-35 101.25000000000001 158.95000000000002 397.75000000000006 297.71666666666675 482.50000000000006 300.5750000000001 498.65000000000003 347.05000000000007 61.500000000000007 536.6500000000002 861.75000000000011 269.75000000000006 73.125000000000014 1.0000000180025095e-35 1.0000000180025095e-35 410.65000000000003 160.75000000000003 1.0000000180025095e-35 249.31250000000003 464.35000000000008 95.100000000000009 412.25000000000006 2.5000000000000004 490.15000000000009 1.0000000180025095e-35 241.60000000000005 2.5000000000000004 243.95000000000002 1.0000000180025095e-35 362.55000000000007 137.26666666666671 3.5000000000000004 56.050000000000004 1.0000000180025095e-35 230.55000000000004 312.35000000000008 664.45000000000016 165.62500000000003 1.0000000180025095e-35 1026.7 465.85000000000008 300.5750000000001 1.0000000180025095e-35 482.55000000000007 1.0000000180025095e-35 1377.7500000000002 336.35000000000008 1.0000000180025095e-35 218.95000000000002 123.10000000000001 1.0000000180025095e-35 170.10000000000002 1.0000000180025095e-35 445.35000000000008 339.34166666666675 426.65000000000003
decision_type=2 2 2 2 2 2 2 2 2 2 2 2 2 2 2 2 2 2 2 2 2 2 2 2 2 2 2 2 2 2 2 2 2 2 2 2 2 2 2 2 2 2 2 2 2 2 2 2 2 2 2 2 2 2 2 2 2 2 2 2 2 2
left_child=2 14 5 4 -4 10 -7 -8 -9 -10 12 -12 18 16 15 -2 -3 -18 -1 20 23 22 -22 48 25 31 -26 39 -29 -27 46 34 -33 -34 40 36 -36 -38 -39 -28 43 -42 -43 -25 45 -45 -30 -48 49 -20 51 52 54 -54 55 58 -57 -58 -50 61 -61 -60
right_child=1 13 3 -5 -6 6 7 8 9 -11 11 -13 -14 -15 -16 -17 17 -19 19 -21 21 -23 -24 24 26 29 27 28 30 -31 -32 32 33 -35 35 -37 37 38 -40 -41 41 42 -44 44 -46 -47 47 -49 50 -51 -52 -53 53 -55 -56 56 57 -59 59 60 -62 -63
leaf_value=-0.17606043982519007 0.050222881703541201 0.33034607724231835 -0.30966153084291148 -1.1480559598654509 0.87529404950993406 -1.0626250140368938 0.95687271940211449 -0.54997819141243343 1.0052118337154388 -0.36683637756109239 1.7966674457821583 -0.48450122499838477 -0.64877058604830196 0.13590140910819173 0.45492020962493762 -0.97557362914085388 2.0368783488869666 0.49264015608600209 -0.056598459016851281 -0.22130982896713453 0.27692582293280532 -0.32325497009815318 1.2181100583076478 0.02253067087975031 -1.5635567111628397 -0.0724218935579867 -0.24467960247278092 -0.66174450752635794 0.53505690617943713 1.1701721279588464 1.5302100616952647 1.6168179117497943 1.2591586661338807 -0.23418108808233384 1.5356936432066419 -2.8735787370930552 -1.8699463798886253 1.2548747474497015 -0.47368985474109648 -1.0084998098074223 0.053722559744075166 1.8170863342285157 0.3631705701697705 -0.14858395078245851 -1.0764474566777549 -1.0334499118789551 -0.60296908866527477 0.42426162527667155 0.028767380230405693 -1.4360693275928498 0.6702282172483458 0.56282237737280572 -0.080359555952316905 -1.4760847549353329 0.50821777964468862 0.19778548454585143 -2.7682472801208498 -0.47515440002083786 0.23358699323484844 3.6162568258202601 -0.18001698476296885 -2.1196739888191227
leaf_weight=342 29 34 125 32 21 32 24 108 20 25 27 30 38 64 28 24 20 28 1377 214 84 39 30 578 21 37 551 60 106 73 23 21 20 47 21 23 21 22 40 51 536 20 86 459 30 31 43 36 5877 20 71 82 113 28 122 73 20 20 553 23 27 20
leaf_count=342 29 34 125 32 21 32 24 108 20 25 27 30 38 64 28 24 20 28 1377 214 84 39 30 578 21 37 551 60 106 73 23 21 20 47 21 23 21 22 40 51 536 20 86 459 30 31 43 36 5877 20 71 82 113 28 122 73 20 20 553 23 27 20
internal_value=0.0035758 0.287407 -0.00154865 -0.320586 -0.139223 0.00303293 -0.284705 -0.144064 -0.31676 0.242963 0.00796787 0.596052 0.00520418 0.510006 -0.113821 -0.414289 0.801991 1.13607 0.00725952 0.0125958 0.0169352 0.308484 0.524606 0.0130161 -0.0454167 0.0209602 -0.199253 -0.166322 0.155045 0.752209 0.390657 -0.0201842 0.54693 0.211592 -0.0469148 -0.507496 0.0157725 -0.368786 0.139672 -0.309389 -0.0132977 0.150109 0.637494 -0.108841 -0.254866 -0.204565 0.248983 -0.134864 0.0335155 -0.0763475 0.0553505 0.0490763 0.0429496 -0.357525 0.0513337 0.0429049 -0.44628 -1.6217 0.0514091 0.264998 1.56627 0.151449
internal_weight=12800 227 12573 178 146 12395 209 177 153 45 12186 57 12129 146 81 53 82 48 12091 11749 11535 153 114 11382 2956 2065 891 870 268 110 208 1955 88 67 1867 127 104 83 62 602 1740 642 106 1098 520 490 185 79 8426 1397 7029 6958 6876 141 6735 6613 113 40 6500 623 50 573
internal_count=12800 227 12573 178 146 12395 209 177 153 45 12186 57 12129 146 81 53 82 48 12091 11749 11535 153 114 11382 2956 2065 891 870 268 110 208 1955 88 67 1867 127 104 83 62 602 1740 642 106 1098 520 490 185 79 8426 1397 7029 6958 6876 141 6735 6613 113 40 6500 623 50 573
is_linear=0
shrinkage=0.05


Tree=171
num_leaves=63
num_cat=0
split_feature=16 36 30 36 14 32 32 32 36 34 36 31 36 31 32 32 34 33 33 31 28 31 34 20 33 36 36 36 29 35 32 33 31 33 35 33 33 36 35 32 33 21 31 28 32 36 31 35 32 35 35 33 28 34 31 36 32 34 28 36 31 33
split_gain=6720.86 7318.95 6634.42 9796.35 6353.8 8254.67 12148.6 7209.98 7550.98 7149.86 26695.1 5885.39 5837.89 6184.31 6175.11 5095.03 4996.94 11069.3 4738.91 12177.9 12100.1 9631.42 7367.43 5093.63 9981.23 5072.98 4769.03 4473.3 4497.23 6518.08 8091.27 6899.34 12883.6 7903.82 5917.44 8468.87 7023.37 17431.4 22298.5 13622.2 11156.7 6897.03 10390.5 23903.6 25779.9 11820.1 12179.9 15559.9 10382.4 20184 16763.2 10189.1 11856.2 37416.7 33078 30232.3 10270.7 9535.93 10055.2 7773.14 10094.2 7724.91
threshold=1.0000000180025095e-35 245.32500000000002 1.0000000180025095e-35 331.58333333333343 1.0000000180025095e-35 101.25000000000001 158.95000000000002 397.75000000000006 297.71666666666675 482.50000000000006 300.5750000000001 498.65000000000003 261.0750000000001 254.15000000000001 410.75000000000006 288.45000000000005 61.500000000000007 106.25000000000001 464.15000000000003 81.15000000000002 1.0000000180025095e-35 110.95000000000002 384.80000000000007 1.0000000180025095e-35 384.15000000000003 213.81666666666669 191.62500000000003 73.125000000000014 1.0000000180025095e-35 1241.4000000000003 457.45000000000005 419.85000000000008 241.95000000000002 397.45000000000005 1522.8500000000001 458.60000000000008 433.05000000000007 240.34333333333339 1107.4500000000003 307.30000000000001 444.85000000000008 1.0000000180025095e-35 162.45000000000002 1.0000000180025095e-35 278.85000000000008 315.3250000000001 488.85000000000008 623.70000000000005 184.85000000000005 926.15000000000009 873.05000000000007 295.45000000000005 1.0000000180025095e-35 62.550000000000004 229.15000000000001 303.53750000000008 491.15000000000003 139.85000000000005 1.0000000180025095e-35 189.25416666666669 366.75000000000006 284.85000000000008
decision_type=2 2 2 2 2 2 2 2 2 2 2 2 2 2 2 2 2 2 2 2 2 2 2 2 2 2 2 2 2 2 2 2 2 2 2 2 2 2 2 2 2 2 2 2 2 2 2 2 2 2 2 2 2 2 2 2 2 2 2 2 2 2
left_child=2 16 4 -4 9 -6 -7 -8 -9 11 -11 18 -3 -14 15 -15 17 -2 23 -20 21 -21 -23 27 25 26 -25 -1 34 31 -31 33 -33 -30 35 36 41 -38 40 -40 -39 51 43 -43 -45 46 48 -48 49 50 57 56 -53 55 -55 -54 61 58 59 60 -44 -29
right_child=1 12 3 -5 5 6 7 8 -10 10 -12 -13 13 14 -16 -17 -18 -19 19 20 -22 22 -24 24 -26 -27 -28 28 29 30 -32 32 -34 -35 -36 -37 37 38 39 -41 -42 42 45 44 -46 -47 47 -49 -50 -51 -52 52 53 54 -56 -57 -58 -59 -60 -61 -62 -63
leaf_value=-0.17241029099725624 0.28921032537307062 1.27808802485466 -0.12104731712138633 -1.0543235797115735 -1.0094937380286866 0.9090290988485018 -0.52247927565541541 0.95495119929313665 -0.34849456037580967 1.7068340741925772 -0.46027617284717659 -0.61633205445434314 -0.2176745118792443 0.50272969460867822 -0.15920533944259993 1.4109258060869965 0.43217419431145698 -1.15829310131073 -0.9589675222124372 1.1148100882768632 1.1452082680331337 0.15373526780307295 -0.83072809576988227 -0.053383181137698035 -1.2775698721408846 -0.32923386993593184 0.86282956302165992 0.024450269046019192 -0.046539788477821281 -0.18261055667763171 -1.3484604564580052 -1.5258251228115776 0.14931002457936604 0.93438994827724642 0.72308105627695729 -0.7566041352067675 1.2241746437336718 0.090119904074175611 1.4486199261680728 0.066806830394835703 -1.2448443602989703 -0.15432015315849248 -0.02932302662797779 -0.12747840523719786 -2.6357716969081335 -0.33534359662631785 1.804006989435716 -0.055955174565315249 0.14851757495440815 -0.92494229831020636 1.3326307426799429 0.14285992952109558 2.9282751708030705 -1.6676167179237713 1.1066808845315661 0.46931811332702633 0.73246905137510865 0.85811217559708486 -0.98013456559950307 -0.26076682147963737 0.63416538042808657 -0.65573548313141583
leaf_weight=340 28 20 143 35 32 24 108 20 25 27 30 38 34 47 22 23 28 25 21 24 36 200 21 49 21 116 20 6808 928 46 22 22 24 21 30 35 42 29 31 42 34 479 397 20 21 236 22 23 826 68 22 406 25 22 21 25 51 27 31 298 67 42
leaf_count=340 28 20 143 35 32 24 108 20 25 27 30 38 34 47 22 23 28 25 21 24 36 200 21 49 21 116 20 6808 928 46 22 22 24 21 30 35 42 29 31 42 34 479 397 20 21 236 22 23 826 68 22 406 25 22 21 25 51 27 31 298 67 42
internal_value=0.00339701 0.273037 -0.00147122 -0.304557 0.00288128 -0.27047 -0.136861 -0.300922 0.230815 0.00756948 0.56625 0.00494397 0.484506 0.358541 0.57149 0.801137 -0.10813 -0.393574 0.00689654 0.202471 0.289269 0.163499 0.060189 0.00188648 -0.24456 -0.127299 0.212186 0.00626944 0.0116729 -0.0861878 -0.559797 -0.0538205 -0.651842 -0.0248332 0.0218916 0.0198191 0.0225057 0.333805 0.0588373 0.653604 -0.630337 0.0169294 -0.0542131 -0.2535 -1.41221 -0.0028351 0.0412255 0.85336 0.0201737 -0.0963231 -0.0294037 0.0413198 0.259506 0.768737 -0.312727 1.6988 0.025543 -0.0659461 -0.0974084 -0.0614969 0.0664824 0.0202798
internal_weight=12800 227 12573 178 12395 209 177 153 45 12186 57 12129 146 126 92 70 81 53 12091 302 281 245 221 11789 206 185 69 11583 11243 1063 68 995 46 949 10180 10150 10115 178 136 73 63 9937 2537 520 41 2017 1781 45 1736 910 842 7400 499 93 43 50 6901 820 793 762 464 6850
internal_count=12800 227 12573 178 12395 209 177 153 45 12186 57 12129 146 126 92 70 81 53 12091 302 281 245 221 11789 206 185 69 11583 11243 1063 68 995 46 949 10180 10150 10115 178 136 73 63 9937 2537 520 41 2017 1781 45 1736 910 842 7400 499 93 43 50 6901 820 793 762 464 6850
is_linear=0
shrinkage=0.05


Tree=172
num_leaves=63
num_cat=0
split_feature=16 36 40 34 33 31 20 19 35 35 36 36 36 40 31 34 34 33 28 35 33 17 36 33 33 36 36 31 33 8 38 39 40 36 35 35 35 34 34 34 28 31 34 34 33 34 34 28 28 33 36 21 33 40 36 35 6 36 36 35 35 35
split_gain=6065.57 6605.35 5935.71 9093.59 10652.1 7294.55 5481.82 6765.85 8187.69 8612.47 7088.93 9183.32 4899.92 4866.09 7120.39 5367.93 13096.7 6026.93 14766.5 24847.2 14749.7 13179.5 12249 6461.38 5027.78 5792.64 6328.36 6022.26 4925.64 4715.64 12729.3 8732.01 11019.9 10326.5 8193.09 23204 8075.23 7710.2 6916.71 11380.7 11260.8 24057 20385.8 10015.2 9624.22 9594.98 19550.5 43098 12467.9 23698.3 28697.6 27961.1 29797.2 18225.9 14908.2 47595.5 44333.3 42056 67059.6 19372.4 19254.5 22225.2
threshold=1.0000000180025095e-35 245.32500000000002 5.5000000000000009 57.850000000000009 378.25000000000006 276.75000000000006 1.0000000180025095e-35 1.0000000180025095e-35 1186.7000000000003 786.30000000000007 258.81250000000006 292.81666666666672 347.55833333333339 1.0000000180025095e-35 498.65000000000003 420.7000000000001 439.35000000000008 146.90000000000003 1.0000000180025095e-35 1036.0000000000002 136.45000000000002 1.0000000180025095e-35 231.85000000000005 114.15000000000002 306.35000000000008 303.53750000000008 253.75833333333335 135.75000000000003 298.15000000000003 1.0000000180025095e-35 1.0000000180025095e-35 1.0000000180025095e-35 3.5000000000000004 310.41666666666674 1118.0500000000002 1009.4000000000001 843.15000000000009 121.35000000000001 310.65000000000003 215.20000000000002 1.0000000180025095e-35 414.05000000000007 436.30000000000001 189.85000000000005 336.15000000000003 160.75000000000003 127.80000000000003 1.0000000180025095e-35 1.0000000180025095e-35 294.05000000000007 225.04166666666671 1.0000000180025095e-35 397.45000000000005 2.5000000000000004 218.3366666666667 331.45000000000005 1.0000000180025095e-35 251.51250000000002 236.23333333333338 190.45000000000002 906.45000000000005 562.75000000000011
decision_type=2 2 2 2 2 2 2 2 2 2 2 2 2 2 2 2 2 2 2 2 2 2 2 2 2 2 2 2 2 2 2 2 2 2 2 2 2 2 2 2 2 2 2 2 2 2 2 2 2 2 2 2 2 2 2 2 2 2 2 2 2 2
left_child=6 -2 3 5 -5 -3 7 13 9 -9 -11 -12 -7 15 29 17 -17 20 21 22 23 24 -20 -1 -19 26 27 -26 -18 38 31 34 33 -33 35 37 -32 -31 39 43 -40 42 -42 45 -45 46 48 -48 -15 53 -51 52 -52 -50 55 59 57 58 -56 -55 61 -59
right_child=1 2 -4 4 -6 12 -8 8 -10 10 11 -13 -14 14 -16 16 28 18 19 -21 -22 -23 -24 -25 25 -27 -28 -29 -30 30 36 32 -34 -35 -36 -37 -38 -39 40 -41 41 -43 -44 44 -46 -47 47 -49 49 50 51 -53 -54 54 56 -57 -58 60 -60 -61 -62 -63
leaf_value=-0.038724025656211247 -0.10272385533209201 -0.43532530390299284 -0.29660334844480862 0.50226522584756217 1.970522598567463 1.1764792694931938 -0.23225080181090607 0.12957048373562949 -0.37631887890197135 0.12952824776822872 1.9946913435345603 0.58889483660459518 0.14960537352241005 -0.0065978716329350888 -0.76925870190406664 1.4404249680042267 -0.68180926650762563 -0.23529228803701702 -0.86571237700326109 0.11902169164489299 1.2818201470942725 -1.0001231080446489 -2.5946852172911168 -0.83390008646708269 0.63329626539988182 -0.19889270942023196 0.72416429911789137 -0.27031355252213501 0.41458970194771178 -0.072795399944261305 1.61573601603508 1.4277883700198597 0.12170217973799664 0.22166980556079321 0.55349585650102151 -1.6884857042269275 0.4303046477474638 0.84431431839863458 -0.067732398760371196 0.38179459538288052 -1.8553606357516312 0.78130476742982868 0.091755718290805824 -0.14211487259355285 -1.5489458310604096 0.69955848467350012 -0.022818073115001124 -2.4937586841583252 0.79960035141799368 2.5243012510594869 2.100241459292524 -0.81970152526066231 0.086963263750076292 -0.10264081153713289 -0.043851761408150197 -1.1324016890525819 -2.1028101229667664 0.340031679160893 3.4254919263032768 1.3867845258292031 1.435188689439193 -0.64499500112235553
leaf_weight=1466 81 26 22 30 21 21 252 91 37 22 21 26 26 7476 29 20 20 180 21 34 21 39 20 26 28 88 57 54 21 508 20 36 233 35 53 22 51 24 341 205 41 20 20 31 20 50 60 25 77 21 34 29 40 61 30 100 20 134 26 34 23 100
leaf_count=1466 81 26 22 30 21 21 252 91 37 22 21 26 26 7476 29 20 20 180 21 34 21 39 20 26 28 88 57 54 21 508 20 36 233 35 53 22 51 24 341 205 41 20 20 31 20 50 60 25 77 21 34 29 40 61 30 100 20 134 26 34 23 100
internal_value=0.00322716 0.259385 0.460281 0.594567 1.10684 0.236676 -0.00139766 0.00332396 0.293992 0.449002 0.870281 1.21702 0.608421 -0.00139905 0.0130787 -0.0707055 0.391454 -0.0845658 -0.231236 -0.880359 -0.0340599 -0.122079 -1.70911 -0.052581 -0.0379421 0.118547 0.319516 0.0382361 -0.120239 0.0153475 0.119397 0.0691411 0.28788 0.833223 -0.0404084 -0.097226 0.764229 -0.031422 0.00401716 0.0137194 -0.193615 -0.723563 -1.21696 0.00472699 -0.693813 0.00899864 0.00483362 -0.749565 0.0126488 0.210027 0.839724 0.496266 1.01198 0.0809649 -0.0238361 -0.371029 0.179475 0.325308 1.56691 0.430417 0.054763 -0.0809199
internal_weight=12800 227 146 124 51 73 12573 12321 197 160 69 47 47 12124 10029 2095 61 2034 521 75 1513 446 41 1492 407 227 139 82 41 10000 982 911 304 71 607 554 71 532 9018 8596 422 81 61 8391 51 8340 8290 85 8205 729 124 103 74 605 528 195 333 313 56 95 257 234
internal_count=12800 227 146 124 51 73 12573 12321 197 160 69 47 47 12124 10029 2095 61 2034 521 75 1513 446 41 1492 407 227 139 82 41 10000 982 911 304 71 607 554 71 532 9018 8596 422 81 61 8391 51 8340 8290 85 8205 729 124 103 74 605 528 195 333 313 56 95 257 234
is_linear=0
shrinkage=0.05


Tree=173
num_leaves=63
num_cat=0
split_feature=34 14 32 32 32 32 16 30 34 33 34 34 31 33 31 32 33 28 32 32 31 32 32 34 34 34 32 13 28 33 34 34 34 34 40 31 21 34 31 31 40 28 33 31 21 33 31 28 33 33 34 33 32 31 40 34 40 32 32 10 31 32
split_gain=5956.23 5848.76 6403.71 11169.4 6483.49 5941.98 5781.52 7270.58 8261.41 6429.32 13354.9 23489.4 19290.8 9696.45 4799.55 4694.87 4006.64 13846.9 11204 13559.5 27247 7107.51 6563.14 5417.99 6041.48 23822.2 15849.3 12646.6 10995.2 8076.41 7632.88 5963.34 8018.23 10513.5 10039.1 7748.5 8712.89 5981.25 5191.48 4388.44 4303.07 8448.12 27128.6 7325.63 5604.92 13411.8 19513.2 29483.2 29978.1 19478.5 34156.9 16747.2 18511.2 14492.5 12582.3 9093.81 8922.04 15898.1 14776.6 21592.5 16661.8 15305.6
threshold=490.75000000000006 1.0000000180025095e-35 101.25000000000001 158.95000000000002 397.75000000000006 339.65000000000003 1.0000000180025095e-35 1.0000000180025095e-35 310.65000000000003 157.15000000000001 57.850000000000009 269.75000000000006 249.25000000000003 104.65000000000002 498.65000000000003 446.75000000000006 433.05000000000007 1.0000000180025095e-35 144.15000000000001 266.25000000000006 340.05000000000007 215.80000000000004 321.25000000000006 482.50000000000006 437.40000000000003 426.50000000000006 246.25000000000003 1.0000000180025095e-35 1.0000000180025095e-35 284.85000000000008 459.30000000000007 393.95000000000005 373.75000000000006 341.45000000000005 4.5000000000000009 251.05000000000004 1.0000000180025095e-35 325.25000000000006 363.75000000000006 139.15000000000001 1.0000000180025095e-35 1.0000000180025095e-35 148.65000000000001 254.15000000000001 1.0000000180025095e-35 155.45000000000002 467.75000000000006 1.0000000180025095e-35 202.90000000000003 298.15000000000003 110.10000000000001 129.05000000000004 352.75000000000006 223.55000000000004 5.5000000000000009 310.65000000000003 2.5000000000000004 358.65000000000003 455.45000000000005 1.0000000180025095e-35 126.95000000000002 478.45000000000005
decision_type=2 2 2 2 2 2 2 2 2 2 2 2 2 2 2 2 2 2 2 2 2 2 2 2 2 2 2 2 2 2 2 2 2 2 2 2 2 2 2 2 2 2 2 2 2 2 2 2 2 2 2 2 2 2 2 2 2 2 2 2 2 2
left_child=1 6 -3 -4 5 -5 7 14 -9 13 12 -12 -11 -8 16 -6 23 21 -19 -20 -21 -18 39 24 25 31 -27 28 29 30 -26 32 33 37 -34 36 -33 40 -37 -23 41 -1 -43 -44 45 51 47 -47 -49 -50 53 -42 -53 -51 -48 56 57 -46 -58 60 -60 -62
right_child=-2 2 3 4 15 -7 9 8 -10 10 11 -13 -14 -15 -16 -17 17 18 19 20 -22 22 -24 -25 27 26 -28 -29 -30 -31 -32 35 34 -35 -36 38 -38 -39 -40 -41 44 42 43 -45 55 46 54 48 49 50 -52 52 -54 -55 -56 -57 58 -59 59 -61 61 -63
leaf_value=-0.035222639058847649 0.7590758204460144 -0.83960058693038797 0.83491926312160025 -0.28305974545234697 0.70682433253775045 -1.1128577700683049 0.23832375169338951 -0.16125323401270983 -1.0779400370518368 -0.98866432079902067 2.2914407494275468 0.23449917733669282 1.0768211281299591 -0.94232470447366889 -0.55481270259540338 -0.26295874789357188 -0.21027806566174456 -0.29213158980659815 1.8176090733758337 -0.63916604450115799 1.7823201741491044 1.1189795714357627 0.010559356472794972 0.69623827040195474 -1.4690245461463929 2.2110391199588775 0.26624475934288722 0.69735931679606444 -1.5687662563540721 0.29638768159078832 -0.21616210278964815 -0.22716986018678417 -0.078520172664097387 -0.54832672626850598 1.1027498841285706 0.55129633297522862 -1.6541118377447128 0.56632508388225078 -0.51205714954571291 0.32949549247821175 0.020094056762113371 0.0070667240180467307 -2.14079109787941 -0.88788367818508829 0.026841664882774036 0.14429349048104248 -0.061385105330592549 2.5014472455978396 -0.19790930532394571 1.0327638133712438 -0.25242073330385933 -0.17630725014209747 -1.8426457300186159 2.7891560412943366 -1.4983206650018692 -1.065071253343062 -0.042516146126575151 0.96793170058936406 -2.1492882311344146 0.94260978698730469 -1.1345763700979727 0.11398493813143835
leaf_weight=1734 26 38 26 94 24 28 83 136 30 26 23 35 20 22 38 26 192 23 29 26 21 23 189 28 20 20 22 24 22 33 31 23 35 87 37 24 20 47 22 75 5952 114 20 28 211 680 39 25 47 23 29 50 25 24 25 22 1808 57 20 20 54 45
leaf_count=1734 26 38 26 94 24 28 83 136 30 26 23 35 20 22 38 26 192 23 29 26 21 23 189 28 20 20 22 24 22 33 31 23 35 87 37 24 20 47 22 75 5952 114 20 28 211 680 39 25 47 23 29 50 25 24 25 22 1808 57 20 20 54 45
internal_value=0.0030658 0.00152703 -0.245075 -0.130974 -0.276981 -0.473505 0.00616877 0.00174811 -0.32692 0.266945 0.545594 1.05018 -0.0906272 -0.00905021 0.00623375 0.202537 0.00799208 0.136459 0.674768 0.967382 0.442775 0.0252005 0.182733 0.00156153 -0.00012707 0.00374161 1.19234 -0.339054 -0.573713 -0.313104 -0.707481 -0.000657877 0.00256496 -0.000820417 0.528521 -0.408329 -0.890864 0.00347124 0.042736 0.514783 0.00107763 -0.0674826 -0.412784 -1.40993 0.0152749 0.0375189 0.21847 0.283487 0.923024 0.602206 1.09701 0.0107381 -0.731753 1.92964 -0.622688 -0.0535255 -0.0434785 0.226999 -0.0807091 -0.577492 -0.832971 -0.567049
internal_weight=12800 12774 236 198 172 122 12538 12329 166 209 104 58 46 105 12163 50 12125 578 99 76 47 479 287 11547 11519 11389 42 130 106 84 51 11347 11258 11186 72 89 43 11099 46 98 11052 1896 162 48 9156 6919 892 828 148 123 76 6027 75 47 64 2237 2215 268 1947 139 119 99
internal_count=12800 12774 236 198 172 122 12538 12329 166 209 104 58 46 105 12163 50 12125 578 99 76 47 479 287 11547 11519 11389 42 130 106 84 51 11347 11258 11186 72 89 43 11099 46 98 11052 1896 162 48 9156 6919 892 828 148 123 76 6027 75 47 64 2237 2215 268 1947 139 119 99
is_linear=0
shrinkage=0.05


end of trees

feature_importances:
raw_weight_mean=1339
raw_weight_2=1284
raw_weight_total=1205
raw_weight_1=1203
raw_weight_3=882
raw_weight_4=630
cooking_method_enc=314
ing_tofu=302
ing_egg=248
ing_cabbage=206
n_ingredients=205
ing_potato=198
ing_pork=185
ing_garlic=182
ing_tomato=180
ing_shrimp=179
ing_pepper=171
ing_lemon=169
has_meat=161
ing_fish=152
ing_chicken=149
ing_kumquat=148
has_fruit=125
ing_carrot=119
ing_apple=102
ing_ginger=102
ing_orange=81
ing_peach=70
ing_banana=67
ing_grape=64
ing_eggplant=63
ing_beef=61
ing_pineapple=46
ing_watermelon=46
ing_onion=43
ing_cucumber=36
ing_cauliflower=35
ing_kiwi=32
ing_strawberry=4

parameters:
[boosting: gbdt]
[objective: regression]
[metric: rmse]
[tree_learner: serial]
[device_type: cpu]
[data_sample_strategy: bagging]
[data: ]
[valid: ]
[num_iterations: 1000]
[learning_rate: 0.05]
[num_leaves: 63]
[num_threads: 0]
[seed: 42]
[deterministic: 0]
[force_col_wise: 0]
[force_row_wise: 0]
[histogram_pool_size: -1]
[max_depth: -1]
[min_data_in_leaf: 20]
[min_sum_hessian_in_leaf: 0.001]
[bagging_fraction: 0.8]
[pos_bagging_fraction: 1]
[neg_bagging_fraction: 1]
[bagging_freq: 5]
[bagging_seed: 400]
[bagging_by_query: 0]
[feature_fraction: 0.8]
[feature_fraction_bynode: 1]
[feature_fraction_seed: 30056]
[extra_trees: 0]
[extra_seed: 12879]
[early_stopping_round: 0]
[early_stopping_min_delta: 0]
[first_metric_only: 0]
[max_delta_step: 0]
[lambda_l1: 0]
[lambda_l2: 0]
[linear_lambda: 0]
[min_gain_to_split: 0]
[drop_rate: 0.1]
[max_drop: 50]
[skip_drop: 0.5]
[xgboost_dart_mode: 0]
[uniform_drop: 0]
[drop_seed: 17869]
[top_rate: 0.2]
[other_rate: 0.1]
[min_data_per_group: 100]
[max_cat_threshold: 32]
[cat_l2: 10]
[cat_smooth: 10]
[max_cat_to_onehot: 4]
[top_k: 20]
[monotone_constraints: ]
[monotone_constraints_method: basic]
[monotone_penalty: 0]
[feature_contri: ]
[forcedsplits_filename: ]
[refit_decay_rate: 0.9]
[cegb_tradeoff: 1]
[cegb_penalty_split: 0]
[cegb_penalty_feature_lazy: ]
[cegb_penalty_feature_coupled: ]
[path_smooth: 0]
[interaction_constraints: ]
[verbosity: -1]
[saved_feature_importance_type: 0]
[use_quantized_grad: 0]
[num_grad_quant_bins: 4]
[quant_train_renew_leaf: 0]
[stochastic_rounding: 1]
[linear_tree: 0]
[max_bin: 255]
[max_bin_by_feature: ]
[min_data_in_bin: 3]
[bin_construct_sample_cnt: 200000]
[data_random_seed: 175]
[is_enable_sparse: 1]
[enable_bundle: 1]
[use_missing: 1]
[zero_as_missing: 0]
[feature_pre_filter: 1]
[pre_partition: 0]
[two_round: 0]
[header: 0]
[label_column: ]
[weight_column: ]
[group_column: ]
[ignore_column: ]
[categorical_feature: ]
[forcedbins_filename: ]
[precise_float_parser: 0]
[parser_config_file: ]
[objective_seed: 16083]
[num_class: 1]
[is_unbalance: 0]
[scale_pos_weight: 1]
[sigmoid: 1]
[boost_from_average: 1]
[reg_sqrt: 0]
[alpha: 0.9]
[fair_c: 1]
[poisson_max_delta_step: 0.7]
[tweedie_variance_power: 1.5]
[lambdarank_truncation_level: 30]
[lambdarank_norm: 1]
[label_gain: ]
[lambdarank_position_bias_regularization: 0]
[eval_at: ]
[multi_error_top_k: 1]
[auc_mu_weights: ]
[num_machines: 1]
[local_listen_port: 12400]
[time_out: 120]
[machine_list_filename: ]
[machines: ]
[gpu_platform_id: -1]
[gpu_device_id: -1]
[gpu_use_dp: 0]
[num_gpu: 1]

end of parameters

pandas_categorical:[]
