tree
version=v4
num_class=1
num_tree_per_iteration=1
label_index=0
max_feature_idx=40
objective=regression
feature_names=ing_apple ing_banana ing_beef ing_bell_pepper ing_cabbage ing_carrot ing_cauliflower ing_chicken ing_cucumber ing_egg ing_eggplant ing_fish ing_garlic ing_ginger ing_grape ing_kiwi ing_kumquat ing_lemon ing_onion ing_orange ing_peach ing_pepper ing_pineapple ing_pork ing_potato ing_shrimp ing_small_pepper ing_strawberry ing_tofu ing_tomato ing_watermelon raw_weight_1 raw_weight_2 raw_weight_3 raw_weight_4 raw_weight_total raw_weight_mean n_ingredients has_fruit has_meat cooking_method_enc
feature_infos=[0:1] [0:1] [0:1] none [0:1] [0:1] [0:1] [0:1] [0:1] [0:1] [0:1] [0:1] [0:1] [0:1] [0:1] [0:1] [0:1] [0:1] [0:1] [0:1] [0:1] [0:1] [0:1] [0:1] [0:1] [0:1] none [0:1] [0:1] [0:1] [0:1] [50:500] [0:500] [0:500] [0:499.89999999999998] [50.100000000000001:1824.5999999999999] [25.050000000000001:499.89999999999998] [1:6] [0:1] [0:1] [0:6]
tree_sizes=5499 5546 5575 5569 5584 5581 5554 5582 5591 5596 5594 5592 5583 5615 5594 5572 5613 5576 5583 5585 5589 5576 5666 5583 5592 5588 5592 5569 5564 5621 5610 5587 5617 5595 5548 5614 5605 5630 5607 5603 5632 5555 5597 5639 5615 5594 5582 5574 5635 5582 5574 5583 5555 5605 5572 5577 5528 5532 5565 5566 5564 5601 5569 5587 5590 5567 5555 5498 5561 5571 5594 5537 5573 5547 5545 5521 5482 5533 5531 5571 5565 5577 5511 5538 5484 5513 5504 5506 5534 5545 5538 5477 5527 5524 5479 5526 5477 5530 5442 5481 5481 5471 5461 5462

Tree=0
num_leaves=63
num_cat=0
split_feature=35 40 40 40 40 35 35 40 40 40 35 35 40 35 35 35 35 40 35 35 40 35 35 35 35 40 40 35 40 40 35 35 40 40 35 40 35 35 35 35 40 35 40 35 40 40 40 40 35 35 35 35 40 35 31 32 31 35 40 35 35 35
split_gain=1.03432e+10 5.85187e+09 2.60903e+09 5.39063e+09 2.03504e+09 1.57573e+09 1.50023e+09 1.09682e+09 9.09008e+08 9.21065e+08 5.6324e+08 5.39154e+08 4.14822e+08 2.91174e+08 2.04326e+08 1.95691e+08 1.67604e+08 1.44716e+08 1.39511e+08 1.04394e+08 1.0248e+08 9.36334e+07 8.57896e+07 8.22187e+07 7.30991e+07 7.1452e+07 1.61744e+08 6.51117e+07 5.62055e+07 5.2018e+07 4.33101e+07 4.13681e+07 4.13325e+07 4.1079e+07 3.97868e+07 3.53613e+07 3.12006e+07 3.08771e+07 2.54443e+07 2.22885e+07 2.22744e+07 2.131e+07 2.10621e+07 2.07193e+07 1.8528e+07 1.78991e+07 4.28989e+07 1.79777e+07 1.77163e+07 1.6387e+07 1.61685e+07 1.57445e+07 1.44266e+07 1.34423e+07 1.15718e+07 1.15121e+07 1.09671e+07 1.0205e+07 1.00747e+07 9.78383e+06 9.6474e+06 9.32137e+06
threshold=623.70000000000005 5.5000000000000009 1.0000000180025095e-35 1.5000000000000002 4.5000000000000009 320.75000000000006 1018.5500000000001 1.0000000180025095e-35 1.5000000000000002 5.5000000000000009 1152.0500000000002 1009.4000000000001 4.5000000000000009 1437.45 807.70000000000016 211.65000000000003 774.25000000000011 5.5000000000000009 444.45000000000005 1291.7500000000002 2.5000000000000004 1045.6000000000001 807.70000000000016 1162.6500000000003 466.05000000000007 1.0000000180025095e-35 1.5000000000000002 466.05000000000007 4.5000000000000009 2.5000000000000004 691.00000000000011 1045.6000000000001 3.5000000000000004 5.5000000000000009 1352.45 3.5000000000000004 541.75000000000011 867.15000000000009 946.45000000000016 137.25000000000003 3.5000000000000004 1309.4500000000003 2.5000000000000004 1401.7500000000002 2.5000000000000004 1.0000000180025095e-35 1.5000000000000002 4.5000000000000009 379.85000000000008 696.05000000000007 813.45000000000016 1327.2000000000003 3.5000000000000004 385.75000000000006 348.55000000000007 402.15000000000003 252.55000000000004 129.15000000000001 3.5000000000000004 716.85000000000002 441.75000000000006 1198.6500000000003
decision_type=2 2 2 2 2 2 2 2 2 2 2 2 2 2 2 2 2 2 2 2 2 2 2 2 2 2 2 2 2 2 2 2 2 2 2 2 2 2 2 2 2 2 2 2 2 2 2 2 2 2 2 2 2 2 2 2 2 2 2 2 2 2
left_child=5 2 31 10 11 15 14 -7 24 12 16 20 27 23 30 33 49 25 48 29 -5 50 40 56 53 -17 -27 44 -28 -13 -3 -2 -24 45 -12 -31 -20 -18 -16 -35 59 -25 -29 -21 -10 -1 -47 57 -11 -4 -6 -23 -46 -9 -39 -15 -8 -48 -45 -22 -14 -37
right_child=1 6 3 4 21 7 13 8 9 18 34 19 60 55 38 17 37 -19 36 43 22 51 32 41 -26 26 28 42 -30 35 -32 -33 -34 39 -36 61 -38 54 -40 -41 -42 -43 -44 58 52 46 47 -49 -50 -51 -52 -53 -54 -55 -56 -57 -58 -59 -60 -61 -62 -63
leaf_value=1782.588584647214 1816.9909264113612 1939.1915498326941 2025.711676658392 1879.7593618083442 1828.051038320099 1799.4611770891058 2063.0784581274647 1915.8511840240096 1829.2659128606319 1863.7998913335498 2278.349483459961 1927.2892728893323 1804.062155252019 2167.9603413236141 1992.3158426759687 1789.457174304104 2116.9975282297587 1843.0338681237979 1896.8019055552443 2014.3021258764222 1914.0941744186198 1860.7660382645347 1969.9210438382624 2081.0324587588452 1987.6193797660401 1883.6977452758579 1824.1909623866825 1847.573650804447 1795.5866469784926 2010.0923234829722 1967.1394820894645 1838.3047636129927 1930.9057867683568 1800.0637397240639 2376.8882038724423 1960.3134429031472 1918.6711880080497 2187.2744469219083 2017.3489498746394 1819.5928374097905 1899.1788463223625 2116.0203488004208 1877.9023952184014 2082.5157920173806 1860.5745738408175 1830.222105628751 1792.2579883661738 1785.5139740224213 1879.8804893866229 2080.3670389147601 1843.2500112691976 1884.3340262614206 1843.3463031015906 1947.2733313090926 2147.4251290896432 2213.7790959538675 2038.6278895735113 1806.786493594122 2037.9929198555151 1941.1538522520104 1814.8065055639579 1992.2930219089217
leaf_weight=303 689 235 32 135 346 748 70 61 120 316 21 44 402 26 344 277 37 543 533 53 77 263 124 136 113 86 372 69 319 93 338 340 150 313 20 86 235 49 144 274 185 64 336 24 223 86 234 408 374 24 354 97 267 77 29 29 133 250 27 59 435 31
leaf_count=303 689 235 32 135 346 748 70 61 120 316 21 44 402 26 344 277 37 543 533 53 77 263 124 136 113 86 372 69 319 93 338 340 150 313 20 86 235 49 144 274 185 64 336 24 223 86 234 408 374 24 354 97 267 77 29 29 133 250 27 59 435 31
internal_value=1870.19 1927.02 1890.47 1919.44 1895.7 1834.32 2008.57 1854.5 1866.06 1859.11 2159.98 1943.74 1835.7 2084.2 1975.93 1809.21 2120.07 1822.06 1888.83 1994 1919.09 1846.39 1928.01 2069.48 1957.8 1811.26 1819.03 1857.19 1810.99 1976.72 1955.68 1824.03 1948.56 1798.23 2326.42 1987.08 1903.49 2154.61 1999.7 1809.18 1910.47 2092.23 1872.74 2036.19 1846.87 1793.21 1796.5 1793.25 1872.52 2049.14 1835.74 1867.12 1851.19 1933.38 2172.46 2192.12 2047.06 1799.76 2058.94 1925.83 1809.65 1968.79
internal_weight=12682 4908 3389 2360 2148 7774 1519 4309 3561 3310 212 1088 1852 458 1061 3465 171 1597 1458 358 730 1060 595 403 251 1054 777 1015 691 254 573 1029 274 1868 41 210 768 115 488 587 321 200 405 104 610 1281 978 892 690 56 700 360 490 138 78 55 203 484 51 136 837 117
internal_count=12682 4908 3389 2360 2148 7774 1519 4309 3561 3310 212 1088 1852 458 1061 3465 171 1597 1458 358 730 1060 595 403 251 1054 777 1015 691 254 573 1029 274 1868 41 210 768 115 488 587 321 200 405 104 610 1281 978 892 690 56 700 360 490 138 78 55 203 484 51 136 837 117
is_linear=0
shrinkage=1


Tree=1
num_leaves=63
num_cat=0
split_feature=35 40 40 40 40 35 35 40 40 40 35 35 40 35 35 35 35 40 35 35 40 35 35 40 40 35 35 35 40 40 35 35 40 35 40 40 35 35 35 40 35 35 40 35 40 35 35 35 35 40 40 40 40 35 35 31 32 40 35 35 35 35
split_gain=9.33477e+09 5.28132e+09 2.35465e+09 4.86504e+09 1.83662e+09 1.4221e+09 1.35529e+09 9.89882e+08 8.2038e+08 8.31261e+08 5.08324e+08 4.86587e+08 3.74376e+08 2.47235e+08 2.06939e+08 1.76641e+08 1.5155e+08 1.3806e+08 1.25909e+08 9.42154e+07 9.24885e+07 8.45041e+07 7.74252e+07 6.84477e+07 1.54545e+08 6.59719e+07 6.00591e+07 5.88321e+07 5.24764e+07 4.69463e+07 4.45764e+07 3.77628e+07 3.73025e+07 3.59076e+07 3.20177e+07 3.19136e+07 2.81585e+07 2.65313e+07 2.19888e+07 2.01026e+07 1.96791e+07 1.92323e+07 1.8965e+07 1.86991e+07 1.71741e+07 1.60487e+07 1.60339e+07 1.45921e+07 1.42094e+07 1.36893e+07 1.30974e+07 3.27252e+07 1.32821e+07 1.21317e+07 1.11351e+07 1.04436e+07 1.03897e+07 9.0924e+06 9.05273e+06 8.87531e+06 8.41254e+06 8.29175e+06
threshold=623.70000000000005 5.5000000000000009 1.0000000180025095e-35 1.5000000000000002 4.5000000000000009 320.75000000000006 1036.0000000000002 1.0000000180025095e-35 1.5000000000000002 5.5000000000000009 1152.0500000000002 1009.4000000000001 4.5000000000000009 1437.45 819.1500000000002 198.20000000000002 801.70000000000016 5.5000000000000009 444.45000000000005 1291.7500000000002 2.5000000000000004 1045.6000000000001 807.70000000000016 1.0000000180025095e-35 1.5000000000000002 466.05000000000007 1162.6500000000003 470.90000000000003 4.5000000000000009 2.5000000000000004 721.20000000000016 992.6500000000002 3.5000000000000004 1352.45 5.5000000000000009 3.5000000000000004 541.75000000000011 946.45000000000016 696.05000000000007 3.5000000000000004 867.15000000000009 1309.4500000000003 2.5000000000000004 1401.7500000000002 2.5000000000000004 129.15000000000001 367.75000000000006 813.45000000000016 1327.2000000000003 3.5000000000000004 1.0000000180025095e-35 1.5000000000000002 4.5000000000000009 385.75000000000006 259.80000000000001 348.55000000000007 402.15000000000003 3.5000000000000004 753.35000000000014 492.45000000000005 1198.6500000000003 1352.45
decision_type=2 2 2 2 2 2 2 2 2 2 2 2 2 2 2 2 2 2 2 2 2 2 2 2 2 2 2 2 2 2 2 2 2 2 2 2 2 2 2 2 2 2 2 2 2 2 2 2 2 2 2 2 2 2 2 2 2 2 2 2 2 2
left_child=5 2 31 10 11 15 14 -7 25 12 16 20 27 26 30 34 38 23 46 29 -5 47 39 -17 -25 53 -8 44 -26 -13 -3 -2 -24 -12 50 -31 -20 -16 -4 58 -18 -28 -29 -21 -10 -36 -11 -6 -23 -46 -1 -52 -53 -9 -19 -42 -15 -45 -22 -14 -37 -33
right_child=1 6 3 4 21 7 13 8 9 18 33 19 59 56 37 17 40 54 36 43 22 48 32 24 28 -27 41 42 -30 35 -32 61 -34 -35 45 60 -38 -39 -40 -41 55 -43 -44 57 49 -47 -48 -49 -50 -51 51 52 -54 -55 -56 -57 -58 -59 -60 -61 -62 -63
leaf_value=-82.541928768854078 -50.51783969398511 70.509492314012746 148.74613380432129 10.091439216225236 -39.031467659349389 -66.191834703741222 171.70480812381459 44.378670439172964 -37.684777767931834 -6.806891910973274 388.75204496837796 55.244854983416474 -59.972315780666094 283.88236083984378 118.56598199602058 -76.026487981260217 239.29066074916295 -33.118088456482859 26.281856591907275 137.90705831275795 45.534753624598189 -7.9522186535846151 95.745034863871922 12.748402810615042 -43.861459774237417 112.55845471947595 201.30088267606848 -20.316443608412101 -70.173986176238671 133.90775225239415 97.559672421825184 -34.715068573388052 58.68054476928711 482.36381713867189 -66.64836644545251 86.617815115285481 47.05767590142311 143.00465849076195 206.91562352035987 28.539950293463633 302.23076819595025 234.53936958312988 8.9142920178156526 202.71004714965821 -7.7507082899585047 -49.45006091955937 9.0097028536027306 -24.59244367360732 14.437370386811876 -24.314193784233428 -39.53191753387452 -67.126918529163717 -79.897175827630292 74.229709892768369 -19.336282765943754 264.37390810210132 327.41017350821659 160.41331877531832 73.846309509277347 -48.8460367848323 116.99841702368951 -17.419338766108737
leaf_weight=274 627 316 32 135 346 748 173 61 122 253 21 44 577 26 307 306 28 283 533 53 96 263 124 92 416 113 136 67 348 93 294 313 150 20 279 86 235 174 33 185 49 64 323 24 229 264 437 354 97 274 80 440 379 77 304 29 29 27 40 260 31 89
leaf_count=274 627 316 32 135 346 748 173 61 122 253 21 44 577 26 307 306 28 283 533 53 96 263 124 92 416 113 136 67 348 93 294 313 150 20 279 86 235 174 33 185 49 64 323 24 229 264 437 354 97 274 80 440 379 77 304 29 29 27 40 260 31 89
internal_value=1.00475 54.9928 20.2686 47.7887 25.2355 -33.0798 132.465 -13.903 -2.91959 -9.52826 276.299 70.8708 -31.7605 207.87 102.884 -56.9277 238.388 -45.7455 18.7119 118.619 47.4546 -21.6053 55.932 -55.7299 -48.4744 84.2306 193.277 -11.3462 -55.8467 102.206 83.5468 -42.8482 75.4543 434.416 -68.325 112.045 32.639 127.407 178.278 39.2682 275.248 211.937 3.8926 158.705 -20.8553 -58.2868 3.21028 -31.7294 -1.91947 -16.7734 -72.9718 -70.055 -73.0365 61.0347 -25.9807 288.156 306.833 180.318 53.8617 -56.5161 94.6674 -30.8859
internal_weight=12682 4908 3389 2360 2148 7774 1519 4309 3561 3310 212 1088 1852 428 1091 3465 171 1749 1458 358 730 1060 595 1162 856 251 373 1015 764 254 610 1029 274 41 1716 210 768 481 65 321 106 200 390 104 625 543 690 700 360 503 1173 899 819 138 587 78 55 51 136 837 117 402
internal_count=12682 4908 3389 2360 2148 7774 1519 4309 3561 3310 212 1088 1852 428 1091 3465 171 1749 1458 358 730 1060 595 1162 856 251 373 1015 764 254 610 1029 274 41 1716 210 768 481 65 321 106 200 390 104 625 543 690 700 360 503 1173 899 819 138 587 78 55 51 136 837 117 402
is_linear=0
shrinkage=0.05


Tree=2
num_leaves=63
num_cat=0
split_feature=35 40 40 40 40 35 35 40 40 40 35 35 40 35 35 35 35 40 35 35 35 40 35 35 40 40 35 35 40 40 40 35 40 35 40 35 35 35 35 40 35 35 35 35 40 40 40 35 35 40 40 35 36 35 40 35 2 35 40 35 35 40
split_gain=8.42463e+09 4.76639e+09 2.12507e+09 4.3907e+09 1.65755e+09 1.28345e+09 1.22318e+09 8.93369e+08 7.40393e+08 7.50213e+08 4.58763e+08 4.41333e+08 3.37875e+08 2.36994e+08 1.66542e+08 1.6029e+08 1.37095e+08 1.17842e+08 1.13954e+08 1.04738e+08 7.6265e+07 7.28158e+07 6.67112e+07 5.95397e+07 5.83006e+07 1.31805e+08 5.36433e+07 5.31947e+07 4.59326e+07 4.36844e+07 4.282e+07 3.61181e+07 3.47797e+07 3.42782e+07 3.34586e+07 3.24066e+07 3.17847e+07 2.21122e+07 2.12053e+07 1.98512e+07 1.93692e+07 1.8216e+07 1.73572e+07 1.6876e+07 1.45402e+07 3.489e+07 1.45681e+07 1.31693e+07 1.2824e+07 1.22788e+07 1.16172e+07 1.09488e+07 1.0335e+07 1.03094e+07 1.02133e+07 9.60796e+06 9.00568e+06 8.93879e+06 8.20589e+06 8.14875e+06 8.10403e+06 7.95487e+06
threshold=623.70000000000005 5.5000000000000009 1.0000000180025095e-35 1.5000000000000002 4.5000000000000009 320.75000000000006 1018.5500000000001 1.0000000180025095e-35 1.5000000000000002 5.5000000000000009 1152.0500000000002 960.80000000000007 4.5000000000000009 1437.45 807.70000000000016 211.65000000000003 837.70000000000016 5.5000000000000009 461.05000000000007 1291.7500000000002 1045.6000000000001 2.5000000000000004 1162.6500000000003 466.05000000000007 1.0000000180025095e-35 1.5000000000000002 753.35000000000014 444.45000000000005 4.5000000000000009 2.5000000000000004 3.5000000000000004 691.00000000000011 3.5000000000000004 926.15000000000009 5.5000000000000009 1352.45 696.05000000000007 413.25000000000006 899.20000000000016 2.5000000000000004 583.75000000000011 137.25000000000003 1309.4500000000003 1401.7500000000002 1.0000000180025095e-35 1.5000000000000002 4.5000000000000009 813.45000000000016 1327.2000000000003 3.5000000000000004 2.5000000000000004 385.75000000000006 377.65000000000009 1198.6500000000003 3.5000000000000004 1257.3500000000001 1.0000000180025095e-35 129.15000000000001 3.5000000000000004 441.75000000000006 137.25000000000003 3.5000000000000004
decision_type=2 2 2 2 2 2 2 2 2 2 2 2 2 2 2 2 2 2 2 2 2 2 2 2 2 2 2 2 2 2 2 2 2 2 2 2 2 2 2 2 2 2 2 2 2 2 2 2 2 2 2 2 2 2 2 2 2 2 2 2 2 2
left_child=5 2 33 10 11 15 14 -7 23 12 16 21 27 22 31 34 36 24 37 29 47 -5 -8 51 -17 -26 54 50 -27 -13 -28 -3 -31 -2 44 -12 -4 -11 -16 -29 -20 -36 56 -21 -1 60 57 -6 -22 -41 -10 -9 -15 -34 -23 -35 -24 -47 -45 -14 -46 -52
right_child=1 6 3 4 20 7 13 8 9 18 35 19 59 52 38 17 -18 -19 40 43 48 26 42 -25 25 28 30 39 -30 32 -32 -33 53 55 41 -37 -38 -39 -40 49 -42 -43 -44 58 45 46 -48 -49 -50 -51 61 -53 -54 -55 -56 -57 -58 -59 -60 -61 -62 -63
leaf_value=-78.124881817405381 -49.492063240879929 63.026544066084199 141.30882987976074 7.9976547989994291 -37.079895425437165 -62.88224324517072 160.65303675458938 42.159737311816606 -37.22624085065231 -1.3446445644897249 369.31444731212798 50.583571286587159 -58.822289591167696 273.79474801728219 107.36278724199461 -71.894314101456743 269.94789206764915 -23.527664289246168 29.416772867983852 131.01170844311986 -7.5546073951138739 43.258015592892967 185.12968541050816 106.93053416024269 13.195483323030695 -40.505467852725779 83.674688125502144 -21.238423755279811 -66.363940879319543 121.7029647564066 46.648547104154318 88.548691906449363 78.858157873935397 -35.623651656996735 -62.380391744302869 458.24564819335939 204.87971670113359 15.608167386395591 128.20845431580835 13.934877503005897 52.195370935760764 -44.725387818273845 222.8124071121216 192.57453664143881 -52.425168007298524 -69.678518755008014 -75.481375660615811 -23.362822422200004 13.715501686961382 -3.1322356685859347 -10.704853913823113 70.518225414721996 318.03718206232247 111.14849243164063 21.535148503318911 -20.189705064110726 218.34713134765627 -56.081174426269541 152.3926500108507 -48.947666881166661 -21.518136473496757 -24.799546468959136
leaf_weight=303 534 235 32 128 346 748 203 61 103 494 21 51 402 33 243 277 88 543 536 53 263 96 111 113 86 372 141 86 319 116 175 338 122 354 313 20 51 315 245 204 113 274 64 24 38 234 408 354 97 218 183 77 22 31 124 141 25 250 27 435 48 221
leaf_count=303 534 235 32 128 346 748 203 61 103 494 21 51 402 33 243 277 88 543 536 53 263 96 111 113 86 372 141 86 319 116 175 338 122 354 313 20 51 315 245 204 113 274 64 24 38 234 408 354 97 218 183 77 22 31 124 141 25 250 27 435 48 221
internal_value=0.954508 52.2432 19.2552 45.3992 23.9737 -31.4258 125.842 -13.2079 -2.77361 -9.05185 262.484 67.3273 -30.1725 194.132 96.3628 -54.0813 226.469 -42.4506 17.7763 107.178 -20.525 41.8802 180.845 80.0191 -52.1993 -45.178 49.9716 -10.7789 -52.443 93.0113 63.1697 78.0815 101.055 -40.7058 -64.0247 412.696 180.37 5.25626 117.828 0.656266 33.3828 -54.1394 201.34 150.769 -68.5545 -65.5895 -68.5218 -30.143 -1.82349 5.11822 -22.2367 57.983 291.492 85.4006 31.0142 -31.2273 191.236 -62.6551 171.302 -53.6903 -35.1747 -18.4151
internal_weight=12682 4908 3389 2360 2148 7774 1519 4309 3561 3310 212 1088 1852 458 1061 3465 171 1597 1458 424 1060 664 403 251 1054 777 536 1015 691 320 316 573 269 1029 1868 41 83 809 488 508 649 587 200 104 1281 978 892 700 360 422 507 138 55 153 220 495 136 484 51 837 86 404
internal_count=12682 4908 3389 2360 2148 7774 1519 4309 3561 3310 212 1088 1852 458 1061 3465 171 1597 1458 424 1060 664 403 251 1054 777 536 1015 691 320 316 573 269 1029 1868 41 83 809 488 508 649 587 200 104 1281 978 892 700 360 422 507 138 55 153 220 495 136 484 51 837 86 404
is_linear=0
shrinkage=0.05


Tree=3
num_leaves=63
num_cat=0
split_feature=33 40 40 40 32 40 40 36 36 40 40 40 36 40 40 40 34 36 36 36 40 34 37 36 32 36 37 34 36 36 36 36 37 40 36 36 37 37 36 37 37 36 36 36 40 36 37 37 32 36 40 37 36 36 40 36 40 40 40 40 36 36
split_gain=5.53475e+09 3.6924e+09 2.36598e+09 2.80497e+09 1.47565e+09 1.3313e+09 9.88777e+08 7.8074e+08 5.29242e+08 5.00284e+08 4.36108e+08 4.27882e+08 3.76597e+08 3.75959e+08 6.33268e+08 3.21186e+08 3.03656e+08 2.94211e+08 2.19366e+08 2.08511e+08 2.00419e+08 1.86782e+08 1.33925e+08 9.9924e+07 9.78337e+07 8.80476e+07 6.92776e+07 6.80478e+07 6.46998e+07 6.36666e+07 6.3585e+07 6.29705e+07 1.1227e+08 5.50272e+07 5.34982e+07 5.28424e+07 5.22403e+07 5.21469e+07 4.70195e+07 4.50739e+07 4.33242e+07 4.17351e+07 4.14346e+07 4.00859e+07 3.90817e+07 3.25392e+07 5.64628e+07 3.23243e+07 3.03106e+07 4.85685e+07 2.93913e+07 2.77305e+07 2.7216e+07 2.65719e+07 2.5641e+07 2.38461e+07 2.30485e+07 2.718e+07 2.21818e+07 4.54612e+07 2.12662e+07 2.11503e+07
threshold=52.350000000000001 1.0000000180025095e-35 1.5000000000000002 5.5000000000000009 206.25000000000003 4.5000000000000009 5.5000000000000009 259.93333333333334 182.42000000000004 1.0000000180025095e-35 1.5000000000000002 5.5000000000000009 225.04166666666671 1.0000000180025095e-35 1.5000000000000002 4.5000000000000009 100.75000000000001 273.75000000000006 186.45000000000002 334.51666666666671 4.5000000000000009 237.80000000000004 4.5000000000000009 359.37500000000006 1.0000000180025095e-35 182.42000000000004 3.5000000000000004 185.30000000000004 347.55833333333339 388.85000000000008 292.81666666666672 404.10000000000008 1.5000000000000002 5.5000000000000009 237.37750000000003 342.55000000000007 4.5000000000000009 3.5000000000000004 235.01250000000002 3.5000000000000004 2.5000000000000004 288.28333333333336 137.26666666666671 292.81666666666672 2.5000000000000004 386.78333333333336 1.5000000000000002 4.5000000000000009 51.95000000000001 362.92500000000007 2.5000000000000004 3.5000000000000004 273.75000000000006 315.3250000000001 5.5000000000000009 230.82500000000005 2.5000000000000004 3.5000000000000004 1.0000000180025095e-35 1.5000000000000002 368.12500000000006 344.31666666666672
decision_type=2 2 2 2 2 2 2 2 2 2 2 2 2 2 2 2 2 2 2 2 2 2 2 2 2 2 2 2 2 2 2 2 2 2 2 2 2 2 2 2 2 2 2 2 2 2 2 2 2 2 2 2 2 2 2 2 2 2 2 2 2 2
left_child=4 52 12 5 8 17 13 18 24 -10 45 20 26 -6 35 28 29 25 42 38 48 41 37 36 54 -4 -3 56 -16 51 -23 32 43 58 -7 55 -18 -20 -8 -27 -40 -14 -5 -13 -29 46 -11 -44 49 -12 -41 53 -2 -9 -1 -15 -19 -58 -26 -60 -21 -46
right_child=1 2 3 7 6 34 19 16 9 10 11 31 21 14 15 -17 23 27 22 60 -22 30 -24 -25 33 39 -28 44 -30 -31 -32 -33 -34 -35 -36 -37 -38 -39 40 50 -42 -43 47 -45 61 -47 -48 -49 -50 -51 -52 -53 -54 -55 -56 -57 57 -59 59 -61 -62 -63
leaf_value=-64.864998720894874 -46.1001278597968 93.54624452590943 7.525996467192396 8.9610109623273217 -53.173974165448016 -35.506887627430814 21.288467851820446 104.86239711537081 -64.037719288600314 19.912794354584843 -36.553709824168635 -27.664882803846293 211.03175706129809 68.360367329915377 6.2543298328803347 -39.390172143609064 181.52904235451086 46.470492916636999 69.242963776937344 74.565864907541581 -56.504560755075346 316.89603210449218 155.37535314941408 283.24865326752536 -67.529460188486041 31.931777447003583 190.70631160292515 66.13904205669057 44.121330454550595 202.82625244140627 442.97632934570311 17.774414659999415 22.448681891724409 -14.946284096757163 -10.511281373947357 197.45476074218752 251.62270355224609 108.21968872070313 43.415478768468908 27.272705656603762 94.197601946662459 280.34748286033164 43.446878799181142 -4.7132977981791484 125.81504743709121 77.856098777369454 91.973264482286254 90.626086246266084 -3.1471469425374554 -11.809238289149839 75.300062958964233 161.89785896463599 -28.909555792991462 136.73201700846354 -51.50102000322633 126.47143913717831 111.34620533662685 73.990265688979832 21.295738108952843 -47.121821848287624 104.12508161718195 173.43023891448976
leaf_weight=1130 560 32 139 60 397 335 210 136 655 111 486 378 39 27 352 449 157 36 164 93 771 20 100 37 103 143 43 22 166 30 20 361 251 194 593 20 32 180 238 38 51 49 126 383 86 76 36 51 168 335 197 47 391 126 526 51 85 114 27 241 176 32
leaf_count=1130 560 32 139 60 397 335 210 136 655 111 486 378 39 27 352 449 157 36 164 93 771 20 100 37 103 143 43 22 166 30 20 361 251 194 593 20 32 180 238 38 51 49 126 383 86 76 36 51 168 335 197 47 391 126 526 51 85 114 27 241 176 32
internal_value=0.906782 47.6809 72.907 61.9617 -22.4195 22.3912 12.4854 119.761 -34.9095 -24.067 -16.2657 -21.0745 238.22 -11.6455 3.83507 -8.43901 163.214 66.009 83.7105 58.4221 -37.3948 290.349 104.444 208.107 -54.4905 41.5529 149.251 99.7258 18.3893 133.285 379.936 -0.153923 -6.54931 -36.5248 -19.5345 124.948 193.397 89.6378 39.2937 54.0654 52.377 249.628 44.8688 -16.1137 127.321 51.2934 37.5603 57.0409 -22.4974 -26.457 67.5339 126.533 -39.0323 120.189 -60.6202 106.356 83.2862 89.9463 -47.8084 -40.229 93.9057 138.728
internal_weight=12682 4220 3269 3066 8462 1820 2230 1246 6232 4011 3356 3133 203 1462 1065 967 565 892 681 768 1760 128 444 226 2221 517 75 375 518 339 40 1373 1012 565 928 98 189 344 499 378 289 88 237 761 140 223 147 177 989 821 235 309 951 262 1656 78 235 199 371 268 269 118
internal_count=12682 4220 3269 3066 8462 1820 2230 1246 6232 4011 3356 3133 203 1462 1065 967 565 892 681 768 1760 128 444 226 2221 517 75 375 518 339 40 1373 1012 565 928 98 189 344 499 378 289 88 237 761 140 223 147 177 989 821 235 309 951 262 1656 78 235 199 371 268 269 118
is_linear=0
shrinkage=0.05


Tree=4
num_leaves=63
num_cat=0
split_feature=33 40 40 40 32 40 40 31 36 40 40 40 36 40 40 40 34 36 36 36 40 34 36 34 34 40 36 34 31 36 31 36 31 36 36 31 40 36 36 40 31 40 40 40 40 21 31 34 21 36 36 31 32 40 36 34 31 36 32 36 32 36
split_gain=4.99569e+09 3.35203e+09 2.13683e+09 2.54272e+09 1.32179e+09 1.20396e+09 8.73786e+08 7.15987e+08 7.05296e+08 4.3928e+08 3.86718e+08 3.82566e+08 3.39879e+08 3.36298e+08 5.71631e+08 2.87362e+08 2.84673e+08 2.68406e+08 1.93381e+08 1.82267e+08 1.79237e+08 1.68571e+08 9.95173e+07 9.80106e+07 8.61109e+07 8.50625e+07 6.33009e+07 6.2932e+07 6.06941e+07 5.99006e+07 5.87797e+07 5.73854e+07 5.5996e+07 5.44298e+07 4.85561e+07 4.67785e+07 4.64457e+07 3.85561e+07 3.76659e+07 3.60575e+07 3.60266e+07 3.41859e+07 7.95878e+07 3.67767e+07 3.38472e+07 2.91267e+07 2.62245e+07 2.55031e+07 2.52993e+07 2.51787e+07 2.51172e+07 2.44651e+07 2.40767e+07 2.34674e+07 2.29636e+07 2.09125e+07 2.07018e+07 2.03588e+07 2.02298e+07 1.91927e+07 1.91376e+07 1.89305e+07
threshold=1.0000000180025095e-35 1.0000000180025095e-35 1.5000000000000002 5.5000000000000009 206.25000000000003 4.5000000000000009 5.5000000000000009 263.25000000000006 251.51250000000002 1.0000000180025095e-35 1.5000000000000002 5.5000000000000009 225.04166666666671 1.0000000180025095e-35 1.5000000000000002 4.5000000000000009 100.75000000000001 248.28750000000005 334.51666666666671 186.45000000000002 4.5000000000000009 237.80000000000004 359.37500000000006 54.150000000000006 185.30000000000004 5.5000000000000009 375.67500000000001 67.40000000000002 379.65000000000003 292.81666666666672 345.15000000000003 292.81666666666672 294.85000000000008 167.12500000000003 237.37750000000003 142.15000000000001 2.5000000000000004 137.26666666666671 288.28333333333336 2.5000000000000004 383.55000000000007 1.0000000180025095e-35 1.5000000000000002 4.5000000000000009 3.5000000000000004 1.0000000180025095e-35 421.15000000000003 97.350000000000009 1.0000000180025095e-35 172.42500000000004 261.0750000000001 358.75000000000006 108.25000000000001 2.5000000000000004 280.54166666666674 157.80000000000004 140.85000000000005 253.75833333333335 69.750000000000014 368.12500000000006 53.150000000000013 318.41250000000008
decision_type=2 2 2 2 2 2 2 2 2 2 2 2 2 2 2 2 2 2 2 2 2 2 2 2 2 2 2 2 2 2 2 2 2 2 2 2 2 2 2 2 2 2 2 2 2 2 2 2 2 2 2 2 2 2 2 2 2 2 2 2 2 2
left_child=4 50 12 5 7 17 13 25 19 -9 40 20 27 -6 30 29 26 33 32 37 46 38 -18 -21 39 41 61 49 52 -16 54 -23 57 -4 -7 -27 -26 -5 -14 -19 -11 -1 -43 56 -41 -25 -12 -35 -39 -3 -2 -38 -13 -31 -15 -36 -44 -8 -30 -20 -37 -10
right_child=1 2 3 8 6 34 18 9 16 10 11 28 21 14 15 -17 22 24 59 23 -22 31 -24 45 36 35 -28 -29 58 53 -32 -33 -34 47 55 60 51 48 -40 44 -42 42 43 -45 -46 -47 -48 -49 -50 -51 -52 -53 -54 -55 -56 -57 -58 -59 -60 -61 -62 -63
leaf_value=-68.758263022855203 -44.863371273063528 70.959359272666603 0.58064885608630612 8.0938759530176885 -50.54379308077754 -33.731207012495346 16.453087611081394 -59.275846714564729 107.32453664390788 35.707565497855349 -22.342151231133123 -9.006964450988038 200.48017077323721 75.13728311856589 -1.677869266922297 -37.445732310588049 180.18593726858708 32.353717916838974 70.837570264262538 76.557780480282503 -51.632418712356838 301.05123291015627 269.08621958139781 101.88712310791016 56.366887508119852 -51.595899617642971 181.6723820277623 206.5612314453125 14.440118943163629 4.5439862101765005 181.49424415870951 420.82753295898442 62.927149029545014 31.667166130086208 -18.001927086111408 -33.559461016173763 109.56916435504782 28.121228887995734 266.33010727240116 100.28325406161223 78.282524464431333 -16.840728211469123 -59.014906381896402 -66.136278327668535 64.113903306851725 144.0269066704644 -3.1438206216761175 61.640750078569376 67.896813353176782 142.1504724573206 -28.641556989306395 150.86915573370263 20.77221559210669 39.939327899803146 135.89960778277853 1.0125225428581239 -42.08975225262526 41.254106456747181 41.207933713023259 98.918826519359243 -8.7934420563045315 132.64784805961276
leaf_weight=483 503 23 101 61 392 338 219 525 206 96 554 482 39 48 229 446 211 49 93 233 633 20 37 70 28 411 42 25 507 59 27 20 143 188 343 436 87 61 49 110 103 135 323 614 157 99 262 114 116 27 454 61 79 227 23 250 410 133 82 176 95 115
leaf_count=483 503 23 101 61 392 338 219 525 206 96 554 482 39 48 229 446 211 49 93 233 633 20 37 70 28 411 42 25 507 59 27 20 143 188 343 436 87 61 49 110 103 135 323 614 157 99 262 114 116 27 454 61 79 227 23 250 410 133 82 176 95 115
internal_value=0.861443 45.1656 69.1879 58.8221 -21.3667 21.2008 11.8081 -33.1616 113.735 -17.3077 -9.43306 -14.5767 226.309 -10.9795 3.66565 -8.06525 152.159 62.6093 55.0867 77.0529 -31.6664 275.832 193.449 97.5839 87.3906 -51.2842 123.949 141.789 6.95638 17.3788 118.7 360.939 36.5426 32.3551 -18.6065 -38.9312 115.419 42.3746 237.147 71.7797 57.7439 -57.2061 -53.4412 -57.1093 79.0151 126.573 -16.178 42.9817 54.1888 109.403 -37.1678 126.591 -4.81346 32.6375 94.8209 -9.98572 -49.5479 25.8239 18.1667 89.2104 -29.1286 116.397
internal_weight=12682 4237 3280 3077 8445 1826 2215 6230 1251 3323 2798 2599 203 1451 1059 961 611 895 764 640 1449 128 248 402 492 2907 363 75 1150 515 98 40 495 403 931 942 176 238 88 316 199 1965 1482 1347 267 169 816 302 177 50 957 148 561 286 71 593 733 352 589 269 531 321
internal_count=12682 4237 3280 3077 8445 1826 2215 6230 1251 3323 2798 2599 203 1451 1059 961 611 895 764 640 1449 128 248 402 492 2907 363 75 1150 515 98 40 495 403 931 942 176 238 88 316 199 1965 1482 1347 267 169 816 302 177 50 957 148 561 286 71 593 733 352 589 269 531 321
is_linear=0
shrinkage=0.05


Tree=5
num_leaves=63
num_cat=0
split_feature=35 40 40 40 40 35 35 40 35 35 40 40 40 35 35 35 35 40 35 35 35 40 35 35 40 40 40 40 40 40 35 35 35 35 40 40 35 35 35 40 40 35 40 35 40 40 35 35 40 32 25 40 35 35 40 35 36 39 32 25 35 35
split_gain=6.15629e+09 3.4225e+09 1.53906e+09 3.18512e+09 1.24029e+09 8.97383e+08 8.81854e+08 6.7535e+08 4.16757e+08 3.33922e+08 3.22627e+08 6.94271e+08 2.47608e+08 1.75031e+08 1.31281e+08 1.23777e+08 1.21662e+08 9.99132e+07 7.99934e+07 7.00816e+07 5.78392e+07 4.77417e+07 4.34085e+07 4.18886e+07 4.04343e+07 8.55457e+07 3.93269e+07 3.8129e+07 3.58693e+07 3.13779e+07 2.76649e+07 2.66009e+07 2.65161e+07 2.5603e+07 2.50972e+07 2.35215e+07 2.19877e+07 2.15206e+07 1.89941e+07 1.79395e+07 1.77161e+07 1.66226e+07 1.65663e+07 1.51709e+07 1.38345e+07 1.35772e+07 1.34595e+07 1.23249e+07 1.07721e+07 1.00242e+07 9.81608e+06 9.21858e+06 9.04595e+06 8.91175e+06 8.06475e+06 7.89661e+06 7.65492e+06 7.6533e+06 7.64067e+06 7.13629e+06 6.87284e+06 6.86409e+06
threshold=618.75000000000011 5.5000000000000009 1.0000000180025095e-35 1.5000000000000002 4.5000000000000009 320.75000000000006 1055.3000000000004 5.5000000000000009 1227.5000000000002 960.80000000000007 1.0000000180025095e-35 1.5000000000000002 4.5000000000000009 819.1500000000002 774.25000000000011 1352.45 198.20000000000002 5.5000000000000009 441.75000000000006 1211.5500000000002 976.85000000000002 2.5000000000000004 478.95000000000005 468.65000000000009 1.0000000180025095e-35 1.5000000000000002 3.5000000000000004 4.5000000000000009 2.5000000000000004 2.5000000000000004 1089.1000000000001 696.05000000000007 1474.1500000000003 779.25000000000011 3.5000000000000004 3.5000000000000004 114.05000000000001 515.45000000000016 918.1500000000002 1.0000000180025095e-35 1.5000000000000002 899.20000000000016 5.5000000000000009 790.95000000000016 2.5000000000000004 2.5000000000000004 1162.6500000000003 1211.5500000000002 3.5000000000000004 330.65000000000003 1.0000000180025095e-35 3.5000000000000004 1327.2000000000003 376.4500000000001 4.5000000000000009 267.80000000000007 368.12500000000006 1.0000000180025095e-35 318.05000000000007 1.0000000180025095e-35 807.70000000000016 1437.45
decision_type=2 2 2 2 2 2 2 2 2 2 2 2 2 2 2 2 2 2 2 2 2 2 2 2 2 2 2 2 2 2 2 2 2 2 2 2 2 2 2 2 2 2 2 2 2 2 2 2 2 2 2 2 2 2 2 2 2 2 2 2 2 2
left_child=5 2 30 8 9 16 13 10 14 21 -7 23 22 31 -4 46 36 24 53 28 59 -5 44 -12 -18 -26 33 -27 -11 -21 60 -3 -17 -23 52 -30 -1 -20 58 -38 -41 50 54 -28 -13 -24 -8 -22 -46 -48 -15 -47 -31 -9 -42 -19 -33 -40 -16 -6 -2 -36
right_child=1 6 3 4 20 7 15 18 -10 19 11 12 -14 41 38 32 17 55 37 29 47 26 45 -25 25 27 43 -29 35 34 -32 56 -34 -35 61 -37 39 -39 57 40 42 -43 -44 -45 48 51 49 -49 -50 -51 -52 -53 -54 -55 -56 -57 -58 -59 -60 -61 -62 -63
leaf_value=-62.602673905760383 -44.861345346564924 54.666117867395343 134.57551981608074 6.0150974571158038 -29.405400458471384 -54.196171237336991 144.99719912400886 -3.8521526392486987 393.44890451738911 35.589436328694937 48.691849494325943 -31.684572785833609 -46.380658071405747 91.345164977068691 185.05387725830079 201.10598086950915 -62.16804863611857 -26.223788412412006 19.437390451164166 66.761603977369234 -10.812006827720737 42.313374672363054 -15.701268248094454 92.537324964735248 8.3879087250909699 -35.063414766812564 20.527842630326063 -57.68013942891902 103.03552032470702 138.38681534476902 -21.572827890854459 71.137603028857981 256.26383353568411 74.704153415134982 106.25189631535457 69.950571067116485 -66.343914907256519 36.425604206009915 223.95275163321659 -21.302018804717484 -50.043076493650304 113.1306641117219 -41.548745388454861 43.469589259372498 -6.2178265450195394 17.95577714788741 148.66421221564798 6.1670331049689935 -20.492051699975644 175.85813743666847 126.61478326970881 0.29368186671310254 183.2332763671875 7.653562575478059 -63.406220908476932 -14.732056541849929 87.835527448756721 258.25846574113177 223.083724609375 -13.163929244295344 -35.268913062294025 139.74839477539064
leaf_weight=728 351 269 60 109 556 771 134 299 31 42 138 138 850 191 28 53 288 312 482 23 261 134 72 90 81 396 174 352 105 23 290 262 37 112 65 110 163 304 29 57 239 310 324 123 245 138 51 181 287 101 22 159 22 385 214 287 93 37 25 77 399 20
leaf_count=728 351 269 60 109 556 771 134 299 31 42 138 138 850 191 28 53 288 312 482 23 261 134 72 90 81 396 174 352 105 23 290 262 37 112 65 110 163 304 29 57 239 310 324 123 245 138 51 181 287 101 22 159 22 385 214 287 93 37 25 77 399 20
internal_value=0.0795424 43.9379 15.9453 38.3816 20.1223 -27.5323 106.191 -12.4614 224.192 58.4464 -26.5041 -16.4188 -26.3666 84.4071 194.879 172.642 -46.6194 -37.1931 15.1272 93.8023 -17.7383 36.2134 -9.99322 65.9993 -46.0282 -40.4211 42.2753 -45.7066 77.8523 120.594 -34.6873 66.5255 223.782 57.0604 130.118 86.1083 -55.9965 26.0079 225.284 -51.1728 -48.2077 105.742 -50.1815 30.029 -17.5777 3.77805 156.55 -3.85905 -13.9184 166.734 94.988 8.50031 160.312 2.62402 -56.3559 -20.7177 75.512 243.185 202.992 -27.4297 -39.7582 114.133
internal_weight=12709 4910 3387 2347 2137 7799 1523 4358 210 1062 2888 2117 1889 1147 179 376 3441 1716 1470 410 1075 652 1039 228 1117 829 543 748 257 153 1040 624 90 246 130 215 1725 786 119 997 834 523 777 297 670 369 286 442 532 152 213 297 45 684 453 599 355 66 53 633 750 85
internal_count=12709 4910 3387 2347 2137 7799 1523 4358 210 1062 2888 2117 1889 1147 179 376 3441 1716 1470 410 1075 652 1039 228 1117 829 543 748 257 153 1040 624 90 246 130 215 1725 786 119 997 834 523 777 297 670 369 286 442 532 152 213 297 45 684 453 599 355 66 53 633 750 85
is_linear=0
shrinkage=0.05


Tree=6
num_leaves=63
num_cat=0
split_feature=33 40 40 40 32 40 40 36 40 40 40 36 36 40 36 37 40 40 36 36 40 37 36 37 36 36 37 36 32 36 36 32 37 36 37 37 36 36 37 36 36 36 37 36 32 36 36 37 37 36 36 36 37 40 40 36 32 36 36 25 36 36
split_gain=3.96686e+09 2.69051e+09 1.7671e+09 1.98535e+09 1.05535e+09 9.9152e+08 7.08285e+08 5.6205e+08 4.12773e+08 2.84302e+08 4.68462e+08 2.70797e+08 2.62189e+08 2.35712e+08 1.99019e+08 1.98213e+08 1.85673e+08 4.44399e+08 1.7269e+08 1.6429e+08 1.61397e+08 1.28066e+08 1.02933e+08 9.61585e+07 9.01412e+07 7.71047e+07 7.05818e+07 6.30929e+07 5.96615e+07 8.57986e+07 5.84429e+07 5.55243e+07 5.03216e+07 4.71284e+07 4.17278e+07 3.85461e+07 3.81295e+07 3.41482e+07 3.59412e+07 3.4127e+07 2.83625e+07 2.73771e+07 2.73613e+07 2.7096e+07 2.5711e+07 3.13639e+07 2.29306e+07 2.18435e+07 2.14238e+07 3.52147e+07 2.11212e+07 2.08345e+07 2.06286e+07 2.04971e+07 2.5395e+07 1.97427e+07 1.96473e+07 1.84627e+07 1.84317e+07 1.75182e+07 1.71582e+07 1.68267e+07
threshold=52.350000000000001 1.0000000180025095e-35 1.5000000000000002 5.5000000000000009 206.25000000000003 4.5000000000000009 5.5000000000000009 259.93333333333334 5.5000000000000009 1.0000000180025095e-35 1.5000000000000002 257.88000000000005 176.91250000000005 4.5000000000000009 294.05000000000007 3.5000000000000004 1.0000000180025095e-35 1.5000000000000002 331.58333333333343 186.45000000000002 4.5000000000000009 3.5000000000000004 171.15833333333333 3.5000000000000004 189.25416666666669 182.42000000000004 3.5000000000000004 369.95000000000005 51.95000000000001 352.18333333333339 388.85000000000008 1.0000000180025095e-35 4.5000000000000009 336.08750000000003 3.5000000000000004 4.5000000000000009 214.7416666666667 235.01250000000002 2.5000000000000004 262.35833333333341 308.02500000000003 203.00416666666669 4.5000000000000009 137.26666666666671 53.150000000000013 386.78333333333336 398.41666666666669 1.5000000000000002 1.5000000000000002 362.92500000000007 299.01666666666671 219.51666666666668 4.5000000000000009 2.5000000000000004 3.5000000000000004 368.12500000000006 53.150000000000013 305.71000000000004 209.31250000000003 1.0000000180025095e-35 342.55000000000007 179.51250000000002
decision_type=2 2 2 2 2 2 2 2 2 2 2 2 2 2 2 2 2 2 2 2 2 2 2 2 2 2 2 2 2 2 2 2 2 2 2 2 2 2 2 2 2 2 2 2 2 2 2 2 2 2 2 2 2 2 2 2 2 2 2 2 2 2
left_child=4 51 11 5 8 14 9 19 16 -6 39 26 31 33 25 30 -1 24 37 43 22 57 56 -21 47 -4 -3 42 29 -14 59 -10 53 -12 46 58 -7 -8 -39 -11 -23 -28 60 -5 45 -24 -16 -18 49 -26 -30 -2 -45 -27 -55 -20 -19 -13 -25 -9 -17 -22
right_child=1 2 3 7 6 36 18 15 12 10 13 21 28 -15 34 27 17 20 55 23 61 40 44 35 48 32 41 -29 50 -31 -32 -33 -34 -35 -36 -37 -38 38 -40 -41 -42 -43 -44 52 -46 -47 -48 -49 -50 -51 -52 -53 -54 54 -56 -57 -58 -59 -60 -61 -62 -63
leaf_value=-57.874722294562424 -43.699981720350991 96.56395775644404 6.6113593809306623 8.840714777493087 -46.018203654798491 -33.374011030722791 16.313279353933677 97.560221855695858 -45.085595843477073 76.71653374263218 4.6100452862833352 184.83085990574051 -15.870436095181686 -33.603458457766919 68.012828862326487 149.34629352135573 -30.244785933563676 -52.339749891238107 61.874893022090831 59.071489591257915 -60.779484148892493 294.93731456938247 -29.917533636542988 66.203618223770818 13.976671529090268 14.190123144785563 149.2507905183015 243.43899287471064 19.477666034112431 10.885762757777728 180.78522971824364 -13.076156552676316 85.753014269219818 36.136218582142838 114.08990000740428 132.77542043585527 -10.633258960537967 34.119678457866492 79.464986088590805 137.5791810877183 378.13468444824224 219.81499197823661 206.40437090473793 37.247383090574296 -2.7787814009448759 -9.3304332022517382 124.04239458356585 14.236398886079375 83.593989127022894 58.963683253321157 69.428825378417969 -28.094838596282997 76.286099939760959 63.888226364983453 35.096471656783159 90.284568036760618 -28.640417503459112 243.18749852035987 102.58977951369918 131.8666564263238 188.31417936437271 -48.645970760415672
leaf_weight=1012 321 38 128 61 412 254 224 215 530 42 340 23 670 456 140 167 69 399 94 168 440 21 583 46 87 54 27 27 179 542 27 182 83 182 122 95 672 249 53 51 20 28 31 128 184 271 21 46 28 87 24 641 46 135 177 175 112 33 143 45 34 815
leaf_count=1012 321 38 128 61 412 254 224 215 530 42 340 23 670 456 140 167 69 399 94 168 440 21 583 46 87 54 27 27 179 542 27 182 83 182 122 95 672 249 53 51 20 28 31 128 184 271 21 46 28 87 24 641 46 135 177 175 112 33 143 45 34 815
internal_value=0.0755652 40.042 62.0292 52.7211 -19.4489 19.0314 9.69176 101.521 -30.0532 -10.7214 2.85683 209.93 -12.1559 -7.34046 57.6891 139.387 -39.2638 -33.2291 47.7706 71.4257 -39.5729 268.378 -28.7754 89.0562 22.8846 40.844 148.968 171.1 0.296597 -3.90521 110.769 -36.9034 50.603 15.6019 92.0341 106.794 -16.871 31.1057 42.0776 110.093 335.521 185.174 162.681 37.5154 -19.732 -23.3846 75.321 -12.4523 43.0022 36.4702 25.3832 -33.302 47.568 42.6318 47.5544 80.357 -47.1454 219.22 93.7339 103.498 155.938 -52.9
internal_weight=12709 4171 3209 3019 8538 1786 2278 1233 6260 1483 1071 190 2127 978 860 546 4133 3121 795 687 2804 97 1549 452 317 577 93 259 1415 1212 287 712 449 522 283 284 926 526 302 93 41 55 232 235 1038 854 161 115 202 174 203 962 174 366 312 269 511 56 189 260 201 1255
internal_count=12709 4171 3209 3019 8538 1786 2278 1233 6260 1483 1071 190 2127 978 860 546 4133 3121 795 687 2804 97 1549 452 317 577 93 259 1415 1212 287 712 449 522 283 284 926 526 302 93 41 55 232 235 1038 854 161 115 202 174 203 962 174 366 312 269 511 56 189 260 201 1255
is_linear=0
shrinkage=0.05


Tree=7
num_leaves=63
num_cat=0
split_feature=35 40 40 40 40 35 35 40 35 35 40 40 40 35 35 35 35 40 35 40 35 40 35 35 35 35 40 40 40 40 35 35 35 35 40 35 40 40 40 40 40 35 35 40 35 35 40 40 25 40 32 35 35 39 40 39 39 25 35 25 32 36
split_gain=5.04849e+09 2.78536e+09 1.25685e+09 2.60084e+09 1.01174e+09 7.40292e+08 7.21579e+08 5.52209e+08 3.44848e+08 2.75808e+08 2.61331e+08 5.64009e+08 2.0132e+08 1.41158e+08 1.0653e+08 1.00905e+08 9.97361e+07 8.12004e+07 6.68456e+07 5.62433e+07 4.9042e+07 4.83285e+07 4.53e+07 4.13779e+07 3.60968e+07 3.48376e+07 3.26218e+07 6.91331e+07 3.12111e+07 2.73095e+07 2.37013e+07 2.23497e+07 2.07852e+07 1.88914e+07 1.8595e+07 1.73374e+07 1.71037e+07 1.49481e+07 1.49409e+07 1.46042e+07 1.45509e+07 1.42532e+07 1.3879e+07 1.34893e+07 1.10744e+07 1.09661e+07 1.08391e+07 9.58172e+06 8.55097e+06 7.61541e+06 7.32422e+06 7.08511e+06 6.95488e+06 6.74188e+06 6.53784e+06 6.45611e+06 6.39687e+06 6.28074e+06 6.1241e+06 6.0714e+06 6.01859e+06 5.87985e+06
threshold=618.75000000000011 5.5000000000000009 1.0000000180025095e-35 1.5000000000000002 4.5000000000000009 320.75000000000006 1055.3000000000004 5.5000000000000009 1227.5000000000002 1009.4000000000001 1.0000000180025095e-35 1.5000000000000002 4.5000000000000009 819.1500000000002 774.25000000000011 1352.45 198.20000000000002 5.5000000000000009 441.75000000000006 2.5000000000000004 976.85000000000002 2.5000000000000004 807.70000000000016 1257.3500000000001 470.90000000000003 468.65000000000009 1.0000000180025095e-35 1.5000000000000002 4.5000000000000009 3.5000000000000004 1089.1000000000001 1522.8500000000001 696.05000000000007 114.05000000000001 3.5000000000000004 515.45000000000016 3.5000000000000004 3.5000000000000004 1.0000000180025095e-35 1.5000000000000002 2.5000000000000004 918.1500000000002 899.20000000000016 5.5000000000000009 1227.5000000000002 1198.6500000000003 2.5000000000000004 3.5000000000000004 1.0000000180025095e-35 3.5000000000000004 318.05000000000007 376.4500000000001 267.80000000000007 1.0000000180025095e-35 4.5000000000000009 1.0000000180025095e-35 1.0000000180025095e-35 1.0000000180025095e-35 1198.6500000000003 1.0000000180025095e-35 330.65000000000003 368.12500000000006
decision_type=2 2 2 2 2 2 2 2 2 2 2 2 2 2 2 2 2 2 2 2 2 2 2 2 2 2 2 2 2 2 2 2 2 2 2 2 2 2 2 2 2 2 2 2 2 2 2 2 2 2 2 2 2 2 2 2 2 2 2 2 2 2
left_child=5 2 30 8 9 16 13 10 14 21 -7 25 24 32 -4 45 33 26 51 -11 57 -5 37 36 46 -12 -18 -28 -29 -25 -2 -17 -3 -1 -24 -20 -21 -23 -35 -40 -26 50 48 54 -22 55 -13 -48 -15 -42 -16 -9 -19 -43 -41 -8 -14 -6 -38 -46 -47 -34
right_child=1 6 3 4 20 7 15 18 -10 19 11 12 56 42 41 31 17 52 35 23 44 22 34 29 40 -27 27 28 -30 -31 -32 -33 61 38 -36 -37 58 -39 39 43 49 53 -44 -45 59 60 47 -49 -50 -51 -52 -53 -54 -55 -56 -57 -58 -59 -60 -61 -62 -63
leaf_value=-56.882336155398868 -35.913649325625101 49.702170391685456 121.72896341959637 6.0021730293661868 -26.661253262080738 -48.865325189533557 121.1293431678185 -3.5013292782083405 356.6796875 43.796088824953358 43.63577744788018 -29.451701745321586 -45.040585076959289 82.176776866014094 166.56708940778461 185.052714463531 -56.195889303419328 -24.048728028016214 17.751639135645632 100.34919195065554 -9.480647274117862 40.91784016259512 70.910592486994048 158.89199083116318 -16.36211105850008 83.621097598605687 7.2151724312040546 -31.784635129059208 -52.247037506103517 105.17079056449559 -19.081373078781983 238.36937129579744 64.295117075388674 -60.132983417159942 43.987190210285476 32.999630413047576 63.412679064273838 19.851982869704567 -19.153199724565475 -45.261526968090109 15.385215244045506 200.89663738382274 102.15466904670961 -37.583981290275673 2.1160110996450698 136.98162874788852 -5.651185680086436 -19.485739530169447 115.09524036754263 0.03535519571865306 203.8010749511719 6.7576801234096679 -13.263976577806972 233.09492088524073 -57.293322810948453 141.10822913624415 -35.928754882812505 -11.424423305709642 94.466614379882813 25.671136362412398 161.51874548181311 78.929521687825527
leaf_weight=728 750 269 60 118 556 771 65 299 31 56 138 129 555 191 28 61 288 312 482 87 268 150 123 36 81 90 81 396 352 69 290 29 262 163 134 304 77 192 57 239 154 29 310 324 140 37 229 276 22 170 25 385 287 37 214 107 295 77 20 34 77 93
leaf_count=728 750 269 60 118 556 771 65 299 31 56 138 129 555 191 28 61 288 312 482 87 268 150 123 36 81 90 81 396 352 69 290 29 262 163 134 304 77 192 57 239 154 29 310 324 140 37 229 276 22 170 25 385 287 37 214 107 295 77 20 34 77 93
internal_value=0.071787 39.7885 14.5356 34.8108 18.311 -24.9326 95.9485 -11.2443 202.715 52.9244 -23.9423 -14.8655 -23.8316 76.2436 176.051 156.059 -42.2688 -33.734 13.7027 89.6579 -15.8838 35.2494 41.0109 98.5446 -9.06781 59.4195 -41.6989 -36.6625 -41.414 123.589 -31.22 202.233 60.1853 -50.759 56.8727 23.6491 84.2527 29.0914 -46.2878 -43.5818 2.5926 203.441 95.4031 -45.3739 -3.10351 141.529 -16.5165 -13.2122 85.5768 7.33128 184.13 2.27311 -18.8814 218.947 -50.9454 133.558 -41.8782 -24.8078 69.8156 6.71874 153.555 68.1289
internal_weight=12709 4910 3387 2347 2137 7799 1523 4358 210 1062 2888 2117 1889 1147 179 376 3441 1716 1470 345 1075 717 599 289 1039 228 1117 829 748 105 1040 90 624 1725 257 786 184 342 997 834 405 119 523 777 442 286 634 505 213 324 53 684 599 66 453 172 850 633 97 174 114 355
internal_count=12709 4910 3387 2347 2137 7799 1523 4358 210 1062 2888 2117 1889 1147 179 376 3441 1716 1470 345 1075 717 599 289 1039 228 1117 829 748 105 1040 90 624 1725 257 786 184 342 997 834 405 119 523 777 442 286 634 505 213 324 53 684 599 66 453 172 850 633 97 174 114 355
is_linear=0
shrinkage=0.05


Tree=8
num_leaves=63
num_cat=0
split_feature=35 40 40 40 40 35 35 40 35 35 40 40 40 35 35 40 35 35 40 35 35 40 40 35 40 40 40 35 35 40 35 35 35 35 35 40 40 35 35 35 35 40 35 35 40 40 40 35 40 32 40 40 35 35 31 40 9 35 35 25 32 25
split_gain=4.55626e+09 2.51378e+09 1.13431e+09 2.34725e+09 9.13097e+08 6.69149e+08 6.51225e+08 4.6751e+08 3.11226e+08 2.50019e+08 2.22116e+08 4.68843e+08 1.6952e+08 1.27395e+08 1.23427e+08 9.62677e+07 9.61433e+07 9.10663e+07 5.41432e+07 4.95633e+07 4.42604e+07 4.29755e+07 1.01075e+08 4.23447e+07 3.84807e+07 3.74754e+07 3.08932e+07 2.62352e+07 2.51946e+07 2.46468e+07 2.13904e+07 2.093e+07 2.01706e+07 1.94896e+07 1.87586e+07 1.77256e+07 1.58587e+07 1.33232e+07 1.28126e+07 1.23425e+07 1.16182e+07 1.13792e+07 1.01141e+07 1.0019e+07 9.97293e+06 9.11656e+06 2.20347e+07 8.88041e+06 8.07819e+06 8.02294e+06 7.7575e+06 7.67599e+06 7.59533e+06 6.30323e+06 6.26058e+06 6.22932e+06 6.20002e+06 6.12883e+06 6.11949e+06 6.03765e+06 5.9211e+06 5.8124e+06
threshold=618.75000000000011 5.5000000000000009 1.0000000180025095e-35 1.5000000000000002 4.5000000000000009 350.55000000000007 1055.3000000000004 5.5000000000000009 1227.5000000000002 960.80000000000007 1.0000000180025095e-35 1.5000000000000002 4.5000000000000009 819.1500000000002 215.05000000000004 5.5000000000000009 774.25000000000011 1352.45 2.5000000000000004 1257.3500000000001 976.85000000000002 1.0000000180025095e-35 1.5000000000000002 458.45000000000005 4.5000000000000009 2.5000000000000004 3.5000000000000004 486.05000000000007 468.65000000000009 3.5000000000000004 1089.1000000000001 114.05000000000001 1522.8500000000001 779.25000000000011 696.05000000000007 5.5000000000000009 3.5000000000000004 992.6500000000002 946.45000000000016 526.80000000000007 790.95000000000016 2.5000000000000004 1327.2000000000003 1162.6500000000003 2.5000000000000004 1.0000000180025095e-35 1.5000000000000002 290.55000000000007 3.5000000000000004 330.65000000000003 3.5000000000000004 4.5000000000000009 290.55000000000007 1198.6500000000003 254.15000000000001 2.5000000000000004 1.0000000180025095e-35 404.90000000000003 813.45000000000016 1.0000000180025095e-35 407.65000000000003 1.0000000180025095e-35
decision_type=2 2 2 2 2 2 2 2 2 2 2 2 2 2 2 2 2 2 2 2 2 2 2 2 2 2 2 2 2 2 2 2 2 2 2 2 2 2 2 2 2 2 2 2 2 2 2 2 2 2 2 2 2 2 2 2 2 2 2 2 2 2
left_child=5 2 30 8 9 14 13 10 16 25 -7 28 27 34 31 21 -4 43 -11 36 58 -16 52 57 55 -5 33 41 -12 -21 61 -1 -19 -27 -3 45 -20 -18 59 -25 -28 -13 56 54 -29 -33 -47 -17 -43 -45 -46 -48 -23 -38 -8 -24 -22 -9 -6 -15 -51 -2
right_child=1 6 3 4 20 7 17 23 -10 18 11 12 -14 38 15 47 37 32 19 29 42 22 24 39 -26 26 40 44 -30 -31 -32 35 -34 -35 -36 -37 53 -39 -40 -41 -42 48 -44 49 50 46 51 -49 -50 60 -52 -53 -54 -55 -56 -57 -58 -59 -60 -61 -62 -63
leaf_value=-54.038218655429048 -35.804380034525465 47.2170620884594 115.64251586914064 4.2850681187909681 -27.739222602740583 -45.697193159001266 139.94210149591621 1.0085835340609506 338.8457003685736 39.011124895535986 43.768560211441738 -26.549444190216064 -38.773642901716563 81.899104767384884 -52.988126220703123 -19.505501499883039 182.2502107551299 175.80007914558789 89.735440297712373 150.94738989935982 -9.7505459699906467 1.5494958512923298 -40.085916542145149 18.257658489361788 -48.903910782647664 36.64859145769568 17.242272110446091 -13.342347694747151 79.440042605929918 99.912250043343818 -18.127304637082695 -56.889860114272757 226.45090500404095 64.908967371923595 64.722473180797735 -34.501393772400533 59.139944560572786 218.67171054416232 100.65937224108764 32.060309093136219 37.318853307642591 -2.7789524604570501 11.315843350125343 127.07365447399664 17.862011066781797 -16.977517813902633 -42.212021894783817 -8.033900417630969 -15.832694276494365 164.90712009006077 0.79090603368035683 -54.104336260627292 28.973698995113377 89.743283386230473 116.92863596598306 -24.92563596703819 9.1344720129873238 10.687371136278346 -17.774100325917299 102.21462504069011 140.54968517848425 -22.629276714722316
leaf_weight=728 654 269 60 109 368 691 44 311 31 65 110 125 754 283 335 376 83 61 114 36 294 51 83 390 407 134 174 64 90 69 290 196 29 112 355 388 106 36 198 277 123 227 97 51 123 65 290 306 248 45 145 255 50 20 90 369 51 345 265 42 56 96
leaf_count=728 654 269 60 109 368 691 44 311 31 65 110 125 754 283 335 376 83 61 114 36 294 51 83 390 407 134 174 64 90 69 290 196 29 112 355 388 106 36 198 277 123 227 97 51 123 65 290 306 248 45 145 255 50 20 90 369 51 345 265 42 56 96
internal_value=0.0681977 37.7991 13.8088 33.0702 17.3955 -23.686 91.1511 -9.04209 192.58 50.2782 -21.4459 -12.5607 -21.1468 72.4315 -38.3336 -29.5621 167.249 148.256 80.8715 88.7582 -15.0896 -37.569 -32.1884 15.1187 -37.7516 31.0401 36.4108 -6.88649 59.8207 117.41 -29.659 -47.3561 192.121 49.5151 57.1761 -43.2819 76.2231 193.268 90.6329 23.9898 25.5568 -13.1267 -2.94834 134.452 4.39096 -47.5087 -44.4945 -14.3584 -9.59438 143.239 8.62578 -47.7763 15.1258 63.9976 124.485 -27.7095 -6.95885 6.0988 -23.5674 84.5245 151.402 -34.118
internal_weight=12709 4910 3387 2347 2137 7799 1523 3900 210 1062 2577 1886 1686 1147 3899 1977 179 376 410 345 1075 1295 960 1323 859 652 543 932 200 105 1040 1922 90 246 624 1194 240 119 523 667 297 600 442 286 332 806 610 682 475 152 268 545 101 126 134 452 345 656 633 325 101 750
internal_count=12709 4910 3387 2347 2137 7799 1523 3900 210 1062 2577 1886 1686 1147 3899 1977 179 376 410 345 1075 1295 960 1323 859 652 543 932 200 105 1040 1922 90 246 624 1194 240 119 523 667 297 600 442 286 332 806 610 682 475 152 268 545 101 126 134 452 345 656 633 325 101 750
is_linear=0
shrinkage=0.05


Tree=9
num_leaves=63
num_cat=0
split_feature=35 40 40 40 40 35 35 40 35 35 40 40 40 35 35 35 35 40 35 40 35 35 35 35 35 40 40 40 40 35 35 40 40 35 40 35 40 35 35 35 35 40 35 35 35 40 40 35 35 25 25 35 40 35 25 35 39 40 40 39 25 35
split_gain=4.11202e+09 2.26869e+09 1.02371e+09 2.1184e+09 8.2407e+08 6.04374e+08 5.87731e+08 4.48788e+08 2.80881e+08 2.26058e+08 2.14031e+08 4.66703e+08 1.65187e+08 1.14974e+08 8.67694e+07 8.21874e+07 7.89617e+07 7.1474e+07 5.76479e+07 4.57534e+07 4.01344e+07 3.99208e+07 3.53908e+07 3.02177e+07 2.81894e+07 2.79334e+07 5.92033e+07 2.64623e+07 2.16196e+07 2.00046e+07 1.85217e+07 1.80405e+07 1.77034e+07 1.73307e+07 1.49754e+07 1.41358e+07 1.21416e+07 1.21025e+07 1.19626e+07 1.16512e+07 1.15365e+07 1.10902e+07 1.03753e+07 9.94777e+06 9.22392e+06 9.00057e+06 8.94907e+06 8.83263e+06 7.94555e+06 7.90385e+06 7.22406e+06 7.01572e+06 7.00114e+06 6.81576e+06 6.75817e+06 6.21104e+06 6.09265e+06 5.96833e+06 7.35037e+06 5.92316e+06 5.37284e+06 5.30146e+06
threshold=618.75000000000011 5.5000000000000009 1.0000000180025095e-35 1.5000000000000002 4.5000000000000009 317.80000000000001 1055.3000000000004 5.5000000000000009 1227.5000000000002 1009.4000000000001 1.0000000180025095e-35 1.5000000000000002 4.5000000000000009 819.1500000000002 774.25000000000011 1352.45 169.85000000000005 5.5000000000000009 441.75000000000006 2.5000000000000004 1140.5000000000002 807.70000000000016 1401.7500000000002 486.05000000000007 468.65000000000009 1.0000000180025095e-35 1.5000000000000002 4.5000000000000009 2.5000000000000004 926.15000000000009 1474.1500000000003 2.5000000000000004 3.5000000000000004 741.95000000000016 3.5000000000000004 526.80000000000007 3.5000000000000004 918.1500000000002 813.45000000000016 899.20000000000016 1198.6500000000003 2.5000000000000004 93.850000000000009 243.20000000000002 1211.5500000000002 2.5000000000000004 1.0000000180025095e-35 416.25000000000006 1352.45 1.0000000180025095e-35 1.0000000180025095e-35 356.40000000000003 3.5000000000000004 1241.4000000000003 1.0000000180025095e-35 253.05000000000004 1.0000000180025095e-35 1.5000000000000002 5.5000000000000009 1.0000000180025095e-35 1.0000000180025095e-35 696.05000000000007
decision_type=2 2 2 2 2 2 2 2 2 2 2 2 2 2 2 2 2 2 2 2 2 2 2 2 2 2 2 2 2 2 2 2 2 2 2 2 2 2 2 2 2 2 2 2 2 2 2 2 2 2 2 2 2 2 2 2 2 2 2 2 2 2
left_child=5 2 29 8 9 16 13 10 14 21 -7 24 23 33 -4 44 42 25 51 -11 38 31 32 41 -12 -18 -27 55 -23 -2 -17 -5 53 -3 60 -20 61 -16 -6 50 -34 -13 -1 -19 -8 -25 -44 -43 -31 -22 -15 -9 -47 -21 -40 -28 -39 -48 -59 -14 -30 -33
right_child=1 6 3 4 20 7 15 18 -10 19 11 12 59 39 37 30 17 43 35 22 49 28 -24 45 -26 26 27 -29 34 48 -32 36 40 -35 -36 -37 -38 56 54 -41 -42 47 46 -45 -46 52 57 -49 -50 -51 -52 -53 -54 -55 -56 -57 -58 58 -60 -61 -62 -63
leaf_value=-53.535693436148783 -34.772154341861885 48.168234668391769 109.86038930257162 -1.9678023940500091 -26.352261491443802 -44.156504961207723 121.24674469968107 -6.2432056005914411 321.90341442477325 39.65572854450771 39.651154874233491 -26.268920689982338 -40.852403760125455 73.972981557796146 165.81126524727301 163.56298954801741 -51.106595957556436 -25.884790727116116 16.421314067134457 91.268825868118654 -0.86616575715018485 15.314910810589792 132.06823246653488 -12.675230340659619 75.468041008843315 2.1151412850678568 -35.832179826498034 -47.969701775361976 58.436841691400588 -23.776471413857781 209.66212174699115 27.105100435680811 57.285046094810809 65.60912357590415 39.685764071122925 30.457293652487579 17.90316103192357 180.73456420898438 -16.781986464537109 92.287327368951622 85.89052358774039 -16.489725799863301 -55.850160492791069 -13.764690196130198 140.16664403798629 16.968910213020759 -25.190814113616945 -3.944641736420718 -6.9758891184189737 22.489154607599431 104.22974811900747 4.8174776676513256 0.75136069297790531 123.67411346435547 0.29968893957488679 -24.29036272730783 211.34329998944258 -47.77901585958989 -37.504022020396626 -32.147242787849144 84.031663205073428 45.919901273189453
leaf_weight=477 546 404 60 68 368 777 188 201 31 56 141 148 564 191 53 53 344 298 509 86 205 50 41 64 90 99 256 409 97 409 37 72 77 220 134 277 192 29 390 310 65 315 144 392 98 123 48 253 85 44 22 500 145 20 68 214 37 409 303 299 26 78
leaf_count=477 546 404 60 68 368 777 188 201 31 56 141 148 564 191 53 53 344 298 509 86 205 50 41 64 90 99 256 409 97 409 37 72 77 220 134 277 192 29 390 310 65 315 144 392 98 123 48 253 85 44 22 500 145 20 68 214 37 409 303 299 26 78
internal_value=0.0647877 35.9092 13.1184 31.4167 16.5257 -22.5017 86.5936 -10.2873 182.951 47.7643 -21.6768 -13.5224 -21.6368 68.8099 158.886 140.843 -38.3628 -32.0435 12.0706 81.0202 -14.3351 31.7626 89.0354 -8.2969 53.6058 -38.8518 -34.5413 -38.6698 45.3969 -28.1761 182.515 21.5535 81.9211 54.3173 51.2494 21.3678 26.2302 183.605 -19.6395 86.1013 70.3791 -14.0783 -47.5695 -18.9992 127.73 4.17141 -44.4214 -10.9019 -20.8857 3.26088 77.0981 1.64601 8.19449 97.383 -14.2458 -30.577 197.894 -42.2559 -43.4064 -37.8364 63.8471 36.8888
internal_weight=12709 4910 3387 2347 2137 7799 1523 4406 210 1062 2919 2142 1911 1147 179 376 3393 2012 1487 345 1075 717 289 1048 231 1322 978 879 307 1040 90 410 248 624 257 786 342 119 826 523 142 716 1381 690 286 332 904 568 494 249 213 701 268 106 458 470 66 760 712 863 123 150
internal_count=12709 4910 3387 2347 2137 7799 1523 4406 210 1062 2919 2142 1911 1147 179 376 3393 2012 1487 345 1075 717 289 1048 231 1322 978 879 307 1040 90 410 248 624 257 786 342 119 826 523 142 716 1381 690 286 332 904 568 494 249 213 701 268 106 458 470 66 760 712 863 123 150
is_linear=0
shrinkage=0.05


Tree=10
num_leaves=63
num_cat=0
split_feature=35 40 40 40 40 35 35 40 35 40 40 35 40 35 35 40 35 35 40 35 35 40 40 35 40 35 40 35 40 35 35 40 40 35 35 35 40 40 40 32 35 35 9 40 40 40 35 9 25 33 36 36 35 40 32 35 40 35 39 39 25 35
split_gain=3.64909e+09 2.12503e+09 9.0512e+08 1.73481e+09 7.77252e+08 6.36058e+08 4.66093e+08 4.22266e+08 2.26164e+08 2.04924e+08 4.26627e+08 1.95126e+08 1.48714e+08 1.09887e+08 1.00911e+08 8.7362e+07 6.21922e+07 5.78509e+07 5.19523e+07 4.61062e+07 4.1779e+07 3.81634e+07 9.8172e+07 3.52784e+07 3.27608e+07 2.89834e+07 2.65808e+07 2.35666e+07 2.15651e+07 1.68408e+07 1.63314e+07 1.53718e+07 1.48493e+07 1.2978e+07 1.22275e+07 1.15852e+07 1.13284e+07 1.1149e+07 1.0912e+07 1.60926e+07 1.03269e+07 8.97696e+06 8.59083e+06 7.83844e+06 1.9931e+07 7.71007e+06 7.63119e+06 7.12956e+06 6.74446e+06 6.68754e+06 9.06358e+06 6.64401e+06 6.49134e+06 6.14628e+06 6.11083e+06 5.94126e+06 5.77486e+06 5.32085e+06 5.26072e+06 5.25791e+06 5.13754e+06 5.09284e+06
threshold=644.05000000000018 5.5000000000000009 1.0000000180025095e-35 1.5000000000000002 4.5000000000000009 361.85000000000008 1089.1000000000001 5.5000000000000009 1211.5500000000002 1.0000000180025095e-35 1.5000000000000002 1107.4500000000003 4.5000000000000009 227.95000000000002 837.70000000000016 5.5000000000000009 837.70000000000016 1401.7500000000002 2.5000000000000004 500.15000000000003 813.45000000000016 1.0000000180025095e-35 1.5000000000000002 1140.5000000000002 4.5000000000000009 1437.45 3.5000000000000004 536.6500000000002 5.5000000000000009 1045.6000000000001 468.65000000000009 2.5000000000000004 2.5000000000000004 721.20000000000016 137.25000000000003 444.45000000000005 3.5000000000000004 3.5000000000000004 3.5000000000000004 278.85000000000008 696.05000000000007 129.15000000000001 1.0000000180025095e-35 1.0000000180025095e-35 1.5000000000000002 4.5000000000000009 953.35000000000014 1.0000000180025095e-35 1.0000000180025095e-35 222.70000000000002 388.85000000000008 377.65000000000009 297.45000000000005 2.5000000000000004 271.95000000000005 557.85000000000002 2.5000000000000004 918.1500000000002 1.0000000180025095e-35 1.0000000180025095e-35 1.0000000180025095e-35 796.40000000000009
decision_type=2 2 2 2 2 2 2 2 2 2 2 2 2 2 2 2 2 2 2 2 2 2 2 2 2 2 2 2 2 2 2 2 2 2 2 2 2 2 2 2 2 2 2 2 2 2 2 2 2 2 2 2 2 2 2 2 2 2 2 2 2 2
left_child=5 2 29 8 11 13 14 9 16 -7 30 18 27 28 33 21 40 49 61 35 36 -15 -23 42 53 31 57 32 41 60 -11 -13 -12 -3 -30 -9 -20 -34 39 -33 -4 -1 48 -43 -45 -46 -16 -28 -6 -8 -51 -19 -17 -24 -42 -21 -29 -22 -31 -18 -2 -5
right_child=1 6 3 4 23 7 17 19 -10 10 12 25 -14 15 46 52 59 51 20 55 26 22 24 -25 -26 -27 47 56 34 58 -32 38 37 -35 -36 -37 -38 -39 -40 -41 54 43 -44 44 45 -47 -48 -49 -50 50 -52 -53 -54 -55 -56 -57 -58 -59 -60 -61 -62 -63
leaf_value=-50.695338963022458 -32.66637136539498 46.476246090553076 87.783012721849531 -4.3732174030521183 -22.151975495702487 -40.629059223598908 139.72695549352846 4.5337813407182699 301.40497878502157 44.175220499265762 -23.141647012121727 47.094086568495811 -33.980252157785877 -47.376491941991645 80.318025477894579 -16.010028236298947 162.98123591496395 166.18640733198686 38.750430507009682 22.386701894642748 58.651014597275676 20.884012516166855 -36.365305210295183 3.0942650974032437 -43.392501809512872 121.68781244029169 36.149221943395837 -7.7990112380547956 -41.936431210215503 -24.404769687299378 72.129230844057517 65.184129598866349 1.815321045700651 61.651048196815864 -28.545886443635109 15.949764378873514 19.176728115969205 -12.3467199163234 73.877840896889026 116.40707881761635 108.54567524303091 -50.894257739839105 -5.1313530690202089 -13.960446941674645 -37.065970670259922 -48.791467828924006 92.682374139734222 63.231387802650197 -6.883384788763232 117.48370361328125 146.6856902091734 199.34776797087295 -6.3013199346406124 -21.405658267660343 143.75962480817523 33.788012986461609 12.13073070688111 77.515952884720036 -12.269141530870792 186.98210615678269 -18.24593105558036 15.47448336065632
leaf_weight=563 589 247 23 58 613 720 67 491 29 105 149 34 766 357 285 370 39 44 132 196 68 92 84 253 425 46 150 44 328 162 104 23 274 328 355 406 168 282 108 46 22 210 107 67 286 275 222 29 82 186 31 23 322 376 28 274 209 83 199 55 69 73
leaf_count=563 589 247 23 58 613 720 67 491 29 105 149 34 766 357 285 370 39 44 132 196 68 92 84 253 425 46 150 44 328 162 104 23 274 328 355 406 168 282 108 46 22 210 107 67 286 275 222 29 82 186 31 23 322 376 28 274 209 83 199 55 69 73
internal_value=-0.0653581 34.8987 12.7529 30.3332 16.8899 -20.3686 85.7121 -6.22758 172.517 -17.8599 -9.37887 48.0575 -17.5575 -34.2 69.4707 -25.9081 150.135 135.778 35.3363 16.3478 41.2935 -33.3861 -28.274 -13.1846 -33.3842 85.7261 53.5703 -4.42622 -42.2611 -26.3931 58.0854 77.8861 -9.12409 55.1325 -34.9765 9.70088 27.7892 -5.36758 83.8009 99.3328 115.511 -45.8124 -18.32 -42.5318 -39.7355 -42.8138 85.732 40.5368 -20.3505 125.919 121.655 177.57 -11.4924 -24.1374 128.265 29.0334 8.66469 69.0205 -17.715 177.024 -31.1542 6.68695
internal_weight=12851 4721 3288 2269 2073 8130 1433 4020 196 2653 1933 1018 1724 4110 1082 2026 167 351 761 1367 630 1334 977 1055 885 257 330 958 2084 1019 209 211 705 575 683 897 300 556 177 69 73 1401 802 838 628 561 507 179 695 284 217 67 692 460 50 470 253 151 361 94 658 131
internal_count=12851 4721 3288 2269 2073 8130 1433 4020 196 2653 1933 1018 1724 4110 1082 2026 167 351 761 1367 630 1334 977 1055 885 257 330 958 2084 1019 209 211 705 575 683 897 300 556 177 69 73 1401 802 838 628 561 507 179 695 284 217 67 692 460 50 470 253 151 361 94 658 131
is_linear=0
shrinkage=0.05


Tree=11
num_leaves=63
num_cat=0
split_feature=35 40 40 40 40 35 35 40 40 40 35 35 40 35 40 35 35 35 40 40 40 35 35 40 35 35 40 40 40 40 35 35 40 35 35 35 35 35 31 40 35 35 40 32 35 35 40 40 40 40 35 2 33 32 32 35 35 25 40 35 25 25
split_gain=3.2933e+09 1.91784e+09 8.16871e+08 1.56566e+09 7.0147e+08 5.75428e+08 4.2115e+08 3.67383e+08 2.51424e+08 3.00801e+08 2.04113e+08 1.76101e+08 1.2855e+08 1.1104e+08 9.05578e+07 7.97787e+07 5.96582e+07 5.61285e+07 4.6887e+07 3.98353e+07 1.00131e+08 3.82403e+07 3.76904e+07 3.47522e+07 3.18388e+07 2.63356e+07 1.9767e+07 1.94625e+07 1.70318e+07 1.67781e+07 1.5691e+07 1.53124e+07 1.32632e+07 1.26532e+07 1.17127e+07 1.15085e+07 1.10353e+07 9.32001e+06 9.2636e+06 9.21575e+06 8.78401e+06 8.21771e+06 8.15253e+06 1.10824e+07 8.1017e+06 7.8912e+06 7.07419e+06 1.79877e+07 6.95834e+06 6.66212e+06 6.2713e+06 6.17493e+06 5.88372e+06 8.62752e+06 5.51502e+06 5.36198e+06 5.26312e+06 5.22608e+06 5.06133e+06 4.97438e+06 4.7939e+06 4.78334e+06
threshold=644.05000000000018 5.5000000000000009 1.0000000180025095e-35 1.5000000000000002 4.5000000000000009 373.25000000000006 1055.3000000000004 1.0000000180025095e-35 1.5000000000000002 5.5000000000000009 1211.5500000000002 1107.4500000000003 4.5000000000000009 227.95000000000002 5.5000000000000009 837.70000000000016 1401.7500000000002 837.70000000000016 2.5000000000000004 1.0000000180025095e-35 1.5000000000000002 886.1500000000002 500.15000000000003 4.5000000000000009 1140.5000000000002 1401.7500000000002 2.5000000000000004 5.5000000000000009 3.5000000000000004 3.5000000000000004 515.45000000000016 1099.0500000000002 2.5000000000000004 468.65000000000009 721.20000000000016 1162.6500000000003 137.25000000000003 696.05000000000007 348.55000000000007 3.5000000000000004 444.45000000000005 813.45000000000016 3.5000000000000004 278.85000000000008 129.15000000000001 297.45000000000005 1.0000000180025095e-35 1.5000000000000002 4.5000000000000009 2.5000000000000004 696.05000000000007 1.0000000180025095e-35 458.60000000000008 459.15000000000003 271.95000000000005 557.85000000000002 1291.7500000000002 1.0000000180025095e-35 3.5000000000000004 583.75000000000011 1.0000000180025095e-35 1.0000000180025095e-35
decision_type=2 2 2 2 2 2 2 2 2 2 2 2 2 2 2 2 2 2 2 2 2 2 2 2 2 2 2 2 2 2 2 2 2 2 2 2 2 2 2 2 2 2 2 2 2 2 2 2 2 2 2 2 2 2 2 2 2 2 2 2 2 2
left_child=5 2 31 10 11 13 15 -7 33 12 17 18 26 27 19 34 35 37 -5 -15 -21 28 40 49 41 32 -10 44 50 -23 39 57 -13 -9 -3 -8 -29 -4 -19 -28 -11 -6 43 -34 -1 -16 -46 -48 -49 -22 -20 -37 53 -18 -39 -24 -44 -2 -51 -35 -43 -30
right_child=1 6 3 4 24 7 16 8 9 22 -12 25 -14 14 45 -17 52 38 21 20 23 29 55 -25 -26 -27 30 36 61 -31 -32 -33 42 59 -36 51 -38 54 -40 -41 -42 60 56 -45 46 -47 47 48 -50 58 -52 -53 -54 -55 -56 -57 -58 -59 -60 -61 -62 -63
leaf_value=-48.160571709153494 -30.565880745164964 44.152433903732522 83.393862384298586 6.3526041582340511 -23.303848604191753 -38.293721872299173 105.92001812699912 43.281047892821469 -18.023364860044946 4.8917885279599886 286.33472795157599 44.094178413622309 -31.806538047418105 -45.000581078162561 -15.20952666055512 80.179313221140816 140.58885305899162 180.5391928311052 24.622570464724589 20.784720037497728 -34.449213811625604 70.454387131104099 21.267366938627497 -41.016591699012729 2.9395518356043362 112.11372178511186 2.0453131794929504 -39.83961017887767 18.223420970643584 43.12063538173183 10.544022179231412 -15.673616332403924 62.75593893868583 62.533368220329287 58.568495753916295 120.66441292668021 -27.118591853531314 103.11839169588957 148.24990488688152 -11.928965649844216 15.152276227392001 -15.06735523378849 61.532790975859669 106.90353507995606 -48.349544939313617 -4.9775226382218536 -13.262424554842623 -35.21267196548569 -46.351894331498585 -13.936181592532234 46.707213159547237 144.24985827277689 191.40559478759766 183.91648315429688 136.57164568219866 32.098612215331876 84.891274703176407 -16.854089101766927 -24.881673376963022 88.487436421712246 -0.1253225307310781 41.027551260361307
leaf_weight=563 637 247 23 131 340 687 138 95 185 429 29 33 717 390 370 468 27 58 42 102 92 104 196 474 253 55 233 328 199 122 246 304 21 80 328 151 355 22 36 239 406 400 66 44 210 384 67 286 275 204 137 34 20 20 28 274 38 78 219 24 62 26
leaf_count=563 637 247 23 131 340 687 138 95 185 429 29 33 717 390 370 468 27 58 42 102 92 104 196 474 253 55 233 328 199 122 246 304 21 80 328 151 355 22 36 239 406 400 66 44 210 384 67 286 275 204 137 34 20 20 28 274 38 78 219 24 62 26
internal_value=-0.0620902 33.1538 12.1152 28.8165 16.0454 -19.3502 81.4265 -5.18923 2.0908 -1.60903 163.891 45.6546 -16.0002 -31.8455 -24.104 64.8514 125.754 142.628 33.5695 -31.2852 -26.3824 39.2289 16.2558 -31.247 -12.5254 81.4398 -3.44957 -40.148 30.0154 55.699 0.305522 -25.0735 73.088 56.4727 52.3759 116.848 -33.2277 109.735 168.173 -5.03065 9.88072 -17.404 78.7495 92.6405 -43.5218 -9.99853 -40.4052 -37.7487 -40.6731 -22.2551 41.5253 124.999 168.692 159.026 121.852 27.5818 70.0676 -29.07 -19.603 68.5228 -13.0621 20.8586
internal_weight=12851 4721 3288 2269 2073 8130 1433 3811 3124 2925 196 1018 1620 4319 2235 1043 390 167 761 1481 1091 630 1305 989 1055 257 903 2084 404 226 718 1019 202 199 575 323 683 73 94 472 835 802 169 65 1401 754 838 628 561 515 179 185 67 47 50 470 104 715 423 104 462 225
internal_count=12851 4721 3288 2269 2073 8130 1433 3811 3124 2925 196 1018 1620 4319 2235 1043 390 167 761 1481 1091 630 1305 989 1055 257 903 2084 404 226 718 1019 202 199 575 323 683 73 94 472 835 802 169 65 1401 754 838 628 561 515 179 185 67 47 50 470 104 715 423 104 462 225
is_linear=0
shrinkage=0.05


Tree=12
num_leaves=63
num_cat=0
split_feature=33 40 40 40 32 40 40 31 36 40 40 40 36 40 36 36 34 36 40 40 36 40 37 40 36 34 36 31 31 36 34 31 36 34 31 37 36 31 36 32 40 40 40 31 36 37 37 36 40 40 36 36 32 31 40 36 40 37 37 40 32 36
split_gain=2.14897e+09 1.46498e+09 6.81484e+08 1.21194e+09 6.02296e+08 5.38559e+08 4.28786e+08 3.10083e+08 2.94221e+08 1.77802e+08 1.65367e+08 2.79982e+08 1.47918e+08 1.39824e+08 1.27954e+08 1.10194e+08 1.04001e+08 9.23386e+07 9.05667e+07 2.09292e+08 8.11853e+07 6.96399e+07 5.37158e+07 5.14562e+07 4.98009e+07 4.39349e+07 4.06551e+07 3.29181e+07 3.23161e+07 3.08562e+07 2.92905e+07 2.78253e+07 2.67093e+07 2.24905e+07 2.01881e+07 2.00704e+07 1.96185e+07 1.8027e+07 1.78974e+07 1.74338e+07 1.62436e+07 3.88423e+07 1.81031e+07 1.61232e+07 1.50065e+07 1.40728e+07 1.37713e+07 1.36502e+07 1.25931e+07 1.41161e+07 1.24728e+07 1.21082e+07 1.20155e+07 1.39724e+07 1.19651e+07 1.18037e+07 1.14598e+07 1.13435e+07 1.10042e+07 1.01691e+07 8.95452e+06 8.76298e+06
threshold=64.65000000000002 5.5000000000000009 1.0000000180025095e-35 1.5000000000000002 167.95000000000002 4.5000000000000009 5.5000000000000009 291.30000000000001 268.44166666666678 5.5000000000000009 1.0000000180025095e-35 1.5000000000000002 203.00416666666669 4.5000000000000009 292.81666666666672 319.85000000000008 71.050000000000026 340.8250000000001 1.0000000180025095e-35 1.5000000000000002 194.35000000000002 4.5000000000000009 3.5000000000000004 5.5000000000000009 204.23333333333338 237.80000000000004 258.81250000000006 365.45000000000005 182.85000000000005 388.85000000000008 185.30000000000004 182.85000000000005 359.37500000000006 130.05000000000004 397.25000000000006 4.5000000000000009 273.75000000000006 139.15000000000001 384.55000000000007 389.15000000000003 1.0000000180025095e-35 1.5000000000000002 4.5000000000000009 230.75000000000003 347.55833333333339 4.5000000000000009 4.5000000000000009 425.18333333333339 2.5000000000000004 3.5000000000000004 148.22500000000002 274.85833333333341 270.45000000000005 346.75000000000006 2.5000000000000004 388.85000000000008 2.5000000000000004 4.5000000000000009 3.5000000000000004 3.5000000000000004 336.25000000000006 224.02500000000003
decision_type=2 2 2 2 2 2 2 2 2 2 2 2 2 2 2 2 2 2 2 2 2 2 2 2 2 2 2 2 2 2 2 2 2 2 2 2 2 2 2 2 2 2 2 2 2 2 2 2 2 2 2 2 2 2 2 2 2 2 2 2 2 2
left_child=4 2 51 12 7 14 10 23 20 18 -6 31 58 26 24 27 29 25 -9 -20 35 54 -22 37 50 -14 -13 39 -25 -10 55 -12 46 -26 -11 -3 -7 -1 -17 43 -39 -42 -43 -8 -33 -24 -18 56 -35 -50 -5 -2 -32 -54 -21 -16 -28 -52 -4 -58 61 -47
right_child=1 8 3 5 6 36 15 9 16 34 11 13 17 -15 30 38 32 -19 19 21 22 -23 45 28 33 -27 47 -29 -30 -31 52 44 -34 48 -36 -37 -38 40 -40 -41 41 42 -44 -45 -46 60 -48 -49 49 -51 57 -53 53 -55 -56 -57 59 -59 -60 -61 -62 -63
leaf_value=-44.290008771482604 -29.090798519570683 24.846789619748037 46.504118181311568 -12.730428847488092 -33.584656798473894 -18.695329791214316 4.0611123232526074 -39.167450139838031 80.694874100789548 -0.81019559013035769 36.991064289637976 -6.4022006191705403 139.48371311534535 -25.155473667331812 52.344053928272153 46.927737770625527 118.08630458728688 273.77090393066408 41.372462095842735 -22.586969446128524 45.850709322077286 -33.487225867680145 73.618418242714625 -32.885256210313599 30.023945472784664 207.89835987091067 -2.8215450717556863 52.633700044660102 -15.473651058082524 132.58100929260254 61.525100854726944 78.095296139870925 171.77763305664064 24.889595498709845 13.564615539434005 57.857085507710771 -3.9166710257008677 -44.051368850486867 71.158086083023633 33.623492387795856 -1.5728461781326606 -27.941597967185078 -41.941223007373594 24.126509266946375 127.90403427124025 65.821128739981816 158.20802612304689 49.416635486739025 80.176679801940921 46.602483214794752 8.457631726391547 -17.64553676753787 77.373960558573401 119.16568945990669 -6.2696768805052265 88.292947331181281 31.485364285726394 40.354560679358407 95.414323259436571 12.387346309652695 115.15703753959843 108.23152378627233
leaf_weight=756 551 198 23 49 489 512 257 461 274 487 35 247 88 551 148 175 148 20 154 142 169 560 176 563 230 32 62 72 506 32 26 62 35 29 490 60 400 345 135 118 98 480 445 164 20 29 25 35 56 71 113 398 36 45 538 27 126 37 23 156 41 21
leaf_count=756 551 198 23 49 489 512 257 461 274 487 35 247 88 551 148 175 148 20 154 142 169 560 176 563 230 32 62 72 506 32 26 62 35 29 490 60 400 345 135 118 98 480 445 164 20 29 25 35 56 71 113 398 36 45 538 27 126 37 23 156 41 21
internal_value=-0.0589858 29.695 10.503 27.3067 -14.1094 14.6097 5.49569 -22.9081 75.9909 -10.8637 -8.81436 0.546287 148.747 -6.78656 42.8252 33.1991 104.664 174.305 -19.9559 -13.6025 54.7548 -20.4301 67.9099 -33.5907 29.4889 157.728 9.38161 20.88 -24.6437 86.1209 70.4908 74.3135 131.943 39.9637 6.39928 32.5236 -12.2135 -38.0937 57.4797 16.6383 -34.6694 -31.5053 -34.6766 11.8776 90.2438 81.8725 123.884 19.6681 54.6184 61.4069 9.17106 -24.2908 91.0988 100.592 -9.67711 57.8905 16.6414 16.3255 70.9592 20.9205 97.8364 83.6335
internal_weight=12851 4122 2914 1965 8729 1779 2704 6025 1208 2832 1783 1294 186 1177 867 921 514 140 1855 1394 694 1240 436 3193 585 120 626 611 1069 306 282 117 208 386 977 258 912 2124 310 539 1368 1023 925 421 82 267 173 379 156 127 199 949 107 81 680 175 344 150 46 282 91 50
internal_count=12851 4122 2914 1965 8729 1779 2704 6025 1208 2832 1783 1294 186 1177 867 921 514 140 1855 1394 694 1240 436 3193 585 120 626 611 1069 306 282 117 208 386 977 258 912 2124 310 539 1368 1023 925 421 82 267 173 379 156 127 199 949 107 81 680 175 344 150 46 282 91 50
is_linear=0
shrinkage=0.05


Tree=13
num_leaves=63
num_cat=0
split_feature=35 40 40 40 40 35 35 40 40 40 35 35 40 35 40 35 35 35 35 40 40 40 35 40 35 40 40 40 40 40 35 35 35 35 35 35 35 35 31 40 9 9 35 35 35 40 40 40 29 35 9 5 40 25 25 36 39 40 31 32 9 25
split_gain=2.70323e+09 1.56149e+09 6.667e+08 1.27603e+09 5.71192e+08 4.72743e+08 3.44251e+08 3.00027e+08 2.05638e+08 2.45418e+08 1.72773e+08 1.45112e+08 1.05479e+08 9.03604e+07 7.42132e+07 6.5619e+07 4.8629e+07 4.66178e+07 3.3483e+07 3.22263e+07 8.13019e+07 3.11261e+07 3.09062e+07 2.82789e+07 2.72175e+07 2.36861e+07 1.71109e+07 1.64242e+07 1.5696e+07 1.36892e+07 1.32362e+07 1.25395e+07 1.19109e+07 1.06319e+07 9.62347e+06 9.45352e+06 9.36826e+06 9.33789e+06 7.94749e+06 7.92842e+06 7.67326e+06 7.57505e+06 7.57062e+06 7.50449e+06 7.42116e+06 6.86658e+06 1.72269e+07 6.92313e+06 6.2876e+06 6.15887e+06 5.77891e+06 5.76996e+06 5.71445e+06 5.70391e+06 5.62397e+06 5.36385e+06 5.26079e+06 5.0174e+06 4.96787e+06 4.90415e+06 4.86187e+06 4.59373e+06
threshold=644.05000000000018 5.5000000000000009 1.0000000180025095e-35 1.5000000000000002 4.5000000000000009 373.25000000000006 1055.3000000000004 1.0000000180025095e-35 1.5000000000000002 5.5000000000000009 1211.5500000000002 1009.4000000000001 4.5000000000000009 227.95000000000002 5.5000000000000009 837.70000000000016 1401.7500000000002 837.70000000000016 1291.7500000000002 1.0000000180025095e-35 1.5000000000000002 2.5000000000000004 500.15000000000003 4.5000000000000009 1140.5000000000002 3.5000000000000004 2.5000000000000004 2.5000000000000004 5.5000000000000009 3.5000000000000004 939.55000000000018 509.85000000000008 861.75000000000011 468.65000000000009 721.20000000000016 1522.8500000000001 133.45000000000002 1186.7000000000003 348.55000000000007 3.5000000000000004 1.0000000180025095e-35 1.0000000180025095e-35 696.05000000000007 758.55000000000007 444.45000000000005 1.0000000180025095e-35 1.5000000000000002 4.5000000000000009 1.0000000180025095e-35 297.45000000000005 1.0000000180025095e-35 1.0000000180025095e-35 2.5000000000000004 1.0000000180025095e-35 1.0000000180025095e-35 377.65000000000009 1.0000000180025095e-35 3.5000000000000004 128.85000000000005 271.95000000000005 1.0000000180025095e-35 1.0000000180025095e-35
decision_type=2 2 2 2 2 2 2 2 2 2 2 2 2 2 2 2 2 2 2 2 2 2 2 2 2 2 2 2 2 2 2 2 2 2 2 2 2 2 2 2 2 2 2 2 2 2 2 2 2 2 2 2 2 2 2 2 2 2 2 2 2 2
left_child=5 2 30 10 11 13 15 -7 33 12 17 21 27 28 19 34 37 42 26 -15 -21 -5 44 52 40 32 -13 -10 45 -28 -2 39 -23 -9 -3 57 -30 48 -19 -29 54 51 -4 -27 -11 -1 -47 -48 -8 -16 -32 58 -22 -45 -6 -18 -34 -20 -17 -44 61 -26
right_child=1 6 3 4 24 7 16 8 9 22 -12 18 -14 14 49 41 55 38 35 20 23 25 -24 -25 60 43 29 31 36 -31 50 -33 56 -35 -36 -37 -38 -39 -40 -41 -42 -43 59 53 -46 46 47 -49 -50 -51 -52 -53 -54 -55 -56 -57 -58 -59 -60 -61 -62 -63
leaf_value=-45.535622963710139 -27.995457904320912 39.841125441056036 74.804180642832875 3.6948351414857714 -19.243831926025148 -34.611839665353209 102.24954673116521 38.972758760201309 -16.377384094032081 4.3154779498974447 260.73639778926457 28.473891481486234 -28.779500151412094 -40.710166211250502 -13.707487408623502 83.080632869057041 142.20947612415659 163.25625641921474 95.897297986348477 18.537407760059136 -31.529939216116205 35.842202167629459 24.930067628292328 -37.160533760167375 -2.904612015163178 12.620544212017585 78.049967094870169 2.0838851454281389 -36.535886974273389 51.280699654675402 -18.628911667043209 9.288031261334778 42.546246373653418 62.11064064743428 52.90838251920735 118.21899069081184 -24.777218838024545 114.21164721488954 133.34850794474286 -10.975298663216122 -3.2153559995588861 89.259276516154671 91.799896378950649 25.874328189117968 13.74647012576094 -17.072434080525451 -35.399137745538106 -43.888993421137734 78.079813385009771 -4.6680877632796181 -2.0571835100650788 85.161344327059666 -17.780129010739341 52.386513040376748 -5.3011411133335855 172.00530926248302 67.959951645987374 72.172841369188745 65.464834452294681 123.34606127057758 19.124031956195832 17.917553053363676
leaf_weight=342 532 247 23 113 613 687 129 95 185 429 29 44 717 390 370 46 44 58 39 102 92 161 470 474 182 109 85 229 311 109 427 253 32 104 328 23 372 160 36 236 107 59 22 172 406 95 511 453 34 384 60 55 423 23 82 23 56 52 308 28 40 31
leaf_count=342 532 247 23 113 613 687 129 95 185 429 29 44 717 390 370 46 44 58 39 102 92 161 470 474 182 109 85 229 311 109 427 253 32 104 328 23 372 160 36 236 107 59 22 172 406 95 511 453 34 384 60 55 423 23 82 23 56 52 308 28 40 31
internal_value=-0.0560365 30.0374 11.0537 26.1419 14.6124 -17.5309 73.5952 -4.69553 1.88337 -1.46266 148.084 41.331 -14.4616 -28.8566 -21.8731 58.6095 113.672 128.522 67.2975 -28.3741 -23.9643 27.607 14.674 -28.3477 -11.1691 32.4932 56.6248 -3.09292 -36.3462 63.0095 -22.5432 0.32996 43.927 51.0649 47.2951 89.5791 -30.1315 105.631 151.802 -4.544 -15.6798 72.5108 98.545 23.128 8.90109 -39.376 -37.3867 -39.3887 97.208 -9.10387 -16.5872 70.0947 -20.2364 29.0014 -17.5988 152.438 58.7186 82.3405 67.7539 109.466 3.12951 0.125844
internal_weight=12851 4721 3288 2269 2073 8130 1433 3811 3124 2925 196 1018 1620 4319 2235 1043 390 167 352 1481 1091 666 1305 989 1055 553 238 903 2084 194 1019 718 249 199 575 114 683 323 94 465 802 468 73 304 835 1401 1059 964 163 754 487 409 515 195 695 67 88 91 354 50 253 213
internal_count=12851 4721 3288 2269 2073 8130 1433 3811 3124 2925 196 1018 1620 4319 2235 1043 390 167 352 1481 1091 666 1305 989 1055 553 238 903 2084 194 1019 718 249 199 575 114 683 323 94 465 802 468 73 304 835 1401 1059 964 163 754 487 409 515 195 695 67 88 91 354 50 253 213
is_linear=0
shrinkage=0.05


Tree=14
num_leaves=63
num_cat=0
split_feature=35 40 40 40 40 35 35 40 40 40 35 35 40 35 35 40 35 35 35 35 35 40 40 40 40 40 40 35 40 40 35 35 35 40 35 35 35 35 31 35 9 35 35 35 40 35 9 2 40 40 40 33 32 9 35 25 40 40 32 25 25 35
split_gain=2.44183e+09 1.41214e+09 6.09674e+08 1.17405e+09 5.17867e+08 3.86806e+08 3.4526e+08 2.55728e+08 1.79872e+08 2.13738e+08 1.60764e+08 1.45882e+08 8.86589e+07 7.56114e+07 6.85602e+07 5.69117e+07 4.58158e+07 4.38876e+07 3.75312e+07 2.67171e+07 2.55999e+07 2.42636e+07 2.39693e+07 6.50393e+07 2.10144e+07 2.05474e+07 1.66975e+07 1.47818e+07 1.35188e+07 1.31279e+07 1.30789e+07 1.2044e+07 1.199e+07 1.19512e+07 1.14488e+07 1.01187e+07 8.5318e+06 8.44754e+06 7.17261e+06 6.98362e+06 6.83649e+06 6.77658e+06 6.76308e+06 6.14538e+06 6.10172e+06 5.67541e+06 5.66538e+06 5.63076e+06 5.28166e+06 1.14308e+07 5.88294e+06 5.20015e+06 7.5345e+06 5.17159e+06 4.94241e+06 4.62446e+06 4.52946e+06 4.52821e+06 4.426e+06 4.2631e+06 4.08969e+06 4.06779e+06
threshold=618.75000000000011 5.5000000000000009 1.0000000180025095e-35 1.5000000000000002 4.5000000000000009 356.40000000000003 1055.3000000000004 1.0000000180025095e-35 1.5000000000000002 5.5000000000000009 1211.5500000000002 960.80000000000007 4.5000000000000009 837.70000000000016 215.05000000000004 5.5000000000000009 837.70000000000016 1401.7500000000002 1291.7500000000002 1055.3000000000004 461.05000000000007 2.5000000000000004 1.0000000180025095e-35 1.5000000000000002 3.5000000000000004 4.5000000000000009 2.5000000000000004 721.20000000000016 2.5000000000000004 3.5000000000000004 1009.4000000000001 452.25000000000006 93.850000000000009 5.5000000000000009 711.55000000000007 470.90000000000003 1522.8500000000001 1162.6500000000003 348.55000000000007 736.45000000000016 1.0000000180025095e-35 552.85000000000014 696.05000000000007 314.15000000000003 3.5000000000000004 813.45000000000016 1.0000000180025095e-35 1.0000000180025095e-35 1.0000000180025095e-35 1.5000000000000002 4.5000000000000009 458.60000000000008 459.15000000000003 1.0000000180025095e-35 1437.45 1.0000000180025095e-35 2.5000000000000004 3.5000000000000004 271.95000000000005 1.0000000180025095e-35 1.0000000180025095e-35 861.75000000000011
decision_type=2 2 2 2 2 2 2 2 2 2 2 2 2 2 2 2 2 2 2 2 2 2 2 2 2 2 2 2 2 2 2 2 2 2 2 2 2 2 2 2 2 2 2 2 2 2 2 2 2 2 2 2 2 2 2 2 2 2 2 2 2 2
left_child=5 2 30 10 11 14 13 -7 31 12 16 21 28 27 32 22 42 37 26 45 -11 -5 -16 43 34 56 -13 -3 -10 -28 55 -9 -1 48 -23 44 57 -8 -18 -26 -15 -22 -4 -24 -30 -6 54 -39 -34 -50 -51 52 -19 -32 -21 -2 -25 -20 -44 -14 -47 -36
right_child=1 6 3 4 19 7 17 8 9 20 -12 18 59 40 15 -17 38 51 36 46 41 24 23 25 39 -27 29 -29 35 -31 53 -33 33 -35 61 -37 -38 47 -40 -41 -42 -43 58 -45 -46 60 -48 -49 49 50 -52 -53 -54 -55 -56 -57 -58 -59 -60 -61 -62 -63
leaf_value=-42.153553913757868 -27.501526782340939 35.395638923735916 73.963399098714191 1.8323925364333971 -20.6696046681528 -33.508941256862947 90.987069977193642 31.390010732220066 -16.723424994438254 4.8043860226261375 247.69957696322737 25.675730981448524 -29.201842254788218 66.590011312559355 -38.940309597046905 -10.529758274817434 155.09344569239124 118.49944684063946 91.102434006715441 -4.9918548585414895 15.553395678314017 22.58906065836549 5.8217561775638211 -30.916381025844153 9.0125637822541886 -35.863745909671302 69.471722395230188 50.262963339650049 -0.67733137647722674 46.598039071103358 -16.750468886969745 55.5423234269023 -42.414601255551418 -26.374042077173563 39.72641761055533 4.773722175402944 112.30804257600205 103.1938318770453 126.68108274671768 24.572750237339832 84.796312700691885 26.614692171394523 87.209900041060024 32.27290318643346 -13.064785702402999 -14.027438067430314 14.942758106333869 125.71605992036707 -15.249522767195831 -31.393545344224293 -40.669533254139459 166.16977111816408 158.98958084106448 0.45577899837493902 14.362280632320205 -14.250215598054835 -18.444852006560549 68.564199741070098 117.17875736781531 -15.187350714408746 1.6141215910514195 56.018425509134936
leaf_weight=452 597 341 30 113 385 696 138 93 188 637 29 52 676 409 363 716 58 27 39 250 466 80 62 90 119 439 113 328 193 141 345 116 241 481 106 331 23 151 36 183 59 197 22 34 205 323 56 34 74 349 335 20 20 50 38 74 381 52 28 59 48 60
leaf_count=452 597 341 30 113 385 696 138 93 188 637 29 52 676 409 363 716 58 27 39 250 466 80 62 90 119 439 113 328 193 141 345 116 241 481 106 331 23 151 36 183 59 197 22 34 205 323 56 34 74 349 335 20 20 50 38 74 381 52 28 59 48 60
internal_value=-0.0532347 27.3608 9.642 23.6971 12.9923 -17.3811 67.3936 -6.07158 -0.0303245 -3.20394 138.708 37.5696 -15.1389 53.4692 -28.2402 -21.9523 120.543 107.988 60.6123 -11.1605 11.9626 22.9283 -27.9264 -23.9522 27.2784 -28.0815 51.4894 42.6849 -4.76871 56.7741 -21.7909 44.7951 -35.0261 -32.8493 38.127 -1.68574 85.1002 100.349 144.212 18.4414 68.8853 18.8401 92.7316 15.1899 -7.0578 -16.4169 0.391272 107.333 -35.967 -33.917 -35.9366 144.816 135.729 -14.5725 -2.43818 -26.0401 -20.8279 78.2234 103.992 -28.0769 -12.0037 45.6151
internal_weight=12851 4977 3450 2384 2181 7874 1527 3857 3161 2952 203 1081 1652 1137 4017 2085 174 390 420 1100 1300 661 1369 1006 548 910 306 669 917 254 1066 209 1932 1480 246 729 114 323 94 302 468 663 80 96 398 756 344 185 999 758 684 67 47 395 288 671 471 91 50 735 371 166
internal_count=12851 4977 3450 2384 2181 7874 1527 3857 3161 2952 203 1081 1652 1137 4017 2085 174 390 420 1100 1300 661 1369 1006 548 910 306 669 917 254 1066 209 1932 1480 246 729 114 323 94 302 468 663 80 96 398 756 344 185 999 758 684 67 47 395 288 671 471 91 50 735 371 166
is_linear=0
shrinkage=0.05


Tree=15
num_leaves=63
num_cat=0
split_feature=33 40 40 40 32 40 40 36 31 40 40 40 36 40 36 34 31 40 40 36 40 34 36 37 36 31 31 40 32 34 31 36 40 36 37 36 31 37 37 36 37 21 36 36 31 32 25 36 37 36 40 40 40 37 36 40 40 31 32 40 40 36
split_gain=1.50074e+09 1.02782e+09 4.91481e+08 9.24037e+08 4.37767e+08 3.79526e+08 2.95719e+08 2.33966e+08 2.32108e+08 1.34731e+08 1.31395e+08 2.2193e+08 1.19425e+08 1.01433e+08 1.01236e+08 9.25866e+07 8.22084e+07 6.85511e+07 1.71261e+08 6.46572e+07 5.39296e+07 4.52223e+07 4.20426e+07 4.00395e+07 3.67178e+07 3.19424e+07 2.5741e+07 2.28265e+07 2.25419e+07 2.23075e+07 2.18974e+07 2.12262e+07 2.03975e+07 1.81495e+07 1.90542e+07 1.75504e+07 1.70929e+07 1.50907e+07 1.4352e+07 1.38746e+07 1.80388e+07 1.15258e+07 1.118e+07 1.08958e+07 1.06507e+07 1.05207e+07 1.04861e+07 1.04608e+07 9.63166e+06 1.04668e+07 9.41201e+06 2.53662e+07 9.77924e+06 9.10077e+06 8.86553e+06 8.65254e+06 1.28892e+07 8.27499e+06 8.24368e+06 7.32876e+06 7.28976e+06 7.12908e+06
threshold=1.0000000180025095e-35 5.5000000000000009 1.0000000180025095e-35 1.5000000000000002 167.95000000000002 4.5000000000000009 5.5000000000000009 259.93333333333334 268.45000000000005 5.5000000000000009 1.0000000180025095e-35 1.5000000000000002 279.31666666666672 4.5000000000000009 288.28333333333336 222.35000000000005 271.85000000000008 1.0000000180025095e-35 1.5000000000000002 186.45000000000002 4.5000000000000009 341.45000000000005 169.91666666666671 3.5000000000000004 204.23333333333338 275.05000000000007 148.75000000000003 2.5000000000000004 387.35000000000008 60.000000000000007 362.15000000000003 277.15833333333336 5.5000000000000009 359.37500000000006 4.5000000000000009 369.95000000000005 397.25000000000006 3.5000000000000004 3.5000000000000004 364.85833333333341 3.5000000000000004 1.0000000180025095e-35 241.60000000000005 425.18333333333339 431.55000000000007 284.55000000000007 1.0000000180025095e-35 327.25000000000006 4.5000000000000009 209.31250000000003 1.0000000180025095e-35 1.5000000000000002 4.5000000000000009 4.5000000000000009 241.60000000000005 2.5000000000000004 3.5000000000000004 387.25000000000006 378.05000000000007 3.5000000000000004 2.5000000000000004 325.81666666666672
decision_type=2 2 2 2 2 2 2 2 2 2 2 2 2 2 2 2 2 2 2 2 2 2 2 2 2 2 2 2 2 2 2 2 2 2 2 2 2 2 2 2 2 2 2 2 2 2 2 2 2 2 2 2 2 2 2 2 2 2 2 2 2 2
left_child=4 2 54 12 8 14 10 19 26 17 -6 30 22 25 24 39 28 -10 57 41 44 47 -4 -21 53 -13 -1 -16 -8 59 42 -7 50 34 -17 58 -11 -26 -24 40 -9 -3 -12 60 -20 -40 -33 -14 49 -25 -28 -52 -53 -5 -2 -39 -57 -19 -18 -29 -27 -61
right_child=1 7 3 5 6 31 16 15 9 36 11 13 21 -15 27 33 35 18 20 23 -22 -23 38 48 37 43 32 29 -30 -31 -32 46 -34 -35 -36 -37 -38 55 45 -41 -42 -43 -44 -45 -46 -47 -48 -49 -50 -51 51 52 -54 -55 -56 56 -58 -59 -60 61 -62 -63
leaf_value=-35.148376568003577 -26.634043525584076 6.7219545462656587 39.776339244842532 1.0558134293917454 -29.526628782739284 -16.285215081544248 5.2830700800897645 61.76049216379554 -33.855402659058335 -1.7882667973421491 31.398828399521967 -3.5711163063321196 135.91629545150266 -22.32548534884539 24.37795710762342 99.914161076716027 31.871236155768656 22.215580505616966 -13.325426675565215 35.071756851794412 -29.579977808861436 241.28524518694201 86.906897497177127 38.001794316551901 19.994403386292635 -0.95786511557442811 -38.324621556913904 64.334627322296612 29.342544178029041 81.394609929006037 101.06139718258021 -4.7769388237195773 -17.492571453331312 148.07386276657516 149.00722745259603 56.284661138348469 10.793321938149433 17.885846435662472 108.67321177515493 96.560358731251853 88.285126426003202 29.882583550438785 68.244002609252931 46.921459593917383 -0.0805249265426599 152.93408398437501 17.348513719439506 182.29749877929689 79.23455138100519 65.912016419961432 -0.92880433898374271 -24.654391855792952 -36.618329999431879 24.703694855725324 -16.962297244622821 60.652510902285577 33.604521844095117 44.094181225654928 54.610117713610329 24.875225350516185 20.394179885453344 53.952667945286009
leaf_weight=1334 414 84 25 165 482 569 305 236 509 612 35 285 31 497 42 112 235 80 569 172 619 21 32 44 135 49 243 67 143 109 33 328 511 37 24 164 483 33 29 53 88 149 50 33 207 25 64 20 90 142 83 369 318 54 554 80 98 94 48 35 217 53
leaf_count=1334 414 84 25 165 482 569 305 236 509 612 35 285 31 497 42 112 235 80 569 172 619 21 32 44 135 49 243 67 143 109 33 328 511 37 24 164 483 33 29 53 88 149 50 33 207 25 64 20 90 142 83 369 318 54 554 80 98 94 48 35 217 53
internal_value=-0.401896 24.0459 8.18297 22.2498 -12.3716 11.5484 4.88232 62.4856 -19.7412 -10.4319 -7.47899 1.3842 129.381 -5.72296 35.453 86.741 28.0995 -17.911 -12.7385 42.896 -18.5726 179.533 96.8496 54.0068 22.9082 8.40624 -30.0765 58.6158 12.9628 64.0627 66.4931 -10.1174 -25.637 117.025 108.578 43.27 3.76142 33.0489 113.441 72.8442 68.9647 21.5328 53.0725 19.8228 -9.79231 129.164 -1.16462 154.105 65.8069 59.3096 -29.7454 -27.0379 -30.1923 6.8868 -21.0988 41.4013 45.7609 34.0351 35.728 51.8745 16.4609 42.3878
internal_weight=12821 4214 2983 2015 8607 1832 2576 1231 6031 3173 1681 1199 183 1081 871 550 895 2078 1569 681 1395 72 111 448 565 584 2858 306 448 264 118 961 1524 173 136 447 1095 346 86 377 324 233 85 299 776 54 392 51 276 186 1013 770 687 219 968 211 178 174 283 155 266 88
internal_count=12821 4214 2983 2015 8607 1832 2576 1231 6031 3173 1681 1199 183 1081 871 550 895 2078 1569 681 1395 72 111 448 565 584 2858 306 448 264 118 961 1524 173 136 447 1095 346 86 377 324 233 85 299 776 54 392 51 276 186 1013 770 687 219 968 211 178 174 283 155 266 88
is_linear=0
shrinkage=0.05


Tree=16
num_leaves=63
num_cat=0
split_feature=35 40 40 40 40 35 35 40 40 40 35 35 40 35 35 35 40 35 35 40 35 40 35 40 40 40 40 35 36 35 35 35 40 25 9 35 35 35 40 25 39 40 35 35 35 35 25 35 31 32 40 35 25 8 33 33 40 35 31 12 9 39
split_gain=1.98814e+09 1.08784e+09 5.0074e+08 9.98461e+08 4.01609e+08 3.10533e+08 2.65687e+08 2.14682e+08 1.54654e+08 1.7193e+08 1.25633e+08 1.15312e+08 7.95612e+07 5.64009e+07 5.59445e+07 5.43818e+07 4.53247e+07 2.70792e+07 2.68713e+07 2.6069e+07 2.56182e+07 2.13577e+07 2.05422e+07 2.02708e+07 5.82543e+07 1.85348e+07 1.74664e+07 1.38024e+07 1.34612e+07 1.05481e+07 9.98048e+06 9.42373e+06 9.14201e+06 9.04778e+06 8.94504e+06 8.85509e+06 8.5043e+06 8.09673e+06 7.75966e+06 7.47195e+06 7.0051e+06 6.71667e+06 6.68668e+06 6.3766e+06 6.10159e+06 5.84782e+06 5.65015e+06 5.55507e+06 5.40109e+06 5.20945e+06 4.70746e+06 4.1423e+06 3.96834e+06 3.91811e+06 3.86623e+06 3.93948e+06 3.81513e+06 3.76961e+06 3.73239e+06 3.69616e+06 3.59158e+06 3.66961e+06
threshold=623.70000000000005 5.5000000000000009 1.0000000180025095e-35 1.5000000000000002 4.5000000000000009 350.55000000000007 1067.0500000000002 1.0000000180025095e-35 1.5000000000000002 5.5000000000000009 1118.0500000000002 1036.0000000000002 4.5000000000000009 190.45000000000002 843.15000000000009 1327.2000000000003 5.5000000000000009 1140.5000000000002 837.70000000000016 2.5000000000000004 1437.45 3.5000000000000004 461.05000000000007 1.0000000180025095e-35 1.5000000000000002 2.5000000000000004 4.5000000000000009 536.6500000000002 327.25000000000006 1257.3500000000001 779.25000000000011 691.00000000000011 2.5000000000000004 1.0000000180025095e-35 1.0000000180025095e-35 452.25000000000006 1522.8500000000001 93.850000000000009 3.5000000000000004 1.0000000180025095e-35 1.0000000180025095e-35 5.5000000000000009 946.45000000000016 294.05000000000007 813.45000000000016 790.95000000000016 1.0000000180025095e-35 287.35000000000008 348.55000000000007 144.15000000000001 2.5000000000000004 588.85000000000002 1.0000000180025095e-35 1.0000000180025095e-35 217.25000000000003 276.2000000000001 3.5000000000000004 796.40000000000009 365.45000000000005 1.0000000180025095e-35 1.0000000180025095e-35 1.0000000180025095e-35
decision_type=2 2 2 2 2 2 2 2 2 2 2 2 2 2 2 2 2 2 2 2 2 2 2 2 2 2 2 2 2 2 2 2 2 2 2 2 2 2 2 2 2 2 2 2 2 2 2 2 2 2 2 2 2 2 2 2 2 2 2 2 2 2
left_child=5 2 29 10 11 13 14 -7 35 12 18 19 27 37 31 34 23 44 -4 57 25 30 -11 -15 43 -13 50 32 -12 40 -21 -3 -10 49 54 -9 -17 -1 -34 -19 -2 -39 53 -25 -6 -23 51 -18 -20 -27 -26 -24 -14 -16 -8 -56 -52 -5 -53 -57 61 -46
right_child=1 6 3 4 17 7 15 8 9 22 28 20 52 16 42 36 47 39 48 21 -22 45 46 24 26 33 -28 -29 -30 -31 -32 -33 38 -35 -36 -37 -38 41 -40 -41 -42 -43 -44 -45 60 -47 -48 -49 -50 -51 56 58 -54 -55 55 59 -58 -59 -60 -61 -62 -63
leaf_value=-38.259529657099549 -25.889865837016693 31.416329955073543 88.46290662765503 -3.8773765730230432 -18.531817519887873 -30.507613474089524 93.574113680281741 29.310402941703799 -17.814591923989354 3.8920573477670661 179.01904373168946 23.648325105792001 -26.974702832586747 -35.409904483873014 58.771300141887586 120.13504486670861 -14.318066259426491 0.81586291518492193 141.19548400532116 27.366600656927677 97.523943064763003 12.063861585966009 13.079108654262946 0.85112984049810125 -29.396313087962501 31.718864192962645 -33.083013557545115 8.0336922411983078 237.0302942657471 -7.0404883924504409 47.079701319843736 43.67905562772097 1.4787111578330603 85.370937500000011 105.595259141922 49.903397720000328 152.69603713463093 -33.10542059502199 -9.8886063288523545 22.701269757002592 -17.071194264660903 -25.081272071877912 68.784754763971463 24.028845397949219 -16.981242723662533 25.511481930966351 31.610010549371893 -5.7357952836155892 115.08119269476998 58.610035290062754 -12.993819694612434 19.217516105461726 -12.529675253203102 38.907813576289584 60.589455385561351 85.063125642679509 -22.348220382542372 12.887684677789608 42.933468282790415 63.538146177927651 1.4137115697391698 -7.4104143274923606
leaf_weight=469 474 243 80 76 364 725 53 93 160 673 20 42 702 392 219 65 459 208 44 114 39 151 516 73 107 20 481 185 20 142 147 441 292 30 48 119 29 804 309 48 429 386 202 50 178 174 55 320 36 181 217 79 51 28 27 118 219 60 21 24 61 229
leaf_count=469 474 243 80 76 364 725 53 93 160 673 20 42 702 392 219 65 459 208 44 114 39 151 516 73 107 20 481 185 20 142 147 441 292 30 48 119 29 804 309 48 429 386 202 50 178 174 55 320 36 181 217 79 51 28 27 118 219 60 21 24 61 229
internal_value=-0.381802 24.8014 9.03449 21.97 11.9042 -15.7759 60.2637 -5.90208 -0.421588 -3.29827 128.768 34.2169 -13.8688 -25.6572 48.3243 97.4265 -20.6198 -9.30113 108.953 23.2406 59.6173 27.8177 10.0644 -25.5941 -22.2395 54.202 -26.1448 -4.21554 208.025 -19.7082 38.4694 39.3226 -7.19334 59.7572 86.0233 40.8697 130.18 -32.6955 -4.36572 4.91938 -21.7003 -30.5026 62.0375 10.273 -13.6767 19.2635 16.2551 -10.7926 129.444 55.9343 -19.9988 14.8841 -25.9964 56.5196 81.7915 78.0963 -17.6925 3.51897 24.1979 81.4251 -9.90045 -11.5962
internal_weight=12821 4864 3367 2322 2122 7957 1497 3980 3255 3043 200 1034 1699 3977 1133 364 2318 1088 160 722 312 586 1344 1539 1147 273 1024 946 40 1045 261 684 761 231 270 212 94 1659 601 256 903 1190 449 123 832 325 671 779 80 201 543 616 753 247 222 169 436 136 100 142 468 407
internal_count=12821 4864 3367 2322 2122 7957 1497 3980 3255 3043 200 1034 1699 3977 1133 364 2318 1088 160 722 312 586 1344 1539 1147 273 1024 946 40 1045 261 684 761 231 270 212 94 1659 601 256 903 1190 449 123 832 325 671 779 80 201 543 616 753 247 222 169 436 136 100 142 468 407
is_linear=0
shrinkage=0.05


Tree=17
num_leaves=63
num_cat=0
split_feature=35 40 40 40 40 35 35 40 40 40 35 35 40 35 35 35 40 35 35 35 40 40 35 40 35 36 40 40 40 35 35 35 35 25 9 35 40 25 35 40 32 31 35 40 35 40 25 40 25 35 32 35 35 35 9 35 31 36 33 40 31 9
split_gain=1.7943e+09 9.81778e+08 4.51918e+08 9.01111e+08 3.62452e+08 2.80907e+08 2.39783e+08 2.04874e+08 1.60148e+08 1.74822e+08 1.13384e+08 1.0407e+08 7.70606e+07 5.04899e+07 4.90795e+07 3.56528e+07 2.70082e+07 2.62744e+07 2.4439e+07 2.44348e+07 2.35273e+07 2.34409e+07 2.17578e+07 1.92753e+07 1.82215e+07 1.21488e+07 1.19103e+07 2.6307e+07 1.17802e+07 1.00597e+07 9.60022e+06 9.07064e+06 8.50491e+06 8.16562e+06 8.0729e+06 7.67513e+06 7.50598e+06 6.74343e+06 6.49192e+06 6.30778e+06 6.26731e+06 7.59298e+06 6.22562e+06 5.65263e+06 5.52472e+06 5.5041e+06 5.48777e+06 5.16907e+06 5.09926e+06 4.72739e+06 4.70153e+06 4.43939e+06 4.42484e+06 4.21826e+06 4.90508e+06 4.21161e+06 4.07719e+06 6.58316e+06 4.0028e+06 3.95157e+06 3.83381e+06 4.31232e+06
threshold=623.70000000000005 5.5000000000000009 1.0000000180025095e-35 1.5000000000000002 4.5000000000000009 314.15000000000003 1067.0500000000002 1.0000000180025095e-35 1.5000000000000002 5.5000000000000009 1118.0500000000002 1036.0000000000002 4.5000000000000009 843.15000000000009 1327.2000000000003 183.15000000000001 5.5000000000000009 461.05000000000007 1140.5000000000002 801.70000000000016 2.5000000000000004 2.5000000000000004 1437.45 3.5000000000000004 444.45000000000005 327.25000000000006 1.0000000180025095e-35 1.5000000000000002 4.5000000000000009 452.25000000000006 932.50000000000011 711.55000000000007 691.00000000000011 1.0000000180025095e-35 1.0000000180025095e-35 1522.8500000000001 2.5000000000000004 1.0000000180025095e-35 93.850000000000009 3.5000000000000004 271.95000000000005 263.25000000000006 899.20000000000016 1.0000000180025095e-35 831.35000000000025 1.5000000000000002 1.0000000180025095e-35 5.5000000000000009 1.0000000180025095e-35 716.85000000000002 144.15000000000001 1437.45 422.45000000000005 926.15000000000009 1.0000000180025095e-35 478.95000000000005 375.65000000000003 431.45000000000005 304.55000000000007 2.5000000000000004 128.85000000000005 1.0000000180025095e-35
decision_type=2 2 2 2 2 2 2 2 2 2 2 2 2 2 2 2 2 2 2 2 2 2 2 2 2 2 2 2 2 2 2 2 2 2 2 2 2 2 2 2 2 2 2 2 2 2 2 2 2 2 2 2 2 2 2 2 2 2 2 2 2 2
left_child=5 2 30 10 11 15 13 -7 29 12 19 20 24 32 34 38 26 52 44 -4 -5 -13 33 31 -10 -12 -17 -28 59 -9 -2 -22 -3 50 -8 -16 -26 -20 -1 -38 -21 -42 56 -40 -6 -45 49 -47 -19 -25 -23 -32 -11 54 -33 -14 -15 -58 -51 -29 -44 -62
right_child=1 6 3 4 18 7 14 8 9 17 25 21 55 42 35 16 -18 48 37 40 23 22 -24 46 36 -27 27 28 -30 -31 51 53 -34 -35 -36 -37 39 -39 43 -41 41 -43 60 45 -46 47 -48 -49 -50 58 -52 -53 -54 -55 -56 -57 57 -59 -60 -61 61 -63
leaf_value=-36.346553296575159 -23.199937500321312 29.845513910116484 79.883653317964999 3.3430252203169992 -17.237283570425852 -29.485201753623301 77.701901907104627 27.251490748945134 -11.889490340102803 -0.24625906799623354 170.06809036254884 23.67986335443414 -28.034055386083498 42.652404675116912 114.12829257763349 -33.837218564391513 -12.734552561430185 14.139896586005177 0.77506980016254468 102.46651086246266 20.68485418682668 30.132920856475831 99.073044970035554 4.135881467965933 -11.504908999924858 225.17878208160403 2.4643871360636775 -29.668814558141374 -32.144284711565291 47.40822875960535 -15.001465851174935 32.924888264183451 41.495102663561198 81.102390492757166 100.31549612681071 145.06123409928946 10.010259665999302 21.566206044207018 -37.599400532452357 -2.1155486356571456 151.93080178965693 115.53214793644455 77.240041748779575 -12.83764011037761 -9.0816757860690291 -32.020697798102027 36.709069583151077 -24.144023330559893 30.029509575583717 15.13213328945486 55.679533877425435 2.5868735295075638 7.4712726521786754 53.313629992254846 58.256304235043729 -20.864454936387013 70.161626009319136 36.907053097811612 29.793531663490064 -17.666710871642746 58.196414353052774 76.616186440957563
leaf_weight=469 558 243 65 136 399 821 222 129 550 581 20 46 566 78 65 317 628 616 208 34 67 20 35 65 96 20 94 85 364 119 448 113 441 30 48 29 215 48 173 214 23 38 41 58 433 502 36 356 55 158 181 39 273 58 23 321 46 22 66 355 225 37
leaf_count=469 558 243 65 136 399 821 222 129 550 581 20 46 566 78 65 317 628 616 208 34 67 20 35 65 96 20 94 85 364 119 448 113 441 30 48 29 215 48 173 214 23 38 41 58 433 502 36 356 55 158 181 39 273 58 23 321 46 22 66 355 225 37
internal_value=-0.362711 23.5613 8.58277 20.8715 11.309 -14.9871 57.2505 -6.87026 -1.89922 -4.66034 122.329 32.5061 -14.5306 45.9081 92.5552 -25.8605 -21.1536 8.03828 -8.83607 103.506 22.0786 56.6364 62.3356 26.4268 -5.5295 197.623 -25.5052 -22.5639 -25.4901 36.9235 -18.7228 36.5459 37.3564 56.7694 81.7221 123.671 1.13335 4.67341 -31.4284 3.96149 119.668 129.256 58.9357 -29.3103 -12.9928 -27.7448 18.3003 -28.7525 15.4423 16.0072 53.1376 -13.593 2.22082 42.0237 37.2089 -25.4394 50.454 59.4028 19.452 -19.9853 63.0226 60.7977
internal_weight=12821 4864 3367 2322 2122 7957 1497 4556 3735 3487 200 1034 1962 1133 364 3401 1843 1525 1088 160 722 312 266 586 1075 40 1215 898 804 248 1045 261 684 231 270 94 525 256 1558 429 95 61 449 1089 832 916 325 858 671 289 201 487 854 194 136 887 146 68 224 440 303 262
internal_count=12821 4864 3367 2322 2122 7957 1497 4556 3735 3487 200 1034 1962 1133 364 3401 1843 1525 1088 160 722 312 266 586 1075 40 1215 898 804 248 1045 261 684 231 270 94 525 256 1558 429 95 61 449 1089 832 916 325 858 671 289 201 487 854 194 136 887 146 68 224 440 303 262
is_linear=0
shrinkage=0.05


Tree=18
num_leaves=63
num_cat=0
split_feature=32 40 40 40 40 34 31 36 34 34 40 40 40 36 36 36 37 37 37 37 40 36 36 36 34 36 34 36 31 36 36 37 36 36 36 37 36 40 40 34 31 31 37 40 40 37 36 36 9 37 36 37 2 31 31 36 36 32 21 40 40 40
split_gain=1.09063e+09 8.85485e+08 5.75815e+08 6.5219e+08 3.05624e+08 2.9391e+08 1.52351e+08 1.47408e+08 1.14326e+08 1.09183e+08 8.62188e+07 8.32063e+07 7.71137e+07 7.68913e+07 7.53731e+07 7.36799e+07 7.36631e+07 5.38748e+07 4.11386e+07 4.08919e+07 3.64135e+07 3.56533e+07 3.29609e+07 3.223e+07 2.78763e+07 2.25069e+07 1.85943e+07 1.83596e+07 1.79752e+07 1.75628e+07 1.58828e+07 1.6485e+07 1.56924e+07 1.52374e+07 1.507e+07 1.39692e+07 1.38798e+07 1.36936e+07 1.36097e+07 1.36061e+07 1.22312e+07 1.21663e+07 1.05767e+07 1.05104e+07 9.79196e+06 9.74453e+06 9.63869e+06 9.13408e+06 8.57003e+06 8.50776e+06 7.74993e+06 7.43065e+06 7.22932e+06 7.07827e+06 6.91443e+06 6.70354e+06 6.57929e+06 6.41804e+06 6.18859e+06 6.03304e+06 1.36841e+07 9.50496e+06
threshold=69.750000000000014 1.0000000180025095e-35 1.5000000000000002 5.5000000000000009 4.5000000000000009 99.40000000000002 268.45000000000005 239.38333333333335 193.25000000000003 260.30000000000001 1.0000000180025095e-35 1.5000000000000002 5.5000000000000009 218.3366666666667 267.12500000000006 206.81666666666669 2.5000000000000004 2.5000000000000004 2.5000000000000004 2.5000000000000004 4.5000000000000009 350.67500000000001 283.94500000000005 153.15833333333336 107.60000000000001 240.34333333333339 67.40000000000002 306.96250000000003 134.15000000000001 331.58333333333343 359.37500000000006 4.5000000000000009 327.25000000000006 189.25416666666669 354.05000000000007 3.5000000000000004 239.38333333333335 2.5000000000000004 5.5000000000000009 81.350000000000009 198.45000000000002 397.25000000000006 3.5000000000000004 2.5000000000000004 2.5000000000000004 3.5000000000000004 292.81666666666672 344.31666666666672 1.0000000180025095e-35 2.5000000000000004 299.01666666666671 3.5000000000000004 1.0000000180025095e-35 387.25000000000006 392.45000000000005 291.72500000000008 241.60000000000005 433.35000000000008 1.0000000180025095e-35 4.5000000000000009 1.0000000180025095e-35 1.5000000000000002
decision_type=2 2 2 2 2 2 2 2 2 2 2 2 2 2 2 2 2 2 2 2 2 2 2 2 2 2 2 2 2 2 2 2 2 2 2 2 2 2 2 2 2 2 2 2 2 2 2 2 2 2 2 2 2 2 2 2 2 2 2 2 2 2
left_child=6 39 9 4 8 7 26 19 13 15 -8 53 20 35 33 40 21 46 34 -5 44 55 -11 -21 36 -10 28 43 -1 42 31 52 -19 -7 -15 -4 -6 -27 59 56 -3 -14 -18 -20 -13 -25 -17 57 -36 54 -26 -45 -16 -12 -46 -9 -2 -39 -35 60 -30 -62
right_child=1 2 3 5 24 14 10 16 25 22 11 12 41 18 30 17 29 32 27 23 -22 -23 -24 45 50 37 -28 -29 38 -31 -32 -33 -34 58 48 -37 -38 47 -40 -41 -42 -43 -44 51 49 -47 -48 -49 -50 -51 -52 -53 -54 -55 -56 -57 -58 -59 -60 -61 61 -63
leaf_value=-31.781348138837956 -28.259013678397146 20.433912929366617 -9.3709523899414968 -1.4320839846418019 -23.682920874489682 30.094554352232564 -29.259655730488539 15.017498622713042 26.718148567251962 120.21529169497283 17.384413786423512 -20.074408459989993 -2.6053756506197692 4.8693236056351807 78.18197519756923 47.953494599660246 46.74975337716284 107.6716227912903 3.7331912155151366 2.0922953152005248 -25.623746473592281 46.893989476533697 207.98100709915161 23.239676187299043 -6.4283868613460715 25.92628478240967 7.4153449919165642 46.105449037808995 -33.16435185609599 73.544982588089127 127.15514729474042 131.24021901217375 157.18860534667971 50.774997824516852 18.541521417299908 10.063542947809644 -12.563373800253393 54.120877601789395 -16.528406206965446 -13.36119587908431 60.668586759567262 8.5603263663149036 69.365023833885786 22.114475059509278 -11.824751759372827 39.568726775070722 80.500769514622903 92.842159300584058 50.205126600999101 23.606311464309695 8.7993169163703921 41.16666252583633 103.82134226206188 37.963196195496458 -0.23596463617168173 27.904531029239298 -20.635200724839429 83.650811170495075 70.493371797115245 -31.915731190656288 -4.5033689001773274 -22.332947437730553
leaf_weight=995 503 51 340 294 468 48 455 196 73 23 78 146 543 328 107 45 269 80 50 151 569 214 20 247 252 25 41 153 253 118 37 22 20 69 120 127 701 92 515 410 30 443 64 139 299 145 46 26 26 24 125 81 37 90 226 208 647 23 94 341 94 365
leaf_count=995 503 51 340 294 468 48 455 196 73 23 78 146 543 328 107 45 269 80 50 151 569 214 20 247 252 25 41 153 253 118 37 22 20 69 120 127 701 92 515 410 30 443 64 139 299 145 46 26 26 24 125 81 37 90 226 208 647 23 94 341 94 365
internal_value=-0.344576 12.2491 21.2657 17.4796 2.65913 37.5957 -17.2312 29.3016 17.9564 87.0006 -9.29207 -5.53473 -8.06918 12.367 75.7809 75.2964 41.6055 92.2432 20.9327 13.5873 -16.2446 30.393 161.037 21.7193 -13.2022 49.8559 -25.9905 32.2676 -26.5249 56.9697 97.5315 90.9286 117.575 54.8549 10.8174 -4.08577 -17.015 60.031 -23.1893 -21.1816 35.3356 2.41126 51.0962 24.4262 -8.56581 29.2798 64.406 66.0779 24.1802 -5.50524 -1.37941 29.1291 84.7699 28.4088 -6.83605 21.6524 -23.9698 60.0269 62.1463 -26.447 -23.8278 -18.6816
internal_weight=12821 7344 5784 5469 3149 2320 5477 1906 1603 315 2873 2418 2250 1364 414 272 1069 191 897 837 1264 618 43 543 1546 239 2604 423 2563 451 203 166 100 211 474 467 1169 166 1568 1560 81 986 333 270 695 392 91 141 146 549 377 220 144 168 525 404 1150 115 163 1053 712 459
internal_count=12821 7344 5784 5469 3149 2320 5477 1906 1603 315 2873 2418 2250 1364 414 272 1069 191 897 837 1264 618 43 543 1546 239 2604 423 2563 451 203 166 100 211 474 467 1169 166 1568 1560 81 986 333 270 695 392 91 141 146 549 377 220 144 168 525 404 1150 115 163 1053 712 459
is_linear=0
shrinkage=0.05


Tree=19
num_leaves=63
num_cat=0
split_feature=33 40 40 40 32 40 40 31 36 40 40 40 40 31 36 34 36 36 40 40 40 36 32 36 37 32 31 36 31 36 32 32 37 31 37 40 34 36 31 40 9 31 32 34 33 40 32 33 9 40 36 40 25 33 31 36 34 31 36 32 36 25
split_gain=1.00184e+09 6.49887e+08 4.12981e+08 4.68172e+08 3.36414e+08 2.55282e+08 2.44678e+08 1.4553e+08 1.20426e+08 1.06943e+08 2.02389e+08 8.35554e+07 8.05516e+07 7.42483e+07 6.89788e+07 5.64769e+07 5.45358e+07 4.34083e+07 4.17326e+07 1.0559e+08 3.18387e+07 2.78445e+07 2.6208e+07 2.61993e+07 2.29621e+07 2.0377e+07 1.81959e+07 1.80605e+07 1.72019e+07 1.45395e+07 1.39183e+07 1.3784e+07 1.36105e+07 1.30305e+07 1.29926e+07 1.24432e+07 1.23804e+07 1.23554e+07 1.14456e+07 1.11012e+07 1.0905e+07 1.05203e+07 9.39937e+06 9.29828e+06 8.87977e+06 8.71101e+06 8.6258e+06 8.43516e+06 8.43292e+06 7.80476e+06 7.61165e+06 7.60769e+06 7.38622e+06 7.21335e+06 6.69182e+06 6.55451e+06 6.43131e+06 6.34981e+06 6.00911e+06 5.79176e+06 5.55948e+06 5.54592e+06
threshold=98.950000000000017 1.0000000180025095e-35 1.5000000000000002 5.5000000000000009 119.35000000000001 5.5000000000000009 4.5000000000000009 268.45000000000005 259.93333333333334 1.0000000180025095e-35 1.5000000000000002 5.5000000000000009 4.5000000000000009 275.05000000000007 345.92500000000007 222.35000000000005 302.01666666666671 203.00416666666669 1.0000000180025095e-35 1.5000000000000002 4.5000000000000009 251.51250000000002 389.15000000000003 186.45000000000002 3.5000000000000004 256.95000000000005 182.85000000000005 208.12500000000003 148.75000000000003 386.78333333333336 325.75000000000006 402.15000000000003 4.5000000000000009 318.15000000000003 3.5000000000000004 5.5000000000000009 434.75000000000006 285.21250000000003 377.55000000000007 2.5000000000000004 1.0000000180025095e-35 388.75000000000006 196.15000000000001 60.000000000000007 322.25000000000006 2.5000000000000004 256.95000000000005 232.30000000000004 1.0000000180025095e-35 2.5000000000000004 425.18333333333339 3.5000000000000004 1.0000000180025095e-35 292.00000000000006 445.15000000000003 221.75000000000003 1.0000000180025095e-35 421.15000000000003 310.41666666666674 405.75000000000006 271.56250000000006 1.0000000180025095e-35
decision_type=2 2 2 2 2 2 2 2 2 2 2 2 2 2 2 2 2 2 2 2 2 2 2 2 2 2 2 2 2 2 2 2 2 2 2 2 2 2 2 2 2 2 2 2 2 2 2 2 2 2 2 2 2 2 2 2 2 2 2 2 2 2
left_child=4 58 14 6 7 9 16 28 23 -6 26 18 21 22 17 41 27 -3 -9 -20 49 -12 46 56 -25 54 -11 -4 -1 39 -28 36 45 -33 -19 -30 -17 -8 -13 -18 50 44 -43 -41 -10 -29 -7 -44 -27 -21 -23 -47 -39 -36 -15 -26 -5 -51 -2 -46 -14 -60
right_child=1 2 3 8 5 13 37 11 15 10 12 38 60 25 -16 31 29 34 19 20 -22 40 -24 24 55 48 30 32 35 -31 -32 33 -34 -35 53 -37 -38 52 -40 43 -42 42 47 -45 59 51 -48 -49 -50 57 -52 -53 -54 -55 -56 -57 -58 -59 61 -61 -62 -63
leaf_value=-29.275900156245513 -19.023003163807829 48.099357930351708 8.9377189727766186 14.377693256422095 -24.001114959890057 -4.3009532123804091 -12.221673565140861 -27.829179891962294 38.356326133768327 27.671131173158301 -4.4564986114050349 -3.1343266352309325 -22.241668148955256 17.965967055137114 192.50659623579546 72.732507819860757 18.651372061669829 96.325899696350106 26.242323191067172 -18.868884493341508 -24.405857219403607 9.2502652034347435 27.101264021668257 29.055114749557266 45.937051841029977 39.660457879361296 53.386214268024155 4.6784418437791908 -24.614389408417864 79.375172223542876 90.872353248596198 90.452254908425473 52.174367325935727 137.87913248697916 111.26545995076498 -14.800383548704751 109.42384271060719 -3.2491811498160099 7.3862903824656003 40.938891478418149 35.3518338747458 47.625098887852261 56.599275579873257 64.172866182069512 53.064965418875218 38.082395387698064 10.125497456095941 86.500802810470788 63.256895366934842 -9.5661683340322341 36.42273555483137 20.976243360058156 16.331194650921329 148.9389702125832 39.236661048730213 62.131113517575152 35.458516273858415 1.8486886029924667 -12.363371957030463 74.840619642469619 -13.045875971971149 12.177229505318863
leaf_weight=1275 639 34 168 114 633 200 508 487 71 39 359 491 365 161 22 71 32 56 169 151 587 324 158 148 127 317 65 46 959 38 40 28 53 30 24 487 34 284 546 103 55 35 34 74 95 113 215 77 43 401 28 153 58 27 48 123 53 175 201 45 299 26
leaf_count=1275 639 34 168 114 633 200 508 487 71 39 359 491 365 161 22 71 32 56 169 151 587 324 158 148 127 317 65 46 959 38 40 28 53 30 24 487 34 284 546 103 55 35 34 74 95 113 215 77 43 401 28 153 58 27 48 123 53 175 201 45 299 26
internal_value=-0.327347 21.4353 32.8623 28.2215 -9.3038 3.28487 11.2817 -16.664 53.6702 -6.64525 0.334585 -9.08276 -5.35492 22.4756 110.163 71.0338 31.5042 97.3146 -15.1299 -10.9595 -15.7443 5.69372 9.77101 37.6896 44.664 35.2694 56.8345 22.5041 -25.0422 50.9255 67.6666 95.42 28.7483 114.983 112.953 -21.3091 84.6135 -7.27549 2.40498 45.7528 14.6469 59.8995 70.2179 50.6525 52.7597 24.7689 3.17299 77.3418 42.4789 -8.75064 11.4117 28.2431 0.0714674 131.21 22.8511 53.9045 21.068 -6.09811 -16.5406 60.0643 -18.1008 -9.55255
internal_weight=12821 3744 2878 2715 9077 3349 1630 5728 1085 2207 1574 3007 1430 1142 163 520 780 141 1970 1483 1314 766 573 565 398 569 144 533 2721 247 105 163 365 58 107 1446 105 850 1037 209 407 357 146 177 211 312 415 111 360 727 352 266 342 51 209 250 167 576 866 140 664 227
internal_count=12821 3744 2878 2715 9077 3349 1630 5728 1085 2207 1574 3007 1430 1142 163 520 780 141 1970 1483 1314 766 573 565 398 569 144 533 2721 247 105 163 365 58 107 1446 105 850 1037 209 407 357 146 177 211 312 415 111 360 727 352 266 342 51 209 250 167 576 866 140 664 227
is_linear=0
shrinkage=0.05


Tree=20
num_leaves=63
num_cat=0
split_feature=35 35 38 35 38 35 22 35 35 38 35 35 24 22 9 36 25 8 39 6 33 35 36 36 35 39 9 35 24 33 32 35 9 39 35 33 5 9 32 32 36 38 5 12 8 2 5 9 35 11 33 36 35 39 35 33 12 32 33 36 35 36
split_gain=1.37932e+09 2.48823e+08 1.90709e+08 1.84217e+08 1.01656e+08 7.82398e+07 4.10723e+07 4.02337e+07 3.50237e+07 2.60548e+07 2.38022e+07 2.15331e+07 2.10815e+07 1.84486e+07 1.71811e+07 1.70099e+07 1.35233e+07 1.20134e+07 1.1056e+07 1.06164e+07 1.05822e+07 1.05239e+07 1.05947e+07 1.01598e+07 9.77669e+06 8.6643e+06 1.03073e+07 8.65276e+06 7.97266e+06 7.90878e+06 9.58756e+06 7.66769e+06 7.61067e+06 1.01927e+07 7.4865e+06 6.53935e+06 6.47639e+06 7.44563e+06 6.42926e+06 6.38565e+06 5.95703e+06 5.86915e+06 5.76667e+06 5.13587e+06 5.10248e+06 4.98275e+06 6.76084e+06 4.77996e+06 4.68962e+06 4.66488e+06 4.57845e+06 4.55712e+06 4.55001e+06 4.51247e+06 4.14962e+06 5.6983e+06 4.8136e+06 4.59858e+06 4.013e+06 3.91451e+06 5.56718e+06 3.93013e+06
threshold=583.75000000000011 918.1500000000002 1.0000000180025095e-35 350.55000000000007 1.0000000180025095e-35 1377.7500000000002 1.0000000180025095e-35 774.25000000000011 215.05000000000004 1.0000000180025095e-35 419.15000000000003 1211.5500000000002 1.0000000180025095e-35 1.0000000180025095e-35 1.0000000180025095e-35 350.67500000000001 1.0000000180025095e-35 1.0000000180025095e-35 1.0000000180025095e-35 1.0000000180025095e-35 180.40000000000003 1611.0000000000002 369.95000000000005 342.55000000000007 1018.5500000000001 1.0000000180025095e-35 1.0000000180025095e-35 1474.1500000000003 1.0000000180025095e-35 191.10000000000002 436.85000000000008 100.95000000000002 1.0000000180025095e-35 1.0000000180025095e-35 1377.7500000000002 354.2000000000001 1.0000000180025095e-35 1.0000000180025095e-35 343.35000000000008 318.05000000000007 305.71000000000004 1.0000000180025095e-35 1.0000000180025095e-35 1.0000000180025095e-35 1.0000000180025095e-35 1.0000000180025095e-35 1.0000000180025095e-35 1.0000000180025095e-35 1274.3500000000001 1.0000000180025095e-35 73.750000000000014 256.62500000000006 1099.0500000000002 1.0000000180025095e-35 1026.7 427.75000000000006 1.0000000180025095e-35 385.45000000000005 427.75000000000006 310.41666666666674 1118.0500000000002 368.12500000000006
decision_type=2 2 2 2 2 2 2 2 2 2 2 2 2 2 2 2 2 2 2 2 2 2 2 2 2 2 2 2 2 2 2 2 2 2 2 2 2 2 2 2 2 2 2 2 2 2 2 2 2 2 2 2 2 2 2 2 2 2 2 2 2 2
left_child=3 4 5 8 7 11 14 25 31 10 -5 16 21 -6 34 38 24 18 36 20 -13 22 27 28 42 26 -2 -7 -22 30 52 -1 33 -12 -4 -21 37 43 -8 -39 -16 47 -3 -9 45 46 59 -10 -25 51 -20 -35 -26 -40 -31 -56 57 -57 -14 60 -18 -61
right_child=1 2 6 9 13 12 15 17 41 -11 32 19 58 -15 40 -17 44 -19 50 35 23 -23 -24 48 29 -27 -28 -29 -30 54 -32 -33 -34 49 -36 -37 -38 39 53 -41 -42 -43 -44 -45 -46 -47 -48 -49 -50 -51 -52 -53 -54 -55 55 56 -58 -59 -60 61 -62 -63
leaf_value=-30.844342755256818 3.122015707459497 23.264086998363098 -2.445034274579299 -10.148241158006833 -12.94707898909442 75.365171552756252 15.60580063630373 6.2458088206948705 -16.414447897044518 -18.94056442272408 -4.7269621970868112 82.412345120906835 25.91975458235968 10.529375274976095 11.650635452497575 67.648163999829976 27.0544267849844 9.5576171497364992 37.107452099465725 48.458306197462413 50.226033131829624 112.66046759563945 49.432413328105014 86.493068063777429 49.888980715091414 13.34396177110669 18.834824877315096 111.43987467505715 22.693339292442101 54.121844267845155 23.839363161722819 -23.921248622417451 9.0548542191931869 0.5415675635491648 15.40190443923508 15.676839366555214 33.181023143913784 10.065185980363326 25.689819084803265 44.636480917650118 47.157622123647627 -26.415152157982476 39.671828097850089 24.880265447000664 27.490886360406876 69.404936951857351 70.743042058530065 -5.8903671908896911 56.260333431178132 -4.9430725954238728 26.671403296186078 9.3581540190916268 80.418744112097713 55.502907354181474 28.603618156732018 53.864600326075703 19.102217559516429 32.030515934291643 56.830524698893228 63.797565644582107 57.452779493331917 35.183300361633307
leaf_weight=564 608 328 396 1094 466 68 78 161 1746 327 1250 30 21 102 21 28 61 143 159 29 116 23 29 23 26 799 126 22 34 24 21 1375 170 310 69 32 59 22 30 34 27 139 64 48 32 26 23 115 29 159 310 278 23 22 268 66 20 38 21 30 20 20
leaf_count=564 608 328 396 1094 466 68 78 161 1746 327 1250 30 21 102 21 28 61 143 159 29 116 23 29 23 26 799 126 22 34 24 21 1375 170 310 69 32 59 22 30 34 27 139 64 48 32 26 23 115 29 159 310 278 23 22 268 66 20 38 21 30 20 20
internal_value=0.0581124 19.663 32.3131 -13.6812 10.3409 41.8642 10.0083 14.7285 -21.1466 -5.4854 -4.13617 37.789 72.4945 -8.73124 3.14311 32.2985 34.5544 22.8969 25.3024 49.8225 54.7028 81.6989 75.7147 50.5875 31.8177 9.74116 5.81931 84.1834 43.9853 36.5562 52.1053 -25.935 -1.101 -1.96555 0.203221 31.2615 18.1993 14.8638 24.6847 31.0549 31.6233 -16.5044 25.9429 10.5255 45.8882 49.1588 45.7406 -15.7641 69.6325 2.65529 30.2094 4.70995 64.2193 38.303 33.9398 32.7042 41.5667 45.8868 41.3751 41.3509 34.5602 52.3519
internal_weight=12802 5275 2238 7527 3037 1567 671 2469 3939 3588 3261 1383 184 568 513 158 1090 936 793 293 232 142 119 202 878 1533 734 90 150 486 70 1939 2167 1997 465 61 324 265 130 56 48 2000 392 209 212 180 154 1861 52 747 469 588 49 52 416 392 124 104 42 131 81 50
internal_count=12802 5275 2238 7527 3037 1567 671 2469 3939 3588 3261 1383 184 568 513 158 1090 936 793 293 232 142 119 202 878 1533 734 90 150 486 70 1939 2167 1997 465 61 324 265 130 56 48 2000 392 209 212 180 154 1861 52 747 469 588 49 52 416 392 124 104 42 131 81 50
is_linear=0
shrinkage=0.05


Tree=21
num_leaves=63
num_cat=0
split_feature=37 40 40 40 36 40 36 40 37 36 36 40 40 40 37 36 37 36 40 36 36 36 37 40 37 37 36 37 37 36 40 40 36 40 36 36 37 36 36 36 37 36 25 40 37 36 37 40 37 36 36 40 37 40 36 25 36 36 36 36 37 25
split_gain=7.95031e+08 6.44942e+08 2.8227e+08 6.48274e+08 2.33296e+08 2.28971e+08 2.04122e+08 1.77835e+08 1.04726e+08 9.61429e+07 8.69407e+07 8.49937e+07 1.70504e+08 7.47755e+07 6.3241e+07 5.24171e+07 3.8394e+07 3.24663e+07 2.94421e+07 2.8825e+07 2.69628e+07 2.52549e+07 2.40033e+07 2.32243e+07 2.03343e+07 1.94587e+07 1.79853e+07 1.79767e+07 1.75387e+07 1.51112e+07 1.43652e+07 3.98918e+07 1.40643e+07 1.37103e+07 1.2837e+07 1.26485e+07 1.21321e+07 1.20188e+07 1.14442e+07 1.12442e+07 1.03925e+07 1.02666e+07 9.75054e+06 9.57099e+06 8.91356e+06 8.54386e+06 8.52968e+06 8.34216e+06 8.18751e+06 7.91671e+06 7.475e+06 8.6421e+06 7.20225e+06 7.09712e+06 6.85019e+06 6.7299e+06 6.62478e+06 6.36366e+06 6.03674e+06 5.74095e+06 5.73694e+06 5.656e+06
threshold=2.5000000000000004 5.5000000000000009 1.0000000180025095e-35 1.5000000000000002 235.01250000000002 4.5000000000000009 218.3366666666667 5.5000000000000009 1.5000000000000002 203.00416666666669 227.41666666666669 1.0000000180025095e-35 1.5000000000000002 4.5000000000000009 3.5000000000000004 345.92500000000007 1.5000000000000002 350.67500000000001 5.5000000000000009 150.0291666666667 289.61666666666673 388.85000000000008 1.5000000000000002 2.5000000000000004 3.5000000000000004 1.5000000000000002 248.28750000000005 4.5000000000000009 3.5000000000000004 176.91250000000005 1.0000000180025095e-35 1.5000000000000002 133.45000000000002 4.5000000000000009 328.7166666666667 169.91666666666671 1.5000000000000002 308.02500000000003 294.05000000000007 282.87083333333339 4.5000000000000009 425.18333333333339 1.0000000180025095e-35 2.5000000000000004 4.5000000000000009 349.01666666666671 1.5000000000000002 2.5000000000000004 3.5000000000000004 241.60000000000005 302.01666666666671 3.5000000000000004 1.5000000000000002 3.5000000000000004 359.37500000000006 1.0000000180025095e-35 292.81666666666672 386.78333333333336 117.85000000000001 150.0291666666667 3.5000000000000004 1.0000000180025095e-35
decision_type=2 2 2 2 2 2 2 2 2 2 2 2 2 2 2 2 2 2 2 2 2 2 2 2 2 2 2 2 2 2 2 2 2 2 2 2 2 2 2 2 2 2 2 2 2 2 2 2 2 2 2 2 2 2 2 2 2 2 2 2 2 2
left_child=4 2 49 9 18 10 19 11 34 48 32 -6 25 16 21 24 57 56 30 58 40 39 -20 -12 38 -13 -26 -21 37 -7 -1 36 -5 46 -9 -24 -32 -25 -11 -8 -16 47 60 -34 -45 -27 -33 -18 -4 -2 51 -30 -15 -49 -22 -41 -10 -14 -3 -38 -31 -51
right_child=1 6 3 5 7 29 14 8 17 15 23 12 13 52 20 -17 41 -19 22 27 54 -23 35 28 26 45 -28 -29 50 42 31 33 43 -35 -36 -37 59 -39 -40 55 -42 -43 -44 44 -46 -47 -48 53 -50 61 -52 -53 -54 -55 -56 -57 -58 -59 -60 -61 -62 -63
leaf_value=-30.164694707135325 -22.14522031927013 -8.5820839637431554 29.572787516825908 -15.743237449873741 -23.678575983684873 -23.849006827846992 35.085361953973766 -7.3006092032493912 13.027960273887539 71.736172276008418 12.419334293715657 24.125575413530239 -12.769558603463963 -23.334903522013771 56.504088770769499 192.03156476702009 -5.9926474638546221 42.53212935464316 -19.550444365873386 22.409520072353132 83.302054770787564 90.503365033467617 -12.67913521426614 19.64047298089011 99.993129185267861 45.262469625473024 155.7120389811198 48.341989610568589 55.07734760597571 -14.371621053072872 -8.4926313989437556 -23.645234159001134 -9.2498068221544809 -28.863411650980328 4.7555285275700001 4.3534526441841637 0.84467308337871838 41.496539975591929 112.37476459503173 46.830036001478639 79.58202596433236 36.213612322126117 5.0907498030877507 8.8302413125832881 31.388595463757248 82.318097381591798 -13.233976121177907 18.69715764574233 67.070471684137985 -15.374729300853005 60.131662128817652 30.520190324411768 -14.454394306703049 4.5533418166768422 108.47006283928368 69.057505273818975 25.43572275753554 -2.9477926367824363 11.028292842618711 31.176561069488528 -5.7785746005758067 -0.16498708690915789
leaf_weight=563 497 69 37 67 793 182 220 342 237 41 96 151 374 561 187 21 85 212 598 343 132 30 217 131 28 70 30 83 67 392 104 456 59 665 623 219 26 121 30 180 66 35 122 252 53 20 346 173 24 482 93 77 385 182 34 42 197 295 91 39 385 70
leaf_count=563 497 69 37 67 793 182 220 342 237 41 96 151 374 561 187 21 85 212 598 343 132 30 217 131 28 70 30 83 67 392 104 456 59 665 623 219 26 121 30 180 66 35 122 252 53 20 346 173 24 482 93 77 385 182 34 42 197 295 91 39 385 70
internal_value=0.0552068 16.0524 3.93832 13.7129 -9.64993 5.30717 43.586 -2.58037 10.9132 97.2519 22.3494 -9.53881 -4.72849 -9.32049 58.6602 118.775 -0.720276 26.4942 -20.0039 20.666 72.7984 46.1095 -13.0456 34.9038 106.85 35.0942 128.813 27.4621 39.3179 -10.7103 -23.2758 -20.9051 5.30924 -23.5551 0.482783 -4.12378 2.09831 30.1349 88.9074 43.0964 62.5244 10.1504 -8.05045 9.18428 12.7502 53.4971 -19.1536 8.07714 44.326 -17.5675 49.0822 41.9461 -19.7207 11.446 88.4569 51.0352 18.6601 -8.43859 2.57132 19.0438 -10.1138 -13.446
internal_weight=12802 4834 3357 2308 7968 2097 1477 4735 1611 211 1016 3124 2331 2090 891 150 1144 646 3233 586 419 472 1034 585 129 241 58 426 489 1081 2199 1636 431 1467 965 436 169 252 71 442 253 475 899 364 305 90 802 440 61 1049 237 144 946 355 166 222 434 669 160 65 777 552
internal_count=12802 4834 3357 2308 7968 2097 1477 4735 1611 211 1016 3124 2331 2090 891 150 1144 646 3233 586 419 472 1034 585 129 241 58 426 489 1081 2199 1636 431 1467 965 436 169 252 71 442 253 475 899 364 305 90 802 440 61 1049 237 144 946 355 166 222 434 669 160 65 777 552
is_linear=0
shrinkage=0.05


Tree=22
num_leaves=63
num_cat=0
split_feature=35 35 35 35 30 35 35 0 19 35 25 20 20 35 34 5 15 23 9 33 34 9 19 7 36 9 25 9 0 2 25 35 5 33 2 36 5 32 34 2 35 32 35 21 16 33 33 32 34 23 2 5 23 32 5 33 32 7 14 5 25 33
split_gain=1.13116e+09 2.62696e+08 1.19311e+08 4.98621e+07 3.54331e+07 3.31465e+07 3.16228e+07 2.47023e+07 2.20534e+07 1.92034e+07 1.62484e+07 1.54948e+07 1.54071e+07 1.64565e+07 1.82356e+07 1.45033e+07 1.23805e+07 1.08704e+07 1.02775e+07 1.0194e+07 1.33912e+07 9.58584e+06 9.2229e+06 9.16971e+06 9.01177e+06 8.7949e+06 9.03912e+06 8.50457e+06 8.40966e+06 7.88756e+06 8.88443e+06 7.84578e+06 7.30163e+06 6.89861e+06 6.87365e+06 6.58506e+06 6.35962e+06 8.06746e+06 6.35729e+06 6.35441e+06 6.31562e+06 5.47377e+06 5.5e+06 6.99657e+06 5.37581e+06 5.57733e+06 9.97293e+06 1.83058e+07 5.28665e+06 5.27734e+06 5.05476e+06 6.7406e+06 5.31773e+06 4.9932e+06 4.71855e+06 4.69048e+06 4.65606e+06 4.56314e+06 4.50343e+06 4.62419e+06 5.76732e+06 4.40794e+06
threshold=731.35000000000025 413.25000000000006 1211.5500000000002 227.95000000000002 1.0000000180025095e-35 1611.0000000000002 918.1500000000002 1.0000000180025095e-35 1.0000000180025095e-35 583.75000000000011 1.0000000180025095e-35 1.0000000180025095e-35 1.0000000180025095e-35 1377.7500000000002 463.9500000000001 1.0000000180025095e-35 1.0000000180025095e-35 1.0000000180025095e-35 1.0000000180025095e-35 104.65000000000002 244.45000000000002 1.0000000180025095e-35 1.0000000180025095e-35 1.0000000180025095e-35 268.44166666666678 1.0000000180025095e-35 1.0000000180025095e-35 1.0000000180025095e-35 1.0000000180025095e-35 1.0000000180025095e-35 1.0000000180025095e-35 114.05000000000001 1.0000000180025095e-35 301.35000000000008 1.0000000180025095e-35 296.61250000000007 1.0000000180025095e-35 400.15000000000003 369.30000000000007 1.0000000180025095e-35 953.35000000000014 343.35000000000008 1274.3500000000001 1.0000000180025095e-35 1.0000000180025095e-35 332.75000000000006 292.00000000000006 315.15000000000003 465.25000000000006 1.0000000180025095e-35 1.0000000180025095e-35 1.0000000180025095e-35 1.0000000180025095e-35 1.0000000180025095e-35 1.0000000180025095e-35 447.90000000000003 409.15000000000003 1.0000000180025095e-35 1.0000000180025095e-35 1.0000000180025095e-35 1.0000000180025095e-35 403.40000000000003
decision_type=2 2 2 2 2 2 2 2 2 2 2 2 2 2 2 2 2 2 2 2 2 2 2 2 2 2 2 2 2 2 2 2 2 2 2 2 2 2 2 2 2 2 2 2 2 2 2 2 2 2 2 2 2 2 2 2 2 2 2 2 2 2
left_child=1 3 4 31 6 7 11 12 10 25 16 17 13 19 15 33 18 21 28 -4 41 29 23 27 -23 26 39 34 36 30 32 -1 -2 -15 58 -5 40 -38 -22 54 -8 -21 43 -43 45 46 49 -48 -40 -42 51 52 61 -27 -3 -20 -25 -47 59 60 -11 -12
right_child=2 9 5 35 -6 -7 8 -9 -10 22 50 -13 -14 14 -16 -17 -18 -19 55 20 38 24 -24 56 -26 53 -28 -29 -30 -31 -32 -33 -34 -35 -36 -37 37 -39 48 -41 44 42 -44 -45 -46 57 47 -49 -50 -51 -52 -53 -54 -55 -56 -57 -58 -59 -60 -61 -62 -63
leaf_value=-27.433422662710775 6.5502082519725748 -5.9948869379985688 71.72245634078979 -15.025927498341989 -10.431799731067583 83.177872408520102 11.18444877183142 5.6208515482128796 -5.1571021710411982 -1.9134628174256307 24.281857712212066 -12.84658145904541 7.3831970639526849 16.964761003971102 89.157572364807137 76.776868910789503 -3.3733510994329685 26.204333046974224 31.809508114444967 26.502243251185263 16.955027517017566 11.964120032570579 -22.867810376485192 12.391716827989436 34.926513731479645 21.089068193061678 6.9708122239541757 14.932285706850948 -0.52261185050010683 22.848013747143909 22.316482035142403 -20.962076870930801 19.790198251067618 46.013811184093356 12.469131327697211 -10.204603328524831 41.511899870634082 16.578089308252142 41.901817726135256 5.14618470877409 21.389696908614795 75.061304635471771 40.659806463082631 41.022795174672055 4.2848483464297127 17.286407483871596 18.095809915330676 74.409644108433881 17.066851596832276 39.76389735085624 57.491811916745945 59.052741975050708 54.344122793363489 2.7620003249740952 2.4338628809308744 52.933272168040276 34.981557930840388 33.522115580852216 -18.796644059542952 9.9167687306877319 10.51716927499683 44.33957825796945
leaf_weight=709 711 1792 20 1724 102 44 121 53 59 686 126 50 32 25 32 35 41 203 147 31 95 77 30 147 96 51 189 147 38 147 135 1380 122 112 140 1202 96 49 75 160 193 36 75 26 34 258 27 31 30 49 29 26 23 137 183 32 27 52 29 131 108 35
leaf_count=709 711 1792 20 1724 102 44 121 53 59 686 126 50 32 25 32 35 41 203 147 31 95 77 30 147 96 51 189 147 38 147 135 1380 122 112 140 1202 96 49 75 160 193 36 75 26 34 258 27 31 30 49 29 26 23 137 183 32 27 52 29 131 108 35
internal_value=0.0524465 -9.65819 22.8002 -17.2579 18.5504 41.1256 19.5335 38.3925 24.7905 -0.0264452 26.0463 14.5323 41.176 43.0027 54.4995 48.0515 23.6157 15.4505 24.5976 36.9579 35.0685 13.7556 4.56608 5.14772 24.7063 -2.66824 -3.50971 3.64056 22.5228 12.0565 10.4177 -23.1584 8.48932 40.7129 2.1233 -13.0453 23.4851 33.086 26.3268 -4.43749 21.6653 45.4753 49.7685 60.7871 23.6346 24.7131 29.5731 48.1946 34.8061 25.1101 37.9245 35.2223 31.855 7.7337 -5.21389 35.5858 15.897 20.0098 0.605045 1.21331 -0.222646 28.6422
internal_weight=12802 8972 3830 5015 3109 721 3007 677 1466 3957 1407 1541 624 592 204 172 1168 1491 1127 388 368 1288 1445 1415 173 2512 2324 1241 948 1115 968 2089 833 137 1094 2926 910 145 200 2135 765 168 137 62 644 610 300 58 105 242 239 210 184 188 1975 179 174 310 954 925 794 161
internal_count=12802 8972 3830 5015 3109 721 3007 677 1466 3957 1407 1541 624 592 204 172 1168 1491 1127 388 368 1288 1445 1415 173 2512 2324 1241 948 1115 968 2089 833 137 1094 2926 910 145 200 2135 765 168 137 62 644 610 300 58 105 242 239 210 184 188 1975 179 174 310 954 925 794 161
is_linear=0
shrinkage=0.05


Tree=23
num_leaves=63
num_cat=0
split_feature=35 40 40 40 35 40 40 35 40 40 35 40 40 35 35 35 40 40 35 40 35 40 35 40 40 40 40 35 40 35 35 33 35 34 35 35 25 35 35 9 33 21 36 36 25 24 25 9 33 35 35 9 9 36 33 33 31 40 40 33 31 31
split_gain=1.02087e+09 6.01105e+08 2.61982e+08 6.00873e+08 2.37083e+08 2.17456e+08 1.85321e+08 1.04146e+08 8.40045e+07 1.58113e+08 6.72749e+07 6.30419e+07 5.01068e+07 3.869e+07 3.34649e+07 2.71919e+07 2.45306e+07 6.77794e+07 2.29807e+07 2.24749e+07 1.66318e+07 1.61612e+07 1.30811e+07 1.23276e+07 1.12613e+07 1.22308e+07 1.11797e+07 1.01192e+07 9.32647e+06 8.88901e+06 7.77207e+06 7.6283e+06 7.13739e+06 6.70146e+06 6.45335e+06 6.19131e+06 5.03835e+06 5.03362e+06 4.70591e+06 4.68209e+06 4.66315e+06 4.60654e+06 5.11173e+06 4.56411e+06 4.48154e+06 4.43421e+06 4.14563e+06 4.0654e+06 3.8803e+06 3.77651e+06 3.72814e+06 3.54703e+06 3.48019e+06 4.88656e+06 4.95043e+06 4.53956e+06 3.46551e+06 3.45296e+06 4.24367e+06 3.4364e+06 3.25971e+06 3.67077e+06
threshold=731.35000000000025 5.5000000000000009 1.0000000180025095e-35 1.5000000000000002 413.25000000000006 4.5000000000000009 5.5000000000000009 1055.3000000000004 1.0000000180025095e-35 1.5000000000000002 1152.0500000000002 4.5000000000000009 5.5000000000000009 1009.4000000000001 223.95000000000002 583.75000000000011 1.0000000180025095e-35 1.5000000000000002 1352.45 4.5000000000000009 274.05000000000007 2.5000000000000004 249.95000000000002 2.5000000000000004 2.5000000000000004 3.5000000000000004 3.5000000000000004 918.1500000000002 3.5000000000000004 1175.5000000000002 837.70000000000016 427.75000000000006 562.75000000000011 416.00000000000006 1257.3500000000001 324.65000000000003 1.0000000180025095e-35 574.1500000000002 1198.6500000000003 1.0000000180025095e-35 114.15000000000002 1.0000000180025095e-35 314.11666666666673 359.37500000000006 1.0000000180025095e-35 1.0000000180025095e-35 1.0000000180025095e-35 1.0000000180025095e-35 313.95000000000005 93.850000000000009 583.75000000000011 1.0000000180025095e-35 1.0000000180025095e-35 245.32500000000002 477.05000000000001 227.40000000000003 341.65000000000003 2.5000000000000004 3.5000000000000004 322.25000000000006 115.95000000000002 216.75000000000003
decision_type=2 2 2 2 2 2 2 2 2 2 2 2 2 2 2 2 2 2 2 2 2 2 2 2 2 2 2 2 2 2 2 2 2 2 2 2 2 2 2 2 2 2 2 2 2 2 2 2 2 2 2 2 2 2 2 2 2 2 2 2 2 2
left_child=4 2 36 10 12 13 8 30 -6 32 27 23 16 24 49 -8 -1 20 33 22 -18 56 -19 -11 -5 -26 34 40 50 47 48 43 -10 45 -23 -16 39 -30 -28 -2 -4 42 -29 -20 -27 52 -31 -7 -3 -14 -25 60 53 -9 55 -55 -15 -24 -59 -53 -32 -62
right_child=1 7 3 5 6 29 15 18 9 11 -12 -13 14 21 35 -17 17 19 31 -21 -22 26 57 28 25 44 38 41 37 46 51 -33 -34 -35 -36 -37 -38 -39 -40 -41 -42 -43 -44 -45 -46 -47 -48 -49 -50 -51 -52 59 -54 54 -56 -57 -58 58 -60 -61 61 -63
leaf_value=-27.188063671161252 -17.660889697037167 37.860508339919271 100.09729922294616 1.8119831247329714 -22.316696360892777 -11.495151634232982 9.7233266684259689 44.336572735650201 33.043533703369825 -9.722230687706741 171.77507864815848 -17.966282034118443 -24.921977498372399 2.7227084413170815 -7.0493710945586905 24.532638848448794 -5.3533306564231786 -20.772352929956774 70.046878336157121 -25.439095980397774 19.912613267803195 50.679875887510107 -18.536751574444995 6.8235360328658219 32.516847422882755 12.675287322968245 29.570537523031238 136.10931198120119 -5.3636320636669801 -1.4895310406099287 59.524759419759121 114.2548137889189 52.865112101369441 87.130174705641608 76.521545707157685 0.93964689840284876 -4.8263820908765886 6.3363730749727898 46.151780485070276 -5.0962982353709991 71.177998321471009 90.526791807015741 100.36112601280213 99.439403745651248 36.450999693437062 47.538659453060895 16.575736849124617 -0.062915246751573353 23.667679473956426 -15.874206599778308 17.89348859190941 47.179626772138811 80.020119222005221 82.425188622107882 89.60566486176991 59.272484120151461 27.85703232884407 -3.8248140791244811 -12.978572536004123 71.921505471934438 32.175797645139021 44.843329301740042
leaf_weight=853 632 244 20 75 723 572 875 28 123 194 35 752 150 24 518 480 136 595 28 1068 125 78 107 237 182 200 80 20 240 171 30 34 72 35 35 456 113 149 92 84 46 24 20 25 22 36 39 90 60 499 112 36 39 26 21 114 32 240 268 23 71 294
leaf_count=853 632 244 20 75 723 572 875 28 123 194 35 752 150 24 518 480 136 595 28 1068 125 78 107 237 182 200 80 20 240 171 30 34 72 35 35 456 113 149 92 84 46 24 20 25 22 36 39 90 60 499 112 36 39 26 21 114 32 240 268 23 71 294
internal_value=0.0498242 21.6602 8.73292 19.1663 -9.17528 10.2846 -0.0251229 52.0121 -7.83359 -2.26079 110.244 -7.19635 -16.395 28.769 -9.16982 14.9694 -19.8522 -17.3876 73.1527 -20.1528 6.74722 41.6412 -15.4869 1.49354 19.6053 22.9085 46.4663 93.6784 4.44187 -7.09764 41.2465 95.7697 40.3623 66.5719 58.6839 -3.30913 -14.6383 -0.882139 38.4396 -16.1868 79.9414 107.845 118.235 83.9113 15.0314 63.8464 1.86545 -9.94092 35.0593 -17.9654 10.3761 45.3895 66.4213 63.6151 66.9679 63.5723 17.0852 -10.3734 -8.65396 56.8248 43.6814 42.3792
internal_weight=12802 3830 2686 1857 8972 1692 3957 1144 2602 1879 165 1684 5015 820 1623 1355 3392 2539 386 2278 261 341 1210 932 479 404 285 130 738 872 758 87 195 299 113 974 829 389 172 716 66 64 40 53 222 264 210 662 304 649 349 454 228 189 161 140 56 615 508 59 395 365
internal_count=12802 3830 2686 1857 8972 1692 3957 1144 2602 1879 165 1684 5015 820 1623 1355 3392 2539 386 2278 261 341 1210 932 479 404 285 130 738 872 758 87 195 299 113 974 829 389 172 716 66 64 40 53 222 264 210 662 304 649 349 454 228 189 161 140 56 615 508 59 395 365
is_linear=0
shrinkage=0.05


Tree=24
num_leaves=63
num_cat=0
split_feature=35 40 40 40 40 35 35 40 35 35 40 40 40 35 35 35 40 40 40 40 35 23 35 40 32 35 40 40 33 40 40 40 25 39 34 35 35 35 32 35 35 31 31 35 32 28 36 25 35 39 36 39 33 33 6 33 24 29 35 31 40 39
split_gain=9.21989e+08 6.16034e+08 2.7167e+08 5.75541e+08 2.18225e+08 1.56526e+08 1.25002e+08 1.09804e+08 9.00226e+07 6.11598e+07 5.47152e+07 1.28355e+08 4.49247e+07 3.39377e+07 3.31337e+07 2.07401e+07 1.68666e+07 1.61388e+07 1.45855e+07 1.39236e+07 1.37106e+07 1.36364e+07 1.26841e+07 1.00897e+07 9.50801e+06 9.37118e+06 7.58174e+06 8.59639e+06 6.88454e+06 6.8707e+06 1.73742e+07 7.20449e+06 6.52023e+06 6.25959e+06 6.04807e+06 6.03385e+06 5.82415e+06 5.55649e+06 5.41293e+06 5.00983e+06 4.76977e+06 6.28537e+06 4.96079e+06 4.24708e+06 4.19087e+06 4.18665e+06 4.11911e+06 4.04067e+06 4.03437e+06 4.00084e+06 3.87757e+06 3.78982e+06 3.71741e+06 6.52596e+06 3.67637e+06 4.94586e+06 4.12546e+06 3.86143e+06 3.67444e+06 3.64361e+06 3.52892e+06 3.48082e+06
threshold=583.75000000000011 5.5000000000000009 1.0000000180025095e-35 1.5000000000000002 4.5000000000000009 1055.3000000000004 294.05000000000007 5.5000000000000009 1140.5000000000002 1009.4000000000001 1.0000000180025095e-35 1.5000000000000002 4.5000000000000009 753.35000000000014 774.25000000000011 1352.45 5.5000000000000009 2.5000000000000004 2.5000000000000004 3.5000000000000004 419.15000000000003 1.0000000180025095e-35 1055.3000000000004 3.5000000000000004 181.85000000000005 157.65000000000001 2.5000000000000004 3.5000000000000004 427.75000000000006 1.0000000180025095e-35 1.5000000000000002 4.5000000000000009 1.0000000180025095e-35 1.0000000180025095e-35 416.00000000000006 711.55000000000007 1257.3500000000001 906.45000000000005 364.15000000000003 452.25000000000006 899.20000000000016 232.35000000000005 271.85000000000008 1198.6500000000003 446.75000000000006 1.0000000180025095e-35 359.37500000000006 1.0000000180025095e-35 1067.0500000000002 1.0000000180025095e-35 261.0750000000001 1.0000000180025095e-35 273.40000000000003 123.95000000000002 1.0000000180025095e-35 217.25000000000003 1.0000000180025095e-35 1.0000000180025095e-35 428.65000000000009 156.25000000000003 2.5000000000000004 1.0000000180025095e-35
decision_type=2 2 2 2 2 2 2 2 2 2 2 2 2 2 2 2 2 2 2 2 2 2 2 2 2 2 2 2 2 2 2 2 2 2 2 2 2 2 2 2 2 2 2 2 2 2 2 2 2 2 2 2 2 2 2 2 2 2 2 2 2 2
left_child=6 2 33 8 9 13 16 10 14 17 -8 39 26 -3 -4 34 29 -5 -11 35 -9 24 47 36 -16 -18 -13 58 46 -1 59 60 40 -2 45 -19 -20 -21 -37 -12 41 -15 -43 -25 -45 54 -17 -6 -35 -24 -34 -22 53 -26 55 -7 57 -57 -28 -31 -32 -47
right_child=1 5 3 4 22 15 7 20 -10 18 11 12 -14 32 21 28 25 19 23 37 51 -23 49 43 52 -27 27 -29 -30 30 31 -33 50 48 -36 38 -38 -39 -40 -41 -42 42 -44 44 -46 61 -48 -49 -50 -51 -52 -53 -54 -55 -56 56 -58 -59 -60 -61 -62 -63
leaf_value=-26.592570308216832 -19.456015498283918 23.677435803961231 50.416139935208605 -1.2348549431176494 -13.632485193367664 86.973203735351561 -22.927289399925954 -0.21206011247395737 161.96990398830837 16.23092062473297 20.972028622844004 -13.157676992139152 -19.898721970431509 22.969007692364759 54.224084936007856 66.544534686633526 -19.807055715319414 15.696999086955987 48.145881690428808 7.8268743754261072 7.0526004872676253 130.2816827392578 -7.403122302123478 28.092010703086853 104.14755324409121 -9.9064443366583443 -2.2893550484487326 -7.4417823596962807 108.54207171271828 -12.302297715360629 -25.522143771494036 -25.572293660625721 40.802383755296468 -14.877535526981958 82.773666687011726 24.392602449264686 72.695468025207518 23.356424730188319 41.756840930186527 35.604022522406147 43.805319056413616 60.703454556672469 36.421132142320879 37.146226482680355 60.846718025207522 34.360043327331546 94.467433090209965 -2.5620957810391665 -5.7996681419164773 3.5950039095217643 61.341738467746318 14.144276467945193 106.29345522234517 65.980969810485846 47.936324900388719 70.983244506290973 43.464629529870081 51.143557071685791 7.1343542107152489 3.3515258142134039 -16.692860649186013 61.629598664153711
leaf_weight=513 562 544 77 139 725 25 764 648 36 56 143 215 896 86 20 28 387 101 78 288 552 20 140 80 21 625 202 451 34 68 139 636 40 387 35 122 35 72 71 99 245 23 246 66 26 25 25 93 179 202 54 286 31 24 32 105 23 32 212 82 609 22
leaf_count=513 562 544 77 139 725 25 764 648 36 56 143 215 896 86 20 28 387 101 78 288 552 20 140 80 21 625 202 451 34 68 139 636 40 387 35 122 35 72 71 99 245 23 246 66 26 25 25 93 179 202 54 286 31 24 32 105 23 32 212 82 609 22
internal_value=0.0473329 16.0759 4.67997 13.7997 6.25449 41.6956 -11.1856 -5.8541 89.3835 21.8517 -11.3873 -7.41234 -11.6216 33.0279 75.844 69.4951 -18.9729 14.2373 39.5592 17.5257 5.24959 92.7229 -8.99317 44.143 84.8981 -13.6925 -4.75473 -2.66614 90.9812 -21.5834 -19.9082 -21.66 40.3573 -15.7181 63.2433 25.5987 55.7497 10.9328 30.7805 26.9578 38.439 34.7355 38.4973 36.5176 43.8442 60.654 79.7157 -12.3739 -12.0066 -0.907153 52.6016 9.47291 92.9703 83.792 63.5844 66.2911 63.0595 66.3492 2.53631 -3.74487 -18.3336 47.1245
internal_weight=12802 5275 3651 2523 2294 1624 7527 4468 229 1134 2982 2218 1976 1238 193 386 3059 793 341 654 1486 116 1160 285 96 1012 1080 865 87 2047 1534 1384 694 1128 299 294 113 360 193 242 600 355 269 172 92 264 53 818 566 342 94 838 76 45 217 185 160 137 414 150 748 47
internal_count=12802 5275 3651 2523 2294 1624 7527 4468 229 1134 2982 2218 1976 1238 193 386 3059 793 341 654 1486 116 1160 285 96 1012 1080 865 87 2047 1534 1384 694 1128 299 294 113 360 193 242 600 355 269 172 92 264 53 818 566 342 94 838 76 45 217 185 160 137 414 150 748 47
is_linear=0
shrinkage=0.05


Tree=25
num_leaves=63
num_cat=0
split_feature=33 40 40 40 40 40 32 36 40 40 34 40 32 32 36 36 37 36 37 36 36 36 36 32 36 36 36 34 34 36 32 32 32 32 34 36 33 34 40 21 36 36 36 9 5 28 37 33 32 32 32 36 39 36 37 40 40 24 9 39 32 36
split_gain=5.92237e+08 4.44906e+08 3.1095e+08 3.40552e+08 1.85805e+08 1.59784e+08 1.36477e+08 8.94074e+07 8.01883e+07 1.79533e+08 7.40067e+07 6.94101e+07 5.84607e+07 5.23459e+07 4.53448e+07 3.54305e+07 3.10471e+07 2.93939e+07 2.41879e+07 2.40728e+07 2.40365e+07 2.06419e+07 1.92033e+07 1.86161e+07 1.38291e+07 1.37161e+07 1.35865e+07 1.30159e+07 1.23987e+07 1.11992e+07 1.03825e+07 1.00054e+07 9.48289e+06 8.64259e+06 7.43206e+06 7.32753e+06 7.14185e+06 7.10883e+06 6.88705e+06 7.12571e+06 6.85134e+06 6.48586e+06 6.40029e+06 6.35825e+06 6.26348e+06 6.18614e+06 7.45714e+06 6.16551e+06 6.02362e+06 6.00454e+06 5.90902e+06 5.88457e+06 5.6768e+06 5.63326e+06 7.71497e+06 5.59678e+06 9.79221e+06 5.28617e+06 4.8559e+06 5.34015e+06 4.78779e+06 4.70476e+06
threshold=80.250000000000014 1.0000000180025095e-35 1.5000000000000002 5.5000000000000009 5.5000000000000009 4.5000000000000009 256.95000000000005 281.71250000000003 1.0000000180025095e-35 1.5000000000000002 237.80000000000004 4.5000000000000009 301.65000000000003 120.85000000000001 178.41250000000005 288.28333333333336 3.5000000000000004 201.8333333333334 3.5000000000000004 201.8333333333334 350.67500000000001 281.71250000000003 144.53750000000005 51.95000000000001 226.31000000000003 404.10000000000008 362.92500000000007 214.10000000000005 136.55000000000004 386.78333333333336 1.0000000180025095e-35 322.65000000000003 305.05000000000007 53.150000000000013 71.050000000000026 386.78333333333336 243.75000000000003 107.60000000000001 2.5000000000000004 1.0000000180025095e-35 388.85000000000008 308.02500000000003 294.05000000000007 1.0000000180025095e-35 1.0000000180025095e-35 1.0000000180025095e-35 4.5000000000000009 437.50000000000006 336.25000000000006 333.85000000000008 284.55000000000007 220.71250000000001 1.0000000180025095e-35 235.01250000000002 2.5000000000000004 2.5000000000000004 3.5000000000000004 1.0000000180025095e-35 1.0000000180025095e-35 1.0000000180025095e-35 153.05000000000004 176.91250000000005
decision_type=2 2 2 2 2 2 2 2 2 2 2 2 2 2 2 2 2 2 2 2 2 2 2 2 2 2 2 2 2 2 2 2 2 2 2 2 2 2 2 2 2 2 2 2 2 2 2 2 2 2 2 2 2 2 2 2 2 2 2 2 2 2
left_child=4 -2 10 5 8 15 14 18 58 13 17 12 22 24 30 28 26 -3 51 -20 34 -12 -11 25 -10 -16 43 40 36 44 -6 -15 61 35 53 -24 -4 -7 -30 -40 -17 50 -25 -9 47 46 -21 49 -48 -18 -19 -5 -27 -8 -55 -14 -57 -29 59 -1 -38 -13
right_child=1 2 3 7 6 37 20 16 9 11 21 32 55 31 23 27 29 41 19 45 -22 -23 33 42 -26 52 -28 57 38 -31 -32 -33 -34 -35 -36 -37 60 -39 39 -41 -42 -43 -44 -45 -46 -47 48 -49 -50 -51 -52 -53 -54 54 -56 56 -58 -59 -60 -61 -62 -63
leaf_value=-24.712665503749427 -14.969333926350116 30.204453535640944 2.2832625084738623 11.752088704416829 -16.548739494069327 -11.499320959584594 7.6755782978200333 37.633336388682714 -2.0104865678433161 -19.310836140472112 112.2609038848877 -24.925669039424065 -0.33057699611312463 35.188516148542753 -3.9875549985407051 25.001956182992323 44.25465440248189 59.850332587957382 24.31763331488423 44.561374655802545 36.607261887738403 178.66773757934573 -12.332889061817179 9.8340657679557797 19.554029516545597 3.8874166014582614 70.259290587227312 56.283938895937915 4.1342009989420578 110.34572387695312 -3.9839086930205427 62.220786768100304 -11.555061644154627 -0.77348654747009282 44.874840979142625 -2.5679925225068025 5.0295598458435578 -2.3368052280648461 18.870479587947624 41.365050954361486 52.072634848841915 102.65799853801728 28.142575205786756 63.913031376732718 92.09829242311676 31.996575456295375 49.59717977523804 82.597340206767242 77.03716163635255 69.204209709167486 90.0048649412213 26.451317052020144 18.076041758429145 15.083663593849877 34.752168204292417 24.577582260540552 6.6485343328136173 30.814698020617172 -10.858978425938151 -17.993883852161591 22.549690858592157 -18.925773223998434
leaf_weight=994 879 34 174 124 522 518 164 156 134 404 25 486 76 78 826 174 38 32 184 157 213 22 666 250 167 258 53 83 30 20 240 61 333 405 22 270 59 358 68 73 27 32 59 27 29 53 40 43 40 66 33 151 97 239 63 140 167 27 92 421 115 997
leaf_count=994 879 34 174 124 522 518 164 156 134 404 25 486 76 78 826 174 38 32 184 157 213 22 666 250 167 258 53 83 30 20 240 61 333 405 22 270 59 358 68 73 27 32 59 27 29 53 40 43 40 66 33 151 97 239 63 140 167 27 92 421 115 997
internal_value=0.276423 16.3893 25.3825 21.428 -6.90913 7.13995 3.32703 42.0677 -12.0403 -8.62004 89.5202 -11.9996 -5.87211 21.6734 -2.67009 22.8602 60.1824 70.209 31.6197 38.4637 22.5931 143.345 -9.75467 2.40372 9.95388 -0.45503 47.9669 36.2054 14.8634 74.8908 -12.5913 47.0516 -19.1799 -6.87571 16.4763 -9.51609 9.44611 -7.75482 25.8881 30.5166 28.6383 84.2312 13.3299 41.5107 70.8619 47.4391 50.8924 66.6724 63.3172 60.088 75.1596 19.8233 7.76431 15.1356 19.1867 11.8173 14.8246 50.0324 -21.9899 -22.7136 16.609 -20.892
internal_weight=12788 3944 3065 2887 8844 1706 2953 1181 5891 4384 178 3944 2128 440 2252 830 432 131 749 474 701 47 1745 1490 301 1181 236 311 519 196 762 139 1816 1341 488 936 348 876 171 141 201 97 309 183 176 290 237 147 80 104 65 275 355 466 302 383 307 110 1507 1415 174 1483
internal_count=12788 3944 3065 2887 8844 1706 2953 1181 5891 4384 178 3944 2128 440 2252 830 432 131 749 474 701 47 1745 1490 301 1181 236 311 519 196 762 139 1816 1341 488 936 348 876 171 141 201 97 309 183 176 290 237 147 80 104 65 275 355 466 302 383 307 110 1507 1415 174 1483
is_linear=0
shrinkage=0.05


Tree=26
num_leaves=63
num_cat=0
split_feature=35 40 40 40 40 35 40 35 35 40 40 40 35 40 35 35 40 40 40 35 40 35 35 40 36 35 40 40 35 35 35 35 32 25 35 34 33 9 9 32 36 36 35 33 32 25 35 25 25 32 39 40 40 9 9 39 9 35 35 9 33 35
split_gain=7.9806e+08 4.65123e+08 2.19217e+08 4.79717e+08 1.63533e+08 1.51664e+08 1.11223e+08 9.8154e+07 6.24436e+07 5.37802e+07 1.12243e+08 4.30026e+07 4.14078e+07 3.43876e+07 2.16962e+07 1.93219e+07 1.45915e+07 3.57564e+07 1.43487e+07 1.42418e+07 1.38653e+07 1.14546e+07 1.13845e+07 1.08831e+07 1.05003e+07 8.39047e+06 8.34858e+06 1.23131e+07 8.17879e+06 7.95578e+06 7.57876e+06 7.53955e+06 6.98409e+06 6.79644e+06 6.54219e+06 5.8616e+06 5.78564e+06 5.56991e+06 4.78648e+06 4.55104e+06 1.17213e+07 4.37683e+06 4.27404e+06 4.2475e+06 5.25025e+06 4.22042e+06 4.61052e+06 4.03504e+06 3.9292e+06 3.91143e+06 3.75954e+06 3.72143e+06 4.59438e+06 3.40271e+06 3.3391e+06 3.2633e+06 3.58734e+06 3.23306e+06 3.04022e+06 2.94603e+06 2.93548e+06 2.92569e+06
threshold=691.00000000000011 5.5000000000000009 1.0000000180025095e-35 1.5000000000000002 4.5000000000000009 392.65000000000003 5.5000000000000009 1089.1000000000001 1377.7500000000002 1.0000000180025095e-35 1.5000000000000002 4.5000000000000009 1152.0500000000002 5.5000000000000009 223.95000000000002 1309.4500000000003 1.0000000180025095e-35 1.5000000000000002 2.5000000000000004 992.6500000000002 4.5000000000000009 557.85000000000002 899.20000000000016 3.5000000000000004 386.78333333333336 509.85000000000008 2.5000000000000004 3.5000000000000004 1327.2000000000003 1327.2000000000003 230.95000000000002 249.95000000000002 330.65000000000003 1.0000000180025095e-35 541.75000000000011 259.15000000000003 161.20000000000002 1.0000000180025095e-35 1.0000000180025095e-35 318.05000000000007 311.75833333333338 289.61666666666673 825.45000000000016 454.35000000000008 367.75000000000006 1.0000000180025095e-35 753.35000000000014 1.0000000180025095e-35 1.0000000180025095e-35 333.85000000000008 1.0000000180025095e-35 2.5000000000000004 3.5000000000000004 1.0000000180025095e-35 1.0000000180025095e-35 1.0000000180025095e-35 1.0000000180025095e-35 1401.7500000000002 84.15000000000002 1.0000000180025095e-35 429.65000000000003 490.15000000000009
decision_type=2 2 2 2 2 2 2 2 2 2 2 2 2 2 2 2 2 2 2 2 2 2 2 2 2 2 2 2 2 2 2 2 2 2 2 2 2 2 2 2 2 2 2 2 2 2 2 2 2 2 2 2 2 2 2 2 2 2 2 2 2 2
left_child=5 2 38 8 12 13 9 22 19 -7 25 34 18 16 58 36 -1 30 -5 39 31 55 35 42 43 -11 -14 29 37 -28 -18 -19 -21 53 51 45 -9 50 48 -4 -41 -38 -20 44 -17 -3 -47 -30 -2 -27 -6 -12 -53 -25 -24 56 61 -46 -15 -16 -29 -8
right_child=1 7 3 4 28 6 21 15 -10 10 11 -13 26 14 59 24 17 20 23 32 -22 -23 54 33 -26 49 27 60 47 -31 -32 -33 -34 -35 -36 -37 41 -39 -40 40 -42 -43 -44 -45 57 46 -48 -49 -50 -51 -52 52 -54 -55 -56 -57 -58 -59 -60 -61 -62 -63
leaf_value=-23.699229087583483 -15.916622963973456 29.559009560990525 63.617578081467322 1.6976493582766281 -12.892535782798248 -19.308221761075966 1.3789679645988848 78.166942389735155 177.53173728942872 23.666688823699953 -10.956963611230618 -16.106133631885989 20.237317741939002 -22.532064743041992 -3.9993037499786923 46.724842507498607 -6.5166013758215646 -17.900414284469711 21.235238566069768 128.6033699798584 -22.185469766290439 17.050515006499651 39.573135991903804 9.9697874751091007 110.37721448516845 37.052889033230869 49.958320275131541 30.364600859461603 2.1698527283864482 83.368563897269112 11.776890567971879 -9.6822671662903197 90.705561582503776 34.121835203170775 5.5524416595295882 4.2072110811869301 45.452714345921045 3.0417750757390802 -3.1715151623614783 109.80021266937257 62.18177358763559 60.316078581084383 34.053573946856169 91.326334762573254 63.80220184326172 24.656417764316906 52.911640516916911 26.186044903423479 -5.3802547657843869 61.607888470525324 -5.7775007488456511 4.2637494524319974 -5.8435506888657569 25.676354608535771 53.856985873364387 11.38748982236875 16.068060304201566 89.23075331115723 -13.738021238595522 8.3969000937891956 48.489341223239904 9.8869967037743898
leaf_weight=775 714 498 56 117 340 693 385 28 20 134 123 764 35 120 796 21 108 592 116 20 973 437 316 250 25 55 49 74 73 28 119 528 31 40 334 21 87 110 103 24 28 115 148 26 25 22 42 23 101 23 409 210 242 40 47 302 65 25 543 51 32 137
leaf_count=775 714 498 56 117 340 693 385 28 20 134 123 764 35 120 796 21 108 592 116 20 973 437 316 250 25 55 49 74 73 28 119 528 31 40 334 21 87 110 103 24 28 115 148 26 25 22 42 23 101 23 409 210 242 40 47 302 65 25 543 51 32 137
internal_value=0.262602 17.8765 6.99871 16.0435 8.6116 -8.59505 -1.34515 42.8584 94.2651 -7.39775 -3.01899 -7.36224 23.5473 -14.7413 -8.55549 65.3988 -17.7593 -15.775 17.7021 83.7913 -17.8193 10.4223 34.4713 20.8545 81.4833 31.2558 42.6111 46.8903 -5.91747 62.1075 3.07338 -14.0261 105.567 14.8011 -0.0131385 30.1432 56.867 -7.46434 -13.3274 73.5081 84.1595 53.9145 28.4213 74.0364 67.7049 31.1123 43.1989 7.92373 -14.6109 44.2935 -9.00729 -3.24601 -1.14768 12.1362 41.4226 7.16408 4.99122 76.5165 -15.3297 -3.2529 35.8362 3.61192
internal_weight=12788 4279 2981 2063 1884 8509 3904 1298 179 2578 1885 1673 929 4605 1510 352 3095 2320 711 159 2093 1326 946 594 122 212 218 183 955 77 227 1120 51 330 909 583 230 859 918 108 52 202 264 97 71 562 64 96 815 78 749 575 452 290 363 889 587 50 663 847 106 522
internal_count=12788 4279 2981 2063 1884 8509 3904 1298 179 2578 1885 1673 929 4605 1510 352 3095 2320 711 159 2093 1326 946 594 122 212 218 183 955 77 227 1120 51 330 909 583 230 859 918 108 52 202 264 97 71 562 64 96 815 78 749 575 452 290 363 889 587 50 663 847 106 522
is_linear=0
shrinkage=0.05


Tree=27
num_leaves=63
num_cat=0
split_feature=35 40 40 40 40 35 40 35 35 40 40 40 35 40 35 35 40 40 40 35 40 35 35 40 36 35 40 40 32 25 35 35 32 25 35 35 34 33 9 37 32 9 35 32 36 13 9 36 35 31 25 35 39 36 31 40 40 33 35 9 25 31
split_gain=7.20249e+08 4.19774e+08 1.97843e+08 4.32944e+08 1.47588e+08 1.36877e+08 1.00378e+08 8.8584e+07 5.63553e+07 4.85367e+07 1.013e+08 3.88099e+07 3.73706e+07 3.10348e+07 1.95808e+07 1.7438e+07 1.31688e+07 3.22702e+07 1.29497e+07 1.28532e+07 1.25135e+07 1.03378e+07 1.02745e+07 9.82204e+06 9.47651e+06 7.5724e+06 7.5346e+06 1.11126e+07 7.86165e+06 7.48967e+06 6.83983e+06 6.81321e+06 6.30314e+06 6.13379e+06 5.99704e+06 5.90433e+06 5.29009e+06 5.22154e+06 4.91598e+06 4.66702e+06 4.41868e+06 4.3198e+06 4.30877e+06 4.10731e+06 1.05785e+07 4.02775e+06 6.77296e+06 4.56376e+06 3.85732e+06 5.24729e+06 3.80893e+06 4.16099e+06 3.71015e+06 3.55979e+06 7.55412e+06 3.35859e+06 4.14642e+06 3.3526e+06 3.09476e+06 3.01353e+06 3.00794e+06 2.98972e+06
threshold=691.00000000000011 5.5000000000000009 1.0000000180025095e-35 1.5000000000000002 4.5000000000000009 392.65000000000003 5.5000000000000009 1089.1000000000001 1377.7500000000002 1.0000000180025095e-35 1.5000000000000002 4.5000000000000009 1152.0500000000002 5.5000000000000009 223.95000000000002 1309.4500000000003 1.0000000180025095e-35 1.5000000000000002 2.5000000000000004 992.6500000000002 4.5000000000000009 557.85000000000002 899.20000000000016 3.5000000000000004 386.78333333333336 509.85000000000008 2.5000000000000004 3.5000000000000004 278.85000000000008 1.0000000180025095e-35 230.95000000000002 234.65000000000001 330.65000000000003 1.0000000180025095e-35 1327.2000000000003 541.75000000000011 259.15000000000003 161.20000000000002 1.0000000180025095e-35 4.5000000000000009 367.75000000000006 1.0000000180025095e-35 1327.2000000000003 318.05000000000007 311.75833333333338 1.0000000180025095e-35 1.0000000180025095e-35 289.61666666666673 825.45000000000016 453.05000000000007 1.0000000180025095e-35 753.35000000000014 1.0000000180025095e-35 200.57500000000002 261.55000000000007 2.5000000000000004 3.5000000000000004 306.35000000000008 939.55000000000018 1.0000000180025095e-35 1.0000000180025095e-35 232.35000000000005
decision_type=2 2 2 2 2 2 2 2 2 2 2 2 2 2 2 2 2 2 2 2 2 2 2 2 2 2 2 2 2 2 2 2 2 2 2 2 2 2 2 2 2 2 2 2 2 2 2 2 2 2 2 2 2 2 2 2 2 2 2 2 2 2
left_child=5 2 41 8 12 13 9 22 19 -7 25 35 18 16 -15 37 -1 30 -5 43 31 60 36 48 39 -11 -14 28 -28 38 -18 -19 -21 57 -30 55 50 -9 58 40 -17 52 -31 -4 -45 46 47 -39 -20 -50 61 -52 -2 -27 -55 -12 -57 -25 -6 -24 -8 -3
right_child=1 7 3 4 29 6 21 15 -10 10 11 -13 26 14 -16 24 17 20 23 32 -22 -23 59 33 -26 53 27 -29 34 42 -32 -33 -34 -35 -36 -37 -38 45 -40 -41 -42 -43 -44 44 -46 -47 -48 -49 49 -51 51 -53 -54 54 -56 56 -58 -59 -60 -61 -62 -63
leaf_value=-22.514267618979179 -17.36756807039232 21.167264242733225 60.436698457172945 1.6127668597759346 -12.338162986497949 -18.342810676826371 5.92949937397717 74.25859609331404 168.65515037536622 22.483354537166768 -10.409115471297163 -15.300826947781117 19.225451789583481 -14.563218125570595 -3.0902523079247093 42.641551074981692 -6.1907712883419466 -17.380923545427038 20.173476602394004 122.17320175170899 -21.076196242162894 16.197989226669687 37.59447895718526 7.8648275270004468 104.8583538208008 23.888733929991723 33.74107619198886 34.044409366823594 56.130948672575109 1.1869680467350729 11.18804607551639 -9.5753974915069247 86.170283619050053 32.415743188858038 90.114651267869135 5.2748195457601268 3.9968506358918692 33.102576249332756 2.6496932895694463 84.6109440697564 71.30801771675668 -3.0129394295146166 24.876742857435474 104.31020266215008 59.072684608186989 67.19642413168242 71.053967030843111 51.291654708586549 28.10641965963007 53.233713859558115 23.423596871982923 50.266058212234867 -10.616767156520536 70.610868553493333 33.723461728777202 4.0505619260243009 -5.5513732047859303 19.416197273264761 -5.7377925491805293 51.164135928864177 16.457861281730032 30.251881269037252
leaf_weight=775 394 119 56 117 345 693 815 28 20 134 123 764 35 663 847 20 108 538 116 20 973 437 316 198 25 20 22 106 34 116 119 582 31 40 21 334 21 59 105 36 41 103 23 24 28 33 27 83 123 25 22 42 421 23 35 210 242 92 366 47 74 379
leaf_count=775 394 119 56 117 345 693 815 28 20 134 123 764 35 663 847 20 108 538 116 20 973 437 316 198 25 20 22 106 34 116 119 582 31 40 21 334 21 59 105 36 41 103 23 24 28 33 27 83 123 25 22 42 421 23 35 210 242 92 366 47 74 379
internal_value=0.249471 16.9826 6.64878 15.2413 8.18102 -8.16529 -1.27789 40.7155 89.5518 -7.02786 -2.86804 -6.99413 22.3699 -14.0043 -8.12772 62.1288 -16.8713 -14.9863 16.817 79.6017 -16.9283 9.90117 32.7477 19.8118 77.4091 29.693 40.4806 44.5457 59.0021 -5.6216 2.91971 -13.3248 100.289 14.0611 69.1065 -0.0124816 28.636 54.0236 -7.44912 70.3346 61.9092 -12.661 5.10686 69.8327 79.9515 51.2188 48.0989 43.7342 27.0002 32.3509 29.5567 41.039 -13.8803 42.0788 48.3512 -3.08371 -1.0903 11.5294 -8.9405 39.3514 6.80588 28.0811
internal_weight=12788 4279 2981 2063 1884 8509 3904 1298 179 2578 1885 1673 929 4605 1510 352 3095 2320 711 159 2093 1326 946 594 122 212 218 183 77 955 227 1120 51 330 55 909 583 230 816 97 61 918 139 108 52 202 169 142 264 148 562 64 815 78 58 575 452 290 711 363 889 498
internal_count=12788 4279 2981 2063 1884 8509 3904 1298 179 2578 1885 1673 929 4605 1510 352 3095 2320 711 159 2093 1326 946 594 122 212 218 183 77 955 227 1120 51 330 55 909 583 230 816 97 61 918 139 108 52 202 169 142 264 148 562 64 815 78 58 575 452 290 711 363 889 498
is_linear=0
shrinkage=0.05


Tree=28
num_leaves=63
num_cat=0
split_feature=35 40 40 40 40 35 40 35 35 40 40 35 40 40 35 35 40 40 40 40 25 35 35 40 35 31 35 35 35 33 32 24 32 40 40 40 40 35 34 33 25 35 33 35 32 35 31 25 35 6 35 32 40 40 35 37 24 33 2 31 35 32
split_gain=6.50025e+08 3.78846e+08 1.78553e+08 3.90732e+08 1.33198e+08 1.24072e+08 8.44475e+07 7.9947e+07 5.08607e+07 3.941e+07 8.57588e+07 3.385e+07 3.21889e+07 3.1521e+07 2.08575e+07 1.59378e+07 1.54768e+07 3.65808e+07 1.44135e+07 1.20369e+07 1.17959e+07 1.16e+07 9.27277e+06 8.92562e+06 8.43102e+06 8.28126e+06 7.72471e+06 7.04193e+06 7.00138e+06 5.70577e+06 5.95044e+06 5.85104e+06 5.68858e+06 5.58895e+06 9.82654e+06 5.22849e+06 6.53502e+06 5.06035e+06 4.77431e+06 4.18138e+06 4.17592e+06 3.97147e+06 3.76082e+06 3.7566e+06 3.70685e+06 3.62343e+06 3.81962e+06 3.43756e+06 3.75529e+06 3.22439e+06 3.18682e+06 3.15324e+06 3.15205e+06 3.82105e+06 3.05045e+06 2.93837e+06 2.9067e+06 2.88581e+06 2.74771e+06 2.69822e+06 2.68618e+06 2.65268e+06
threshold=691.00000000000011 5.5000000000000009 1.0000000180025095e-35 1.5000000000000002 4.5000000000000009 419.15000000000003 5.5000000000000009 1089.1000000000001 1377.7500000000002 1.0000000180025095e-35 1.5000000000000002 1211.5500000000002 5.5000000000000009 4.5000000000000009 234.65000000000001 1474.1500000000003 1.0000000180025095e-35 1.5000000000000002 4.5000000000000009 2.5000000000000004 1.0000000180025095e-35 992.6500000000002 899.20000000000016 3.5000000000000004 253.05000000000004 439.55000000000007 230.95000000000002 1377.7500000000002 557.85000000000002 477.05000000000001 330.65000000000003 1.0000000180025095e-35 330.65000000000003 2.5000000000000004 3.5000000000000004 2.5000000000000004 3.5000000000000004 509.85000000000008 259.15000000000003 394.35000000000008 1.0000000180025095e-35 926.15000000000009 405.35000000000008 1257.3500000000001 318.05000000000007 837.70000000000016 362.15000000000003 1.0000000180025095e-35 753.35000000000014 1.0000000180025095e-35 97.65000000000002 333.85000000000008 2.5000000000000004 3.5000000000000004 932.50000000000011 2.5000000000000004 1.0000000180025095e-35 429.65000000000003 1.0000000180025095e-35 232.35000000000005 320.75000000000006 293.95000000000005
decision_type=2 2 2 2 2 2 2 2 2 2 2 2 2 2 2 2 2 2 2 2 2 2 2 2 2 2 2 2 2 2 2 2 2 2 2 2 2 2 2 2 2 2 2 2 2 2 2 2 2 2 2 2 2 2 2 2 2 2 2 2 2 2
left_child=5 2 43 8 11 12 9 22 21 -7 37 19 16 35 50 29 -1 26 24 61 23 44 38 41 -19 -17 -18 40 -8 30 49 42 -23 -13 39 -12 -37 -11 47 -35 58 -21 -32 -2 -4 -22 -47 59 -49 -9 -14 -39 -26 -54 -25 -46 -24 -36 -6 -3 -16 -5
right_child=1 7 3 4 27 6 28 15 -10 10 13 33 14 -15 60 25 17 18 -20 20 45 32 56 54 52 -27 -28 -29 -30 -31 31 -33 -34 34 57 36 -38 51 -40 -41 -42 -43 -44 -45 55 46 -48 48 -50 -51 -52 -53 53 -55 -56 -57 -58 -59 -60 -61 -62 -63
leaf_value=-21.2878483075575 -13.344516208544375 20.108901048658275 57.414864580971859 -5.137436687520573 -9.0970685454928031 -17.00705361820917 7.4301068186482544 48.021353694184192 160.22239067077638 23.092476282073459 -7.2857227043672044 19.046536046808416 -19.551235535426173 -14.118724629479255 -4.9909707284210114 66.395012873695009 -5.8812327730434912 -16.078506897719389 -19.790284524070426 18.984150634927953 22.403473000666676 116.06454086303711 39.414483121700862 7.5488336331726336 -15.271682298594508 111.35079559326174 11.656096953819196 10.044799924242325 15.388089781465943 76.27835774914972 67.454051272736663 39.785749003546584 81.86176850565019 77.575028991699227 29.334391742212734 8.2893771994676637 -1.966151705383159 33.473799339018086 3.7970081783476335 48.935989990234376 1.9706424728516609 32.338422708925997 49.969536215759987 -4.2573508392137134 60.919719181060799 32.003826883676894 56.480753735133582 22.25241719159213 47.752755401248024 26.552735834536346 -11.570862595039735 55.520850471828297 -1.7801910815335167 -10.386537868512496 17.854125560384936 85.35036387443543 27.525513784347044 49.178156817400897 -0.24241913614591751 28.739287269571527 0.42533288044170692 9.2861888379664048
leaf_weight=861 785 119 56 56 661 607 752 73 20 103 165 22 161 668 416 21 108 606 1069 141 34 20 301 197 116 20 150 69 437 29 108 35 31 26 57 286 340 55 21 25 124 92 43 133 20 37 28 22 42 23 561 23 254 262 113 32 62 27 101 379 509 74
leaf_count=861 785 119 56 56 661 607 752 73 20 103 165 22 161 668 416 21 108 606 1069 141 34 20 301 197 116 20 150 69 437 29 108 35 31 26 57 286 340 55 21 25 124 92 43 133 20 37 28 22 42 23 561 23 254 262 113 32 62 27 101 379 509 74
internal_value=0.236998 16.1335 6.31634 14.4792 7.77197 -7.75703 -0.420799 38.6797 85.0743 -6.12279 -2.09428 21.2514 -12.7259 -6.12144 -6.98163 59.0224 -15.4874 -13.5404 -15.5372 16.9473 19.7568 75.6217 31.1104 16.8629 -11.8647 88.3247 4.31489 -5.34052 10.355 55.1594 52.9876 58.2055 95.2746 42.4156 46.2239 0.632271 2.71928 30.3678 27.2042 63.5363 -6.5387 24.2571 62.475 -12.028 66.3411 35.6295 42.5477 28.0789 38.987 42.8778 -13.3504 39.9749 -7.8243 -6.15008 11.3053 75.954 37.3839 35.7127 -7.92342 26.677 -2.01054 3.07293
internal_weight=12788 4279 2981 2063 1884 8509 3436 1298 179 2247 1640 929 5073 1459 1647 352 3426 2565 2307 772 642 159 946 543 1238 41 258 955 1189 311 282 186 51 157 135 791 626 181 583 51 886 233 151 918 108 99 65 562 64 96 722 78 632 516 310 52 363 84 762 498 925 130
internal_count=12788 4279 2981 2063 1884 8509 3436 1298 179 2247 1640 929 5073 1459 1647 352 3426 2565 2307 772 642 159 946 543 1238 41 258 955 1189 311 282 186 51 157 135 791 626 181 583 51 886 233 151 918 108 99 65 562 64 96 722 78 632 516 310 52 363 84 762 498 925 130
is_linear=0
shrinkage=0.05


Tree=29
num_leaves=63
num_cat=0
split_feature=35 40 40 40 40 35 40 35 35 40 40 35 40 40 35 36 40 40 40 40 35 35 40 35 21 35 35 35 35 35 25 32 25 39 9 32 9 33 33 9 25 9 32 36 40 40 32 9 8 25 35 10 36 36 36 9 9 25 35 33 40 40
split_gain=5.86648e+08 3.41908e+08 1.61144e+08 3.52636e+08 1.20211e+08 1.12028e+08 7.82617e+07 7.21522e+07 4.59018e+07 3.66949e+07 7.94122e+07 3.06863e+07 2.86994e+07 2.75466e+07 1.79571e+07 1.56317e+07 1.31583e+07 3.17105e+07 1.24814e+07 1.06102e+07 1.0469e+07 8.38339e+06 8.02974e+06 8.02674e+06 1.04126e+07 7.29033e+06 6.69048e+06 6.5743e+06 6.45289e+06 6.33517e+06 5.87666e+06 5.13395e+06 4.87905e+06 4.82738e+06 5.8561e+06 4.57689e+06 3.88708e+06 3.52832e+06 4.15355e+06 3.5216e+06 3.40555e+06 3.40495e+06 3.34543e+06 9.16335e+06 3.31058e+06 6.30237e+06 4.31892e+06 3.30259e+06 3.29227e+06 3.67234e+06 3.26884e+06 3.49752e+06 3.19444e+06 4.80496e+06 3.17574e+06 3.06086e+06 2.97936e+06 2.91563e+06 2.82511e+06 2.73258e+06 2.71092e+06 3.3478e+06
threshold=691.00000000000011 5.5000000000000009 1.0000000180025095e-35 1.5000000000000002 4.5000000000000009 413.25000000000006 5.5000000000000009 1089.1000000000001 1377.7500000000002 1.0000000180025095e-35 1.5000000000000002 1152.0500000000002 4.5000000000000009 5.5000000000000009 223.95000000000002 415.47500000000008 1.0000000180025095e-35 1.5000000000000002 4.5000000000000009 2.5000000000000004 992.6500000000002 946.45000000000016 3.5000000000000004 1401.7500000000002 1.0000000180025095e-35 249.95000000000002 557.85000000000002 230.95000000000002 1198.6500000000003 1522.8500000000001 1.0000000180025095e-35 330.65000000000003 1.0000000180025095e-35 1.0000000180025095e-35 1.0000000180025095e-35 365.75000000000006 1.0000000180025095e-35 109.55000000000001 477.05000000000001 1.0000000180025095e-35 1.0000000180025095e-35 1.0000000180025095e-35 318.05000000000007 311.75833333333338 2.5000000000000004 3.5000000000000004 280.85000000000008 1.0000000180025095e-35 1.0000000180025095e-35 1.0000000180025095e-35 774.25000000000011 1.0000000180025095e-35 289.61666666666673 240.34333333333339 384.55000000000007 1.0000000180025095e-35 1.0000000180025095e-35 1.0000000180025095e-35 294.05000000000007 93.600000000000009 2.5000000000000004 3.5000000000000004
decision_type=2 2 2 2 2 2 2 2 2 2 2 2 2 2 2 2 2 2 2 2 2 2 2 2 2 2 2 2 2 2 2 2 2 2 2 2 2 2 2 2 2 2 2 2 2 2 2 2 2 2 2 2 2 2 2 2 2 2 2 2 2 2
left_child=5 2 36 8 11 13 9 21 20 -7 35 19 33 16 -15 23 -1 27 25 -5 42 48 50 37 -25 -19 47 -18 41 30 44 -22 55 34 -12 -11 40 -9 39 52 -2 -6 -4 -44 -13 46 -46 -8 49 54 -21 59 53 -39 -3 -24 60 -30 -16 -52 -27 -62
right_child=1 7 3 4 28 6 26 15 -10 10 12 29 -14 14 58 -17 17 18 -20 22 31 -23 32 24 -26 56 -28 -29 57 -31 -32 -33 -34 -35 -36 -37 -38 38 -40 -41 -42 -43 43 -45 45 -47 -48 -49 -50 -51 51 -53 -54 -55 -56 -57 -58 -59 -60 -61 61 -63
leaf_value=-20.209756598659702 -13.798828962436913 24.671721617760127 54.544120257241389 1.3945081204940113 -8.4269693486720723 -16.304797024789611 5.9365274709017326 69.235186581384582 152.21127226531505 25.957896166167611 -4.2429419501556014 15.759445092082025 -13.477612396272162 -13.159618218007132 -6.0480752026516456 96.87953580509533 -5.5871710191170374 -15.368021518792455 -18.855853722200507 15.775749579454081 110.26131511688232 37.516617158091798 8.3555290513038649 51.222875588962012 92.130777522495819 -15.510231044509196 14.618685244640989 10.684169465711673 -0.0079559309564290522 62.706322440646943 54.602542456265155 77.768679440406061 29.038213601112364 5.661088219358728 12.453408905712225 50.749786514327639 -2.2744690668235705 54.031682659149169 67.643310340245577 60.303568493979327 -3.9896539638538173 1.6017972964601421 94.827174202601114 52.724055004119876 27.869242854118347 24.628509811162949 56.848385895623096 17.787391762062907 18.170160358150802 38.337965655017214 42.141689562186222 10.156924772262574 48.860923666220451 27.809419379768702 34.252250098197834 23.252244146466257 6.7864299325382014 15.286679529532407 -0.37834618543297793 26.952680583116486 -2.453796077867783 -10.870997603799477
leaf_weight=841 714 419 56 117 664 627 722 21 20 164 478 32 687 663 345 22 108 592 1050 78 20 245 250 35 28 110 437 146 155 21 29 31 40 283 59 21 103 25 24 35 101 97 24 28 20 80 36 64 96 77 39 24 104 58 109 40 34 39 605 123 229 244
leaf_count=841 714 419 56 117 664 627 722 21 20 164 478 32 687 663 345 22 108 592 1050 78 20 245 250 35 28 110 437 146 155 21 29 31 40 283 59 21 103 25 24 35 101 97 24 28 20 80 36 64 96 77 39 24 104 58 109 40 34 39 605 123 229 244
internal_value=0.225148 15.3268 6.00052 13.7553 7.38337 -7.36918 -0.575309 36.7457 80.8205 -5.97269 -2.14395 20.1889 -5.93922 -12.2139 -6.84458 56.0713 -14.7961 -12.9844 -14.8678 15.157 71.8406 29.5548 17.8678 53.3507 69.4042 -11.4042 9.65898 3.76565 -5.07349 36.6001 33.8172 90.5109 12.6682 0.376479 -2.40852 28.7721 -11.4266 49.5628 47.8835 45.7473 -12.5832 -7.14866 63.024 72.1563 30.2292 33.6339 46.4987 6.90148 26.7722 28.1371 24.3673 27.9703 43.0229 35.7077 26.6495 10.4102 -7.60102 3.06674 -2.43735 30.6093 -8.44008 -6.79586
internal_weight=12788 4279 2981 2063 1884 8509 3542 1298 179 2319 1692 929 1507 4967 1613 352 3354 2513 2259 711 159 946 594 330 63 1209 1223 254 955 218 197 51 330 820 537 185 918 267 246 222 815 761 108 52 168 136 56 786 701 605 264 186 187 83 528 290 617 194 950 162 583 473
internal_count=12788 4279 2981 2063 1884 8509 3542 1298 179 2319 1692 929 1507 4967 1613 352 3354 2513 2259 711 159 946 594 330 63 1209 1223 254 955 218 197 51 330 820 537 185 918 267 246 222 815 761 108 52 168 136 56 786 701 605 264 186 187 83 528 290 617 194 950 162 583 473
is_linear=0
shrinkage=0.05


Tree=30
num_leaves=63
num_cat=0
split_feature=35 40 40 40 35 40 40 35 40 40 40 35 35 40 35 35 40 40 35 35 40 40 5 38 35 35 11 34 39 35 31 36 9 35 31 24 31 34 40 9 32 32 35 36 39 32 36 9 40 35 39 9 40 40 36 34 31 40 40 40 39 32
split_gain=5.15909e+08 2.79622e+08 1.32839e+08 3.11387e+08 1.14648e+08 1.10278e+08 8.74015e+07 4.28359e+07 3.96252e+07 7.91597e+07 2.94579e+07 2.75441e+07 2.63482e+07 2.54277e+07 2.04965e+07 1.41771e+07 1.23061e+07 2.7808e+07 1.17545e+07 1.0778e+07 9.82035e+06 9.60915e+06 7.47108e+06 7.19885e+06 6.76299e+06 6.31463e+06 6.39068e+06 5.64235e+06 5.56946e+06 5.49111e+06 5.30979e+06 5.30292e+06 4.82652e+06 4.81583e+06 4.41508e+06 5.29044e+06 5.63245e+06 4.41154e+06 4.32334e+06 4.16611e+06 4.205e+06 4.12979e+06 4.08695e+06 3.96706e+06 5.75011e+06 5.21872e+06 3.88664e+06 3.64086e+06 3.5877e+06 3.38623e+06 3.2993e+06 3.06233e+06 2.97826e+06 4.26014e+06 2.9444e+06 4.36758e+06 2.86865e+06 2.85016e+06 3.64607e+06 2.75158e+06 2.68128e+06 2.49722e+06
threshold=736.45000000000016 5.5000000000000009 1.0000000180025095e-35 1.5000000000000002 419.15000000000003 4.5000000000000009 5.5000000000000009 1162.6500000000003 1.0000000180025095e-35 1.5000000000000002 4.5000000000000009 1152.0500000000002 227.95000000000002 5.5000000000000009 1162.6500000000003 1474.1500000000003 1.0000000180025095e-35 1.5000000000000002 583.75000000000011 953.35000000000014 4.5000000000000009 2.5000000000000004 1.0000000180025095e-35 1.0000000180025095e-35 1055.3000000000004 1401.7500000000002 1.0000000180025095e-35 127.80000000000003 1.0000000180025095e-35 109.75000000000001 240.15000000000001 269.52000000000004 1.0000000180025095e-35 521.55000000000007 160.55000000000004 1.0000000180025095e-35 464.35000000000008 341.45000000000005 3.5000000000000004 1.0000000180025095e-35 383.75000000000006 330.65000000000003 337.85000000000002 289.61666666666673 1.0000000180025095e-35 318.05000000000007 328.7166666666667 1.0000000180025095e-35 2.5000000000000004 1291.7500000000002 1.0000000180025095e-35 1.0000000180025095e-35 1.0000000180025095e-35 1.5000000000000002 322.91666666666674 124.15000000000002 453.05000000000007 2.5000000000000004 3.5000000000000004 5.5000000000000009 1.0000000180025095e-35 389.15000000000003
decision_type=2 2 2 2 2 2 2 2 2 2 2 2 2 2 2 2 2 2 2 2 2 2 2 2 2 2 2 2 2 2 2 2 2 2 2 2 2 2 2 2 2 2 2 2 2 2 2 2 2 2 2 2 2 2 2 2 2 2 2 2 2 2
left_child=4 2 49 11 12 14 8 19 -6 33 28 27 29 16 21 22 -14 -18 47 30 57 -5 31 38 -7 26 46 43 32 -1 -3 -9 -11 -10 -21 36 54 -13 56 40 41 -33 -15 45 -45 -4 -16 -8 -30 60 -26 -40 -31 -54 55 -36 -23 -19 -59 -55 -2 -56
right_child=1 7 3 5 6 24 18 15 9 10 -12 37 13 42 25 -17 17 20 -20 34 -22 23 -24 -25 50 -27 -28 -29 48 52 -32 39 -34 -35 35 -37 -38 -39 51 -41 -42 -43 -44 44 -46 -47 -48 -49 -50 -51 -52 -53 53 59 61 -57 -58 58 -60 -61 -62 -63
leaf_value=-19.531402066713426 -14.337048075943764 19.233884660792508 36.411923761240075 1.5770390700786674 -15.481083906575321 -8.3020537254069193 5.8027888001281651 26.525023638817572 21.408944073171899 -4.099531502987781 -12.590317624490378 97.334320522490003 -18.205977596903118 -4.7392663764221625 27.324910565267636 83.58901300172549 10.094817874162663 -14.437237059977628 16.476178727664674 51.32051534527227 -16.219353502157343 24.088934861541428 68.561277234277071 5.9034242524342107 -5.3592945663786651 50.148162387847904 5.3741992518953658 84.886075818538671 -3.8537896198562431 -19.358662803019953 30.205101128560081 45.338852692813411 10.037509800040205 37.314192435476514 52.077636172221254 20.364267157978482 62.046449883778898 130.14629936218262 13.854091118895605 70.521038169860844 35.294223212278808 72.605296543666299 1.6752901328151877 55.258112920125328 87.726366691589362 69.852878546714791 45.606745102612877 17.781750554969346 8.1610797669520903 -1.7513947256426847 4.7395556923622886 30.230332197862516 -2.1457876751820248 -15.982912445899613 36.173825898281365 32.765747256777182 40.066004851370145 -2.1627268778598103 -10.016023193304626 -10.923242956425391 -8.1960311487275348 17.377863814036054
leaf_weight=656 354 153 28 94 709 534 786 31 101 483 731 21 529 570 79 37 164 129 491 57 638 189 43 88 134 50 23 32 79 218 395 41 69 90 52 45 24 20 178 20 52 21 440 30 25 20 46 69 291 108 204 34 84 631 43 67 33 285 307 468 357 30
leaf_count=656 354 153 28 94 709 534 786 31 101 483 731 21 529 570 79 37 164 129 491 57 638 189 43 88 134 50 23 32 79 218 395 41 69 90 52 45 24 20 178 20 52 21 440 30 25 20 46 69 291 108 204 34 84 631 43 67 33 285 307 468 357 30
internal_value=0.0474016 15.5214 6.78104 14.1624 -6.4593 7.55611 0.000422116 36.6132 -5.43521 -1.57267 -5.09412 77.4477 -11.3795 -8.43936 20.7914 55.0715 -11.636 -9.35397 10.3104 31.3911 -11.701 16.2932 49.9987 18.9432 -4.79882 34.7858 29.5958 66.547 0.849175 -15.7561 27.142 45.1612 -2.3324 28.9036 38.7136 35.9604 39.2096 113.34 21.5872 49.4726 45.7799 54.5743 -1.94481 60.8495 70.0164 50.3457 34.0526 6.76951 5.59574 -10.0005 0.735869 16.4805 -13.9884 -12.9988 36.355 41.2046 26.4639 -7.70277 -6.2353 -13.8283 -11.2536 28.4495
internal_weight=12810 3792 2681 1862 9018 1686 3899 1111 2553 1844 1653 176 5119 3062 814 245 2052 1523 1346 866 1359 616 208 522 872 198 148 135 922 2057 548 165 552 191 318 261 216 41 434 134 114 62 1010 103 55 48 125 855 370 819 338 212 1401 1183 192 119 222 721 592 1099 711 73
internal_count=12810 3792 2681 1862 9018 1686 3899 1111 2553 1844 1653 176 5119 3062 814 245 2052 1523 1346 866 1359 616 208 522 872 198 148 135 922 2057 548 165 552 191 318 261 216 41 434 134 114 62 1010 103 55 48 125 855 370 819 338 212 1401 1183 192 119 222 721 592 1099 711 73
is_linear=0
shrinkage=0.05


Tree=31
num_leaves=63
num_cat=0
split_feature=35 40 40 40 35 40 40 35 40 40 40 35 35 40 35 35 40 40 35 40 40 35 38 5 25 35 13 9 34 35 2 24 31 25 25 36 9 35 31 31 34 40 35 32 36 40 32 9 33 33 33 40 40 35 40 40 32 35 36 40 35 28
split_gain=4.65608e+08 2.52359e+08 1.19888e+08 2.81027e+08 1.0347e+08 9.95263e+07 7.88799e+07 3.8839e+07 3.57618e+07 7.14416e+07 2.65857e+07 2.48586e+07 2.37793e+07 2.29485e+07 1.84981e+07 1.45882e+07 1.11063e+07 2.50967e+07 1.06084e+07 8.86286e+06 8.67226e+06 7.21904e+06 6.49697e+06 6.48414e+06 6.18476e+06 6.1036e+06 5.90374e+06 8.75395e+06 5.09222e+06 5.0682e+06 4.98813e+06 4.89939e+06 4.79209e+06 5.14454e+06 4.67942e+06 4.64551e+06 4.53248e+06 4.34629e+06 4.04409e+06 5.2181e+06 3.98142e+06 3.90181e+06 3.68847e+06 3.68107e+06 3.54086e+06 3.47219e+06 3.98476e+06 3.28588e+06 3.24931e+06 3.70777e+06 3.52827e+06 3.20715e+06 4.00366e+06 3.0687e+06 3.06727e+06 3.91555e+06 3.01027e+06 3.21266e+06 2.9562e+06 2.92401e+06 2.79005e+06 2.74138e+06
threshold=736.45000000000016 5.5000000000000009 1.0000000180025095e-35 1.5000000000000002 419.15000000000003 4.5000000000000009 5.5000000000000009 1118.0500000000002 1.0000000180025095e-35 1.5000000000000002 4.5000000000000009 1152.0500000000002 227.95000000000002 5.5000000000000009 1162.6500000000003 1474.1500000000003 1.0000000180025095e-35 1.5000000000000002 583.75000000000011 4.5000000000000009 2.5000000000000004 953.35000000000014 1.0000000180025095e-35 1.0000000180025095e-35 1.0000000180025095e-35 1055.3000000000004 1.0000000180025095e-35 1.0000000180025095e-35 127.80000000000003 93.850000000000009 1.0000000180025095e-35 1.0000000180025095e-35 240.15000000000001 1.0000000180025095e-35 1.0000000180025095e-35 398.41666666666669 1.0000000180025095e-35 521.55000000000007 205.95000000000002 464.35000000000008 341.45000000000005 3.5000000000000004 337.85000000000002 207.75000000000003 269.52000000000004 2.5000000000000004 429.25000000000006 1.0000000180025095e-35 273.40000000000003 347.65000000000003 452.65000000000003 1.0000000180025095e-35 1.5000000000000002 1437.45 2.5000000000000004 3.5000000000000004 349.05000000000007 1309.4500000000003 303.53750000000008 5.5000000000000009 976.85000000000002 1.0000000180025095e-35
decision_type=2 2 2 2 2 2 2 2 2 2 2 2 2 2 2 2 2 2 2 2 2 2 2 2 2 2 2 2 2 2 2 2 2 2 2 2 2 2 2 2 2 2 2 2 2 2 2 2 2 2 2 2 2 2 2 2 2 2 2 2 2 2
left_child=4 2 53 11 12 14 8 21 -6 37 30 28 29 16 20 23 -14 -18 47 -19 -5 32 41 26 35 -7 27 31 43 -1 34 44 -3 -34 36 45 54 -10 -23 61 -13 -22 -15 -4 -9 -16 56 -8 -46 -50 -51 -31 -53 -2 -11 -56 57 -47 -25 -54 -43 -40
right_child=1 7 3 5 6 25 18 15 9 10 -12 40 13 42 24 -17 17 19 -20 -21 22 38 -24 58 -26 -27 -28 -29 -30 51 -32 -33 33 -35 -36 -37 -38 -39 39 -41 -42 60 -44 -45 48 46 -48 -49 49 50 -52 52 59 -55 55 -57 -58 -59 -60 -61 -62 -63
leaf_value=-19.592689317620319 -10.212092920696721 18.272190449518316 38.551130104064946 1.4981872332857011 -14.707029798810801 -7.8869510570938672 5.5126493095233089 19.102771748815265 20.338496882372567 -9.5786839157509718 -11.960801737774903 92.46760331562588 -17.295678653237051 -4.5023030911673585 11.711746265042214 79.409561787424877 9.5900770200098435 -7.3176349961388754 15.652369649932851 -15.408385812418775 25.140709589086139 46.187017736264636 5.6082530279051177 76.443172037033818 56.292733627319336 0.69907604891520281 59.819908044277092 62.050294584035875 80.641771721839916 -18.812821588062103 12.820324827145928 14.779389614894473 26.726588628953984 45.237581480117072 11.779511803143645 51.73050373622349 9.6455606097128346 35.448483059141374 31.727643014037092 53.883595045407617 123.6389867401123 12.052635837150248 1.5915256381034852 62.446947538996312 24.851039895144378 22.599759822338822 44.98124186571907 16.892663177199989 61.965813446044926 25.986694695399361 52.870968236093944 -2.7146101593654208 -15.469823605314758 3.6635677055234002 3.40316319520567 -5.0304903384435136 13.458033885955812 48.14522520065308 51.810419806118674 -10.571581205404939 24.786098538239798 14.028578912294828
leaf_weight=460 777 153 20 94 709 534 786 21 101 134 731 21 529 570 31 37 164 721 491 638 222 70 88 21 25 338 39 32 32 252 79 29 353 42 73 21 82 90 138 24 20 152 440 83 22 32 34 69 26 26 23 94 726 42 255 299 35 20 29 525 60 26
leaf_count=460 777 153 20 94 709 534 786 21 101 134 731 21 529 570 31 37 164 721 491 638 222 70 88 21 25 338 39 32 32 252 79 29 353 42 73 21 82 90 138 24 20 152 440 83 22 32 34 69 26 26 23 94 726 42 255 299 35 20 29 525 60 26
internal_value=0.0450315 14.7453 6.44198 13.4543 -6.13634 7.17831 0.000400982 34.7825 -5.16345 -1.49404 -4.83942 73.5753 -10.8105 -8.01739 19.7518 49.9798 -11.0542 -8.88627 9.79484 -11.1159 15.4785 29.0317 17.996 45.9167 33.0465 -4.55888 42.192 38.3513 63.2197 -14.9683 0.806716 33.1924 25.7849 28.6948 -0.319114 29.6873 -1.46613 27.4584 35.9281 32.1083 107.673 20.5078 -1.84757 57.807 37.7176 26.6418 30.4669 6.43104 41.7476 46.704 38.6058 -13.6363 -12.6664 -9.50052 -2.79048 -1.14857 24.7946 32.4249 62.1562 -13.4142 15.6564 28.9217
internal_weight=12810 3792 2681 1862 9018 1686 3899 1111 2553 1844 1653 176 5119 3062 814 305 2052 1523 1346 1359 616 806 522 268 198 872 218 179 135 2057 922 147 548 395 843 173 770 191 258 188 41 434 1010 103 118 152 121 855 97 75 49 1597 1345 819 688 554 87 52 50 1251 212 164
internal_count=12810 3792 2681 1862 9018 1686 3899 1111 2553 1844 1653 176 5119 3062 814 305 2052 1523 1346 1359 616 806 522 268 198 872 218 179 135 2057 922 147 548 395 843 173 770 191 258 188 41 434 1010 103 118 152 121 855 97 75 49 1597 1345 819 688 554 87 52 50 1251 212 164
is_linear=0
shrinkage=0.05


Tree=32
num_leaves=63
num_cat=0
split_feature=35 40 40 40 35 40 40 40 40 35 40 35 35 40 35 35 35 35 40 40 40 5 9 40 40 35 35 11 40 40 35 34 36 31 35 36 39 32 31 24 31 2 32 9 36 40 40 39 39 39 11 39 9 36 34 35 39 35 35 31 39 35
split_gain=4.20211e+08 2.27754e+08 1.08199e+08 2.53627e+08 9.36671e+07 8.98225e+07 7.57107e+07 3.57412e+07 7.08759e+07 3.5124e+07 2.69044e+07 2.25423e+07 1.82732e+07 1.76873e+07 1.66945e+07 1.19477e+07 1.14974e+07 8.70675e+06 7.82671e+06 7.69738e+06 1.87903e+07 6.21e+06 6.02498e+06 5.8935e+06 5.8056e+06 5.5085e+06 5.34825e+06 5.67183e+06 5.12232e+06 5.98315e+06 4.93083e+06 4.92425e+06 4.47339e+06 4.32486e+06 4.24156e+06 4.12235e+06 5.5226e+06 4.57175e+06 3.7117e+06 4.58514e+06 4.74646e+06 3.59181e+06 5.85442e+06 3.36417e+06 3.29408e+06 3.16573e+06 3.73104e+06 3.04874e+06 2.97762e+06 2.96965e+06 4.41532e+06 2.63988e+06 2.87329e+06 2.58642e+06 3.99815e+06 2.4414e+06 2.3968e+06 2.36795e+06 2.35909e+06 4.03611e+06 2.36595e+06 2.34658e+06
threshold=736.45000000000016 5.5000000000000009 1.0000000180025095e-35 1.5000000000000002 388.85000000000008 4.5000000000000009 5.5000000000000009 1.0000000180025095e-35 1.5000000000000002 1162.6500000000003 4.5000000000000009 1211.5500000000002 166.25000000000003 5.5000000000000009 1162.6500000000003 583.75000000000011 1474.1500000000003 953.35000000000014 2.5000000000000004 1.0000000180025095e-35 1.5000000000000002 1.0000000180025095e-35 1.0000000180025095e-35 4.5000000000000009 3.5000000000000004 1055.3000000000004 1401.7500000000002 1.0000000180025095e-35 2.5000000000000004 3.5000000000000004 521.55000000000007 127.80000000000003 269.52000000000004 240.15000000000001 294.05000000000007 288.28333333333336 1.0000000180025095e-35 318.05000000000007 160.55000000000004 1.0000000180025095e-35 464.35000000000008 1.0000000180025095e-35 383.75000000000006 1.0000000180025095e-35 328.7166666666667 2.5000000000000004 3.5000000000000004 1.0000000180025095e-35 1.0000000180025095e-35 1.0000000180025095e-35 1.0000000180025095e-35 1.0000000180025095e-35 1.0000000180025095e-35 322.91666666666674 124.15000000000002 531.55000000000007 1.0000000180025095e-35 574.1500000000002 849.65000000000009 453.05000000000007 1.0000000180025095e-35 1036.0000000000002
decision_type=2 2 2 2 2 2 2 2 2 2 2 2 2 2 2 2 2 2 2 2 2 2 2 2 2 2 2 2 2 2 2 2 2 2 2 2 2 2 2 2 2 2 2 2 2 2 2 2 2 2 2 2 2 2 2 2 2 2 2 2 2 2
left_child=4 2 47 11 12 14 7 -6 30 17 28 31 -1 19 18 43 21 33 -5 -14 -21 32 24 45 58 -7 27 44 -10 55 -9 35 -11 -3 -15 37 -37 -4 -19 40 53 42 -34 49 -16 -22 -47 -2 -27 -8 -51 52 -12 54 -40 -30 -26 -31 -20 60 -60 -58
right_child=1 9 3 5 6 25 15 8 10 16 51 -13 13 34 26 -17 -18 38 22 20 23 -23 -24 -25 56 48 -28 -29 29 57 -32 -33 41 -35 -36 36 -38 -39 39 -41 -42 -43 -44 -45 -46 46 -48 -49 -50 50 -52 -53 -54 -55 -56 -57 61 -59 59 -61 -62 -63
leaf_value=-15.864978924726834 -12.163023933693394 17.35858086448869 31.938362070492339 1.4232778266389321 -14.279554796661481 -7.4926034955607825 2.3806920176164974 18.567144836143211 -6.8822466125629225 23.662484117477174 -15.185559553962177 107.14637930898955 -16.491738600976078 -6.5342010602728156 24.622831992107102 14.869751272842198 75.439084625244149 46.455242735879466 13.739046970009804 5.4740459566534554 -15.342124160830403 62.113051813702249 30.746237602915087 -15.010375167803076 4.8064056964715327 -5.1262836482987479 45.532244394302374 3.7990889673647672 3.0420567832887175 -4.7323629326046559 33.676058848698936 77.004928279567423 52.506071475835952 27.26010386190837 -0.30652607909253771 50.881562376022345 81.905303573608407 63.237887420654296 47.724377169975867 17.852365544637046 56.360503053665163 60.666442306599187 29.000737774813615 15.013139592595849 41.453426715990773 -3.0041624473624178 -10.758151781924663 -6.0593741211358845 4.4676241327734552 10.893364379112777 -4.1663740319720768 -8.210412983747629 -2.5728922300338746 25.366693356102459 29.247261169775211 10.988803087613164 11.337816840747617 2.7101238891395214 11.391643098684458 44.752652653780849 26.682650927702589 28.367257013320923
leaf_weight=1297 398 153 28 94 808 534 594 135 203 31 466 33 564 599 79 491 37 57 68 181 142 43 70 678 120 134 50 23 224 285 90 37 52 395 503 32 26 20 52 45 24 28 54 83 46 296 326 421 204 278 59 325 50 73 67 170 106 171 39 22 72 25
leaf_count=1297 398 153 28 94 808 534 594 135 203 31 466 33 564 599 79 491 37 57 68 181 142 43 70 678 120 134 50 23 224 285 90 37 52 395 503 32 26 20 52 45 24 28 54 83 46 296 326 421 204 278 59 325 50 73 67 170 106 171 39 22 72 25
internal_value=0.04278 14.0081 6.11988 12.7816 -5.82952 6.81939 -0.645991 -5.33203 -1.92023 33.0434 -5.072 69.8965 -10.839 -8.85701 18.7642 8.46765 49.7578 28.3147 14.7046 -11.4598 -9.71115 45.1895 17.0962 -11.6172 14.9823 -4.33094 31.3942 26.6178 0.253684 1.95791 24.6107 61.3004 40.7791 24.4956 -3.69162 55.8187 64.7888 44.9798 34.8961 32.3717 35.3965 44.7389 40.5317 5.36761 30.8165 -8.60598 -7.06815 -9.02549 0.664122 4.5077 8.25679 -11.7402 -13.9634 32.7761 37.3213 6.47086 9.91139 -1.94143 21.3146 25.1878 21.3101 14.5877
internal_weight=12810 3792 2681 1862 9018 1686 4432 2927 2119 1111 1894 176 4586 3289 814 1505 245 866 616 2187 1623 208 522 1442 452 872 198 148 1053 850 225 143 165 548 1102 106 58 48 318 261 216 134 106 1014 125 764 622 819 338 931 337 841 516 192 119 394 251 456 201 133 111 131
internal_count=12810 3792 2681 1862 9018 1686 4432 2927 2119 1111 1894 176 4586 3289 814 1505 245 866 616 2187 1623 208 522 1442 452 872 198 148 1053 850 225 143 165 548 1102 106 58 48 318 261 216 134 106 1014 125 764 622 819 338 931 337 841 516 192 119 394 251 456 201 133 111 131
is_linear=0
shrinkage=0.05


Tree=33
num_leaves=63
num_cat=0
split_feature=35 40 40 40 35 40 40 35 40 40 40 35 35 40 35 35 40 40 35 40 40 35 38 25 35 35 2 25 40 32 31 31 35 25 25 40 32 32 40 40 35 40 40 25 40 31 32 35 32 21 31 24 25 36 36 35 12 36 31 31 24 7
split_gain=3.79241e+08 2.05548e+08 9.76492e+07 2.28898e+08 8.47326e+07 8.10648e+07 6.43439e+07 3.18305e+07 2.91018e+07 5.8234e+07 2.16416e+07 2.03911e+07 1.96802e+07 1.81924e+07 1.50668e+07 1.18443e+07 8.89892e+06 2.01502e+07 8.76075e+06 7.06361e+06 7.01415e+06 6.08583e+06 5.51692e+06 5.46511e+06 4.97142e+06 4.87996e+06 4.43359e+06 4.20999e+06 4.10826e+06 4.64378e+06 3.85393e+06 3.5335e+06 3.52052e+06 3.42982e+06 3.29035e+06 3.19147e+06 3.0847e+06 3.36424e+06 2.97227e+06 4.37507e+06 2.86201e+06 2.86164e+06 3.21808e+06 2.737e+06 2.71789e+06 2.67399e+06 2.64894e+06 2.52397e+06 5.62269e+06 4.98626e+06 2.5104e+06 3.31198e+06 4.96614e+06 2.52555e+06 2.92571e+06 2.36248e+06 2.34479e+06 3.58498e+06 2.4673e+06 2.66392e+06 3.37014e+06 2.67596e+06
threshold=736.45000000000016 5.5000000000000009 1.0000000180025095e-35 1.5000000000000002 419.15000000000003 4.5000000000000009 5.5000000000000009 1118.0500000000002 1.0000000180025095e-35 1.5000000000000002 4.5000000000000009 1152.0500000000002 243.20000000000002 5.5000000000000009 1162.6500000000003 1474.1500000000003 1.0000000180025095e-35 1.5000000000000002 628.55000000000007 2.5000000000000004 4.5000000000000009 906.45000000000005 1.0000000180025095e-35 1.0000000180025095e-35 1055.3000000000004 109.75000000000001 1.0000000180025095e-35 1.0000000180025095e-35 2.5000000000000004 429.25000000000006 279.05000000000007 227.65000000000001 521.55000000000007 1.0000000180025095e-35 1.0000000180025095e-35 3.5000000000000004 345.15000000000003 239.05000000000004 2.5000000000000004 3.5000000000000004 1257.3500000000001 1.0000000180025095e-35 1.5000000000000002 1.0000000180025095e-35 5.5000000000000009 240.15000000000001 128.35000000000005 918.1500000000002 333.85000000000008 1.0000000180025095e-35 476.05000000000007 1.0000000180025095e-35 1.0000000180025095e-35 350.67500000000001 310.41666666666674 976.85000000000002 1.0000000180025095e-35 305.71000000000004 462.85000000000008 115.95000000000002 1.0000000180025095e-35 1.0000000180025095e-35
decision_type=2 2 2 2 2 2 2 2 2 2 2 2 2 2 2 2 2 2 2 2 2 2 2 2 2 2 2 2 2 2 2 2 2 2 2 2 2 2 2 2 2 2 2 2 2 2 2 2 2 2 2 2 2 2 2 2 2 2 2 2 2 2
left_child=4 2 40 11 12 14 8 21 -6 32 26 47 25 16 19 30 -14 -18 33 -5 -19 34 35 28 -7 -1 27 38 -16 36 31 -9 -10 -8 45 -21 37 -30 -11 -40 -2 -27 -43 -15 -44 -3 -20 49 -49 -4 51 52 53 54 -32 -37 58 -58 59 -23 61 -61
right_child=1 7 3 5 6 24 18 15 9 10 -12 -13 13 43 23 -17 17 20 46 22 -22 56 -24 -25 -26 41 -28 -29 29 -31 50 -33 -34 -35 -36 55 -38 -39 39 -41 -42 42 44 -45 -46 -47 -48 48 -50 -51 -52 -53 -54 -55 -56 -57 57 -59 -60 60 -62 -63
leaf_value=-16.86587955370182 -9.8756689131346818 13.566767823819033 39.839405230588696 1.3521139820839496 -13.257700532434242 -7.117973373115956 5.557012228825692 38.768321515773906 18.393214659879703 -7.6269205827991691 -10.783911278953958 97.283980992945231 -15.556436532965538 -1.8942896603441786 10.492960703372956 71.667129632588981 9.0738366991658754 -6.3469810364935215 3.5261400163173677 22.746019693323085 -13.808370026146006 45.984654094554763 4.8261359999125659 51.676434131622322 0.63091609564405937 -16.631321516562632 12.06156560126928 11.149742022279192 16.282892172677176 43.81006656126543 57.480027122280823 15.23450194272128 31.992255822287667 16.004378476115161 34.517346306236426 10.852230517487778 14.022542154221307 41.736292847465073 4.6656096065534163 -3.7835351566202711 -1.8614822382317451 -1.7143527491887411 -13.509209768100547 9.8090657992183043 -8.8614279612818283 23.112783028358638 17.19303465858102 80.504755875159958 50.733362830025811 66.952130889892587 31.587769859177726 32.197091106006077 28.832698047728766 68.030102961638875 37.383108818972552 22.569445763429005 33.391248216300177 7.5542898722887051 45.026394805643292 29.678459411362809 16.732871233030806 45.666716720211895
leaf_weight=656 686 97 43 94 709 534 908 58 101 154 731 41 493 870 32 37 158 668 40 222 596 27 88 25 338 254 79 73 21 44 55 22 90 86 49 152 42 34 286 330 133 90 726 53 555 301 312 29 35 28 28 28 21 29 27 60 29 25 36 168 43 31
leaf_count=656 686 97 43 94 709 534 908 58 101 154 731 41 493 870 32 37 158 668 40 222 596 27 88 25 338 254 79 73 21 44 55 22 90 86 49 152 42 34 286 330 133 90 726 53 555 301 312 29 35 28 28 28 21 29 27 60 29 25 36 168 43 31
internal_value=0.040641 13.3077 5.81389 12.1425 -5.53805 6.47842 0.0153198 31.3912 -4.64852 -1.33838 -4.35874 66.4017 -9.76789 -6.98851 17.826 45.1491 -9.76774 -7.76083 8.86138 13.9694 -9.86517 26.1851 16.2414 29.8245 -4.11439 -13.226 0.735409 -0.325999 26.6667 30.3373 41.4881 32.2965 24.8011 6.46091 22.2914 18.556 24.226 32.0177 -1.41396 0.139282 -8.57422 -11.7566 -10.8534 -1.22227 -11.4955 20.7862 15.64 57.0227 64.2235 50.5317 45.3994 47.8164 51.1296 55.3479 50.8627 14.1684 31.0332 21.4297 32.7334 31.0883 29.4263 32.1691
internal_weight=12810 3792 2681 1862 9018 1686 3899 1111 2553 1844 1653 176 5119 2838 814 305 1915 1422 1346 616 1264 806 522 198 872 2281 922 843 173 141 268 80 191 994 447 434 97 55 770 616 819 1625 1371 923 1281 398 352 135 64 71 188 160 132 111 82 212 359 54 305 269 242 199
internal_count=12810 3792 2681 1862 9018 1686 3899 1111 2553 1844 1653 176 5119 2838 814 305 1915 1422 1346 616 1264 806 522 198 872 2281 922 843 173 141 268 80 191 994 447 434 97 55 770 616 819 1625 1371 923 1281 398 352 135 64 71 188 160 132 111 82 212 359 54 305 269 242 199
is_linear=0
shrinkage=0.05


Tree=34
num_leaves=63
num_cat=0
split_feature=33 40 40 40 40 40 32 36 31 40 40 34 40 34 36 32 32 33 32 31 31 33 31 36 31 40 34 31 31 37 9 32 31 36 31 37 38 28 37 32 32 28 5 34 24 36 33 32 9 33 33 32 31 36 9 36 33 32 32 36 9 31
split_gain=2.29849e+08 1.7925e+08 8.6026e+07 1.83049e+08 6.62917e+07 6.5177e+07 4.70179e+07 4.04015e+07 3.07047e+07 2.90075e+07 6.70091e+07 2.74335e+07 2.6169e+07 2.14384e+07 2.06095e+07 1.8269e+07 1.71054e+07 1.46839e+07 1.21125e+07 1.12865e+07 9.86499e+06 9.89234e+06 9.64388e+06 9.30619e+06 8.0604e+06 7.48814e+06 8.00006e+06 7.47793e+06 6.80312e+06 6.77884e+06 6.51193e+06 5.65539e+06 5.49096e+06 5.4084e+06 5.3574e+06 5.23268e+06 5.21991e+06 5.03028e+06 4.81329e+06 6.05639e+06 4.60333e+06 4.58901e+06 4.46002e+06 4.24888e+06 4.18429e+06 4.16782e+06 4.10694e+06 4.10436e+06 3.99408e+06 3.98069e+06 4.68383e+06 3.9525e+06 4.11361e+06 3.6835e+06 3.62106e+06 3.55422e+06 3.41384e+06 5.54745e+06 4.45764e+06 3.58163e+06 3.39613e+06 3.38371e+06
threshold=52.350000000000001 5.5000000000000009 1.0000000180025095e-35 1.5000000000000002 5.5000000000000009 4.5000000000000009 256.95000000000005 218.3366666666667 261.55000000000007 1.0000000180025095e-35 1.5000000000000002 392.4500000000001 4.5000000000000009 445.90000000000003 230.82500000000005 301.65000000000003 120.85000000000001 437.50000000000006 198.45000000000002 284.05000000000007 388.75000000000006 457.15000000000003 238.05000000000004 331.58333333333343 314.35000000000008 2.5000000000000004 189.85000000000005 304.15000000000003 379.65000000000003 4.5000000000000009 1.0000000180025095e-35 1.0000000180025095e-35 358.75000000000006 268.44166666666678 416.15000000000003 4.5000000000000009 1.0000000180025095e-35 1.0000000180025095e-35 3.5000000000000004 232.55000000000004 396.15000000000003 1.0000000180025095e-35 1.0000000180025095e-35 240.75000000000003 1.0000000180025095e-35 377.65000000000009 273.40000000000003 347.05000000000007 1.0000000180025095e-35 412.95000000000005 269.35000000000008 396.15000000000003 462.85000000000008 153.15833333333336 1.0000000180025095e-35 76.15000000000002 273.40000000000003 389.15000000000003 343.35000000000008 305.71000000000004 1.0000000180025095e-35 414.05000000000007
decision_type=2 2 2 2 2 2 2 2 2 2 2 2 2 2 2 2 2 2 2 2 2 2 2 2 2 2 2 2 2 2 2 2 2 2 2 2 2 2 2 2 2 2 2 2 2 2 2 2 2 2 2 2 2 2 2 2 2 2 2 2 2 2
left_child=4 2 -2 11 9 14 8 29 55 54 16 17 15 20 53 19 24 18 -4 -12 38 35 -8 -15 -11 -16 36 -18 46 -3 31 -10 -28 -14 -17 44 37 45 -9 -40 61 42 49 -7 56 -27 -20 -31 -35 50 -41 52 -24 -5 -1 -6 57 -22 59 -58 -21 -34
right_child=1 7 3 5 6 43 22 13 30 10 12 -13 33 23 25 34 27 -19 28 60 21 -23 51 -25 -26 26 32 -29 -30 47 -32 -33 40 48 -36 -37 -38 -39 39 41 -42 -43 -44 -45 -46 -47 -48 -49 -50 -51 -52 -53 -54 -55 -56 -57 58 -59 -60 -61 -62 -63
leaf_value=-14.507754092800733 -9.52657876702545 8.8887927236200195 22.505366705965116 -7.2194986328711881 -15.528251131375633 -7.5011740453258078 6.2728805795420701 21.094343946102995 0.59364060927203066 -1.1787536243222794 -10.085064052602258 106.34661761197177 -14.932120710537319 45.537200780348343 5.7071375265888786 3.1180289068095313 18.499590433271308 83.706674194335946 34.434935938517256 -2.6827511065789147 36.141903345685613 67.725396957397464 11.348488164614032 87.519764258644798 15.18131853066958 20.820337419429176 22.644348932768025 43.249328259860768 73.83055188839252 17.930402193873761 17.490556227413684 8.9008633478632522 16.86032772064209 -10.164649565358317 18.386866979867641 59.162017326354977 2.3438315486907961 6.6817095254596914 16.393700549385766 27.667012987381373 59.271932601928711 19.825782966613772 57.678388553195532 0.10468513463954053 17.594589818135287 42.151553579477167 57.459798038707063 40.372736365706835 5.6665549424432573 19.761587893578316 50.888055925953147 24.252261724962906 33.811451762655508 6.0779041947071795 -3.6264520811077987 -7.0639527792965273 47.130775979849012 8.3355797608693436 57.293964565161502 21.130379429569953 12.084750114999167 44.706955083211263
leaf_weight=1363 936 294 54 65 144 684 274 257 903 159 891 22 926 33 87 301 76 24 45 772 71 25 179 22 143 192 86 51 26 83 77 265 20 775 71 20 50 57 55 39 24 38 27 251 39 26 34 27 42 31 49 170 23 262 81 894 26 24 33 27 41 24
leaf_count=1363 936 294 54 65 144 684 274 257 903 159 891 22 926 33 87 301 76 24 45 772 71 25 179 22 143 192 86 51 26 83 77 265 20 775 71 20 50 57 55 39 24 38 27 251 39 26 34 27 42 31 49 170 23 262 81 894 26 24 33 27 41 24
internal_value=0.0386089 9.64678 3.01669 8.79165 -4.63006 3.76737 1.48208 25.7818 -1.88773 -7.77526 -5.6942 53.5935 -7.79894 32.1841 13.4281 -4.00646 13.0424 47.2516 41.749 -6.19801 30.0053 37.7936 13.3912 62.3302 6.5679 19.2016 21.6526 28.4385 51.6457 12.8505 3.40687 2.47841 31.0397 -12.316 6.03224 34.6757 17.2046 19.9066 25.8442 30.9518 41.6574 35.3034 39.3319 -5.45939 32.4497 23.3644 44.3444 23.439 -9.35081 35.1692 40.5969 18.6342 13.9062 3.43469 -13.8974 -8.23819 35.6506 29.1171 42.8677 33.8853 -1.93802 32.0494
internal_weight=12810 4189 2969 2033 8621 1828 2929 1220 2283 5692 4248 205 3819 816 893 2076 429 183 159 1704 761 265 646 55 302 566 479 127 105 404 1245 1168 154 1743 372 240 325 275 496 239 68 184 146 935 220 218 79 110 817 119 88 372 202 327 1444 1038 181 95 86 53 813 44
internal_count=12810 4189 2969 2033 8621 1828 2929 1220 2283 5692 4248 205 3819 816 893 2076 429 183 159 1704 761 265 646 55 302 566 479 127 105 404 1245 1168 154 1743 372 240 325 275 496 239 68 184 146 935 220 218 79 110 817 119 88 372 202 327 1444 1038 181 95 86 53 813 44
is_linear=0
shrinkage=0.05


Tree=35
num_leaves=63
num_cat=0
split_feature=35 38 35 35 35 22 25 35 9 36 39 35 35 8 38 35 35 33 31 8 31 36 35 25 36 35 9 36 36 9 39 31 31 9 9 31 31 9 11 33 34 34 12 34 34 35 9 39 24 31 5 5 39 11 33 37 34 33 35 36 36 33
split_gain=3.20782e+08 7.10366e+07 7.90119e+07 3.99733e+07 2.21784e+07 2.0367e+07 1.61582e+07 1.61401e+07 1.41499e+07 1.0137e+07 7.9933e+06 7.98641e+06 7.65741e+06 7.14186e+06 6.40522e+06 6.17436e+06 5.90495e+06 5.24768e+06 5.07239e+06 5.23117e+06 6.8204e+06 4.90362e+06 4.80806e+06 4.66696e+06 5.13948e+06 4.07796e+06 3.89803e+06 3.906e+06 3.82856e+06 3.81415e+06 4.34051e+06 3.7587e+06 5.0164e+06 4.01227e+06 3.63924e+06 3.58218e+06 3.50364e+06 3.47784e+06 3.34629e+06 3.02205e+06 3.15266e+06 5.09005e+06 3.0102e+06 3.13109e+06 6.08553e+06 3.66093e+06 3.24716e+06 2.98624e+06 2.88911e+06 2.81739e+06 3.51982e+06 2.76542e+06 3.353e+06 2.97479e+06 2.74483e+06 3.10825e+06 4.06669e+06 2.63171e+06 2.61592e+06 2.57987e+06 2.57086e+06 2.44371e+06
threshold=568.95000000000016 1.0000000180025095e-35 1000.2500000000001 294.05000000000007 1309.4500000000003 1.0000000180025095e-35 1.0000000180025095e-35 774.25000000000011 1.0000000180025095e-35 382.25000000000006 1.0000000180025095e-35 1611.0000000000002 1522.8500000000001 1.0000000180025095e-35 1.0000000180025095e-35 145.10000000000002 431.10000000000008 107.85000000000001 474.15000000000003 1.0000000180025095e-35 394.15000000000003 244.52666666666667 1099.0500000000002 1.0000000180025095e-35 401.08333333333343 867.15000000000009 1.0000000180025095e-35 391.65000000000003 409.21666666666675 1.0000000180025095e-35 1.0000000180025095e-35 105.65000000000002 225.55000000000004 1.0000000180025095e-35 1.0000000180025095e-35 434.35000000000008 298.75000000000006 1.0000000180025095e-35 1.0000000180025095e-35 131.25000000000003 196.60000000000005 348.9500000000001 1.0000000180025095e-35 157.80000000000004 115.55000000000001 1026.7 1.0000000180025095e-35 1.0000000180025095e-35 1.0000000180025095e-35 271.85000000000008 1.0000000180025095e-35 1.0000000180025095e-35 1.0000000180025095e-35 1.0000000180025095e-35 132.60000000000002 3.5000000000000004 138.05000000000004 191.10000000000002 886.1500000000002 150.0291666666667 308.02500000000003 475.30000000000001
decision_type=2 2 2 2 2 2 2 2 2 2 2 2 2 2 2 2 2 2 2 2 2 2 2 2 2 2 2 2 2 2 2 2 2 2 2 2 2 2 2 2 2 2 2 2 2 2 2 2 2 2 2 2 2 2 2 2 2 2 2 2 2 2
left_child=3 2 7 15 17 12 8 29 14 54 26 18 25 28 16 -1 51 22 19 20 -6 -10 -4 24 39 -3 -9 -28 31 30 48 -12 60 49 -27 -26 -8 47 -30 -19 42 -42 43 44 45 -41 61 -17 -2 -34 -51 52 -5 -54 -7 -56 -57 -43 -35 -32 -33 -47
right_child=1 5 4 6 11 9 36 10 21 -11 13 -13 -14 -15 -16 37 -18 23 -20 -21 -22 -23 -24 -25 35 34 27 -29 38 -31 59 32 33 58 -36 -37 -38 -39 -40 40 41 57 -44 -45 -46 46 -48 -49 -50 50 -52 -53 53 -55 55 56 -58 -59 -60 -61 -62 -63
leaf_value=-14.250176016789977 2.2831663559543958 -8.8987168816904383 18.388237157075302 -8.6218384218530435 23.620182373762134 -2.3294941082000733 2.327731319387516 5.3254651658804812 -0.62993867666201486 43.551297051527285 28.102316394262019 58.663971183155525 24.756366976824676 2.7772356370482782 -11.932361666245642 -11.287368062781354 -2.4835788168284934 -3.4530229187011723 16.413217214258705 53.916566617561116 43.417947503371025 12.685678084360228 49.497829988267689 26.683612745338021 48.360739113035663 -3.5776632581937449 10.182128392744669 31.637473229704234 33.052754280644081 11.102602516100246 -8.5858470473970687 4.6036612367244079 26.577001043394503 43.381811573194426 10.663447927455515 18.793470544815062 12.990854452977647 -0.96550644453581391 9.9594994499569864 29.714383305140906 27.6525750477483 26.76079878807068 2.4680124843562092 -2.9624560031023894 42.532385624022709 7.1636490944682096 23.600551176071168 -6.8275649569177821 -6.7266582848890781 11.824051333253202 28.505673795276223 0.38553160894662142 -1.1398672386692532 -10.075795977245006 1.0317717946808915 27.39050741412423 9.063645022431599 9.2759737066043311 19.265377651561394 6.8658442384397036 23.776450290679932 23.945266014099122
leaf_weight=1085 554 408 23 1213 100 50 167 433 133 22 56 33 22 99 343 1377 1540 20 41 33 77 144 27 144 21 531 79 29 62 206 28 139 51 23 49 20 143 111 21 35 127 28 54 22 21 164 51 516 106 260 36 128 335 129 58 44 97 93 22 767 20 25
leaf_count=1085 554 408 23 1213 100 50 167 433 133 22 56 33 22 99 343 1377 1540 20 41 33 77 144 27 144 21 531 79 29 62 206 28 139 51 23 49 20 143 111 21 35 127 28 54 22 21 164 51 516 106 260 36 128 335 129 58 44 97 93 22 767 20 25
internal_value=-0.0795794 9.13917 12.3162 -6.87847 23.3992 -1.15333 -3.74707 8.02157 -4.60659 11.0179 12.1262 35.5398 -4.41908 15.3359 -5.42519 -11.2122 -4.75793 19.4588 32.4996 35.6402 32.2328 6.29226 35.1874 18.5055 16.7762 -5.06873 7.4451 15.9433 17.1378 4.73491 3.83337 15.7606 14.5062 17.5447 -2.37453 33.9377 7.24653 -9.56732 27.2099 15.6768 16.2939 20.6607 13.3827 15.2362 16.5888 14.6076 12.4046 -10.0717 0.836134 15.723 13.8529 -6.69838 -7.23907 -3.62421 8.14347 10.7749 14.7827 13.322 31.5916 6.32163 7.01533 9.38344
internal_weight=12795 5431 4150 7364 1159 1281 4275 2991 3965 271 1330 284 1010 789 3688 3089 3345 875 251 210 177 277 50 825 681 988 541 108 690 1661 1455 607 551 392 580 41 310 2004 83 640 620 248 372 318 296 275 240 1893 660 347 296 1805 1677 464 249 199 141 121 45 795 159 189
internal_count=12795 5431 4150 7364 1159 1281 4275 2991 3965 271 1330 284 1010 789 3688 3089 3345 875 251 210 177 277 50 825 681 988 541 108 690 1661 1455 607 551 392 580 41 310 2004 83 640 620 248 372 318 296 275 240 1893 660 347 296 1805 1677 464 249 199 141 121 45 795 159 189
is_linear=0
shrinkage=0.05


Tree=36
num_leaves=63
num_cat=0
split_feature=35 40 40 40 40 35 40 34 35 35 35 40 40 40 35 33 31 35 35 33 32 25 40 40 31 40 40 35 25 31 33 25 35 31 25 25 35 31 25 35 34 7 35 33 40 40 40 25 12 35 35 32 33 6 37 11 39 7 31 33 35 23
split_gain=2.89506e+08 1.91074e+08 8.9433e+07 1.58598e+08 7.69536e+07 5.94902e+07 3.9666e+07 2.78699e+07 2.71848e+07 1.97888e+07 1.78988e+07 1.47238e+07 3.09637e+07 1.35271e+07 1.14809e+07 1.10018e+07 9.80335e+06 7.22981e+06 6.69047e+06 7.96333e+06 7.73717e+06 5.75507e+06 5.22973e+06 5.49517e+06 5.06491e+06 5.04921e+06 8.80969e+06 5.84062e+06 4.50395e+06 4.47496e+06 4.47195e+06 4.3574e+06 4.26504e+06 3.9102e+06 3.80006e+06 3.7393e+06 3.60236e+06 4.34876e+06 3.58988e+06 3.45952e+06 3.45308e+06 3.11876e+06 5.3116e+06 2.92692e+06 2.87836e+06 3.6774e+06 2.84258e+06 2.82907e+06 2.59115e+06 2.44066e+06 2.42626e+06 2.1528e+06 2.27822e+06 2.14942e+06 2.11669e+06 2.10508e+06 2.60039e+06 2.48956e+06 2.07854e+06 2.06733e+06 3.00211e+06 2.62265e+06
threshold=568.95000000000016 5.5000000000000009 1.0000000180025095e-35 1.5000000000000002 4.5000000000000009 1118.0500000000002 5.5000000000000009 409.75000000000006 324.65000000000003 1000.2500000000001 758.55000000000007 1.0000000180025095e-35 1.5000000000000002 4.5000000000000009 314.15000000000003 437.50000000000006 454.65000000000003 294.05000000000007 1309.4500000000003 292.00000000000006 431.35000000000008 1.0000000180025095e-35 2.5000000000000004 3.5000000000000004 412.55000000000007 2.5000000000000004 3.5000000000000004 1257.3500000000001 1.0000000180025095e-35 175.25000000000003 227.40000000000003 1.0000000180025095e-35 166.25000000000003 416.15000000000003 1.0000000180025095e-35 1.0000000180025095e-35 753.35000000000014 284.05000000000007 1.0000000180025095e-35 1327.2000000000003 381.90000000000003 1.0000000180025095e-35 953.35000000000014 334.15000000000003 2.5000000000000004 3.5000000000000004 2.5000000000000004 1.0000000180025095e-35 1.0000000180025095e-35 856.40000000000009 976.85000000000002 394.45000000000005 204.40000000000003 1.0000000180025095e-35 3.5000000000000004 1.0000000180025095e-35 1.0000000180025095e-35 1.0000000180025095e-35 387.25000000000006 354.2000000000001 843.15000000000009 1.0000000180025095e-35
decision_type=2 2 2 2 2 2 2 2 2 2 2 2 2 2 2 2 2 2 2 2 2 2 2 2 2 2 2 2 2 2 2 2 2 2 2 2 2 2 2 2 2 2 2 2 2 2 2 2 2 2 2 2 2 2 2 2 2 2 2 2 2 2
left_child=6 2 28 7 9 10 11 15 32 22 53 47 14 17 -13 16 24 46 29 -20 40 50 -5 55 36 58 27 -27 49 -7 -31 41 -8 -32 -10 44 -4 -38 -15 -23 -21 59 51 -25 -19 -46 -14 -1 -28 -2 -6 52 -43 -3 -33 56 -24 -58 -11 60 -12 -62
right_child=1 5 3 4 21 18 8 -9 34 25 31 12 13 38 -16 -17 -18 35 19 20 -22 39 23 43 -26 26 48 -29 -30 30 33 54 -34 -35 -36 -37 37 -39 -40 -41 -42 42 -44 -45 45 -47 -48 -49 -50 -51 -52 -53 -54 -55 -56 -57 57 -59 -60 -61 61 -63
leaf_value=-14.440671930075304 -12.832171698486281 10.912486102257519 28.639378046989442 -0.30529906741270785 -8.4390453151635452 16.334591681024303 -10.756473946408422 102.00287301199778 2.8952300169944367 0.60964685714606093 16.596713566780092 -4.0374895474218553 -16.16862175281231 -13.190565319839028 13.902741223244176 75.067935781045392 69.916958125432345 -9.5786842479318537 27.891977236821102 36.477336985270185 78.574344265099739 0.83187593069291654 11.562100273370744 4.4413536902442114 10.065744165182114 28.181251403818962 15.055805280737131 51.704624290079693 -0.80491497423114444 54.191408752813572 41.38344164325531 39.013646297454841 -4.5373200795870883 22.51006863291671 13.387870930407638 7.8576794152674472 56.069667385786012 32.457522817758409 -2.5494176461583091 22.669357990083242 61.124561978269504 4.860005823771159 45.03647965096139 15.719085286600251 0.72998776821529177 -6.2493699850216311 -8.3494798945433253 -4.9418310324350996 30.737308871746066 -7.9302734015451168 -3.4577001246704064 35.277991747856142 26.645990387598676 20.111427178482217 25.368487305111358 2.0183400869369508 26.144250004417017 11.6440244364184 19.948189973831177 14.648932181616301 23.263710552767705 37.387795927585699
leaf_weight=1173 477 538 70 141 644 23 439 21 1196 33 154 155 143 1404 210 22 21 197 26 30 33 133 120 323 20 92 149 37 145 41 83 60 741 41 93 69 39 39 84 21 27 24 37 70 374 381 621 84 32 543 394 20 24 72 54 26 95 43 24 122 209 39
leaf_count=1173 477 538 70 141 644 23 439 21 1196 33 154 155 143 1404 210 22 21 197 26 30 33 133 120 323 20 92 149 37 145 41 83 60 741 41 93 69 39 39 84 21 27 24 37 70 374 381 621 84 32 543 394 20 24 72 54 26 95 43 24 122 209 39
internal_value=-0.0756005 8.68221 2.46793 7.61125 3.75992 22.8359 -6.53455 47.0709 -1.36755 12.7829 18.3452 -9.14074 -7.52883 -9.06925 6.28429 41.6037 37.7084 -6.13443 42.8227 52.2658 59.3071 -5.21005 8.45498 10.2795 33.6823 22.4292 24.944 34.9283 -9.05047 36.9962 39.8763 23.556 -6.85106 35.1431 3.65226 -3.3818 36.8738 44.2636 -12.5899 3.80971 48.1523 21.9258 29.791 6.45011 -4.19642 -2.79205 -9.81301 -13.8059 17.8282 -10.2226 -6.54825 21.4956 15.753 11.9983 32.5501 15.5786 16.9452 21.6261 8.75219 20.3498 22.0799 25.4848
internal_weight=12795 5431 3774 2609 2377 1657 7364 232 2469 1185 1353 4895 3638 3273 365 211 189 1785 304 116 90 1192 818 677 168 367 310 129 1165 188 165 743 1180 124 1289 1021 148 78 1488 154 57 629 105 393 952 755 764 1257 181 1020 1038 68 48 610 114 284 258 138 57 524 402 248
internal_count=12795 5431 3774 2609 2377 1657 7364 232 2469 1185 1353 4895 3638 3273 365 211 189 1785 304 116 90 1192 818 677 168 367 310 129 1165 188 165 743 1180 124 1289 1021 148 78 1488 154 57 629 105 393 952 755 764 1257 181 1020 1038 68 48 610 114 284 258 138 57 524 402 248
is_linear=0
shrinkage=0.05


Tree=37
num_leaves=63
num_cat=0
split_feature=32 40 40 40 40 34 33 36 33 40 36 36 40 40 33 36 34 32 36 40 32 9 36 36 33 37 39 9 33 36 2 32 39 32 39 36 37 33 34 25 39 11 9 39 28 36 37 34 32 39 9 9 36 36 32 36 36 25 12 36 40 11
split_gain=1.73151e+08 1.64591e+08 7.32178e+07 1.30724e+08 5.88813e+07 5.61321e+07 2.66276e+07 2.65226e+07 2.6077e+07 2.30755e+07 2.21546e+07 2.00396e+07 1.8588e+07 1.9244e+07 1.68241e+07 1.23576e+07 1.0186e+07 9.53012e+06 9.49709e+06 9.14762e+06 7.47858e+06 6.99021e+06 6.89107e+06 6.52888e+06 6.44653e+06 6.13897e+06 6.02396e+06 5.8346e+06 5.79371e+06 5.34287e+06 5.31466e+06 6.17117e+06 5.2221e+06 6.4254e+06 5.02091e+06 4.63002e+06 4.88703e+06 4.56383e+06 7.50981e+06 4.55371e+06 4.52392e+06 5.06705e+06 4.31042e+06 4.90215e+06 4.30145e+06 5.79023e+06 4.27802e+06 4.12715e+06 4.24242e+06 3.67193e+06 3.71542e+06 3.6583e+06 3.58506e+06 3.54757e+06 3.49538e+06 3.22023e+06 3.21625e+06 3.06956e+06 3.36929e+06 2.97905e+06 2.92165e+06 2.8811e+06
threshold=108.25000000000001 5.5000000000000009 1.0000000180025095e-35 1.5000000000000002 4.5000000000000009 69.15000000000002 233.40000000000003 154.68750000000003 163.20000000000002 1.0000000180025095e-35 373.83333333333337 340.8250000000001 1.5000000000000002 5.5000000000000009 123.95000000000002 268.44166666666678 67.40000000000002 1.0000000180025095e-35 258.81250000000006 4.5000000000000009 51.95000000000001 1.0000000180025095e-35 294.05000000000007 209.31250000000003 146.90000000000003 2.5000000000000004 1.0000000180025095e-35 1.0000000180025095e-35 447.90000000000003 332.91666666666669 1.0000000180025095e-35 379.75000000000006 1.0000000180025095e-35 431.35000000000008 1.0000000180025095e-35 221.75000000000003 2.5000000000000004 292.00000000000006 348.9500000000001 1.0000000180025095e-35 1.0000000180025095e-35 1.0000000180025095e-35 1.0000000180025095e-35 1.0000000180025095e-35 1.0000000180025095e-35 198.32500000000005 4.5000000000000009 330.80000000000001 351.00000000000006 1.0000000180025095e-35 1.0000000180025095e-35 1.0000000180025095e-35 362.92500000000007 331.58333333333343 232.55000000000004 91.737500000000011 312.83333333333337 1.0000000180025095e-35 1.0000000180025095e-35 377.65000000000009 5.5000000000000009 1.0000000180025095e-35
decision_type=2 2 2 2 2 2 2 2 2 2 2 2 2 2 2 2 2 2 2 2 2 2 2 2 2 2 2 2 2 2 2 2 2 2 2 2 2 2 2 2 2 2 2 2 2 2 2 2 2 2 2 2 2 2 2 2 2 2 2 2 2 2
left_child=7 2 39 6 8 10 23 55 18 -9 14 16 20 19 35 44 -8 29 -5 24 52 26 57 -4 49 -25 -6 34 -12 -15 37 -32 -16 61 -20 -3 56 38 -17 51 -24 59 43 -31 45 -7 54 -39 -49 50 -14 -2 -11 -28 -47 -1 -37 58 -10 -42 -57 -34
right_child=1 5 3 4 21 15 11 9 22 12 28 -13 13 17 32 30 -18 -19 27 -21 -22 -23 40 25 -26 -27 53 -29 -30 42 31 -33 33 -35 -36 36 -38 47 -40 -41 41 -43 -44 -45 -46 46 -48 48 -50 -51 -52 -53 -54 -55 -56 60 -58 -59 -60 -61 -62 -63
leaf_value=-14.394564019300564 -11.320012536518973 3.2635672053546774 12.351027248822726 -2.2268313070907388 -11.076224994482672 15.098769539707114 32.625520015212729 -12.110774914576991 7.1755069943922996 2.2581799677367935 25.821925327931037 99.157792698253289 -7.4247258767900766 -3.6910923093535413 12.890106517295226 47.622105158930246 70.834027642470147 11.353591653422306 -0.0051239687268451982 -10.348540033706756 34.586754137674966 3.0456936497064362 14.019268446146175 24.652064218547906 9.7768304130860741 48.658776925739488 -6.1254470627994024 23.279435000853105 54.196770290136342 -1.0836576132479869 39.444503979060961 76.485676366632646 23.194219360115767 43.638034304450542 11.521442425499361 4.9042191201350729 20.131562638636865 35.540353086439232 9.6470956897735594 -1.2236195383495407 29.549982781359489 12.399309693850004 19.066986883314033 9.4691145532083194 11.424466748767429 13.518546190261842 44.499303216449285 41.600477037827176 72.780924606323239 0.50446830057335323 6.5662786652060126 -2.4556671322309054 15.969049408733845 2.8645150025755588 38.082121011189052 -11.649813958072729 13.288766491836538 22.95855510188084 21.578415602080678 50.801122980117803 -6.0065182439474398 9.3080468766232762
leaf_weight=617 1112 423 65 465 607 53 53 753 237 118 179 22 682 679 218 23 26 190 186 904 30 179 94 89 84 38 483 55 20 421 23 22 182 34 192 305 101 59 30 152 94 39 38 149 45 30 59 24 20 256 51 130 80 142 28 718 183 51 49 20 337 47
leaf_count=617 1112 423 65 465 607 53 53 753 237 118 179 22 682 679 218 23 26 190 186 904 30 179 94 89 84 38 483 55 20 421 23 22 182 34 192 305 101 59 30 152 94 39 38 149 45 30 59 24 20 256 51 130 80 142 28 718 183 51 49 20 337 47
internal_value=-0.0718204 5.4863 0.164886 4.3466 1.12342 17.048 36.1713 -6.15873 8.08366 -4.13554 13.0024 56.9536 -2.50454 -3.41729 10.9136 33.5029 45.2005 0.900579 2.73503 -6.64313 11.3228 -6.18704 16.3081 25.239 -3.52133 31.8352 -7.52849 8.06359 28.6737 -0.642601 42.4156 57.5535 18.6124 23.3556 5.84964 7.25436 10.1204 38.0489 26.1268 -9.39245 22.6522 27.9562 2.76188 1.67487 25.1705 28.8091 35.0198 44.1836 55.7734 -4.6508 -6.45127 -10.3922 7.79793 -4.08293 25.3768 -11.5252 8.04842 11.6582 9.64314 33.2783 -9.84717 20.3442
internal_weight=12795 6688 4580 3186 2893 2108 293 6107 1482 4435 1692 101 3682 3454 1493 416 79 1477 898 1977 228 1411 584 192 1073 127 1232 433 199 1287 201 45 481 263 378 1012 589 156 53 1394 247 153 608 570 215 170 117 103 44 989 733 1242 198 625 58 1672 488 337 286 114 1055 229
internal_count=12795 6688 4580 3186 2893 2108 293 6107 1482 4435 1692 101 3682 3454 1493 416 79 1477 898 1977 228 1411 584 192 1073 127 1232 433 199 1287 201 45 481 263 378 1012 589 156 53 1394 247 153 608 570 215 170 117 103 44 989 733 1242 198 625 58 1672 488 337 286 114 1055 229
is_linear=0
shrinkage=0.05


Tree=38
num_leaves=63
num_cat=0
split_feature=32 40 40 40 40 34 31 31 33 33 36 40 33 40 40 36 39 34 36 31 36 31 31 36 9 40 36 40 25 13 33 25 33 9 36 12 24 33 36 31 39 39 33 25 32 9 28 31 32 33 40 5 34 9 31 33 33 32 31 31 25 12
split_gain=1.56269e+08 1.48543e+08 6.6079e+07 1.17978e+08 5.31404e+07 5.06592e+07 2.80838e+07 2.44028e+07 2.40314e+07 2.35345e+07 1.80857e+07 1.7173e+07 1.59105e+07 1.39841e+07 1.41855e+07 1.11528e+07 9.71299e+06 1.26031e+07 8.57112e+06 8.07221e+06 7.54489e+06 7.48764e+06 8.53345e+06 7.15259e+06 6.30867e+06 6.28659e+06 6.21919e+06 6.06517e+06 5.99499e+06 5.96503e+06 5.90454e+06 5.54066e+06 5.5385e+06 5.26573e+06 5.14396e+06 5.00139e+06 7.23893e+06 4.86307e+06 4.77052e+06 7.02549e+06 4.63044e+06 4.53137e+06 4.29754e+06 4.10972e+06 4.01605e+06 3.88942e+06 3.88206e+06 7.35299e+06 6.74747e+06 3.86147e+06 3.60932e+06 3.57682e+06 3.54256e+06 3.30162e+06 3.2471e+06 3.17612e+06 3.15428e+06 4.83848e+06 3.78978e+06 4.2957e+06 2.77028e+06 3.04079e+06
threshold=108.25000000000001 5.5000000000000009 1.0000000180025095e-35 1.5000000000000002 4.5000000000000009 69.15000000000002 305.65000000000003 238.05000000000004 233.40000000000003 163.20000000000002 340.8250000000001 1.0000000180025095e-35 201.15000000000001 1.5000000000000002 5.5000000000000009 268.44166666666678 1.0000000180025095e-35 60.000000000000007 258.81250000000006 175.25000000000003 120.62500000000001 477.45000000000005 451.55000000000007 388.85000000000008 1.0000000180025095e-35 4.5000000000000009 294.05000000000007 5.5000000000000009 1.0000000180025095e-35 1.0000000180025095e-35 235.25000000000003 1.0000000180025095e-35 185.75000000000003 1.0000000180025095e-35 297.71666666666675 1.0000000180025095e-35 1.0000000180025095e-35 247.35000000000005 391.65000000000003 459.95000000000005 1.0000000180025095e-35 1.0000000180025095e-35 230.25000000000003 1.0000000180025095e-35 242.65000000000001 1.0000000180025095e-35 1.0000000180025095e-35 395.65000000000003 319.55000000000007 233.40000000000003 2.5000000000000004 1.0000000180025095e-35 307.10000000000008 1.0000000180025095e-35 346.75000000000006 409.85000000000008 193.85000000000005 421.65000000000003 353.50000000000006 208.05000000000004 1.0000000180025095e-35 1.0000000180025095e-35
decision_type=2 2 2 2 2 2 2 2 2 2 2 2 2 2 2 2 2 2 2 2 2 2 2 2 2 2 2 2 2 2 2 2 2 2 2 2 2 2 2 2 2 2 2 2 2 2 2 2 2 2 2 2 2 2 2 2 2 2 2 2 2 2
left_child=6 2 43 8 9 7 20 30 19 18 16 -8 23 40 25 46 -10 -18 -5 -4 -1 22 56 51 31 37 60 -22 45 -21 44 -6 -29 41 -32 36 38 -15 39 55 -13 -20 -28 53 -3 49 47 48 -7 -16 -44 -9 -52 -2 -54 -14 -17 58 59 -58 61 -11
right_child=1 5 3 4 24 15 11 12 10 26 -12 13 35 14 28 21 17 -19 33 29 27 -23 -24 -25 -26 -27 42 32 -30 -31 34 -33 -34 -35 -36 -37 -38 -39 -40 -41 -42 -43 50 -45 -46 -47 -48 -49 -50 -51 52 -53 54 -55 -56 -57 57 -59 -60 -61 -62 -63
leaf_value=-12.219862245854664 -10.754011924566178 -3.265106421311696 7.7964283960515806 -2.1154897724444508 -8.4288021473802601 14.789028620570898 -11.21034864992254 10.41575009049965 19.919729041231093 6.8167315886619226 94.199902690540668 10.147572425220694 32.184243910962884 -2.5944052423924333 0.95220571249528652 25.127982915242512 35.796015707651776 87.037139201164251 -0.0048677810417708531 26.033776155833539 -8.9974287959312882 12.041417094639371 74.383296279907228 24.637540231645108 2.8934090503101242 -8.8143984798026409 1.4158330957094829 -4.7721172434974681 20.304322875976563 54.993725318000429 9.2925382042303681 1.6541515344515063 11.429765780766806 22.115463392084294 31.705471968650819 12.171598205911486 6.8259206695556642 16.065570769438875 55.352116496746362 56.264557857513438 31.982877794388806 10.945370266710718 6.8964602538517541 -1.1624385724726476 5.8286061674276564 15.220237449024404 10.853243445820279 54.339657411792068 36.658395571544254 20.921331481933596 22.136264690201859 23.462862902674182 26.275764342716766 -2.332883738554441 51.944965466586034 14.19066802894368 31.807842007389777 57.84922158488861 25.017469876851791 60.571025604248057 21.810627088359759 20.499494962181366
leaf_weight=1113 1112 180 55 465 1076 90 425 557 29 237 22 112 88 620 765 30 30 20 186 116 1566 21 20 128 179 543 24 707 50 21 128 156 57 55 32 38 25 37 26 25 31 192 28 152 373 56 45 22 58 25 145 58 28 130 22 34 27 39 39 25 51 49
leaf_count=1113 1112 180 55 465 1076 90 425 557 29 237 22 112 88 620 765 30 30 20 186 116 1566 21 20 128 179 543 24 707 50 21 128 156 57 55 32 38 25 37 26 25 31 192 28 152 373 56 45 22 58 25 145 58 28 130 22 34 27 39 39 25 51 49
internal_value=-0.0682294 5.21199 0.156642 4.12927 1.06725 16.1956 -5.85079 12.3523 34.3627 7.67948 54.1059 -1.99614 17.4767 -0.247122 -1.27925 31.8277 42.9404 56.2925 2.59828 23.977 -8.83331 40.2948 43.5911 13.8843 -5.87769 -4.8336 15.4927 -7.21561 3.48105 30.4729 5.31609 -7.15206 -3.56334 7.66041 13.7751 28.7866 31.9753 -1.54354 35.6096 32.1178 14.8811 5.55716 21.5196 -8.92283 2.86863 2.48677 23.9119 27.3687 23.3595 1.58414 23.6833 11.6462 26.0937 -9.87257 37.5702 27.1696 39.742 43.1145 36.7997 45.6363 11.0753 9.16098
internal_weight=12795 6688 4580 3186 2893 2108 6107 1692 293 1482 101 2664 979 2239 2096 416 79 50 898 192 3443 201 180 743 1411 1200 584 2330 896 137 713 1232 764 433 160 236 198 657 173 147 143 378 247 1394 553 846 215 170 148 790 223 615 195 1242 50 122 160 130 91 52 337 286
internal_count=12795 6688 4580 3186 2893 2108 6107 1692 293 1482 101 2664 979 2239 2096 416 79 50 898 192 3443 201 180 743 1411 1200 584 2330 896 137 713 1232 764 433 160 236 198 657 173 147 143 378 247 1394 553 846 215 170 148 790 223 615 195 1242 50 122 160 130 91 52 337 286
is_linear=0
shrinkage=0.05


Tree=39
num_leaves=63
num_cat=0
split_feature=35 40 40 40 40 35 40 35 35 35 35 40 40 40 35 7 35 31 31 23 35 40 40 35 38 40 40 35 31 39 25 32 39 31 35 25 39 25 33 40 40 40 35 25 32 32 2 32 35 33 35 33 33 40 8 33 33 33 7 2 25 6
split_gain=2.19642e+08 1.3965e+08 6.63555e+07 1.17907e+08 5.67008e+07 4.36342e+07 2.99421e+07 2.0952e+07 2.00197e+07 1.5163e+07 1.37788e+07 1.12305e+07 2.31367e+07 1.06376e+07 8.07239e+06 6.44392e+06 5.81926e+06 5.61564e+06 8.69142e+06 5.5438e+06 5.23021e+06 4.7764e+06 5.08533e+06 4.65153e+06 4.5787e+06 5.2388e+06 8.38468e+06 5.27382e+06 3.69124e+06 3.45785e+06 3.40707e+06 3.40087e+06 3.38036e+06 3.30957e+06 3.24768e+06 3.23096e+06 3.17825e+06 3.02973e+06 2.89039e+06 2.60353e+06 3.32178e+06 2.55095e+06 2.42717e+06 2.37622e+06 2.2901e+06 4.49945e+06 3.78778e+06 3.70212e+06 3.44266e+06 3.23069e+06 2.17845e+06 2.15925e+06 2.09081e+06 2.06891e+06 1.99378e+06 3.04709e+06 5.55868e+06 3.29716e+06 4.68062e+06 4.68247e+06 2.02049e+06 1.96159e+06
threshold=568.95000000000016 5.5000000000000009 1.0000000180025095e-35 1.5000000000000002 4.5000000000000009 1118.0500000000002 5.5000000000000009 1152.0500000000002 324.65000000000003 1009.4000000000001 837.70000000000016 1.0000000180025095e-35 1.5000000000000002 4.5000000000000009 314.15000000000003 1.0000000180025095e-35 774.25000000000011 479.05000000000007 456.35000000000008 1.0000000180025095e-35 294.05000000000007 2.5000000000000004 3.5000000000000004 1437.45 1.0000000180025095e-35 2.5000000000000004 3.5000000000000004 1257.3500000000001 103.65000000000002 1.0000000180025095e-35 1.0000000180025095e-35 214.65000000000001 1.0000000180025095e-35 263.25000000000006 194.45000000000002 1.0000000180025095e-35 1.0000000180025095e-35 1.0000000180025095e-35 483.45000000000005 2.5000000000000004 3.5000000000000004 2.5000000000000004 753.35000000000014 1.0000000180025095e-35 330.65000000000003 213.35000000000005 1.0000000180025095e-35 379.75000000000006 1309.4500000000003 391.25000000000006 867.15000000000009 334.15000000000003 200.05000000000004 3.5000000000000004 1.0000000180025095e-35 263.55000000000007 215.65000000000001 312.30000000000001 1.0000000180025095e-35 1.0000000180025095e-35 1.0000000180025095e-35 1.0000000180025095e-35
decision_type=2 2 2 2 2 2 2 2 2 2 2 2 2 2 2 2 2 2 2 2 2 2 2 2 2 2 2 2 2 2 2 2 2 2 2 2 2 2 2 2 2 2 2 2 2 2 2 2 2 2 2 2 2 2 2 2 2 2 2 2 2 2
left_child=6 2 30 7 9 10 11 15 34 21 28 43 14 20 -13 16 31 18 38 33 41 -5 -23 29 25 -11 27 -27 52 -6 50 -4 -12 -18 -8 39 -15 -10 44 -22 -41 -14 61 -1 45 -7 47 -46 -49 -50 -2 -24 -3 -43 55 56 -34 -57 59 60 -59 -30
right_child=1 5 3 4 23 17 8 -9 37 24 32 12 13 36 -16 -17 19 -19 -20 -21 35 22 51 -25 -26 26 -28 -29 42 -31 -32 -33 54 -35 -36 -37 -38 -39 -40 40 -42 53 -44 -45 46 -47 -48 48 49 -51 -52 -53 -54 -55 -56 57 -58 58 -60 -61 -62 -63
leaf_value=-12.611096438186248 -11.060686378016079 12.010379525889521 35.530867636645283 -0.88791900614758479 -7.7321822120025097 44.305929889678957 -8.6531972393840988 75.76442078484429 2.430324293548447 7.687073976259966 17.477161584581648 -3.2619529755846148 -14.425823664415134 -12.447563428251236 11.781304541655949 61.158648300170903 44.726573175542498 15.014202845538106 61.818163585662845 62.152955518450057 -8.8111232066215006 14.148972980154253 3.7145538476514228 11.806355915513151 5.7913331387043003 28.130794559075284 16.880712509965118 51.727691796246702 9.9500155485015576 -2.2455911094265391 -0.49926801496538631 13.658526097811185 27.124565843485914 23.742088187876206 -3.4014829276422436 7.5125817181407548 -7.3098522538839354 11.799290088395919 53.681465587615975 0.9907955698151002 -5.6425153582114875 -4.0236902436384794 17.30180169123609 -3.9056226639520553 47.321808622822623 14.870432956154282 51.420989848545616 19.558144735406948 24.777526365007674 52.512216586158388 -6.4377873010235351 13.233370681780659 -6.9971842350103914 -9.7996377505408319 13.976220999342022 6.6962334797300151 52.100617218017582 3.52994239628315 43.237452112776893 39.408468918573291 22.958488634358282 19.455833917367656
leaf_weight=1173 497 23 27 143 565 20 563 36 1196 52 224 155 143 1069 210 20 34 27 36 21 197 293 324 43 50 78 138 34 492 584 145 52 109 42 617 69 419 93 20 374 381 299 211 84 33 37 35 54 21 21 523 73 39 322 33 29 28 32 28 21 23 61
leaf_count=1173 497 23 27 143 565 20 563 36 1196 52 224 155 143 1069 210 20 34 27 36 21 197 293 324 43 50 78 138 34 492 584 145 52 109 42 617 69 419 93 20 374 381 299 211 84 33 37 35 54 21 21 523 73 39 322 33 29 28 32 28 21 23 61
internal_value=-0.064818 7.56342 2.25077 6.68107 3.36036 19.6636 -5.69069 40.7041 -1.20148 11.1055 15.8176 -7.95502 -6.54726 -7.87883 5.39307 34.2645 31.2083 36.7808 38.9025 39.4132 -5.27626 7.42885 9.15246 -4.33929 19.8062 22.1265 25.1299 35.2941 11.7872 -4.94352 -7.67083 21.1339 22.1346 33.1299 -5.90717 -2.93503 -11.0009 3.10629 35.4794 -3.69226 -2.35661 -8.40505 12.7394 -12.0293 33.8321 25.1987 36.8328 32.8748 27.9086 38.6449 -8.69032 5.46487 0.0540088 -7.01863 25.5777 26.9956 32.2292 21.6047 25.7618 19.3234 11.6546 10.9986
internal_weight=12795 5431 3774 2609 2377 1657 7364 232 2469 1185 1353 4895 3638 3273 365 196 176 304 277 97 1785 833 690 1192 352 302 250 112 826 1149 1165 79 527 76 1180 1021 1488 1289 241 952 755 764 764 1257 221 57 164 129 96 42 1020 397 62 621 303 270 137 133 104 76 55 553
internal_count=12795 5431 3774 2609 2377 1657 7364 232 2469 1185 1353 4895 3638 3273 365 196 176 304 277 97 1785 833 690 1192 352 302 250 112 826 1149 1165 79 527 76 1180 1021 1488 1289 241 952 755 764 764 1257 221 57 164 129 96 42 1020 397 62 621 303 270 137 133 104 76 55 553
is_linear=0
shrinkage=0.05


Tree=40
num_leaves=63
num_cat=0
split_feature=32 36 37 38 31 9 36 39 36 39 5 11 9 23 36 37 36 36 5 31 25 37 34 31 36 2 22 36 36 5 32 32 34 31 33 33 33 23 39 11 13 6 34 34 36 9 37 38 5 36 33 5 33 36 24 7 36 31 10 33 38 31
split_gain=1.22102e+08 4.47536e+07 3.60896e+07 2.61869e+07 2.1528e+07 1.90991e+07 1.7266e+07 1.66136e+07 1.51586e+07 1.23339e+07 1.21502e+07 1.20855e+07 1.15984e+07 8.97052e+06 6.94065e+06 6.88969e+06 6.32214e+06 6.08264e+06 5.63444e+06 5.07164e+06 4.68516e+06 4.50673e+06 4.3748e+06 4.29491e+06 4.19408e+06 4.12323e+06 4.04961e+06 3.87863e+06 3.63906e+06 3.82711e+06 3.61543e+06 3.55117e+06 4.03051e+06 3.49935e+06 3.41848e+06 3.61854e+06 3.75278e+06 3.77846e+06 3.52196e+06 3.12734e+06 3.12552e+06 3.13466e+06 2.99603e+06 2.9298e+06 2.87601e+06 2.85408e+06 2.82964e+06 2.96656e+06 2.75424e+06 2.54508e+06 2.50435e+06 2.4796e+06 3.38921e+06 2.41944e+06 2.32298e+06 2.2474e+06 2.21456e+06 2.17306e+06 2.16865e+06 2.34422e+06 4.30173e+06 2.14585e+06
threshold=69.750000000000014 208.12500000000003 3.5000000000000004 1.0000000180025095e-35 261.55000000000007 1.0000000180025095e-35 384.55000000000007 1.0000000180025095e-35 344.31666666666672 1.0000000180025095e-35 1.0000000180025095e-35 1.0000000180025095e-35 1.0000000180025095e-35 1.0000000180025095e-35 377.65000000000009 4.5000000000000009 347.55833333333339 148.22500000000002 1.0000000180025095e-35 184.85000000000005 1.0000000180025095e-35 4.5000000000000009 386.25000000000006 334.45000000000005 91.737500000000011 1.0000000180025095e-35 1.0000000180025095e-35 255.82916666666668 279.31666666666672 1.0000000180025095e-35 419.85000000000008 356.95000000000005 359.15000000000003 293.05000000000007 106.25000000000001 263.55000000000007 324.60000000000008 1.0000000180025095e-35 1.0000000180025095e-35 1.0000000180025095e-35 1.0000000180025095e-35 1.0000000180025095e-35 111.85000000000001 203.50000000000003 388.85000000000008 1.0000000180025095e-35 2.5000000000000004 1.0000000180025095e-35 1.0000000180025095e-35 269.52000000000004 313.95000000000005 1.0000000180025095e-35 330.95000000000005 460.35000000000008 1.0000000180025095e-35 1.0000000180025095e-35 268.44166666666678 124.45000000000002 1.0000000180025095e-35 80.250000000000014 1.0000000180025095e-35 166.15000000000001
decision_type=2 2 2 2 2 2 2 2 2 2 2 2 2 2 2 2 2 2 2 2 2 2 2 2 2 2 2 2 2 2 2 2 2 2 2 2 2 2 2 2 2 2 2 2 2 2 2 2 2 2 2 2 2 2 2 2 2 2 2 2 2 2
left_child=4 15 5 8 24 7 26 10 21 12 33 14 18 23 46 19 56 -17 -6 -2 53 27 39 -10 -1 -13 48 -4 29 40 -30 -25 -33 -3 -29 38 43 54 -36 -19 41 -23 -28 -37 -12 50 49 57 -5 -9 -26 52 -16 -11 -38 -40 -7 -48 59 -21 -61 -59
right_child=1 2 3 6 9 16 -8 11 13 20 44 25 -14 -15 51 17 -18 22 -20 58 -22 28 -24 31 45 -27 42 34 30 -31 -32 32 -34 -35 35 36 37 -39 55 -41 -42 -43 -44 -45 -46 -47 47 -49 -50 -51 -52 -53 -54 -55 -56 -57 -58 61 -60 60 -62 -63
leaf_value=-12.822506026529897 -5.6548258624290906 -6.2790271893522007 9.1595000020031492 -1.5693438553220624 -6.2494932634838216 5.8050079018439895 48.589864276704333 -0.15231621611881727 25.029711670711123 -0.63723257275537837 7.0126750649034397 -3.2480590082908591 10.461444903413456 6.8555075883865362 10.457308854362159 -7.5183011545651199 23.574434150284176 9.54551027466173 3.8744316848548688 -1.2305290157999629 10.480232441123528 14.439374896458217 -10.290975418686868 33.72957264826848 -8.6821285133397605 13.119190513255985 23.68307092189789 33.72941593594021 22.672269399238356 31.713020161940502 49.613411664962769 41.594175596237186 73.33733261108398 -1.0192650183557814 21.651065863332441 17.393681786610529 15.232236622186271 29.010696462305585 -4.3220410328285368 27.78770010811942 28.222840699354805 -6.3937035436215615 5.9080154948167305 40.152977315841184 22.911819365530306 -0.47176055856862997 21.735929912779223 0.35810413942917396 11.674799306893892 6.8180798228153696 7.252600013732911 31.283394523767324 26.053391235570118 8.4221809839380199 1.389878608018924 14.232485250631967 14.098728050044711 -1.0785386979579925 -7.5201635376973588 9.6126519410212836 -6.9586251121646958 11.146148219244822
leaf_weight=579 1008 512 317 364 1925 159 21 203 29 482 206 366 120 24 127 69 117 146 148 431 158 84 24 26 1799 43 30 27 33 39 20 20 20 827 31 26 136 41 51 28 30 23 113 31 33 119 43 76 44 369 25 26 48 87 39 24 163 40 88 150 53 350
leaf_count=579 1008 512 317 364 1925 159 21 203 29 482 206 366 120 24 127 69 117 146 148 431 158 84 24 26 1799 43 30 27 33 39 20 20 20 827 31 26 136 41 51 28 30 23 113 31 33 119 43 76 44 369 25 26 48 87 39 24 163 40 88 150 53 350
internal_value=-0.0266992 4.17756 6.56137 12.7301 -5.70346 3.82804 4.09254 2.51302 17.3432 -2.78083 -1.17687 5.95634 -4.65184 34.168 8.34386 -2.20989 13.6203 5.26574 -5.5267 -3.36365 2.86308 15.2401 9.72079 41.068 -9.08731 -1.5273 2.39664 13.304 21.3528 17.894 32.8387 48.1151 57.4658 -3.03047 16.54 15.3154 18.3597 15.3483 7.47489 12.481 13.9601 9.96124 9.63705 29.7715 9.20795 -7.97425 6.75747 9.4693 -0.141054 4.34432 -8.46372 16.8757 14.7351 0.74795 12.1474 1.61541 10.0034 11.0685 -0.164878 0.856045 5.28616 9.89233
internal_weight=12790 7348 5351 1643 5442 3708 572 3269 1071 2920 1578 1691 2193 119 1282 1997 439 267 2073 1730 727 952 198 95 2522 409 551 723 229 176 53 66 40 1339 406 379 273 216 106 174 137 107 143 57 239 1943 1081 509 408 572 1824 201 175 569 175 75 322 433 722 634 203 390
internal_count=12790 7348 5351 1643 5442 3708 572 3269 1071 2920 1578 1691 2193 119 1282 1997 439 267 2073 1730 727 952 198 95 2522 409 551 723 229 176 53 66 40 1339 406 379 273 216 106 174 137 107 143 57 239 1943 1081 509 408 572 1824 201 175 569 175 75 322 433 722 634 203 390
is_linear=0
shrinkage=0.05


Tree=41
num_leaves=63
num_cat=0
split_feature=40 33 40 40 34 40 33 36 36 36 37 36 34 39 37 36 37 36 31 5 33 36 31 39 40 40 34 36 36 34 37 25 31 33 25 25 5 36 34 36 31 39 36 36 40 31 37 31 31 31 39 5 31 33 40 40 31 33 36 31 36 36
split_gain=1.09942e+08 1.12921e+08 5.36945e+07 1.08419e+08 4.88564e+07 4.11424e+07 4.28529e+07 2.14579e+07 1.88937e+07 1.41464e+07 1.41046e+07 1.36954e+07 1.29061e+07 1.0661e+07 1.04503e+07 9.43875e+06 8.76912e+06 8.66044e+06 6.27521e+06 5.91577e+06 5.63075e+06 5.44233e+06 5.49996e+06 5.29442e+06 5.06534e+06 5.18841e+06 7.94981e+06 4.91172e+06 4.82719e+06 4.7289e+06 4.35979e+06 3.92965e+06 3.91971e+06 3.91913e+06 3.63615e+06 3.1244e+06 3.06378e+06 3.05679e+06 5.93948e+06 3.74445e+06 2.90824e+06 2.74095e+06 3.26139e+06 2.81202e+06 2.73962e+06 2.7146e+06 2.67349e+06 2.7272e+06 2.60232e+06 2.55416e+06 2.54779e+06 2.54621e+06 2.50585e+06 2.47256e+06 2.36998e+06 2.51281e+06 2.3658e+06 2.3624e+06 2.50215e+06 2.3474e+06 2.21898e+06 2.08977e+06
threshold=5.5000000000000009 59.300000000000004 1.0000000180025095e-35 1.5000000000000002 94.850000000000009 4.5000000000000009 163.20000000000002 218.3366666666667 205.51666666666668 154.68750000000003 1.5000000000000002 255.82916666666668 210.75000000000003 1.0000000180025095e-35 1.5000000000000002 204.23333333333338 1.5000000000000002 369.95000000000005 312.35000000000008 1.0000000180025095e-35 256.95000000000005 388.85000000000008 464.35000000000008 1.0000000180025095e-35 2.5000000000000004 3.5000000000000004 375.65000000000003 309.27500000000003 201.8333333333334 97.350000000000009 2.5000000000000004 1.0000000180025095e-35 232.35000000000005 313.95000000000005 1.0000000180025095e-35 1.0000000180025095e-35 1.0000000180025095e-35 312.83333333333337 445.90000000000003 359.37500000000006 348.55000000000007 1.0000000180025095e-35 280.54166666666674 327.25000000000006 2.5000000000000004 388.75000000000006 2.5000000000000004 316.15000000000003 271.85000000000008 142.15000000000001 1.0000000180025095e-35 1.0000000180025095e-35 412.55000000000007 115.7 2.5000000000000004 3.5000000000000004 408.95000000000005 173.30000000000004 206.81666666666669 307.45000000000005 303.53750000000008 153.15833333333336
decision_type=2 2 2 2 2 2 2 2 2 2 2 2 2 2 2 2 2 2 2 2 2 2 2 2 2 2 2 2 2 2 2 2 2 2 2 2 2 2 2 2 2 2 2 2 2 2 2 2 2 2 2 2 2 2 2 2 2 2 2 2 2 2
left_child=2 8 23 4 9 6 15 32 30 -4 34 -6 21 36 40 44 50 41 20 27 -14 22 -9 51 -8 26 56 46 -15 31 -2 54 61 -24 52 -30 -7 45 39 -39 -11 -16 -43 -44 -5 -20 -12 -48 -21 -46 -17 -1 -10 -34 -18 -56 -26 -55 -59 -32 -27 -3
right_child=1 7 3 5 11 13 24 12 10 14 19 -13 18 28 17 16 29 -19 37 48 -22 -23 33 -25 25 60 -28 -29 35 -31 59 -33 53 -35 -36 -37 -38 38 -40 -41 -42 42 43 -45 49 -47 47 -49 -50 -51 -52 -53 -54 57 55 -57 -58 58 -60 -61 -62 -63
leaf_value=-12.099221048365045 -5.8102845337497548 -0.3049165146260322 -2.5417255168208985 -12.16933528799448 38.212952976842082 -10.787227209523044 1.8226708338833324 17.3016673751574 -2.0813141591009305 3.2985013448747296 2.6304220782247598 85.602347545623786 10.366544513702394 -9.4016505680043441 16.757849091675975 -5.3445102671447318 -4.4855872097135601 55.427919351486935 36.045941715240481 10.905315631808657 33.294922933460754 42.846408996582035 23.790855781646339 -6.5873706255196245 13.272419412012045 6.5855354286876384 41.841844923356007 12.554348037646726 -3.3531808538132744 20.304572726404945 -0.16073108156218785 13.82968924324234 6.2288597990826871 51.684643325805666 12.522767713974263 4.0879014705778456 -3.4543686773203599 9.5068720334632832 55.525655083034351 38.064738464355472 15.448814514429882 20.088400910505609 45.968620193004611 22.069023246765138 -8.0076423803014425 59.260777080760285 24.550886234442395 5.8688902207783293 29.068923017930015 -2.0374729270749912 1.4236566347010593 -5.3090593435547575 3.2893560890480877 30.284926900863653 7.440222701892047 0.13412262323691365 26.765029249191286 8.6260531648676455 29.74149447917938 13.954231092804358 15.02478136940608 9.4175159240222506
leaf_weight=1334 816 79 101 161 31 1447 102 486 676 98 383 30 40 263 124 534 119 21 20 33 81 25 34 930 173 204 34 307 584 43 131 77 41 20 58 186 158 22 23 24 99 67 32 20 350 34 30 56 49 367 188 154 320 40 213 263 40 47 20 38 126 184
leaf_count=1334 816 79 101 161 31 1447 102 486 676 98 383 30 40 263 124 534 119 21 20 33 81 25 34 930 173 204 34 307 584 43 131 77 41 20 58 186 158 22 23 24 99 67 32 20 350 34 30 56 49 367 188 154 320 40 213 263 40 47 20 38 126 184
internal_value=-0.0253643 6.70301 -3.21927 -0.773219 19.0191 -2.9626 1.04879 19.4633 1.32932 14.4061 4.22752 61.5192 24.1897 -7.51533 18.1192 -2.19083 0.304745 24.6222 33.7997 8.98727 25.7153 20.0396 18.9837 -9.54682 12.094 13.9097 19.3901 7.63766 -3.55328 4.22971 -4.29643 3.20111 10.16 34.1219 0.35289 -1.55572 -10.0654 41.7527 34.7796 24.4066 9.4045 21.96 27.3807 36.7765 -6.27527 50.6627 4.41927 12.3859 21.7592 -4.95178 -3.58216 -11.3965 -0.355798 16.6692 1.82564 3.40345 15.8062 20.6696 14.9292 3.01305 9.80779 6.49709
internal_weight=12790 4117 8673 6255 623 5632 2994 1220 2897 562 1912 61 809 2638 461 2315 1437 264 244 858 121 565 540 2418 679 577 247 776 1033 715 985 672 411 54 1054 770 1605 123 69 46 197 243 119 52 878 54 469 86 82 717 722 1488 996 148 595 476 213 107 67 169 330 263
internal_count=12790 4117 8673 6255 623 5632 2994 1220 2897 562 1912 61 809 2638 461 2315 1437 264 244 858 121 565 540 2418 679 577 247 776 1033 715 985 672 411 54 1054 770 1605 123 69 46 197 243 119 52 878 54 469 86 82 717 722 1488 996 148 595 476 213 107 67 169 330 263
is_linear=0
shrinkage=0.05


Tree=42
num_leaves=63
num_cat=0
split_feature=35 40 40 40 40 35 35 35 40 40 40 35 35 18 32 40 24 9 39 32 35 31 33 34 6 35 40 35 35 40 31 32 9 9 35 35 40 40 31 9 10 34 17 40 11 2 35 32 35 38 5 39 5 39 32 32 37 31 39 39 40 9
split_gain=1.57823e+08 1.12391e+08 6.42652e+07 8.20049e+07 4.21807e+07 3.81135e+07 2.51095e+07 2.21251e+07 2.01234e+07 1.87398e+07 1.7567e+07 9.84622e+06 8.01594e+06 8.10025e+06 1.17654e+07 6.36632e+06 6.18768e+06 5.76893e+06 4.51875e+06 6.69774e+06 4.91442e+06 4.32879e+06 4.22623e+06 4.74146e+06 4.539e+06 4.06182e+06 5.41514e+06 4.04962e+06 3.89883e+06 3.89135e+06 3.86239e+06 3.74808e+06 3.66048e+06 3.62423e+06 3.45301e+06 3.35034e+06 3.31648e+06 3.78119e+06 3.27405e+06 3.06847e+06 3.04194e+06 2.98794e+06 2.96871e+06 2.96262e+06 2.93638e+06 2.92255e+06 2.85254e+06 2.71974e+06 2.71003e+06 2.63625e+06 2.56393e+06 2.29299e+06 2.71091e+06 2.21571e+06 2.11735e+06 2.16557e+06 2.86054e+06 2.07025e+06 2.19985e+06 2.05673e+06 2.05381e+06 2.00258e+06
threshold=583.75000000000011 1.0000000180025095e-35 1.5000000000000002 5.5000000000000009 4.5000000000000009 1009.4000000000001 1352.45 287.35000000000008 1.0000000180025095e-35 1.5000000000000002 5.5000000000000009 849.65000000000009 1309.4500000000003 1.0000000180025095e-35 330.65000000000003 4.5000000000000009 1.0000000180025095e-35 1.0000000180025095e-35 1.0000000180025095e-35 240.75000000000003 873.05000000000007 238.05000000000004 479.15000000000003 193.25000000000003 1.0000000180025095e-35 1401.7500000000002 3.5000000000000004 843.15000000000009 93.850000000000009 2.5000000000000004 323.85000000000008 235.55000000000004 1.0000000180025095e-35 1.0000000180025095e-35 753.35000000000014 461.05000000000007 2.5000000000000004 3.5000000000000004 259.55000000000007 1.0000000180025095e-35 1.0000000180025095e-35 314.75000000000006 1.0000000180025095e-35 5.5000000000000009 1.0000000180025095e-35 1.0000000180025095e-35 1437.45 249.75000000000003 691.00000000000011 1.0000000180025095e-35 1.0000000180025095e-35 1.0000000180025095e-35 1.0000000180025095e-35 1.0000000180025095e-35 330.65000000000003 450.50000000000006 3.5000000000000004 175.25000000000003 1.0000000180025095e-35 1.0000000180025095e-35 3.5000000000000004 1.0000000180025095e-35
decision_type=2 2 2 2 2 2 2 2 2 2 2 2 2 2 2 2 2 2 2 2 2 2 2 2 2 2 2 2 2 2 2 2 2 2 2 2 2 2 2 2 2 2 2 2 2 2 2 2 2 2 2 2 2 2 2 2 2 2 2 2 2 2
left_child=7 39 6 4 11 21 16 28 -9 57 15 29 22 14 -14 36 18 46 19 -3 47 40 23 38 30 42 -27 -21 -1 -4 -25 -32 45 43 -23 -12 -11 61 -7 50 51 -16 44 -30 -13 60 53 -20 -49 54 -2 52 -5 -6 -40 56 -56 -10 -59 -17 -31 -38
right_child=1 2 3 5 17 12 -8 8 9 10 35 25 13 -15 41 59 -18 -19 20 27 -22 34 -24 24 -26 26 -28 -29 33 32 31 -33 -34 -35 -36 -37 37 -39 49 -41 -42 -43 -44 -45 -46 -47 -48 48 -50 -51 -52 -53 -54 -55 55 -57 -58 58 -60 -61 -62 -63
leaf_value=-12.317211109058448 -9.2234397263887384 1.8133653772227907 -3.8293541148023786 2.2552932296981334 -8.3957787634004202 37.080058813095093 89.503895874023442 -9.7948473995038707 0.71514938527887528 -8.0949191302702754 0.39638625879375033 15.073916925154291 15.505505589076453 17.049354553222656 71.62880998207973 -9.7910329751278233 53.256695923981844 5.3847743038530957 40.213791309703481 45.854792006119439 47.900812270001666 11.096657377907208 42.864675071022731 27.88933457297248 11.34340460586548 46.202179405905987 13.053241782529014 15.485838597161431 -9.0011250496501756 7.7734238329686622 30.901649308204654 60.497421198305886 17.598529674401927 0.28066227145042999 17.844764130581385 5.3103733049260811 1.4695152548667327 -4.1897743569249695 22.875593585126541 0.2804820220728042 -2.5465481934724035 50.157441485205368 -6.1580135750770566 -5.2386381729883977 4.7755002533517237 16.544359831015267 9.8329004160563152 31.668874322800413 6.8255477905273443 30.558075336615246 -1.8718251230072802 13.665845815162754 20.36723292922974 -3.6031835488238571 -6.4376855289234847 21.509731186519971 15.361359390947554 11.359539167976088 23.348394856452941 -4.6372034276665097 0.062888540744781493 15.323816665581294
leaf_weight=454 883 34 106 119 449 20 20 781 33 209 983 444 21 27 26 608 27 143 22 23 41 336 33 74 25 22 28 21 1585 152 20 23 67 149 435 536 381 460 34 118 54 43 20 781 82 48 30 21 23 24 137 201 25 521 34 22 27 163 50 284 200 28
leaf_count=454 883 34 106 119 449 20 20 781 33 209 983 444 21 27 26 608 27 143 22 23 41 336 33 74 25 22 28 21 1585 152 20 23 67 149 435 536 381 460 34 118 54 43 20 781 82 48 30 21 23 24 137 201 25 521 34 22 27 163 50 284 200 28
internal_value=-0.0240961 6.57331 10.3765 8.86883 2.82123 17.4838 35.9491 -4.70001 -2.49585 -0.969602 -1.91003 9.49927 29.7976 41.069 48.2748 -5.02543 30.8968 -4.00871 27.6334 18.481 34.3053 12.7161 25.8728 24.0222 30.6822 13.9986 27.6388 31.3605 -8.05266 4.8193 34.8144 46.7319 6.78237 -7.28284 14.904 2.13035 -2.43987 -1.0798 18.1482 -7.35294 8.48843 58.2481 12.7495 -7.75915 13.4685 4.97067 -5.35198 25.8597 18.6826 15.4628 -8.23602 10.2156 5.39973 -5.82161 12.3663 8.06132 3.21107 12.3684 14.1738 -8.15013 3.39244 2.41798
internal_weight=12790 5305 4167 3935 2312 1623 232 7485 4516 3735 3489 1169 453 117 90 1970 212 1143 185 78 107 1170 336 303 142 596 50 44 2969 573 117 43 467 2515 771 1519 1078 869 161 1138 399 69 546 2366 526 400 1000 66 44 141 1020 345 144 970 117 83 61 246 213 892 352 409
internal_count=12790 5305 4167 3935 2312 1623 232 7485 4516 3735 3489 1169 453 117 90 1970 212 1143 185 78 107 1170 336 303 142 596 50 44 2969 573 117 43 467 2515 771 1519 1078 869 161 1138 399 69 546 2366 526 400 1000 66 44 141 1020 345 144 970 117 83 61 246 213 892 352 409
is_linear=0
shrinkage=0.05


Tree=43
num_leaves=63
num_cat=0
split_feature=35 35 35 38 35 38 35 35 32 25 22 25 4 2 5 5 5 39 2 11 2 7 34 34 37 33 32 5 33 35 5 2 32 7 32 33 35 38 35 35 35 33 18 35 18 21 33 39 11 35 33 34 35 4 33 32 35 10 13 21 35 23
split_gain=1.4265e+08 3.49594e+07 2.78116e+07 2.55244e+07 1.72087e+07 8.38834e+06 6.76298e+06 6.05344e+06 6.30372e+06 5.8752e+06 5.49464e+06 5.44988e+06 4.67785e+06 5.57321e+06 4.56941e+06 4.5103e+06 4.13669e+06 3.95685e+06 3.64782e+06 3.17408e+06 3.0052e+06 3.13298e+06 2.98773e+06 3.24143e+06 3.68059e+06 3.19777e+06 7.74568e+06 2.96346e+06 2.81963e+06 2.7884e+06 2.96977e+06 2.73498e+06 2.49346e+06 2.48916e+06 2.55712e+06 5.16637e+06 2.28155e+06 2.13463e+06 2.01426e+06 2.1917e+06 2.29055e+06 2.00728e+06 2.4808e+06 2.00482e+06 2.43788e+06 1.99245e+06 1.96659e+06 1.96367e+06 1.9537e+06 3.50813e+06 1.90319e+06 1.87213e+06 2.87366e+06 1.82776e+06 2.51382e+06 1.92302e+06 3.20599e+06 3.00973e+06 1.72299e+06 1.67539e+06 1.64767e+06 1.64718e+06
threshold=664.45000000000016 1401.7500000000002 392.65000000000003 1.0000000180025095e-35 1018.5500000000001 1.0000000180025095e-35 166.25000000000003 1611.0000000000002 431.35000000000008 1.0000000180025095e-35 1.0000000180025095e-35 1.0000000180025095e-35 1.0000000180025095e-35 1.0000000180025095e-35 1.0000000180025095e-35 1.0000000180025095e-35 1.0000000180025095e-35 1.0000000180025095e-35 1.0000000180025095e-35 1.0000000180025095e-35 1.0000000180025095e-35 1.0000000180025095e-35 203.50000000000003 322.75000000000006 4.5000000000000009 276.2000000000001 472.25000000000006 1.0000000180025095e-35 170.30000000000004 861.75000000000011 1.0000000180025095e-35 1.0000000180025095e-35 492.35000000000008 1.0000000180025095e-35 383.75000000000006 292.00000000000006 1140.5000000000002 1.0000000180025095e-35 1291.7500000000002 1009.4000000000001 779.25000000000011 409.85000000000008 1.0000000180025095e-35 774.25000000000011 1.0000000180025095e-35 1.0000000180025095e-35 134.50000000000003 1.0000000180025095e-35 1.0000000180025095e-35 867.15000000000009 405.35000000000008 333.35000000000008 1140.5000000000002 1.0000000180025095e-35 378.25000000000006 445.35000000000008 953.35000000000014 1.0000000180025095e-35 1.0000000180025095e-35 1.0000000180025095e-35 75.350000000000009 1.0000000180025095e-35
decision_type=2 2 2 2 2 2 2 2 2 2 2 2 2 2 2 2 2 2 2 2 2 2 2 2 2 2 2 2 2 2 2 2 2 2 2 2 2 2 2 2 2 2 2 2 2 2 2 2 2 2 2 2 2 2 2 2 2 2 2 2 2 2
left_child=2 3 6 4 11 9 60 12 -9 14 29 15 13 37 20 31 18 27 22 -19 21 -4 25 24 -24 -6 36 -8 -18 -5 46 32 43 34 -20 -36 58 45 39 40 -12 42 -25 -2 48 -3 -31 -30 53 -50 61 52 -41 54 55 56 57 -45 -27 -49 -1 -33
right_child=1 7 5 10 16 -7 17 8 -10 -11 38 -13 -14 -15 -16 -17 28 19 33 -21 -22 -23 23 41 -26 26 -28 -29 47 30 -32 50 -34 -35 35 -37 -38 -39 -40 51 -42 -43 -44 44 -46 -47 -48 59 49 -51 -52 -53 -54 -55 -56 -57 -58 -59 -60 -61 -62 -63
leaf_value=-13.102832444515663 0.6396799272207736 13.073949931992425 -2.263562412986333 -6.6889719283434239 -3.6435127643438485 -7.271765480811986 -6.7988097014075279 25.001842822199283 63.383517866134639 7.0534494187773733 13.294116131852313 11.965585802768063 42.747552267710375 39.512620449066162 5.5814850312670776 11.06039863069703 36.802420547246932 -0.78627733500474706 11.076842959523201 -8.0213029177372288 4.0756395759896966 3.6848931513937866 32.240867777073639 5.6366362511610788 11.314333638391998 9.213864125323898 39.847752947807315 -0.02727087663336732 25.29424031933149 6.4163823507048861 11.37682383991778 5.870638812932178 16.011070888106889 33.520342973562393 7.0745123902956655 40.141273470278144 2.7987682797380078 7.6261748908904572 -9.1067140960693376 9.370722171754549 -0.91542033138482459 25.018931655450302 21.94552206993103 11.737126576767437 -1.9228926854474204 28.623033124522159 -2.8364811231774105 8.1506582663609439 9.7421898280198764 -7.402796762159892 20.580099945068362 3.1566910334995817 32.109241100152332 1.225549869422327 -0.54742408359751982 2.7639266930128401 23.976401305728491 -3.4812498142844754 22.805447583362977 24.121476662158969 -8.6397908155415148 20.238051327792082
leaf_weight=256 589 45 2132 272 52 422 2262 23 20 287 41 328 24 28 284 266 25 681 80 195 254 247 47 119 38 119 20 174 60 66 48 214 37 26 21 27 130 57 20 33 92 22 29 224 126 38 442 52 52 70 30 28 24 114 68 76 45 38 29 24 1076 22
leaf_count=256 589 45 2132 272 52 422 2262 23 20 287 41 328 24 28 284 266 25 681 80 195 254 247 47 119 38 119 20 174 60 66 48 214 37 26 21 27 130 57 20 33 92 22 29 224 126 38 442 52 52 70 30 28 24 114 68 76 45 38 29 24 1076 22
internal_value=-0.0228913 7.11968 -3.92669 6.08991 8.31061 -0.645267 -6.4888 25.8966 42.8538 0.227512 -0.615954 5.99797 22.0989 19.1491 -0.444084 5.00489 14.0897 -5.27876 12.5455 -2.39681 -1.09401 -1.64596 10.7967 14.9132 22.8855 7.79754 9.79397 -6.31513 21.3693 -2.54053 -0.511072 4.06016 3.19917 19.4159 16.551 25.6746 7.63183 15.0764 6.07962 7.47286 3.46496 10.927 8.8323 2.86105 4.47039 20.1928 -1.63434 18.5324 5.64296 -0.0950976 8.71788 13.744 18.9448 6.88197 8.31175 9.88466 11.6474 9.52988 11.8771 13.1941 -9.49755 7.20997
internal_weight=12790 4520 8270 4285 3219 3626 4644 235 43 3204 1066 2299 192 168 2917 1971 920 3312 759 876 2633 2379 605 255 85 350 298 2436 161 828 556 1705 1439 154 128 48 278 140 238 218 133 170 148 1402 813 83 508 136 687 122 266 85 57 565 451 383 307 262 148 76 1332 236
internal_count=12790 4520 8270 4285 3219 3626 4644 235 43 3204 1066 2299 192 168 2917 1971 920 3312 759 876 2633 2379 605 255 85 350 298 2436 161 828 556 1705 1439 154 128 48 278 140 238 218 133 170 148 1402 813 83 508 136 687 122 266 85 57 565 451 383 307 262 148 76 1332 236
is_linear=0
shrinkage=0.05


Tree=44
num_leaves=63
num_cat=0
split_feature=40 33 40 40 34 40 33 32 32 34 32 36 32 36 9 33 36 36 39 40 36 18 34 33 40 11 40 34 9 40 9 39 5 25 9 11 9 32 32 36 36 5 32 33 32 5 5 36 36 34 36 34 36 39 6 33 36 36 34 39 36 10
split_gain=8.88042e+07 8.61789e+07 4.35786e+07 8.86079e+07 3.87726e+07 3.35435e+07 3.15864e+07 1.93436e+07 1.50626e+07 1.65944e+07 1.26399e+07 1.11532e+07 1.04952e+07 9.0557e+06 8.6688e+06 7.85143e+06 7.64778e+06 7.3747e+06 7.11901e+06 5.08078e+06 4.84215e+06 4.52005e+06 6.31327e+06 5.93706e+06 4.44935e+06 4.35934e+06 4.30953e+06 6.38038e+06 4.23899e+06 4.11473e+06 4.06602e+06 4.32975e+06 4.06207e+06 4.04398e+06 3.80422e+06 3.63918e+06 3.39946e+06 3.12246e+06 3.03836e+06 2.94423e+06 2.86334e+06 2.67719e+06 2.66788e+06 3.72711e+06 4.94777e+06 2.60542e+06 2.60317e+06 2.54873e+06 2.54071e+06 2.53566e+06 2.51644e+06 2.48772e+06 4.09059e+06 3.85423e+06 4.64598e+06 3.68397e+06 3.46976e+06 5.05229e+06 2.97283e+06 2.44027e+06 2.79216e+06 2.42362e+06
threshold=5.5000000000000009 72.450000000000017 1.0000000180025095e-35 1.5000000000000002 94.850000000000009 4.5000000000000009 163.20000000000002 296.05000000000007 349.05000000000007 222.35000000000005 120.85000000000001 255.82916666666668 303.10000000000008 218.3366666666667 1.0000000180025095e-35 442.60000000000008 218.3366666666667 369.95000000000005 1.0000000180025095e-35 2.5000000000000004 169.91666666666671 1.0000000180025095e-35 309.05000000000001 220.95000000000002 2.5000000000000004 1.0000000180025095e-35 3.5000000000000004 375.65000000000003 1.0000000180025095e-35 3.5000000000000004 1.0000000180025095e-35 1.0000000180025095e-35 1.0000000180025095e-35 1.0000000180025095e-35 1.0000000180025095e-35 1.0000000180025095e-35 1.0000000180025095e-35 1.0000000180025095e-35 478.45000000000005 277.15833333333336 325.81666666666672 1.0000000180025095e-35 378.05000000000007 315.85000000000008 433.35000000000008 1.0000000180025095e-35 1.0000000180025095e-35 362.92500000000007 422.01666666666671 193.25000000000003 456.12500000000006 104.20000000000002 334.51666666666671 1.0000000180025095e-35 1.0000000180025095e-35 379.65000000000003 311.75833333333338 267.12500000000006 285.00000000000006 1.0000000180025095e-35 280.54166666666674 1.0000000180025095e-35
decision_type=2 2 2 2 2 2 2 2 2 2 2 2 2 2 2 2 2 2 2 2 2 2 2 2 2 2 2 2 2 2 2 2 2 2 2 2 2 2 2 2 2 2 2 2 2 2 2 2 2 2 2 2 2 2 2 2 2 2 2 2 2 2
left_child=2 7 28 4 10 6 12 16 13 15 20 -6 19 61 18 42 37 34 41 -5 -4 22 -11 -24 -8 32 27 -26 33 -21 31 46 47 45 59 39 48 -2 -28 -20 -38 -7 -10 -44 -45 -1 -18 -9 49 -14 -33 52 -15 55 56 -53 57 58 -55 -12 -61 -3
right_child=1 8 3 5 11 14 24 25 9 21 17 -13 36 51 -16 -17 30 -19 35 29 -22 -23 23 -25 26 -27 38 -29 -30 -31 -32 50 -34 -35 -36 -37 40 -39 -40 -41 -42 -43 43 44 -46 -47 -48 -49 -50 -51 -52 53 -54 54 -56 -57 -58 -59 -60 60 -62 -63
leaf_value=-10.47715782993159 -5.7899589174030934 8.8691867305951959 -2.1669573257849057 -8.8955832589955914 34.032943633294877 -10.542266899844387 0.81034537080456226 7.31862249996112 25.274338177383925 73.141589965820316 10.961663365364075 76.798501965204878 0.79733589630888169 12.888916904709291 2.7471931202634829 38.806973207261827 -1.5942824849635939 50.321893946329759 -5.4125777434727871 0.4704052978166946 10.895265184377173 23.291834913600578 19.397684406098865 53.026068834577295 13.922655584218916 -2.5122195830711953 7.1816217881248852 37.247168296926162 -1.4031947452555258 -4.7611714189270442 13.358707190848685 4.1479909414473806 24.071453883214431 -2.5637591295947253 39.987845056653022 -9.7123299836470149 6.0578800542934523 -0.057306395859821981 27.288770542144778 1.0216658197435333 26.84443775653839 -3.492861321965854 8.0789649646128385 9.9559974361110388 36.585677380995314 -4.4381447235141138 7.6713069853328522 15.602316397153414 15.82872303095129 18.325504493713378 16.362501946091651 23.435096359252931 31.622933994640007 32.507004814147955 -3.9177623748779298 49.272087877446957 4.2920193081810361 46.092321427663165 7.0734304975580287 14.678187317414718 31.274445884785752 -3.108163709640503
leaf_weight=1823 670 272 103 353 31 1319 102 325 61 20 88 30 332 249 219 45 777 21 394 728 228 22 21 35 213 65 310 34 189 777 74 347 55 208 20 232 37 368 20 324 30 150 124 37 33 198 84 130 36 22 48 37 33 20 21 22 21 24 27 55 47 50
leaf_count=1823 670 272 103 353 31 1319 102 325 61 20 88 30 332 249 219 45 777 21 394 728 228 22 21 35 213 65 310 34 189 777 74 347 55 208 20 232 37 368 20 324 30 150 124 37 33 198 84 130 36 22 48 37 33 20 21 22 21 24 27 55 47 50
internal_value=-0.0217467 6.02533 -2.89225 -0.688628 17.2042 -2.6679 0.954152 1.45636 17.4789 25.3871 13.0948 55.0652 -1.82718 13.4229 -6.77875 19.5518 -0.541145 22.0707 -7.64116 -3.49683 6.83059 43.2502 49.0276 40.4154 10.4369 9.68259 12.1387 17.1333 -8.59267 -2.23055 1.96912 1.29808 11.2368 -9.20228 19.2456 -4.26821 4.96102 -3.75757 8.40024 -2.5091 15.3653 -9.82245 16.1538 13.286 22.51 -9.88551 -0.690323 9.68539 3.17362 1.88666 5.63229 17.9718 15.0812 22.7109 17.3026 33.0692 22.1464 27.4273 17.8962 17.0622 22.3255 7.00935
internal_weight=12790 4117 8673 6255 623 5632 2994 2943 1174 398 562 61 2315 776 2638 300 2368 231 2419 1858 331 98 76 56 679 575 577 247 2418 1505 1330 1256 510 2229 210 950 457 1038 330 718 67 1469 255 194 70 2021 861 455 390 354 395 454 282 172 113 59 92 71 47 190 102 322
internal_count=12790 4117 8673 6255 623 5632 2994 2943 1174 398 562 61 2315 776 2638 300 2368 231 2419 1858 331 98 76 56 679 575 577 247 2418 1505 1330 1256 510 2229 210 950 457 1038 330 718 67 1469 255 194 70 2021 861 455 390 354 395 454 282 172 113 59 92 71 47 190 102 322
is_linear=0
shrinkage=0.05


Tree=45
num_leaves=63
num_cat=0
split_feature=35 40 40 40 40 36 35 40 35 35 36 25 40 40 40 36 40 40 35 34 31 5 35 32 25 9 36 31 31 40 40 31 31 35 33 32 32 23 39 31 9 31 35 31 36 31 32 31 31 9 25 35 31 31 9 34 9 25 31 9 36 25
split_gain=1.14707e+08 8.85606e+07 7.34248e+07 6.49283e+07 3.00617e+07 1.98382e+07 1.97497e+07 1.87255e+07 1.22798e+07 1.1836e+07 1.44554e+07 8.29143e+06 7.78581e+06 2.13701e+07 7.57376e+06 7.09346e+06 6.22936e+06 6.32942e+06 5.26443e+06 4.65442e+06 4.9315e+06 4.6078e+06 4.22838e+06 4.15514e+06 4.10969e+06 4.00958e+06 3.98043e+06 3.9276e+06 3.83028e+06 3.67485e+06 4.43683e+06 3.15236e+06 6.4261e+06 5.38702e+06 3.13189e+06 2.92223e+06 3.72983e+06 2.90142e+06 2.63058e+06 2.56648e+06 2.55836e+06 2.83247e+06 2.51862e+06 3.31347e+06 2.50073e+06 2.38862e+06 2.76021e+06 2.63322e+06 2.35915e+06 2.35886e+06 2.35743e+06 2.31288e+06 2.41119e+06 2.3109e+06 2.27509e+06 2.08237e+06 2.03795e+06 2.00546e+06 1.9955e+06 1.86886e+06 1.77973e+06 1.7562e+06
threshold=557.85000000000002 1.0000000180025095e-35 1.5000000000000002 5.5000000000000009 4.5000000000000009 373.83333333333337 1009.4000000000001 5.5000000000000009 356.40000000000003 867.15000000000009 318.41250000000008 1.0000000180025095e-35 1.0000000180025095e-35 1.5000000000000002 4.5000000000000009 406.92500000000001 2.5000000000000004 3.5000000000000004 314.15000000000003 281.55000000000007 358.75000000000006 1.0000000180025095e-35 1227.5000000000002 364.15000000000003 1.0000000180025095e-35 1.0000000180025095e-35 281.71250000000003 323.85000000000008 325.15000000000003 2.5000000000000004 3.5000000000000004 232.35000000000005 120.25000000000001 1401.7500000000002 386.00000000000006 214.65000000000001 325.75000000000006 1.0000000180025095e-35 1.0000000180025095e-35 243.95000000000002 1.0000000180025095e-35 309.25000000000006 747.65000000000009 428.65000000000003 361.21666666666675 346.75000000000006 424.65000000000003 298.75000000000006 421.15000000000003 1.0000000180025095e-35 1.0000000180025095e-35 664.45000000000016 105.65000000000002 112.55000000000001 1.0000000180025095e-35 287.05000000000007 1.0000000180025095e-35 1.0000000180025095e-35 257.85000000000008 1.0000000180025095e-35 412.12500000000006 1.0000000180025095e-35
decision_type=2 2 2 2 2 2 2 2 2 2 2 2 2 2 2 2 2 2 2 2 2 2 2 2 2 2 2 2 2 2 2 2 2 2 2 2 2 2 2 2 2 2 2 2 2 2 2 2 2 2 2 2 2 2 2 2 2 2 2 2 2 2
left_child=7 49 5 4 11 9 21 12 39 35 26 16 -1 18 29 31 -4 37 -14 20 -13 24 54 48 40 -19 58 -26 -23 -15 53 32 -8 -33 -35 -3 -37 42 -34 -9 51 -42 -18 45 -45 46 47 -44 -22 61 59 52 -5 -31 -6 -40 -55 -10 -11 -16 -20 -2
right_child=1 2 3 6 22 -7 15 8 57 10 -12 19 13 14 50 -17 17 25 60 -21 23 28 -24 -25 27 -27 -28 -29 -30 30 -32 33 38 34 -36 36 -38 -39 55 -41 41 -43 43 44 -46 -47 -48 -49 -50 -51 -52 -53 -54 56 -56 -57 -58 -59 -60 -61 -62 -63
leaf_value=-9.4298370891941161 -8.2594463970052985 31.187927653572775 -2.6514237453486471 -12.042709810083563 -5.8006328445575281 82.940825347900386 12.749655932501744 -5.3472388540680047 2.7473860240582773 55.955107207298283 12.572621960110135 5.0211175930964487 -0.35277804895571085 -8.6631227139464801 -9.7011910921399132 48.786833513700046 4.4073136422750165 1.8443739218391675 9.0482805172853826 35.691146942664837 26.08872054100037 11.693974866867066 3.7347426943252424 38.279714339120048 10.834830673744804 14.856395246585212 68.246354923826274 28.111708291645712 26.937060587406162 -6.0819799738020457 -5.4669453278835469 16.711190800822301 25.680135624454575 22.525011532123273 47.572597336769107 4.8085005169823063 26.142225248813631 22.215762910535261 57.655709028244019 -0.76736352016848908 8.1613399128760076 23.336886019100909 4.0780935859680181 34.727540745053972 12.970859035491944 -0.19558328901018418 28.417097717285159 24.649836699167889 2.6084736668545272 -0.22466575455281046 -1.0075619699190492 9.5999374679584601 5.3635798770647787 0.84466046003734374 1.292102841813435 35.810551643371582 13.85251997113228 11.067662340402604 33.619588422775273 -1.3153518461968219 19.562799847567526 -1.9483696385622027
leaf_weight=1222 933 44 185 22 915 20 38 894 1013 20 27 77 157 321 1306 26 113 417 158 29 20 85 163 28 76 69 33 58 80 119 709 276 26 26 24 42 40 62 20 465 62 61 60 28 25 42 25 21 23 124 92 597 208 510 129 24 32 78 20 70 54 125
leaf_count=1222 933 44 185 22 915 20 38 894 1013 20 27 77 157 321 1306 26 113 417 158 29 20 85 163 28 76 69 33 58 80 119 709 276 26 26 24 42 40 62 20 465 62 61 60 28 25 42 25 21 23 124 92 597 208 510 129 24 32 78 20 70 54 125
internal_value=0.00863559 5.39779 8.67131 7.09434 1.84427 35.2106 14.5624 -4.15898 -0.608521 30.9867 43.8308 7.36564 -5.99027 -4.7989 -6.12889 23.4193 5.67361 7.46031 6.58708 17.3744 13.7853 11.3005 -3.75488 23.2902 10.1156 3.69176 55.3921 18.3129 19.0846 -3.8478 -2.71953 21.8996 29.3031 19.4469 34.5479 20.793 15.2152 12.3314 38.2893 -3.78017 8.95937 15.6874 10.3797 13.7373 24.465 9.89558 13.894 9.41151 13.5295 -6.74913 -8.75649 7.9587 3.69863 0.227386 -4.92423 45.7402 1.61265 3.34224 44.7873 -9.27459 11.7265 -7.51381
internal_weight=12768 5568 4386 4140 2431 246 1709 7200 2450 226 100 1224 4750 3528 3159 460 1047 862 369 177 148 1249 1207 71 1084 486 73 134 165 1691 1370 434 108 326 50 126 82 376 70 1359 950 123 314 201 53 148 106 81 43 1182 1468 827 230 661 1044 44 542 1091 40 1376 212 1058
internal_count=12768 5568 4386 4140 2431 246 1709 7200 2450 226 100 1224 4750 3528 3159 460 1047 862 369 177 148 1249 1207 71 1084 486 73 134 165 1691 1370 434 108 326 50 126 82 376 70 1359 950 123 314 201 53 148 106 81 43 1182 1468 827 230 661 1044 44 542 1091 40 1376 212 1058
is_linear=0
shrinkage=0.05


Tree=46
num_leaves=63
num_cat=0
split_feature=35 40 40 40 40 35 36 40 35 36 35 35 25 25 9 36 40 40 40 31 9 32 12 36 32 9 33 5 25 31 36 35 40 35 31 31 31 40 40 35 40 31 32 32 31 32 31 35 31 25 32 32 9 33 32 32 40 31 36 32 9 31
split_gain=1.03733e+08 7.93741e+07 6.73737e+07 6.00467e+07 2.68177e+07 1.8372e+07 1.79369e+07 1.6063e+07 1.06565e+07 1.3046e+07 1.0203e+07 8.15614e+06 7.02241e+06 6.90756e+06 6.87554e+06 6.6382e+06 5.42795e+06 1.64241e+07 5.34294e+06 4.24152e+06 4.01723e+06 3.88637e+06 4.20259e+06 1.05862e+07 4.79866e+06 4.08515e+06 5.82255e+06 3.69698e+06 3.94951e+06 3.60933e+06 3.59234e+06 3.52551e+06 3.33376e+06 3.31476e+06 3.24645e+06 3.22692e+06 3.68752e+06 3.15637e+06 3.56435e+06 2.89832e+06 3.07307e+06 2.75859e+06 4.581e+06 3.03155e+06 6.47387e+06 4.34564e+06 4.84911e+06 2.76144e+06 2.73868e+06 2.70125e+06 2.6622e+06 3.36617e+06 2.44859e+06 2.43809e+06 2.84354e+06 2.39961e+06 2.39331e+06 2.35127e+06 2.28486e+06 2.24825e+06 2.21614e+06 2.20008e+06
threshold=541.75000000000011 1.0000000180025095e-35 1.5000000000000002 5.5000000000000009 4.5000000000000009 983.85000000000002 373.83333333333337 5.5000000000000009 867.15000000000009 318.41250000000008 356.40000000000003 786.30000000000007 1.0000000180025095e-35 1.0000000180025095e-35 1.0000000180025095e-35 406.92500000000001 1.0000000180025095e-35 1.5000000000000002 4.5000000000000009 357.15000000000003 1.0000000180025095e-35 484.05000000000007 1.0000000180025095e-35 311.75833333333338 436.85000000000008 1.0000000180025095e-35 362.55000000000007 1.0000000180025095e-35 1.0000000180025095e-35 419.55000000000007 281.71250000000003 290.55000000000007 2.5000000000000004 1227.5000000000002 325.15000000000003 425.05000000000007 482.35000000000008 2.5000000000000004 3.5000000000000004 1309.4500000000003 3.5000000000000004 243.95000000000002 389.15000000000003 204.65000000000001 456.35000000000008 332.15000000000003 338.05000000000007 1152.0500000000002 323.85000000000008 1.0000000180025095e-35 214.65000000000001 325.75000000000006 1.0000000180025095e-35 269.35000000000008 223.45000000000002 163.15000000000001 2.5000000000000004 120.25000000000001 285.21250000000003 252.95000000000002 1.0000000180025095e-35 103.65000000000002
decision_type=2 2 2 2 2 2 2 2 2 2 2 2 2 2 2 2 2 2 2 2 2 2 2 2 2 2 2 2 2 2 2 2 2 2 2 2 2 2 2 2 2 2 2 2 2 2 2 2 2 2 2 2 2 2 2 2 2 2 2 2 2 2
left_child=7 60 6 4 11 27 8 13 50 30 57 32 35 14 16 21 -1 31 37 -16 49 22 24 -24 25 41 -27 28 52 -15 -10 -18 -4 -26 55 53 39 -19 -39 40 -37 -7 43 -43 45 46 -45 -48 -30 -6 -3 -52 61 58 -55 -29 -56 -9 -13 -50 -2 -5
right_child=1 2 3 5 20 15 -8 10 9 -11 -12 12 -14 29 19 -17 17 18 -20 -21 -22 -23 23 -25 33 26 -28 34 48 -31 -32 -33 -34 -35 -36 36 -38 38 -40 -41 -42 42 -44 44 -46 -47 47 -49 59 -51 51 -53 -54 54 56 -57 -58 -59 -60 -61 -62 -63
leaf_value=-9.871341955674346 -7.1253757936517133 29.482737071617791 -5.6490758869135496 -2.2826980812208997 -5.6099456135997867 27.666435620784764 78.793783569335943 -7.1223730349530072 42.547980425357821 11.943990278244019 2.9763136734821281 5.9491631175738346 21.8029342885566 -0.22993515057671343 -1.4807151111864276 46.347492570143487 -1.5448629870414736 -9.8994997775640581 -9.3354460893658651 14.806381871748943 3.800630109380057 2.665185694036813 27.611852044037409 -14.057787676210758 25.845632439690668 19.106114757762239 50.538406753540045 -4.2971737861633299 11.085588765462241 18.064864336649578 64.834037572687336 9.2119470375012131 4.1657359683935624 48.422717678135839 25.108376102447512 23.530453826346488 2.1146041348259499 -0.99061940356136802 -6.4742600796127441 36.002164552211767 6.1596326730689226 7.0516649917114611 -2.9334649053113218 -11.769563865661622 44.675551363138055 29.642839913368228 30.999783920106434 5.6513749122619634 15.214797272000993 1.7183731192555922 4.5680749030340291 24.835113972425461 14.873549866090057 1.0388953800325271 -2.7491920948028565 15.472645255291102 14.933286906829498 -2.3662658325190646 -5.8831525704439951 34.760808597072483 -0.11748557374590921 7.9791701804827326
leaf_weight=1052 1078 46 107 56 947 60 20 350 40 27 1047 102 113 266 217 26 125 258 1268 49 162 29 35 27 37 34 26 20 75 30 33 195 452 29 75 53 47 579 607 20 49 43 29 20 26 40 21 22 28 145 42 40 122 77 22 66 147 1009 68 31 126 776
leaf_count=1052 1078 46 107 56 947 60 20 350 40 27 1047 102 113 266 217 26 125 258 1268 49 162 29 35 27 37 34 26 20 75 30 33 195 452 29 75 53 47 579 607 20 49 43 29 20 26 40 21 22 28 145 42 40 122 77 22 66 147 1009 68 31 126 776
internal_value=0.0082038 5.01404 8.05767 6.58418 1.62655 13.6855 33.3922 -4.04928 29.4096 41.6393 -0.733247 6.78761 10.3919 -5.76653 -6.26945 21.7434 -6.77676 -5.70305 -6.96713 1.51954 -3.54685 20.4051 21.5509 9.4654 23.4871 20.9625 32.7268 10.4339 9.3875 1.62427 52.6225 5.01007 2.28705 35.7659 17.5055 8.18775 14.014 -4.88748 -3.79717 18.5982 15.1856 18.258 15.4496 18.549 22.3815 16.7539 8.57039 18.0308 17.4255 -4.63686 19.8552 14.4544 8.25847 5.82083 9.00287 10.875 12.6314 -3.59116 1.21624 25.4847 -6.39199 7.28847
internal_weight=12768 5716 4512 4264 2511 1753 248 7052 228 100 2406 1257 698 4646 4350 504 4084 3032 2712 266 1254 478 449 62 387 321 60 1249 1088 296 73 320 559 66 161 585 169 1444 1186 122 102 261 201 172 129 103 63 43 134 1092 128 82 954 416 246 86 169 1359 170 59 1204 832
internal_count=12768 5716 4512 4264 2511 1753 248 7052 228 100 2406 1257 698 4646 4350 504 4084 3032 2712 266 1254 478 449 62 387 321 60 1249 1088 296 73 320 559 66 161 585 169 1444 1186 122 102 261 201 172 129 103 63 43 134 1092 128 82 954 416 246 86 169 1359 170 59 1204 832
is_linear=0
shrinkage=0.05


Tree=47
num_leaves=63
num_cat=0
split_feature=35 40 40 40 40 35 40 34 35 31 35 31 25 25 9 35 35 31 40 40 35 35 5 25 31 31 40 40 31 31 34 40 31 31 31 31 25 9 35 32 32 34 31 31 35 35 9 9 40 31 34 4 32 31 40 40 40 40 32 31 35 31
split_gain=9.36188e+07 7.16351e+07 6.08048e+07 5.41922e+07 2.4203e+07 1.65808e+07 1.44968e+07 1.30129e+07 9.20821e+06 8.08298e+06 7.36091e+06 6.46028e+06 6.33772e+06 5.94805e+06 6.11125e+06 5.90262e+06 5.60998e+06 3.9221e+06 3.75188e+06 7.94201e+06 3.72315e+06 3.376e+06 3.33652e+06 3.56443e+06 3.07827e+06 4.56137e+06 3.00872e+06 2.96349e+06 2.92992e+06 2.91229e+06 4.81964e+06 3.27936e+06 2.84798e+06 6.49512e+06 2.81991e+06 3.95561e+06 3.30649e+06 3.45682e+06 5.33215e+06 2.74011e+06 2.57943e+06 2.53513e+06 2.77439e+06 2.47166e+06 2.37716e+06 2.35145e+06 2.25054e+06 2.20985e+06 2.20508e+06 2.33167e+06 3.30698e+06 3.15279e+06 2.16565e+06 2.09897e+06 2.07101e+06 4.70242e+06 4.11693e+06 2.03518e+06 2.02904e+06 2.02259e+06 2.02026e+06 2.36565e+06
threshold=541.75000000000011 1.0000000180025095e-35 1.5000000000000002 5.5000000000000009 4.5000000000000009 983.85000000000002 5.5000000000000009 392.4500000000001 356.40000000000003 451.55000000000007 786.30000000000007 280.75000000000006 1.0000000180025095e-35 1.0000000180025095e-35 1.0000000180025095e-35 837.70000000000016 1401.7500000000002 286.05000000000007 1.0000000180025095e-35 1.5000000000000002 1227.5000000000002 960.80000000000007 1.0000000180025095e-35 1.0000000180025095e-35 441.45000000000005 368.55000000000007 2.5000000000000004 4.5000000000000009 325.15000000000003 425.05000000000007 189.85000000000005 3.5000000000000004 84.450000000000017 232.35000000000005 379.65000000000003 414.05000000000007 1.0000000180025095e-35 1.0000000180025095e-35 1241.4000000000003 360.55000000000007 214.65000000000001 281.55000000000007 294.85000000000008 323.85000000000008 137.25000000000003 1140.5000000000002 1.0000000180025095e-35 1.0000000180025095e-35 2.5000000000000004 346.75000000000006 411.65000000000003 1.0000000180025095e-35 163.15000000000001 451.55000000000007 4.5000000000000009 1.0000000180025095e-35 1.5000000000000002 3.5000000000000004 252.95000000000002 221.95000000000002 664.45000000000016 105.65000000000002
decision_type=2 2 2 2 2 2 2 2 2 2 2 2 2 2 2 2 2 2 2 2 2 2 2 2 2 2 2 2 2 2 2 2 2 2 2 2 2 2 2 2 2 2 2 2 2 2 2 2 2 2 2 2 2 2 2 2 2 2 2 2 2 2
left_child=6 -2 7 4 10 22 11 9 46 15 26 44 29 14 18 39 32 -17 -13 -20 -6 -19 23 47 25 -18 -4 -21 52 48 31 -31 -7 -34 -35 -36 37 38 45 40 -3 42 -14 -25 -1 -37 59 60 -12 50 -50 -51 -24 -44 55 -46 -57 -28 -45 -8 61 -5
right_child=1 2 3 5 20 16 8 -9 -10 -11 12 13 41 -15 -16 17 24 21 19 27 -22 -23 28 43 -26 -27 57 -29 -30 30 -32 -33 33 34 35 36 -38 -39 -40 -41 -42 -43 53 58 54 -47 -48 -49 49 51 -52 -53 -54 -55 -56 56 -58 -59 -60 -61 -62 -63
leaf_value=-9.7091526050528696 -6.072392311315145 22.601696349680424 -5.3666221672129417 -10.437929994719369 -4.4225803344274039 1.5160178391829782 -5.5780665650643799 68.431728952581224 2.827498070642338 53.29437348842621 -2.3610069741941477 -8.6990617984005709 1.1281166683543813 8.375814653474551 8.932310966740955 46.350418250947392 42.878353424072266 39.212178268432616 7.4869766611213748 -2.3364335459776413 3.6789598208994954 14.689743987470866 -4.0823151683807373 10.531309420267741 48.64438487688701 9.1094092178344734 7.5912855403497819 -7.4208883272926771 23.852957433859508 16.162023339902657 28.476770436763765 0.19441024319070285 31.400029852102094 11.223783016234837 32.812449935575323 8.6197519728913914 33.184275270544966 30.436373358681092 -8.7457702044517767 30.443032324772616 4.1164420024208406 33.7613176209586 28.673027181625368 14.454057230268205 -8.6566707033811454 29.854575269872495 5.1284970928544871 14.12987222827849 12.12996991906526 -4.4894825657753099 -4.4594837788173134 16.739429950714111 14.699013013550729 9.7168879260187566 -8.5859146801809878 4.2368669559977148 -4.5200895406975388 0.85975251979515199 33.022768155990114 -1.5582892352874396 8.5991172676241465 4.9368897723644345
leaf_weight=639 1204 32 107 28 1091 23 748 22 1047 28 73 418 22 104 88 37 20 25 152 624 163 32 20 75 24 20 208 530 75 68 40 61 91 149 48 32 23 21 31 26 46 28 40 28 581 22 73 122 212 73 35 23 66 23 643 166 701 244 31 538 569 235
leaf_count=639 1204 32 107 28 1091 23 748 22 1047 28 73 418 22 104 88 37 20 25 152 624 163 32 20 75 24 20 208 530 75 68 40 61 91 149 48 32 23 21 31 26 46 28 40 28 581 22 73 122 212 73 35 23 66 23 643 166 701 244 31 538 569 235
internal_value=0.00779362 4.76334 7.65479 6.25497 1.54522 13.0012 -3.84681 31.7226 -0.696585 28.1492 6.44823 -5.47821 9.87233 -3.25264 -3.92006 24.5933 20.6562 33.6738 -4.5761 -3.2565 -3.36951 25.4452 9.91223 8.91812 34.4878 25.9939 2.1727 -4.67158 16.6302 7.77836 13.3133 8.61145 18.6444 19.5891 16.2922 20.5588 15.9993 12.2705 7.78252 16.3859 11.7001 20.7128 16.4144 16.5542 -7.04018 17.271 -3.41161 7.84554 5.52979 7.20917 9.77924 0.596611 10.3313 21.7525 -6.22455 -5.17596 -2.84344 3.95745 24.2105 -3.89639 6.92404 3.30003
internal_weight=12768 5716 4512 4264 2511 1753 7052 248 2406 226 1257 4646 698 1916 1812 198 504 94 1724 1306 1254 57 1249 1088 64 40 559 1154 161 585 169 129 440 417 326 177 129 106 85 104 78 113 85 134 2730 54 1359 954 416 343 247 96 86 63 2091 1448 867 452 59 1286 832 263
internal_count=12768 5716 4512 4264 2511 1753 7052 248 2406 226 1257 4646 698 1916 1812 198 504 94 1724 1306 1254 57 1249 1088 64 40 559 1154 161 585 169 129 440 417 326 177 129 106 85 104 78 113 85 134 2730 54 1359 954 416 343 247 96 86 63 2091 1448 867 452 59 1286 832 263
is_linear=0
shrinkage=0.05


Tree=48
num_leaves=63
num_cat=0
split_feature=35 35 38 35 35 25 25 36 4 36 39 36 5 36 36 5 25 5 2 35 32 23 35 35 5 33 38 7 32 2 18 36 10 36 8 25 5 36 35 32 33 32 32 7 7 8 10 24 36 33 30 36 33 35 2 35 33 36 32 34 35 2
split_gain=8.44917e+07 2.35427e+07 2.31031e+07 1.61371e+07 1.20554e+07 7.98297e+06 6.50854e+06 6.15084e+06 5.75442e+06 6.52909e+06 5.81253e+06 5.6613e+06 3.66549e+06 3.57897e+06 3.30119e+06 2.89444e+06 3.24992e+06 2.85093e+06 3.73842e+06 3.59053e+06 3.38189e+06 3.14342e+06 2.69766e+06 2.5645e+06 2.56197e+06 2.45115e+06 2.43109e+06 2.42328e+06 2.25614e+06 2.24119e+06 2.06136e+06 2.04833e+06 1.9003e+06 1.81212e+06 1.80866e+06 1.77737e+06 1.72197e+06 1.71354e+06 1.71138e+06 2.41046e+06 1.62013e+06 1.58902e+06 2.08744e+06 1.57492e+06 1.5696e+06 1.52263e+06 1.72586e+06 3.0603e+06 1.70866e+06 1.48418e+06 1.47069e+06 1.79901e+06 1.46034e+06 1.39143e+06 1.37205e+06 1.34465e+06 1.49375e+06 1.40031e+06 1.26044e+06 1.24619e+06 1.18179e+06 1.15604e+06
threshold=531.55000000000007 1401.7500000000002 1.0000000180025095e-35 807.70000000000016 280.25000000000006 1.0000000180025095e-35 1.0000000180025095e-35 415.47500000000008 1.0000000180025095e-35 334.51666666666671 1.0000000180025095e-35 310.41666666666674 1.0000000180025095e-35 443.02500000000003 404.10000000000008 1.0000000180025095e-35 1.0000000180025095e-35 1.0000000180025095e-35 1.0000000180025095e-35 1211.5500000000002 385.45000000000005 1.0000000180025095e-35 892.35000000000002 97.65000000000002 1.0000000180025095e-35 401.75000000000006 1.0000000180025095e-35 1.0000000180025095e-35 338.25000000000006 1.0000000180025095e-35 1.0000000180025095e-35 422.01666666666671 1.0000000180025095e-35 382.25000000000006 1.0000000180025095e-35 1.0000000180025095e-35 1.0000000180025095e-35 295.35833333333341 1309.4500000000003 329.05000000000007 193.85000000000005 491.15000000000003 484.05000000000007 1.0000000180025095e-35 1.0000000180025095e-35 1.0000000180025095e-35 1.0000000180025095e-35 1.0000000180025095e-35 253.75833333333335 379.65000000000003 1.0000000180025095e-35 379.92500000000013 400.35000000000008 1140.5000000000002 1.0000000180025095e-35 918.1500000000002 482.05000000000007 273.75000000000006 492.35000000000008 377.95000000000005 747.65000000000009 1.0000000180025095e-35
decision_type=2 2 2 2 2 2 2 2 2 2 2 2 2 2 2 2 2 2 2 2 2 2 2 2 2 2 2 2 2 2 2 2 2 2 2 2 2 2 2 2 2 2 2 2 2 2 2 2 2 2 2 2 2 2 2 2 2 2 2 2 2 2
left_child=4 2 3 15 23 17 13 8 9 10 -3 12 -7 26 -8 16 32 18 21 25 -21 41 -4 -1 30 34 36 38 44 43 59 33 58 52 -20 -25 54 -30 39 55 -17 42 -5 -15 -23 46 47 48 -19 -42 51 -41 -13 -39 -6 -24 57 -57 61 -11 -18 -2
right_child=1 7 22 5 6 11 14 -9 -10 24 -12 31 -14 29 -16 40 60 45 19 20 -22 28 27 35 -26 -27 -28 -29 37 -31 -32 -33 -34 -35 -36 -37 -38 53 -40 50 49 -43 -44 -45 -46 -47 -48 -49 -50 -51 -52 -53 -54 -55 -56 56 -58 -59 -60 -61 -62 -63
leaf_value=-9.4830469815064244 0.97308110544745563 9.1574257274468742 -4.4773785517411531 4.0147610733257144 -3.4098627413945404 8.0974503617830234 2.8684363329242313 45.931917790004185 39.555831821148217 15.657353927149916 41.105070866176064 28.107268801946489 28.09574243105375 -0.36507155646104367 17.320896089837909 9.5680487421183766 5.6816030750322586 25.722805102328039 7.8647155031332607 12.299316915972481 37.973035265051799 12.562638602969804 6.859980818629265 -5.826890742422635 22.963835212977038 18.494400963783264 -7.5908396590174299 9.5374620179014826 -1.412587961783776 13.170491590102515 -9.0623769846829507 36.659523345157503 -2.9596116107317711 8.9879563698401821 -8.2865793323516836 0.82989375262033382 1.531789222634333 18.352702996038623 -9.0101763807494066 3.6223345726086151 -3.8343745170270696 14.174408636866389 -10.090789258038557 11.421940380732218 27.822804327011109 2.278368486960729 3.6330280887774933 0.027224035920767949 14.621128424144153 11.243939979871115 -8.2345680247653625 18.225231695175172 14.022972573683814 3.1158050964618553 0.85147705177466071 -0.83923712979762932 8.2201803165933356 -8.3854572448536029 12.286137247085572 2.9240886812624725 14.911518770172485 5.0210909791614702
leaf_weight=497 1192 24 621 918 2551 193 248 21 26 33 35 63 26 512 47 207 199 47 130 29 23 107 32 2228 23 50 285 62 52 36 22 24 248 26 20 105 217 31 58 174 51 37 27 30 20 36 39 29 132 24 22 24 26 29 204 109 23 141 28 46 42 207
leaf_count=497 1192 24 621 918 2551 193 248 21 26 33 35 63 26 512 47 207 199 47 130 29 23 107 32 2228 23 50 285 62 52 36 22 24 248 26 20 105 217 31 58 174 51 37 27 30 20 36 39 29 132 24 22 24 26 29 204 109 23 141 28 46 42 207
internal_value=0.00740394 4.45993 3.81352 5.55711 -3.70816 8.67603 -1.9856 20.1368 17.545 14.4178 28.1094 15.4809 10.4717 -2.53611 5.17103 2.55738 1.86129 7.28871 6.40564 11.9502 23.655 5.2613 -2.12514 -6.222 7.9032 8.90701 -3.17957 0.139567 10.4037 1.08976 4.47355 23.3732 1.08018 20.6004 5.71121 -5.52729 -2.75655 5.23069 -0.859866 0.0405495 7.28684 4.00973 3.61175 0.287346 14.9658 11.885 13.2852 15.095 17.5361 0.990686 4.02969 5.39238 23.9928 10.9882 -3.09432 -2.83686 -3.97349 -5.09531 1.78226 8.24305 7.29014 1.57204
internal_weight=12768 5808 5578 4312 6960 2114 4130 230 209 183 59 358 219 3835 295 2198 1916 1756 1473 252 52 1221 1266 2830 124 200 3257 645 239 578 101 139 1675 115 150 2333 2972 112 583 525 282 982 945 542 127 283 247 208 179 75 220 198 89 60 2755 305 273 250 1427 79 241 1399
internal_count=12768 5808 5578 4312 6960 2114 4130 230 209 183 59 358 219 3835 295 2198 1916 1756 1473 252 52 1221 1266 2830 124 200 3257 645 239 578 101 139 1675 115 150 2333 2972 112 583 525 282 982 945 542 127 283 247 208 179 75 220 198 89 60 2755 305 273 250 1427 79 241 1399
is_linear=0
shrinkage=0.05


Tree=49
num_leaves=63
num_cat=0
split_feature=35 40 40 40 40 36 35 40 23 35 40 40 40 40 40 36 36 35 31 35 31 35 9 9 5 9 31 31 9 36 40 40 31 25 33 24 35 31 31 39 31 32 33 35 25 35 31 9 39 39 9 35 33 23 36 31 35 35 31 31 31 9
split_gain=7.6274e+07 6.32382e+07 5.45049e+07 4.84077e+07 2.13435e+07 1.54847e+07 1.40954e+07 1.29815e+07 8.70808e+06 7.76973e+06 6.43605e+06 6.28805e+06 5.74695e+06 1.57899e+07 5.87295e+06 5.24642e+06 4.5667e+06 8.6871e+06 4.68595e+06 4.14668e+06 5.3445e+06 3.89366e+06 3.67655e+06 3.52329e+06 3.31863e+06 3.53349e+06 3.25519e+06 2.97438e+06 2.93818e+06 2.92324e+06 2.86798e+06 3.16076e+06 2.76238e+06 2.70945e+06 2.64391e+06 2.51488e+06 3.84574e+06 4.23693e+06 6.59085e+06 3.35518e+06 3.19707e+06 2.38728e+06 2.79852e+06 2.24118e+06 2.18431e+06 2.05571e+06 2.3366e+06 2.0367e+06 1.94087e+06 1.92973e+06 1.92714e+06 1.91183e+06 1.86095e+06 1.78501e+06 1.78477e+06 1.73236e+06 1.72702e+06 3.22205e+06 2.67635e+06 2.62755e+06 2.30304e+06 1.68794e+06
threshold=541.75000000000011 1.0000000180025095e-35 1.5000000000000002 5.5000000000000009 4.5000000000000009 373.83333333333337 1009.4000000000001 5.5000000000000009 1.0000000180025095e-35 356.40000000000003 2.5000000000000004 3.5000000000000004 1.0000000180025095e-35 1.5000000000000002 4.5000000000000009 406.92500000000001 315.3250000000001 867.15000000000009 357.15000000000003 774.25000000000011 428.65000000000003 314.15000000000003 1.0000000180025095e-35 1.0000000180025095e-35 1.0000000180025095e-35 1.0000000180025095e-35 309.25000000000006 456.35000000000008 1.0000000180025095e-35 345.92500000000007 2.5000000000000004 3.5000000000000004 325.15000000000003 1.0000000180025095e-35 71.15000000000002 1.0000000180025095e-35 1401.7500000000002 232.35000000000005 120.25000000000001 1.0000000180025095e-35 385.35000000000008 278.85000000000008 439.50000000000006 813.45000000000016 1.0000000180025095e-35 664.45000000000016 103.65000000000002 1.0000000180025095e-35 1.0000000180025095e-35 1.0000000180025095e-35 1.0000000180025095e-35 1162.6500000000003 233.40000000000003 1.0000000180025095e-35 352.18333333333339 221.95000000000002 1241.4000000000003 1118.0500000000002 381.95000000000005 318.15000000000003 309.25000000000006 1.0000000180025095e-35
decision_type=2 2 2 2 2 2 2 2 2 2 2 2 2 2 2 2 2 2 2 2 2 2 2 2 2 2 2 2 2 2 2 2 2 2 2 2 2 2 2 2 2 2 2 2 2 2 2 2 2 2 2 2 2 2 2 2 2 2 2 2 2 2
left_child=7 50 5 4 10 8 24 12 16 47 -4 19 -1 21 28 35 17 34 -19 53 41 -14 33 44 25 45 -27 -22 30 -18 -15 -32 -26 -13 -3 36 37 38 -8 -40 48 -21 51 -28 -6 46 -5 55 -37 61 -2 -43 -36 -12 -24 -9 57 60 59 -59 -39 -11
right_child=1 2 3 6 23 -7 15 9 -10 49 11 22 13 14 -16 -17 29 18 -20 20 27 -23 54 -25 32 26 43 -29 -30 -31 31 -33 -34 -35 52 40 -38 56 39 -41 -42 42 -44 -45 -46 -47 -48 -49 -50 -51 -52 -53 -54 -55 -56 -57 -58 58 -60 -61 -62 -63
leaf_value=-7.9960031083946435 -6.5652661765516092 27.524351332264565 -1.8184620647960239 -8.6709130735108353 -5.2715340240546746 71.987155132293694 9.1625689685344707 -5.0026633623536725 47.613878934811325 0.42205560856144198 4.5359306293415882 0.97336411338961026 -0.13125110667222625 -8.2286938905611375 -7.5055692265852292 41.400107809213495 0.83753415720803392 53.459851343491493 22.959050383567813 4.0682341445737817 40.46819385801043 10.278078426860629 9.4904740505748322 3.5052711362456104 9.761257910454411 8.0585097470704241 16.196799531093866 19.32738706663978 4.5847759425121808 24.434295969917663 -0.08651813361640831 -5.1015623347338312 22.5923730402817 11.92945674602802 -1.4727030878481659 7.2342618185540903 33.929008976248809 -4.3014471871512283 22.216391628438778 47.134790714808872 -6.2946220137856228 15.398783241984356 -0.97082775660923548 34.373876510347642 1.3183803827187113 8.8534141766869734 5.4468377562652108 5.1391172231060187 28.531501183509832 5.8413493643438121 -0.030276157126747191 31.421722473700839 18.234441719055177 18.358859157562257 26.668968200683594 -1.2824540040943926 6.7631562677296735 27.027509021759034 31.291226654052736 1.7046337139038812 14.577724338940213 8.4027355928678773
leaf_weight=1200 1078 31 225 33 947 20 32 748 39 633 173 428 157 285 1421 26 35 34 20 67 28 210 54 162 87 68 43 41 115 21 609 649 81 65 23 23 43 21 22 35 22 83 21 28 145 691 262 73 20 340 126 24 25 27 21 538 55 20 50 21 70 74
leaf_count=1200 1078 31 225 33 947 20 32 748 39 633 173 428 157 285 1421 26 35 34 20 67 28 210 54 162 87 68 43 41 115 21 609 649 81 65 23 23 43 21 22 35 22 83 21 28 145 691 262 73 20 340 126 24 25 27 21 538 55 20 50 21 70 74
internal_value=0.00703374 4.2995 7.0162 5.69089 1.23959 29.8031 12.0669 -3.47223 26.1028 -0.491178 5.84386 7.51443 -5.01601 -3.97828 -5.14678 19.5838 21.664 26.7072 42.1633 11.8326 15.9467 5.82504 3.98688 -3.3757 9.3927 8.41382 15.877 27.9063 -3.12517 9.68632 -3.69979 -2.67377 15.9477 2.41788 16.1423 18.2769 19.8743 18.0205 27.3223 37.5172 9.20825 11.7149 15.7174 23.3652 -4.3965 7.3617 3.86756 -2.98513 17.14 2.74596 -5.88137 18.9927 8.79143 6.40203 14.3005 -3.44631 14.5274 16.8737 23.5265 14.0573 10.221 1.25737
internal_weight=12768 5716 4512 4264 2511 248 1753 7052 228 2406 1257 1032 4646 3446 3079 460 189 133 54 464 264 367 568 1254 1293 1125 139 69 1658 56 1543 1258 168 493 79 434 369 326 89 57 65 195 128 71 1092 986 295 1359 43 1047 1204 107 48 200 75 1286 237 182 91 41 91 707
internal_count=12768 5716 4512 4264 2511 248 1753 7052 228 2406 1257 1032 4646 3446 3079 460 189 133 54 464 264 367 568 1254 1293 1125 139 69 1658 56 1543 1258 168 493 79 434 369 326 89 57 65 195 128 71 1092 986 295 1359 43 1047 1204 107 48 200 75 1286 237 182 91 41 91 707
is_linear=0
shrinkage=0.05


Tree=50
num_leaves=63
num_cat=0
split_feature=35 40 40 40 40 40 35 40 40 40 36 35 35 23 35 25 5 36 35 36 35 40 9 31 34 7 17 9 36 9 33 9 31 32 21 11 25 5 36 37 31 32 33 33 9 31 5 2 7 34 32 32 36 33 40 40 33 35 35 7 2 25
split_gain=8.03138e+07 4.78465e+07 2.31352e+07 5.46788e+07 2.18917e+07 2.06939e+07 1.32207e+07 1.04452e+07 2.43708e+07 9.9501e+06 9.89637e+06 9.69327e+06 8.6538e+06 6.99635e+06 6.82461e+06 5.71098e+06 4.94236e+06 5.47389e+06 4.43662e+06 6.79427e+06 3.8308e+06 3.80452e+06 3.61005e+06 3.43748e+06 3.64629e+06 3.43562e+06 3.34433e+06 3.31932e+06 3.03358e+06 2.9815e+06 2.96723e+06 2.88189e+06 2.86975e+06 2.6858e+06 2.66562e+06 2.65903e+06 2.61334e+06 2.54429e+06 3.04534e+06 2.4143e+06 3.35117e+06 2.90004e+06 2.34237e+06 2.30132e+06 2.2702e+06 2.14975e+06 2.0187e+06 1.99467e+06 1.97874e+06 1.97194e+06 2.16378e+06 3.57872e+06 2.29828e+06 2.67232e+06 1.94612e+06 1.99009e+06 1.91115e+06 1.90094e+06 1.89392e+06 1.83567e+06 1.75137e+06 1.9039e+06
threshold=779.25000000000011 5.5000000000000009 1.0000000180025095e-35 1.5000000000000002 4.5000000000000009 5.5000000000000009 361.85000000000008 1.0000000180025095e-35 1.5000000000000002 4.5000000000000009 349.01666666666671 983.85000000000002 449.15000000000003 1.0000000180025095e-35 392.65000000000003 1.0000000180025095e-35 1.0000000180025095e-35 406.92500000000001 867.15000000000009 315.3250000000001 691.00000000000011 2.5000000000000004 1.0000000180025095e-35 358.75000000000006 281.55000000000007 1.0000000180025095e-35 1.0000000180025095e-35 1.0000000180025095e-35 379.92500000000013 1.0000000180025095e-35 361.30000000000001 1.0000000180025095e-35 456.35000000000008 232.55000000000004 1.0000000180025095e-35 1.0000000180025095e-35 1.0000000180025095e-35 1.0000000180025095e-35 234.04166666666669 4.5000000000000009 221.95000000000002 460.60000000000008 451.40000000000003 276.2000000000001 1.0000000180025095e-35 73.050000000000011 1.0000000180025095e-35 1.0000000180025095e-35 1.0000000180025095e-35 413.85000000000008 436.85000000000008 389.15000000000003 306.96250000000003 363.9500000000001 2.5000000000000004 3.5000000000000004 247.35000000000005 1089.1000000000001 157.65000000000001 1.0000000180025095e-35 1.0000000180025095e-35 1.0000000180025095e-35
decision_type=2 2 2 2 2 2 2 2 2 2 2 2 2 2 2 2 2 2 2 2 2 2 2 2 2 2 2 2 2 2 2 2 2 2 2 2 2 2 2 2 2 2 2 2 2 2 2 2 2 2 2 2 2 2 2 2 2 2 2 2 2 2
left_child=5 2 -2 10 15 7 58 -1 12 14 13 27 45 18 54 25 17 22 -4 33 31 -16 28 24 -17 26 35 37 49 60 -24 36 -25 -20 -18 39 46 -3 -39 41 -41 42 -5 59 47 -9 -8 -23 -14 50 51 52 -13 -54 -10 -56 -43 -55 -7 -22 61 -6
right_child=1 11 3 4 29 6 20 8 9 -11 -12 16 48 -15 21 23 34 -19 19 -21 43 44 30 32 -26 -27 -28 -29 -30 -31 -32 -33 -34 -35 -36 -37 -38 38 -40 40 -42 56 -44 -45 -46 -47 -48 -49 -50 -51 -52 -53 53 57 55 -57 -58 -59 -60 -61 -62 -63
leaf_value=-7.517819315594271 -4.6386399171475183 7.6217336355821121 3.047217759219083 2.2396625953135287 -6.1989741211372227 -5.7335331016361266 0.84389599873234489 -12.483923782001844 -8.869951177089014 -6.7775264470106578 62.374621815151642 10.370467735097764 14.589875159944809 52.456433971405033 -5.0248096370586648 2.3673111310819301 24.763469552993776 42.418614312876826 24.510637588500977 6.0611862783846648 9.7729789063247328 0.83196769226267442 18.608045201688199 35.83625743083465 28.408052544593815 17.132902256446549 -14.109770350456239 21.164794499733873 -2.3329618288123091 4.9961006503039549 39.968861704859243 9.6661543592274626 13.251618437333541 48.012152199591362 44.27765340169271 -1.6665185339843172 9.3233449121143508 1.7658209323883058 24.988194183508554 1.4006064071655275 23.74763088389939 9.5575952169507055 14.831320325894788 -0.70089365164438888 10.519164451880334 3.7612056485125729 8.1184259864000179 9.6598558241980417 31.265239510536198 26.037687540054321 23.037288894027963 -1.992643716600206 34.28482985539096 3.2448813819885256 -1.1946114471615881 -5.8109825649306428 27.169832523663839 25.044791348688307 -1.6220727088184816 22.997019823135872 2.4835173860840176 1.6477259348268096
leaf_weight=1649 739 364 22 230 484 396 1149 22 214 1901 27 94 161 25 216 41 42 23 20 23 171 745 37 39 20 79 20 68 23 109 29 139 22 31 30 79 115 20 48 25 51 43 44 45 78 274 104 70 20 46 61 36 28 20 451 484 24 20 957 31 92 92
leaf_count=1649 739 364 22 230 484 396 1149 22 214 1901 27 94 161 25 216 41 42 23 20 23 171 745 37 39 20 79 20 68 23 109 29 139 22 31 30 79 115 20 48 25 51 43 44 45 78 274 104 70 20 46 61 36 28 20 451 484 24 20 957 31 92 92
internal_value=-0.0739412 6.54776 2.70805 6.01451 3.14275 -2.44991 0.888148 -4.10009 -2.88442 -4.11214 35.0038 15.7918 7.82012 28.8963 -1.86816 9.4434 20.7972 18.7085 22.7608 28.6216 3.75273 0.929794 17.3244 19.2981 10.9053 7.42277 5.93614 10.8965 15.1775 -2.67137 27.9939 2.80672 27.691 38.7959 32.8944 6.74444 2.10975 9.28023 18.1581 8.33788 16.3966 6.5418 4.26168 9.52448 2.3701 2.5538 1.44769 1.59019 16.4325 16.4979 14.8036 12.267 15.4358 22.4378 -4.56872 -3.58426 15.8665 14.1448 -2.82543 11.8024 -3.9225 -4.94568
internal_weight=12762 3370 2381 1642 1494 9392 3107 6285 4636 4159 148 989 477 121 2258 717 489 417 96 74 1754 1109 394 122 61 595 516 500 328 777 66 1507 61 51 72 496 1368 432 68 417 76 341 274 247 893 296 1253 815 181 305 259 198 162 68 1149 935 67 40 1353 202 668 576
internal_count=12762 3370 2381 1642 1494 9392 3107 6285 4636 4159 148 989 477 121 2258 717 489 417 96 74 1754 1109 394 122 61 595 516 500 328 777 66 1507 61 51 72 496 1368 432 68 417 76 341 274 247 893 296 1253 815 181 305 259 198 162 68 1149 935 67 40 1353 202 668 576
is_linear=0
shrinkage=0.05


Tree=51
num_leaves=63
num_cat=0
split_feature=40 33 40 40 40 36 31 9 36 39 11 23 34 40 36 31 37 40 5 2 31 40 31 5 33 36 34 33 34 11 34 39 31 36 2 37 36 34 40 33 31 40 36 36 25 40 33 33 33 7 33 31 6 9 36 34 31 33 31 9 31 36
split_gain=4.55384e+07 5.29515e+07 3.50204e+07 3.70551e+07 1.82943e+07 1.73906e+07 1.66415e+07 1.40458e+07 1.28394e+07 1.04561e+07 8.18124e+06 7.37244e+06 6.47858e+06 5.93606e+06 5.46036e+06 5.26112e+06 5.2089e+06 4.8485e+06 5.21656e+06 4.12484e+06 3.96948e+06 3.96097e+06 3.74852e+06 3.67722e+06 3.6505e+06 3.60392e+06 3.44496e+06 3.24234e+06 3.01271e+06 2.9557e+06 2.95405e+06 2.94774e+06 2.94184e+06 3.05027e+06 3.06748e+06 2.93319e+06 2.8099e+06 2.67362e+06 2.54088e+06 2.50197e+06 2.53914e+06 2.33828e+06 2.27673e+06 2.22993e+06 2.3462e+06 2.17564e+06 2.15018e+06 3.65375e+06 2.13965e+06 2.08723e+06 2.06589e+06 2.06304e+06 2.0506e+06 2.04996e+06 2.02208e+06 1.98479e+06 1.95834e+06 1.94613e+06 2.23616e+06 1.90127e+06 1.89679e+06 1.85647e+06
threshold=1.0000000180025095e-35 1.0000000180025095e-35 1.5000000000000002 5.5000000000000009 4.5000000000000009 345.92500000000007 291.30000000000001 1.0000000180025095e-35 218.3366666666667 1.0000000180025095e-35 1.0000000180025095e-35 1.0000000180025095e-35 381.90000000000003 1.5000000000000002 386.78333333333336 388.75000000000006 1.5000000000000002 1.5000000000000002 1.0000000180025095e-35 1.0000000180025095e-35 195.05000000000004 5.5000000000000009 407.15000000000003 1.0000000180025095e-35 237.55000000000004 252.75000000000003 325.25000000000006 457.15000000000003 181.30000000000004 1.0000000180025095e-35 115.55000000000001 1.0000000180025095e-35 414.05000000000007 339.34166666666675 1.0000000180025095e-35 3.5000000000000004 254.65000000000006 426.50000000000006 1.5000000000000002 230.25000000000003 198.45000000000002 5.5000000000000009 285.21250000000003 479.05000000000007 1.0000000180025095e-35 4.5000000000000009 431.30000000000001 261.4500000000001 391.25000000000006 1.0000000180025095e-35 296.75000000000006 417.75000000000006 1.0000000180025095e-35 1.0000000180025095e-35 246.32500000000005 86.750000000000014 365.45000000000005 233.40000000000003 96.850000000000009 1.0000000180025095e-35 191.45000000000002 283.94500000000005
decision_type=2 2 2 2 2 2 2 2 2 2 2 2 2 2 2 2 2 2 2 2 2 2 2 2 2 2 2 2 2 2 2 2 2 2 2 2 2 2 2 2 2 2 2 2 2 2 2 2 2 2 2 2 2 2 2 2 2 2 2 2 2 2
left_child=31 6 5 4 14 11 16 9 29 17 13 20 15 -11 19 23 -2 61 21 28 50 45 24 26 -22 59 30 32 39 57 -10 53 35 34 54 -17 -32 -6 -27 -4 -41 -40 -38 44 56 -19 47 -25 -26 -42 -3 -9 -14 -1 -34 -31 -15 -5 -59 -18 -43 -8
right_child=1 2 3 8 37 -7 7 51 12 10 -12 -13 52 43 -16 27 25 18 -20 -21 22 -23 -24 46 48 38 -28 -29 -30 55 36 -33 33 -35 -36 -37 42 -39 41 40 49 60 -44 -45 -46 -47 -48 -49 -50 -51 -52 -53 -54 -55 -56 -57 -58 58 -60 -61 -62 -63
leaf_value=-8.2718163148588495 -4.9997701786447717 -7.8453707695007324 -2.3269465829991645 0.77131029152479336 -4.7730208492313313 71.400209058523188 18.766188145478566 9.5515783098946638 7.5389076912581032 27.26704534623358 -3.4452776722843872 41.317727201412886 30.636606010309489 0.62156362999317261 25.096224554379784 18.166202112833659 -3.1693594723078777 -2.5896550095141202 6.1350670787154655 13.45111661715101 15.345063683480928 0.037859600991880238 3.6836826369875952 31.836476863514292 49.374885940551763 17.478531886913157 -8.7304276768977829 36.637796893486609 8.8216164399798114 7.9125458121299745 6.735521053545404 -4.0744657212294744 1.3421569506327311 3.0609772171292988 36.584349470138555 42.202621043812144 37.156272235124014 4.6191863034144944 -1.7793677955865861 -1.6023815525388256 6.2015924041142725 -0.46575169011547762 16.246978486378989 21.780290450220523 10.986175266798886 -7.1592556205863094 34.924061765670778 5.8329961068289622 26.246732654571531 22.267658134128737 14.608471402667817 19.548229140733419 12.862050247192384 -1.7404894576379748 18.70963784765048 27.421678326346662 6.8398505200692403 -2.2263083145898932 12.97158654303778 4.0412473741203847 9.8141880344926271 4.7203596678348863
leaf_weight=1337 2073 20 221 244 870 20 30 113 268 36 223 39 86 215 36 30 1194 560 183 129 33 754 21 22 20 27 26 26 208 32 33 919 21 42 20 22 23 83 226 103 167 74 30 23 174 487 20 35 20 23 21 95 20 132 83 22 308 34 84 99 114 109
leaf_count=1337 2073 20 221 244 870 20 30 113 268 36 223 39 86 215 36 30 1194 560 183 129 33 754 21 22 20 27 26 26 208 32 33 919 21 42 20 22 23 83 226 103 167 74 30 23 174 487 20 35 20 23 21 95 20 132 83 22 308 34 84 99 114 109
internal_value=-0.0702441 1.36275 6.64325 5.33844 0.854859 27.2446 -1.05381 1.53915 12.084 0.695736 4.97055 22.1692 15.7622 7.453 6.02263 14.0201 -3.30825 -1.27555 -1.90801 5.21576 16.6374 -2.72527 22.2998 10.855 27.6551 -1.28604 8.83608 19.9482 3.74435 4.94855 10.1263 -6.29548 17.9577 14.7068 18.6514 28.3355 18.1893 -3.95502 2.61709 1.68973 4.71937 1.64786 25.3208 6.46229 5.95682 -4.71515 20.8187 15.8694 37.8108 8.14643 3.65538 14.1174 27.2829 -7.68493 15.2027 15.8607 4.28358 3.32077 8.59253 -2.61727 5.76783 7.75183
internal_weight=12762 10374 3257 3063 1840 194 7117 3310 1223 3102 979 174 807 756 887 701 3807 2123 1984 851 135 1801 94 457 73 1734 380 244 722 416 354 2388 218 166 124 52 86 953 441 514 293 414 53 720 697 1047 77 57 40 190 41 208 106 1469 104 54 523 362 118 1293 188 139
internal_count=12762 10374 3257 3063 1840 194 7117 3310 1223 3102 979 174 807 756 887 701 3807 2123 1984 851 135 1801 94 457 73 1734 380 244 722 416 354 2388 218 166 124 52 86 953 441 514 293 414 53 720 697 1047 77 57 40 190 41 208 106 1469 104 54 523 362 118 1293 188 139
is_linear=0
shrinkage=0.05


Tree=52
num_leaves=63
num_cat=0
split_feature=40 33 40 40 34 40 33 31 36 32 32 31 31 34 31 31 36 25 32 32 32 31 21 32 5 34 8 40 32 33 36 34 28 36 32 21 33 32 31 31 25 31 5 33 33 36 40 40 32 32 36 33 31 36 25 32 34 34 31 32 36 32
split_gain=4.16179e+07 3.92038e+07 2.05825e+07 5.06039e+07 2.28519e+07 1.97392e+07 1.38993e+07 1.18649e+07 1.12059e+07 1.10933e+07 8.73028e+06 6.79092e+06 6.52919e+06 6.23245e+06 5.92789e+06 5.15249e+06 4.29961e+06 4.25333e+06 3.69684e+06 3.34949e+06 3.29349e+06 3.20943e+06 3.05532e+06 2.95482e+06 2.83718e+06 2.91689e+06 2.78727e+06 2.58173e+06 2.57558e+06 2.5282e+06 2.4404e+06 2.42635e+06 2.64006e+06 2.51654e+06 2.36158e+06 2.50794e+06 2.35745e+06 2.34038e+06 2.28435e+06 3.2119e+06 2.20128e+06 4.5886e+06 2.17575e+06 2.13041e+06 2.87044e+06 2.08027e+06 1.93979e+06 2.00379e+06 1.93899e+06 1.88829e+06 1.94783e+06 2.80786e+06 2.97002e+06 1.86559e+06 1.82461e+06 1.80024e+06 1.72468e+06 1.95303e+06 1.71784e+06 1.62525e+06 1.61339e+06 3.21075e+06
threshold=5.5000000000000009 59.300000000000004 1.0000000180025095e-35 1.5000000000000002 203.50000000000003 4.5000000000000009 163.20000000000002 302.25000000000006 218.3366666666667 198.45000000000002 396.15000000000003 365.45000000000005 417.75000000000006 381.90000000000003 414.05000000000007 388.75000000000006 386.78333333333336 1.0000000180025095e-35 301.65000000000003 336.25000000000006 99.800000000000026 169.75000000000003 1.0000000180025095e-35 378.05000000000007 1.0000000180025095e-35 328.60000000000008 1.0000000180025095e-35 2.5000000000000004 343.35000000000008 123.95000000000002 331.58333333333343 115.55000000000001 1.0000000180025095e-35 254.65000000000006 396.15000000000003 1.0000000180025095e-35 98.950000000000017 371.05000000000007 195.05000000000004 310.95000000000005 1.0000000180025095e-35 362.15000000000003 1.0000000180025095e-35 431.30000000000001 284.85000000000008 331.58333333333343 2.5000000000000004 3.5000000000000004 288.45000000000005 223.45000000000002 342.55000000000007 298.15000000000003 388.75000000000006 101.08333333333334 1.0000000180025095e-35 213.35000000000005 325.25000000000006 201.80000000000004 448.05000000000007 387.35000000000008 350.67500000000001 475.15000000000003
decision_type=2 2 2 2 2 2 2 2 2 2 2 2 2 2 2 2 2 2 2 2 2 2 2 2 2 2 2 2 2 2 2 2 2 2 2 2 2 2 2 2 2 2 2 2 2 2 2 2 2 2 2 2 2 2 2 2 2 2 2 2 2 2
left_child=2 10 54 4 9 6 12 -6 19 21 11 53 18 15 36 24 27 42 46 -3 -13 -4 29 -21 25 31 60 -8 -14 -17 -31 -10 33 -33 35 55 -11 48 -38 -40 49 -42 59 44 -26 -19 -5 -48 -32 56 51 -51 -53 -2 -1 -15 57 -29 -22 -7 -12 -62
right_child=1 8 3 5 7 17 16 -9 13 14 26 20 28 34 -16 22 -18 45 -20 23 58 -23 -24 -25 43 -27 -28 40 -30 30 37 32 -34 -35 -36 -37 38 -39 39 -41 41 -43 -44 -45 -46 -47 47 -49 -50 50 -52 52 -54 -55 -56 -57 -58 -59 -60 -61 61 -63
leaf_value=-6.4198699231043124 -5.4528565533650237 2.6668094650258003 -3.3614744859799917 -7.1326314499328198 21.478455880710058 -6.7563561217870065 -1.3892181043722192 68.384958318563619 7.2072384992936511 11.078541361683548 7.4153571386043344 1.8982231980366617 2.8418791984292593 23.697615790963173 41.31487986246745 32.058536109924319 23.841413132349651 -1.2527525316680903 2.2708058027120734 25.010799407958984 5.4633450727713742 7.5291128018646383 27.498804635573659 4.8749087685032899 29.105098724365234 -9.5795911947886161 -4.9774012565612793 1.7504030285562788 13.537485775840816 6.5462390682227181 16.582668228149412 9.100949142529414 0.74926806926727307 28.805897016303483 37.589499629627575 31.870073968172075 11.615861780302865 8.9355863505396353 44.145249521164672 17.620566818237304 6.5233279406014137 30.540302654902138 -0.93899139163093048 33.177859014868737 5.2332291883580826 9.9895894720869265 -0.46177312516924096 -4.4980244393177129 38.599629750251772 5.3453043164377627 -0.57068354565164314 12.324949736193004 32.987964105606082 -0.96900669690221553 -1.6311383104793831 2.4830010986328128 -9.1610269137791231 15.808431525627775 14.437984161698417 -2.8329222271839782 10.305748794739506 29.391666285196944
leaf_weight=2169 273 322 89 286 28 1921 98 26 266 99 146 579 352 20 27 20 36 184 351 35 133 282 78 38 20 21 31 140 67 71 20 26 20 43 33 32 28 29 21 25 59 30 214 20 34 53 591 641 20 115 46 83 22 1544 219 20 28 30 89 306 83 30
leaf_count=2169 273 322 89 286 28 1921 98 26 266 99 146 579 352 20 27 20 36 184 351 35 133 282 78 38 20 21 31 140 67 71 20 26 20 43 33 32 28 29 21 25 59 30 214 20 34 53 591 641 20 115 46 83 22 1544 219 20 28 30 89 306 83 30
internal_value=-0.0667319 4.08644 -2.02974 -0.526884 12.9736 -2.01951 0.783708 44.0631 11.7396 10.0335 0.959894 0.0480904 -1.08902 15.1669 19.5254 13.4352 7.02067 -5.13362 -2.35368 4.85908 3.88349 4.91655 19.385 14.5291 10.2885 8.52717 9.19128 6.09049 4.55216 15.4296 13.054 9.59828 16.7445 21.3808 26.5134 21.4369 16.1248 19.7504 22.8758 29.7297 7.416 14.6189 -5.75452 19.2377 14.0747 1.26136 -3.42297 -2.5618 27.5911 6.03441 8.78633 10.7428 16.6543 -1.64269 -5.9807 13.0903 2.33738 4.23123 9.06129 -6.21726 10.8871 15.3728
internal_weight=12762 4096 8666 6278 625 5653 2975 54 1188 571 2908 2618 2288 793 200 688 687 2678 1869 395 801 371 238 73 450 376 290 651 419 160 140 355 89 69 105 72 173 69 74 46 553 89 2441 74 54 237 1518 1232 40 464 266 220 105 1817 2388 40 198 170 222 2227 259 113
internal_count=12762 4096 8666 6278 625 5653 2975 54 1188 571 2908 2618 2288 793 200 688 687 2678 1869 395 801 371 238 73 450 376 290 651 419 160 140 355 89 69 105 72 173 69 74 46 553 89 2441 74 54 237 1518 1232 40 464 266 220 105 1817 2388 40 198 170 222 2227 259 113
is_linear=0
shrinkage=0.05


Tree=53
num_leaves=63
num_cat=0
split_feature=35 38 35 35 35 39 31 31 31 5 5 5 28 36 35 33 36 39 24 10 6 36 35 2 31 31 31 36 5 25 2 31 31 18 23 13 32 36 36 36 7 23 32 31 25 32 33 33 33 31 36 31 33 35 25 38 33 5 18 32 31 33
split_gain=6.14315e+07 1.58184e+07 1.54906e+07 1.12053e+07 9.99332e+06 5.85256e+06 5.82285e+06 9.83263e+06 3.7961e+06 3.40249e+06 3.22267e+06 2.96281e+06 3.46342e+06 2.94432e+06 2.91573e+06 3.6465e+06 2.87968e+06 2.56128e+06 2.53639e+06 2.66854e+06 2.48712e+06 2.38696e+06 2.56661e+06 2.32676e+06 2.61839e+06 2.96158e+06 1.9292e+06 1.77691e+06 1.72473e+06 2.64169e+06 2.1716e+06 1.67082e+06 1.65537e+06 1.64344e+06 1.62366e+06 1.9621e+06 1.63002e+06 1.726e+06 2.77095e+06 1.87866e+06 1.62275e+06 2.55966e+06 1.5923e+06 2.94067e+06 2.01439e+06 1.94925e+06 2.66075e+06 3.05386e+06 3.87425e+06 2.95924e+06 2.20191e+06 2.01354e+06 1.87741e+06 1.86696e+06 2.49968e+06 1.54458e+06 1.4103e+06 1.3545e+06 1.35224e+06 1.54013e+06 2.08451e+06 1.29908e+06
threshold=779.25000000000011 1.0000000180025095e-35 361.85000000000008 1291.7500000000002 1522.8500000000001 1.0000000180025095e-35 466.05000000000007 437.35000000000008 143.65000000000001 1.0000000180025095e-35 1.0000000180025095e-35 1.0000000180025095e-35 1.0000000180025095e-35 456.12500000000006 856.40000000000009 103.30000000000003 375.67500000000001 1.0000000180025095e-35 1.0000000180025095e-35 1.0000000180025095e-35 1.0000000180025095e-35 308.02500000000003 1401.7500000000002 1.0000000180025095e-35 118.05000000000001 457.95000000000005 363.75000000000006 308.02500000000003 1.0000000180025095e-35 1.0000000180025095e-35 1.0000000180025095e-35 422.95000000000005 150.75000000000003 1.0000000180025095e-35 1.0000000180025095e-35 1.0000000180025095e-35 379.75000000000006 271.56250000000006 290.52500000000003 212.8666666666667 1.0000000180025095e-35 1.0000000180025095e-35 300.05000000000007 282.65000000000003 1.0000000180025095e-35 319.55000000000007 376.35000000000008 288.30000000000007 315.85000000000008 232.35000000000005 336.08750000000003 385.35000000000008 258.85000000000008 1099.0500000000002 1.0000000180025095e-35 1.0000000180025095e-35 336.15000000000003 1.0000000180025095e-35 1.0000000180025095e-35 262.55000000000007 431.55000000000007 175.00000000000003
decision_type=2 2 2 2 2 2 2 2 2 2 2 2 2 2 2 2 2 2 2 2 2 2 2 2 2 2 2 2 2 2 2 2 2 2 2 2 2 2 2 2 2 2 2 2 2 2 2 2 2 2 2 2 2 2 2 2 2 2 2 2 2 2
left_child=2 3 8 11 10 9 7 20 -1 55 -3 12 23 28 -13 -16 18 57 19 -14 21 22 -5 34 -25 56 -11 -12 29 30 40 -18 -17 -23 42 36 37 39 -39 -36 41 -7 43 44 -2 51 47 52 -49 -50 -48 -44 53 54 -47 -4 61 -10 59 60 -45 -26
right_child=1 4 5 6 -6 13 -8 -9 17 26 27 14 16 -15 15 32 31 -19 -20 -21 -22 33 -24 24 25 -27 -28 -29 -30 -31 -32 -33 -34 -35 35 -37 -38 38 -40 -41 -42 -43 45 58 -46 46 50 48 49 -51 -52 -53 -54 -55 -56 -57 -58 -59 -60 -61 -62 -63
leaf_value=-6.5089646649078325 -7.370243858538176 -1.7409274092840428 -1.7086127811256935 18.255194723221564 25.670073363104382 -6.1755449803552223 3.2753306168597192 44.750602103642059 -4.5517664477078013 -0.031507210286787761 4.4360043331428818 2.2853721032271515 3.7717406980494128 10.09076175371019 30.591027048655917 2.0890629777541529 3.0840833337410638 -0.63759219492319286 -11.214252513768722 -10.924587885109155 4.5563144200726562 17.997391007023474 40.585547300360417 27.157513875546666 9.3578317314386368 23.665673696994784 7.7776008089253708 21.882417025566102 6.7624080818146473 4.404146668899573 3.2421396570017111 22.142456728479139 13.457137799487768 4.1802336164883211 5.1496230345505936 20.182091981011467 1.0827765107154848 -10.684715368747712 12.308080597927697 21.899832905924068 1.2796113387608405 0.14868633539627438 22.986510428260356 5.3149344990253446 9.1211492414059858 2.9608374001920645 -8.3856756546667643 31.16877164134273 19.962539061903954 -0.80135274771097542 6.9739744210243231 3.2948325293404714 -9.7661983647942563 17.311071170460092 14.703327457661983 -4.8763689523180505 12.765099277347327 0.39671309930366161 -2.6016194354920161 -1.5669419313088442 17.580279994910619 -0.5322210926940476
leaf_weight=1425 95 825 2408 31 37 303 64 35 1923 193 54 74 187 101 28 39 23 669 49 37 38 93 22 23 64 32 134 20 136 418 354 23 179 28 26 37 64 20 38 47 382 339 34 100 23 282 56 27 32 37 40 21 20 33 54 458 76 149 42 39 53 69
leaf_count=1425 95 825 2408 31 37 303 64 35 1923 193 54 74 187 101 28 39 23 669 49 37 38 93 22 23 64 32 134 20 136 418 354 23 179 28 26 37 64 20 38 47 382 339 34 100 23 282 56 27 32 37 40 21 20 33 54 458 76 149 42 39 53 69
internal_value=-0.0633953 5.72783 -2.14138 7.85212 0.203761 -0.328371 16.7158 20.1984 -4.41569 -1.66351 -0.844352 6.55366 5.76676 1.76858 10.9874 13.6051 1.04018 -3.32743 -0.909863 1.34422 16.145 18.6758 27.5244 6.78278 11.0388 9.50053 3.16856 9.15125 1.33352 0.922426 -0.133713 12.6133 11.4234 14.8 5.8618 9.62599 7.62304 10.8183 4.37953 15.934 -1.30076 -2.83611 4.9779 2.27978 -4.15582 6.47119 5.61953 7.12492 15.1115 8.82828 -1.98582 15.4679 5.15393 5.9626 4.84802 -2.21483 7.3317 -4.19592 5.52508 7.3028 9.56371 4.2269
internal_weight=12762 3370 9392 2434 936 5226 311 247 4166 3193 899 2123 1803 2033 320 246 319 2741 273 224 212 174 53 1484 264 241 327 74 1932 1796 1378 46 218 121 1220 232 195 131 58 73 1024 642 988 352 118 636 581 485 96 69 96 55 389 369 336 2866 209 2072 234 192 153 133
internal_count=12762 3370 9392 2434 936 5226 311 247 4166 3193 899 2123 1803 2033 320 246 319 2741 273 224 212 174 53 1484 264 241 327 74 1932 1796 1378 46 218 121 1220 232 195 131 58 73 1024 642 988 352 118 636 581 485 96 69 96 55 389 369 336 2866 209 2072 234 192 153 133
is_linear=0
shrinkage=0.05


Tree=54
num_leaves=63
num_cat=0
split_feature=35 38 35 35 35 39 8 11 36 31 31 31 34 39 34 39 21 36 35 36 11 31 31 36 34 10 32 32 18 31 31 32 35 28 38 31 11 39 28 35 31 31 22 34 35 35 28 11 35 25 32 31 37 31 31 32 35 31 36 36 36 35
split_gain=5.54419e+07 1.42761e+07 1.40579e+07 1.02016e+07 9.01898e+06 4.55109e+06 4.39657e+06 4.24444e+06 4.21444e+06 3.80867e+06 3.29276e+06 4.94429e+06 9.15628e+06 3.09555e+06 3.00879e+06 2.72631e+06 2.5501e+06 5.75235e+06 3.36958e+06 2.81866e+06 2.42398e+06 2.41362e+06 3.36981e+06 2.50847e+06 2.66083e+06 2.4196e+06 2.39126e+06 2.67043e+06 2.06651e+06 2.49186e+06 3.05558e+06 1.96066e+06 2.28236e+06 1.95571e+06 1.89694e+06 1.86019e+06 1.82646e+06 2.795e+06 2.11269e+06 3.48564e+06 1.81808e+06 2.00844e+06 1.75274e+06 1.71964e+06 1.65143e+06 1.57237e+06 2.41448e+06 1.56935e+06 1.95159e+06 1.56036e+06 1.89613e+06 1.63593e+06 1.8797e+06 1.6362e+06 1.56033e+06 1.53297e+06 1.50298e+06 1.39865e+06 1.38957e+06 1.28419e+06 2.75681e+06 1.24776e+06
threshold=779.25000000000011 1.0000000180025095e-35 388.85000000000008 1211.5500000000002 1522.8500000000001 1.0000000180025095e-35 1.0000000180025095e-35 1.0000000180025095e-35 230.82500000000005 156.25000000000003 466.05000000000007 437.35000000000008 287.05000000000007 1.0000000180025095e-35 482.50000000000006 1.0000000180025095e-35 1.0000000180025095e-35 310.41666666666674 1401.7500000000002 250.32500000000002 1.0000000180025095e-35 107.15000000000002 223.55000000000004 231.85000000000005 309.05000000000001 1.0000000180025095e-35 473.65000000000003 442.25000000000006 1.0000000180025095e-35 385.35000000000008 319.95000000000005 180.15000000000001 912.95000000000016 1.0000000180025095e-35 1.0000000180025095e-35 360.35000000000008 1.0000000180025095e-35 1.0000000180025095e-35 1.0000000180025095e-35 1140.5000000000002 243.95000000000002 256.05000000000007 1.0000000180025095e-35 409.75000000000006 1045.6000000000001 856.40000000000009 1.0000000180025095e-35 1.0000000180025095e-35 1377.7500000000002 1.0000000180025095e-35 445.35000000000008 271.85000000000008 4.5000000000000009 307.45000000000005 456.35000000000008 469.55000000000007 1089.1000000000001 234.35000000000005 178.41250000000005 324.15000000000009 283.94500000000005 819.1500000000002
decision_type=2 2 2 2 2 2 2 2 2 2 2 2 2 2 2 2 2 2 2 2 2 2 2 2 2 2 2 2 2 2 2 2 2 2 2 2 2 2 2 2 2 2 2 2 2 2 2 2 2 2 2 2 2 2 2 2 2 2 2 2 2 2
left_child=2 3 9 6 36 34 13 8 -7 -1 11 14 -13 31 16 -11 26 18 19 -18 -17 23 33 -15 -25 40 27 28 29 30 -5 32 -2 44 57 -27 37 -3 39 -39 -24 -42 43 -41 -23 -8 -47 48 -12 51 56 -43 53 -53 -10 -55 59 -4 -9 60 -51 -33
right_child=1 4 5 10 -6 7 45 58 54 15 47 12 -14 21 -16 20 17 -19 -20 -21 -22 22 25 24 -26 35 -28 -29 -30 -31 -32 61 -34 -35 -36 -37 -38 38 -40 42 41 49 -44 -45 -46 46 -48 -49 -50 50 -52 52 -54 55 -56 -57 -58 -59 -60 -61 -62 -63
leaf_value=-5.8967822302831898 -11.419232782503455 -2.2360091707116059 -2.9263289044246181 18.410209846496581 24.386569734521814 -0.24462706200853998 -5.9830049671538887 3.766346695112146 4.2416666629894229 -3.7893147005661145 15.522754340948062 13.516265464530273 54.913631456548515 6.067764860210997 -2.6152373533982498 1.3259973293980034 27.830672893524174 -5.0084324185238334 32.738559225082398 6.0631341276497679 -5.5076227949921197 2.3321049187494363 22.221130341291428 14.411176343361539 37.955572853088384 -6.5792103340751247 35.682153058052066 3.9906803639729818 8.909724765353733 11.818537735700609 42.015675626129941 10.842946317650025 4.889228715896607 -6.8400021362304688 -4.2817908471418642 8.0969654388427728 -7.7763824260936065 1.1171163885198403 -8.8991797134794037 4.3112605030337967 -4.8383137421174487 22.2565412347967 25.969464479173936 21.761734671592713 14.227499049418682 4.3513734319563691 -10.396935643255711 -6.573205438114349 -2.044931164741516 11.75144780747434 27.765688189864161 -5.2124674491882326 18.682473593491775 6.9338291118803781 9.7774233434107405 18.280217360727715 1.7158062751476582 -0.12814705861677039 -4.0083218449899967 6.9757979537501491 32.301865158081057 4.2080510123478652
leaf_weight=1684 41 527 592 26 37 592 73 69 734 2205 43 34 22 33 26 559 20 43 25 58 169 138 32 30 20 38 20 30 27 25 29 84 45 45 472 50 85 169 29 48 22 22 21 20 37 209 32 21 25 47 24 25 39 304 154 33 26 1818 344 33 25 453
leaf_count=1684 41 527 592 26 37 592 73 69 734 2205 43 34 22 33 26 559 20 43 25 58 169 138 32 30 20 38 20 30 27 25 29 84 45 45 472 50 85 169 29 48 22 22 21 20 37 209 32 21 25 47 24 25 39 304 154 33 26 1818 344 33 25 453
internal_value=-0.0602256 5.44144 -2.03431 7.45951 0.193573 -0.132159 5.86765 1.77248 3.02317 -4.00155 14.0419 16.0456 29.7795 6.90195 13.7079 -2.9134 15.1085 10.3519 16.7645 11.6446 -0.260379 8.59407 7.8724 16.7673 23.8289 9.52723 19.5319 17.1742 20.8705 24.9073 30.8567 4.12341 -2.88574 2.45658 -1.38319 1.75953 -0.802135 -0.0738654 3.89634 5.3346 10.6088 9.98948 13.3431 9.44375 4.84713 0.445783 2.39309 5.37436 9.06405 10.5539 14.8455 8.98128 8.25296 7.12934 5.2017 8.0449 12.4785 -0.815501 -2.70941 15.1435 18.887 5.24591
internal_weight=12762 3370 9392 2434 936 4775 1960 1893 1480 4617 474 385 56 1646 329 2933 303 146 103 78 728 1023 940 83 50 720 157 137 107 80 55 623 86 220 2882 88 899 814 287 258 632 600 89 68 175 314 241 89 68 578 155 423 401 362 888 337 131 2410 413 105 72 537
internal_count=12762 3370 9392 2434 936 4775 1960 1893 1480 4617 474 385 56 1646 329 2933 303 146 103 78 728 1023 940 83 50 720 157 137 107 80 55 623 86 220 2882 88 899 814 287 258 632 600 89 68 175 314 241 89 68 578 155 423 401 362 888 337 131 2410 413 105 72 537
is_linear=0
shrinkage=0.05


Tree=55
num_leaves=63
num_cat=0
split_feature=35 35 35 38 9 39 11 36 9 36 36 39 24 31 31 9 36 31 7 39 8 31 8 33 34 11 7 36 36 31 31 31 31 23 35 32 31 35 36 32 32 32 32 35 31 32 31 34 32 31 33 34 38 34 36 32 32 34 35 9 31 31
split_gain=5.43436e+07 1.31507e+07 1.14978e+07 9.85903e+06 8.08921e+06 5.98749e+06 5.86269e+06 5.17815e+06 4.86888e+06 4.69845e+06 4.30663e+06 3.80217e+06 3.49342e+06 3.37744e+06 2.87098e+06 2.85243e+06 2.73952e+06 2.69701e+06 2.60476e+06 2.58753e+06 2.48457e+06 2.32242e+06 2.75842e+06 2.3045e+06 2.28907e+06 1.92786e+06 1.89883e+06 1.60569e+06 2.60161e+06 2.84583e+06 2.66207e+06 2.40265e+06 2.46951e+06 3.7887e+06 4.77795e+06 3.39709e+06 2.30337e+06 2.30872e+06 2.12943e+06 1.79714e+06 1.61537e+06 2.11177e+06 1.57392e+06 2.34559e+06 1.92196e+06 1.55693e+06 1.53739e+06 1.51451e+06 1.62254e+06 1.5125e+06 1.46575e+06 1.7469e+06 1.44255e+06 1.43482e+06 1.53735e+06 1.90194e+06 2.39645e+06 1.7042e+06 1.30367e+06 1.27837e+06 1.27174e+06 2.85578e+06
threshold=807.70000000000016 359.15000000000009 1401.7500000000002 1.0000000180025095e-35 1.0000000180025095e-35 1.0000000180025095e-35 1.0000000180025095e-35 415.47500000000008 1.0000000180025095e-35 311.75833333333338 233.04166666666671 1.0000000180025095e-35 1.0000000180025095e-35 479.05000000000007 130.75000000000003 1.0000000180025095e-35 404.10000000000008 453.05000000000007 1.0000000180025095e-35 1.0000000180025095e-35 1.0000000180025095e-35 223.55000000000004 1.0000000180025095e-35 479.15000000000003 416.00000000000006 1.0000000180025095e-35 1.0000000180025095e-35 249.31250000000003 291.72500000000008 387.25000000000006 416.15000000000003 464.35000000000008 446.75000000000006 1.0000000180025095e-35 1000.2500000000001 403.85000000000008 326.95000000000005 1000.2500000000001 241.60000000000005 356.95000000000005 405.75000000000006 196.15000000000001 354.00000000000006 1089.1000000000001 360.35000000000008 394.45000000000005 270.15000000000003 233.65000000000001 178.55000000000004 289.35000000000008 180.40000000000003 249.75000000000003 1.0000000180025095e-35 381.90000000000003 200.57500000000002 491.15000000000003 478.45000000000005 1.0000000180025095e-35 478.95000000000005 1.0000000180025095e-35 316.15000000000003 247.35000000000005
decision_type=2 2 2 2 2 2 2 2 2 2 2 2 2 2 2 2 2 2 2 2 2 2 2 2 2 2 2 2 2 2 2 2 2 2 2 2 2 2 2 2 2 2 2 2 2 2 2 2 2 2 2 2 2 2 2 2 2 2 2 2 2 2
left_child=1 14 3 8 5 52 10 12 11 -6 -7 53 13 17 -1 19 18 20 42 -16 59 22 23 50 -14 -21 -5 38 29 46 -31 32 33 36 -35 -34 37 -30 -23 -36 41 -33 47 -44 -45 -24 -29 -10 -49 -12 -13 -52 58 54 -2 56 57 60 -3 -4 61 -56
right_child=2 4 7 26 9 6 -8 -9 16 -11 49 21 24 -15 15 -17 -18 -19 -20 25 -22 27 45 -25 -26 -27 -28 28 31 30 -32 40 35 34 39 -37 -38 -39 -40 -41 -42 -43 43 44 -46 -47 -48 48 -50 -51 51 -53 -54 -55 55 -57 -58 -59 -60 -61 -62 -63
leaf_value=-6.1012661366415148 13.055128261021204 -3.0124768391590226 16.223809526064624 -0.70926869054711472 2.4845138336583408 -0.65795780490656375 -3.6484963547523224 39.977977925255189 9.3259681885785408 12.88260468117096 1.8375708913803104 -5.3801894426345829 14.461598575115204 -2.0416945075988773 -4.3850424279478899 4.0648299227769558 25.2151838520595 33.243836867014572 22.794235508065476 0.6079743019887025 30.900470715761188 10.583837541739147 -13.466346118305669 18.998548030031142 -8.0381271398984477 -5.7864363080576844 7.4116876198351385 7.7739669708105241 2.9478373787619851 25.076733477910363 3.6638084624675997 -4.2494291554998469 9.0142542008597122 37.234496166229249 20.417477409656232 34.828046161651613 3.554404996273786 23.988839332759383 26.08362146157485 2.3142039890947017 -5.2105875316419104 12.774367911900793 6.4406142821678749 12.442029745919363 30.388797488579385 4.2131767129898074 -6.2001434304096081 7.5186821103096015 -8.9258744353055963 6.0425046223702399 2.2219907312447789 11.832117321684555 -4.7683321841475035 10.73120178117397 4.9606080020620276 15.782132516588485 -11.826758989691735 -4.4495627064897558 -0.69476620821943214 2.9217790603637699 4.7777245255445271 -11.648758197385213
leaf_weight=1178 28 1188 73 718 343 610 483 21 101 159 315 35 20 20 2087 130 35 30 38 525 24 150 33 29 26 152 80 26 22 21 47 27 26 25 26 25 169 32 26 29 38 56 65 35 26 20 81 30 30 666 131 74 504 47 65 21 37 99 1240 24 267 43
leaf_count=1178 28 1188 73 718 343 610 483 21 101 159 315 35 20 20 2087 130 35 30 38 525 24 150 33 29 26 152 80 26 22 21 47 27 26 25 26 25 169 32 26 29 38 56 65 35 26 20 81 30 30 666 131 74 504 47 65 21 37 99 1240 24 267 43
internal_value=0.00771133 -1.86579 5.70373 4.84041 -0.272964 -0.879746 1.17626 16.2703 6.62716 5.77793 2.64097 5.54063 13.976 17.2664 -4.02033 -3.17329 11.924 19.8238 10.4926 -3.51372 16.4965 7.2329 3.631 5.68516 1.74436 -0.827698 0.104862 8.63703 7.48991 2.27841 10.2766 9.40993 11.489 9.77564 19.1104 21.6681 6.42686 15.4166 12.8736 10.8721 3.3275 7.23651 8.86386 13.0494 20.0915 -6.79483 -2.80457 5.58824 -0.703596 4.6923 4.07646 5.69101 -2.3341 2.34009 1.63583 1.03482 0.428764 1.38542 -1.8288 12.9326 2.92585 -1.65238
internal_weight=12731 9580 3151 2913 5508 5006 2074 238 2115 502 1591 1755 217 171 4072 2894 360 151 325 2764 121 1148 322 269 46 677 798 826 650 175 68 475 354 303 80 51 223 54 176 55 121 83 287 126 61 53 107 161 60 981 240 205 2932 607 560 532 511 474 2428 97 375 108
internal_count=12731 9580 3151 2913 5508 5006 2074 238 2115 502 1591 1755 217 171 4072 2894 360 151 325 2764 121 1148 322 269 46 677 798 826 650 175 68 475 354 303 80 51 223 54 176 55 121 83 287 126 61 53 107 161 60 981 240 205 2932 607 560 532 511 474 2428 97 375 108
is_linear=0
shrinkage=0.05


Tree=56
num_leaves=63
num_cat=0
split_feature=35 40 40 40 40 40 35 40 40 35 40 35 35 40 35 33 2 7 25 34 24 34 36 36 32 32 31 31 40 35 34 36 36 31 35 25 40 40 31 32 35 14 31 35 23 32 35 35 35 33 36 35 33 31 33 32 36 25 36 36 31 37
split_gain=4.90451e+07 3.07243e+07 1.74158e+07 1.3133e+07 3.80587e+07 1.28471e+07 1.07836e+07 7.58622e+06 1.60912e+07 7.50867e+06 7.36486e+06 6.04486e+06 4.58828e+06 4.15994e+06 4.06357e+06 3.88526e+06 3.83581e+06 3.02431e+06 2.91719e+06 2.76707e+06 4.18495e+06 2.68861e+06 2.67934e+06 4.93991e+06 2.45056e+06 4.62146e+06 2.29709e+06 2.27619e+06 2.14034e+06 2.03629e+06 1.98468e+06 1.83796e+06 2.23164e+06 2.07512e+06 1.75167e+06 1.67463e+06 1.6153e+06 1.60983e+06 1.59015e+06 2.35931e+06 2.17488e+06 1.56192e+06 1.61265e+06 2.82866e+06 2.43209e+06 3.61476e+06 2.5303e+06 2.26907e+06 2.50326e+06 2.17962e+06 1.67451e+06 2.10368e+06 2.5798e+06 1.54671e+06 1.53501e+06 1.46926e+06 1.43805e+06 1.65337e+06 1.42477e+06 1.38571e+06 1.37608e+06 1.36553e+06
threshold=807.70000000000016 5.5000000000000009 5.5000000000000009 1.0000000180025095e-35 1.5000000000000002 4.5000000000000009 461.05000000000007 1.0000000180025095e-35 1.5000000000000002 1152.0500000000002 4.5000000000000009 1211.5500000000002 449.15000000000003 2.5000000000000004 509.85000000000008 419.85000000000008 1.0000000180025095e-35 1.0000000180025095e-35 1.0000000180025095e-35 436.30000000000001 1.0000000180025095e-35 281.55000000000007 356.22500000000008 318.41250000000008 324.55000000000007 390.85000000000008 293.05000000000007 362.15000000000003 3.5000000000000004 287.35000000000008 222.35000000000005 201.8333333333334 238.35416666666671 477.45000000000005 837.70000000000016 1.0000000180025095e-35 2.5000000000000004 3.5000000000000004 422.95000000000005 360.55000000000007 579.05000000000007 1.0000000180025095e-35 388.75000000000006 1140.5000000000002 1.0000000180025095e-35 333.85000000000008 1107.4500000000003 1118.0500000000002 1026.7 200.05000000000004 342.55000000000007 1018.5500000000001 134.50000000000003 453.05000000000007 352.55000000000007 196.15000000000001 254.65000000000006 1.0000000180025095e-35 324.15000000000009 449.30000000000001 109.05000000000001 4.5000000000000009
decision_type=2 2 2 2 2 2 2 2 2 2 2 2 2 2 2 2 2 2 2 2 2 2 2 2 2 2 2 2 2 2 2 2 2 2 2 2 2 2 2 2 2 2 2 2 2 2 2 2 2 2 2 2 2 2 2 2 2 2 2 2 2 2
left_child=2 3 7 -2 9 17 29 -1 12 15 13 34 -9 -10 28 24 19 18 36 20 22 27 23 30 -5 -26 -19 -20 60 -4 -13 -14 -33 38 -3 -8 -6 -16 39 40 -34 42 43 44 46 -46 50 48 49 59 51 52 -36 -29 -53 -51 -12 -58 -28 -44 -15 -38
right_child=1 11 6 4 5 -7 35 8 10 -11 56 16 31 14 37 -17 -18 26 21 -21 -22 -23 -24 -25 25 -27 58 53 -30 -31 -32 32 33 -35 41 -37 61 -39 -40 -41 -42 -43 47 -45 45 -47 -48 -49 -50 55 -52 54 -54 -55 -56 -57 57 -59 -60 -61 -62 -63
leaf_value=-6.1580573872431641 -3.4646730261422718 3.8241512793999215 -2.6308564381483714 37.912361492830165 -2.3294099979400635 -2.1621785764651582 4.3704012728595911 2.5166956312219866 -5.7137961334038172 49.142972162607556 -6.6713579030101231 11.47772539138794 3.2487603908631861 -4.6351356392232779 6.4082062436337299 3.0788070726394654 35.789066254752022 6.9345991969108587 -1.0005020994128604 29.86182414425744 -5.6816465204412294 27.245037601612236 31.558615044185093 -1.6631176799535752 2.0732636260986328 33.784391473840785 15.365624087197441 25.722150889309972 -3.7485841673066518 0.58503266370114015 31.951559740921546 29.905593698674984 16.562985146563985 0.91894685276623445 -9.8734161104474758 10.763029365201968 4.4157247566028479 0.93262895218806696 26.737761541513294 25.304021528492804 -5.1809643952742874 25.558089389801026 7.5220582881605766 -1.7447507839202883 6.9624380361466187 35.654542441990067 25.635527608611369 25.778988252188032 -0.13567723758292921 16.231050201364464 -4.3257820739746098 24.389380233428056 8.7592933368238608 6.7512803940545956 8.0685639572143568 32.115704013903937 -4.5685274050672646 3.7319115352630621 32.160789639016855 20.750046631006096 1.3540182087556425 12.621619406044484
leaf_weight=1682 694 77 989 34 75 741 1097 284 434 37 1103 20 41 117 241 20 35 40 33 36 22 27 28 32 20 27 28 22 674 980 29 22 23 29 21 113 327 303 26 23 23 20 83 50 21 23 22 38 33 37 25 34 161 21 25 24 779 65 23 26 532 60
leaf_count=1682 694 77 989 34 75 741 1097 284 434 37 1103 20 41 117 241 20 35 40 33 36 22 27 28 32 20 27 28 22 674 980 29 22 23 29 21 113 327 303 26 23 23 20 83 50 21 23 22 38 33 37 25 34 161 21 25 24 779 65 23 26 532 60
internal_value=0.00732575 5.41854 -1.7725 2.24315 4.82376 2.34928 1.25258 -3.27488 -2.24723 29.8734 -3.21943 13.0953 6.52118 -1.30436 -0.279354 22.8143 20.7387 7.4453 6.08283 17.5844 14.2105 13.6919 18.2254 13.6164 27.6872 20.2903 15.9046 8.87694 -1.77515 -1.03026 23.5949 12.6028 15.2297 12.6259 10.9509 4.9674 4.38644 3.35839 16.1996 12.2287 5.69101 11.8043 11.3628 9.34221 11.0119 21.9606 9.33922 14.5655 12.4664 14.9127 7.9914 9.26912 6.60937 16.4573 17.4738 22.4808 -5.4827 -3.92928 22.9399 10.6774 0.274309 5.68796
internal_weight=12731 3151 9580 2229 1535 1397 3179 6401 4719 138 4248 922 471 2301 1867 101 202 656 565 167 131 103 109 81 81 47 91 76 1323 1969 49 187 146 124 720 1210 462 544 95 69 46 643 623 382 332 44 288 241 203 170 266 241 182 43 59 61 1947 844 51 109 649 387
internal_count=12731 3151 9580 2229 1535 1397 3179 6401 4719 138 4248 922 471 2301 1867 101 202 656 565 167 131 103 109 81 81 47 91 76 1323 1969 49 187 146 124 720 1210 462 544 95 69 46 643 623 382 332 44 288 241 203 170 266 241 182 43 59 61 1947 844 51 109 649 387
is_linear=0
shrinkage=0.05


Tree=57
num_leaves=63
num_cat=0
split_feature=35 40 40 40 40 40 35 9 31 34 40 40 35 40 36 40 12 35 35 10 31 31 7 35 5 9 31 32 32 9 9 40 35 12 35 32 40 13 35 36 32 35 35 37 31 31 34 35 36 31 34 34 36 31 31 35 31 35 40 36 9 36
split_gain=4.42632e+07 2.77287e+07 1.57178e+07 1.18525e+07 3.4348e+07 1.15945e+07 9.73221e+06 7.55379e+06 6.80102e+06 1.20691e+07 5.51692e+06 1.24933e+07 5.45548e+06 5.28804e+06 3.47389e+06 3.29157e+06 3.28651e+06 3.4368e+06 3.10676e+06 2.8712e+06 2.97292e+06 2.83028e+06 2.72944e+06 2.69038e+06 2.07787e+06 2.96178e+06 2.07312e+06 1.99091e+06 3.49685e+06 1.97022e+06 1.79249e+06 1.79129e+06 1.77927e+06 1.71282e+06 2.99807e+06 1.66121e+06 1.63381e+06 1.5951e+06 2.37832e+06 2.49607e+06 1.99035e+06 1.81337e+06 1.52684e+06 1.48933e+06 3.61704e+06 1.9201e+06 2.17025e+06 1.45844e+06 1.45365e+06 1.43086e+06 1.4173e+06 1.36336e+06 1.50129e+06 2.22813e+06 1.81133e+06 2.22017e+06 2.18023e+06 1.76412e+06 1.33174e+06 1.28585e+06 1.23719e+06 1.23402e+06
threshold=807.70000000000016 5.5000000000000009 5.5000000000000009 1.0000000180025095e-35 1.5000000000000002 4.5000000000000009 461.05000000000007 1.0000000180025095e-35 225.55000000000004 336.35000000000008 1.0000000180025095e-35 1.5000000000000002 1211.5500000000002 4.5000000000000009 268.44166666666678 2.5000000000000004 1.0000000180025095e-35 1437.45 314.15000000000003 1.0000000180025095e-35 412.55000000000007 348.55000000000007 1.0000000180025095e-35 470.90000000000003 1.0000000180025095e-35 1.0000000180025095e-35 293.05000000000007 369.45000000000005 178.55000000000004 1.0000000180025095e-35 1.0000000180025095e-35 2.5000000000000004 1309.4500000000003 1.0000000180025095e-35 706.35000000000014 379.75000000000006 3.5000000000000004 1.0000000180025095e-35 1045.6000000000001 321.17500000000001 472.25000000000006 837.70000000000016 331.45000000000005 4.5000000000000009 221.95000000000002 107.15000000000002 356.75000000000006 918.1500000000002 242.6166666666667 309.25000000000006 255.25000000000003 175.20000000000002 270.65833333333336 243.95000000000002 431.55000000000007 992.6500000000002 198.45000000000002 976.85000000000002 3.5000000000000004 324.15000000000009 1.0000000180025095e-35 269.52000000000004
decision_type=2 2 2 2 2 2 2 2 2 2 2 2 2 2 2 2 2 2 2 2 2 2 2 2 2 2 2 2 2 2 2 2 2 2 2 2 2 2 2 2 2 2 2 2 2 2 2 2 2 2 2 2 2 2 2 2 2 2 2 2 2 2
left_child=2 3 7 60 8 22 29 10 -5 21 -1 18 24 15 -9 -13 17 19 -12 20 50 -10 31 36 25 37 -24 28 -26 42 -7 -6 -22 34 -20 49 -17 40 39 48 41 -3 -4 45 -45 -33 -47 -23 -39 -27 -14 52 53 -43 56 -56 -54 -55 -46 -28 -2 -15
right_child=1 12 6 4 5 30 -8 14 9 -11 11 13 16 61 -16 23 -18 -19 33 -21 32 47 26 -25 27 35 59 -29 -30 -31 -32 43 -34 -35 -36 -37 -38 38 -40 -41 -42 51 -44 44 58 46 -48 -49 -50 -51 -52 -53 54 57 55 -57 -58 -59 -60 -61 -62 -63
leaf_value=-6.1205665012924193 -4.0854131384789456 -4.8310668847499754 -2.5134677815417277 9.3381964547293528 -0.68908624728520718 -3.0917732061471774 4.7190288385138501 0.15704397455423694 38.406731168685425 69.716982460021981 -0.42825703080495203 -5.9868364514954084 39.510053521936591 -6.5675572722321682 9.5721068930458024 -0.37606873239034461 6.0066947513156466 35.654410205131924 8.013993309431779 3.1105422814687094 1.7855273201352073 8.7277059078216563 6.5878692793846128 1.8226675874791576 7.1455802378447162 12.034851241111756 14.597342804500038 7.9521124504707963 31.727082753792786 5.1752542562172064 3.7737476339829819 18.678415295812819 22.367945048922586 -3.2662718091692242 26.581324076652528 9.7928706063780684 -4.1905910650540772 5.1019914197921752 23.77582823170556 -5.9319288600574849 17.384130558214689 1.7000716845194501 0.44652963383758276 -2.4339166661103566 30.769448180425737 6.2981897012853043 -5.2987861519274508 25.939513486623767 23.727046073566783 28.634162878345798 23.638382658591638 1.2572368092007107 16.306210344178336 27.398658210039141 6.1437120040257778 25.325124931335452 -1.6437749122751173 8.4688504505157471 14.236250936573951 30.552750496242357 2.3217706437720813 -3.8995724998726824
leaf_weight=1579 608 39 1143 35 90 629 1210 316 31 20 150 392 22 1115 142 544 36 39 231 24 21 20 40 591 23 20 28 37 39 122 112 27 21 28 24 43 580 20 36 22 38 24 704 24 21 328 46 32 22 37 39 90 21 32 48 22 87 20 29 23 86 709
leaf_count=1579 608 39 1143 35 90 629 1210 316 31 20 150 392 22 1115 142 544 36 39 231 24 21 20 40 591 23 20 28 37 39 122 112 27 21 28 24 43 580 20 36 22 38 24 704 24 21 328 46 32 22 37 39 90 21 32 48 22 87 20 29 23 86 709
internal_value=0.00695946 5.14762 -1.68388 2.131 4.58257 2.23181 1.18996 -3.11114 28.3797 34.8502 -3.58796 -2.67161 12.4405 -3.5595 3.07612 -1.85324 19.7018 22.6718 5.38912 18.685 22.314 26.4485 7.07303 -0.908413 10.4033 9.33086 15.1094 17.1306 22.6081 -0.978748 -2.05407 5.77869 12.0767 8.47254 9.76151 17.2125 -2.34442 7.81806 13.4946 7.71144 6.4697 5.38681 -1.38524 7.00416 13.5216 5.80144 4.87182 19.3196 14.858 22.8098 29.3626 6.54523 8.41893 14.3018 5.90715 12.1722 1.8465 20.118 21.1802 21.7929 -3.29144 -5.5305
internal_weight=12731 3151 9580 2229 1535 1397 3179 6401 138 103 5943 4364 922 3931 458 2107 202 166 433 127 103 83 656 1715 720 621 91 99 62 1969 741 565 42 283 255 100 1124 521 100 64 421 383 1847 475 74 401 374 52 42 57 61 344 254 76 178 70 108 52 50 51 694 1824
internal_count=12731 3151 9580 2229 1535 1397 3179 6401 138 103 5943 4364 922 3931 458 2107 202 166 433 127 103 83 656 1715 720 621 91 99 62 1969 741 565 42 283 255 100 1124 521 100 64 421 383 1847 475 74 401 374 52 42 57 61 344 254 76 178 70 108 52 50 51 694 1824
is_linear=0
shrinkage=0.05


Tree=58
num_leaves=63
num_cat=0
split_feature=35 9 25 35 38 35 36 36 9 5 2 31 31 5 2 36 23 31 36 31 36 24 31 31 7 32 34 34 23 31 33 31 25 31 35 31 2 5 31 31 31 32 36 31 35 7 33 35 23 36 33 36 31 33 32 31 31 35 32 35 31 34
split_gain=3.99475e+07 1.0481e+07 9.35567e+06 9.21412e+06 7.61384e+06 6.44586e+06 4.86874e+06 4.41569e+06 4.1625e+06 3.02527e+06 3.05727e+06 2.99922e+06 3.40807e+06 2.7596e+06 4.20862e+06 2.70309e+06 2.68152e+06 3.41901e+06 2.68064e+06 2.54467e+06 2.49463e+06 2.41753e+06 2.37406e+06 3.40635e+06 2.21272e+06 1.93255e+06 1.91534e+06 2.91182e+06 1.84746e+06 3.22033e+06 3.51003e+06 1.98273e+06 1.83408e+06 1.92789e+06 1.83198e+06 3.09552e+06 1.8126e+06 2.07408e+06 1.67513e+06 1.62609e+06 3.89168e+06 2.11587e+06 2.85022e+06 2.34417e+06 2.04373e+06 1.59224e+06 1.59007e+06 1.56429e+06 1.64096e+06 2.23631e+06 1.54274e+06 1.50256e+06 1.47549e+06 2.27233e+06 1.56093e+06 4.83081e+06 1.74158e+06 1.53371e+06 1.41897e+06 1.94246e+06 1.61978e+06 1.41144e+06
threshold=807.70000000000016 1.0000000180025095e-35 1.0000000180025095e-35 1401.7500000000002 1.0000000180025095e-35 446.95000000000005 312.83333333333337 415.47500000000008 1.0000000180025095e-35 1.0000000180025095e-35 1.0000000180025095e-35 479.05000000000007 257.85000000000008 1.0000000180025095e-35 1.0000000180025095e-35 210.33750000000003 1.0000000180025095e-35 182.85000000000005 235.01250000000002 135.75000000000003 404.10000000000008 1.0000000180025095e-35 416.15000000000003 381.95000000000005 1.0000000180025095e-35 492.35000000000008 445.90000000000003 361.00000000000006 1.0000000180025095e-35 408.95000000000005 421.75000000000006 435.95000000000005 1.0000000180025095e-35 150.75000000000003 1026.7 279.05000000000007 1.0000000180025095e-35 1.0000000180025095e-35 100.25000000000001 381.95000000000005 392.45000000000005 407.65000000000003 375.67500000000001 469.35000000000008 899.20000000000016 1.0000000180025095e-35 72.450000000000017 1211.5500000000002 1.0000000180025095e-35 368.12500000000006 64.65000000000002 357.87500000000006 107.15000000000002 416.50000000000006 469.55000000000007 330.95000000000005 316.15000000000003 1140.5000000000002 354.00000000000006 1089.1000000000001 360.35000000000008 233.65000000000001
decision_type=2 2 2 2 2 2 2 2 2 2 2 2 2 2 2 2 2 2 2 2 2 2 2 2 2 2 2 2 2 2 2 2 2 2 2 2 2 2 2 2 2 2 2 2 2 2 2 2 2 2 2 2 2 2 2 2 2 2 2 2 2 2
left_child=1 2 5 4 8 19 -3 11 13 10 25 12 -5 14 16 -15 39 -18 -4 -1 24 28 23 34 58 38 27 47 29 30 -14 -31 33 -17 -19 -36 37 -21 -7 52 -41 -42 50 44 -44 -6 -11 48 49 -16 -43 -12 53 -2 56 -56 -54 -58 61 -60 -61 -10
right_child=3 6 18 7 45 9 -8 -9 20 46 51 -13 21 15 26 32 17 22 -20 36 -22 -23 -24 -25 -26 -27 -28 -29 -30 31 -32 -33 -34 -35 35 -37 -38 -39 -40 40 41 42 43 -45 -46 -47 -48 -49 -50 -51 -52 -53 54 -55 55 -57 57 -59 59 60 -62 -63
leaf_value=-5.6281332780847215 0.12707839593654727 1.9265586107857666 0.45583418343974424 -3.0317929458618167 -0.78967118048651308 -6.9099073739485313 11.642157868050477 36.242228065218249 8.2161380640350945 6.027386965362922 1.6923592342603162 -5.2697041251442656 37.558502098719281 26.008169837431474 8.9919849951565265 -5.0609279415824204 -6.1485000536992001 17.114921951293947 6.757731054723263 -3.6084006150728722 23.26834574018206 5.8121851052993385 2.3182909576709454 31.031378191709521 20.557344273517007 11.931602845191955 23.863922391619003 -8.8168979250866428 33.58303792590187 -2.9724960735866004 11.264593167738482 16.263105133417493 18.260064608520931 8.0021113906587882 16.65614687538147 -7.3523382104676349 1.445624756307103 1.2640478475735737 -1.7000543500115368 23.686617867842966 5.4160185943967036 -0.76097381512324025 0.65506502705993075 -7.9857489299774178 19.020879677363805 6.6468245579302305 -0.9969409249482617 20.696680272858721 21.89530426979065 -7.0882161393165593 -17.12670841349496 10.659255388326812 -4.5102901545773113 20.684254462718965 20.107402541719637 -11.834754412174226 5.3512175934986006 -6.8961974256178911 5.6780939553334164 11.078204096385413 27.553857047741232 -1.466159299214681
leaf_weight=1237 41 534 339 25 718 165 170 21 101 230 259 22 30 22 160 33 39 49 336 3278 35 39 65 24 38 25 21 23 21 21 22 37 36 196 25 29 215 234 2377 23 243 24 33 30 28 80 124 29 20 25 36 57 295 20 29 20 103 34 65 35 26 60
leaf_count=1237 41 534 339 25 718 165 170 21 101 230 259 22 30 22 160 33 39 49 336 3278 35 39 65 24 38 25 21 23 21 21 22 37 36 196 25 29 215 234 2377 23 243 24 33 30 28 80 124 29 20 25 36 57 295 20 29 20 103 34 65 35 26 60
internal_value=0.0066115 -1.59968 -2.06545 4.89024 4.11739 -2.53116 4.27266 14.3494 5.68757 -0.795272 -1.3309 12.2308 14.2052 4.68294 3.80628 9.16706 2.5123 7.34834 3.59278 -3.66312 10.5851 16.74 10.0899 14.0675 9.21924 -1.90217 9.34524 8.15888 19.9934 17.399 26.4342 9.29849 7.76893 6.11966 10.1147 3.7627 -3.01093 -3.28376 -2.03822 1.34742 3.6947 2.52766 -2.1205 3.45746 9.08528 -0.0441578 3.56689 9.82744 8.28985 6.81898 -10.5804 3.30981 -0.458517 6.86714 -1.38755 7.06979 -2.34683 2.31171 7.71803 11.6922 18.1006 4.60783
internal_weight=12731 9580 8876 3151 2913 8201 704 238 2115 3237 2883 217 195 1755 1468 287 1190 231 675 4964 360 170 192 127 325 2567 278 257 131 110 52 58 265 229 103 54 3727 3512 2542 959 417 394 151 91 61 798 354 234 205 185 60 316 542 61 481 49 432 137 287 126 61 161
internal_count=12731 9580 8876 3151 2913 8201 704 238 2115 3237 2883 217 195 1755 1468 287 1190 231 675 4964 360 170 192 127 325 2567 278 257 131 110 52 58 265 229 103 54 3727 3512 2542 959 417 394 151 91 61 798 354 234 205 185 60 316 542 61 481 49 432 137 287 126 61 161
is_linear=0
shrinkage=0.05


Tree=59
num_leaves=63
num_cat=0
split_feature=35 40 40 40 40 40 35 29 35 40 40 40 35 35 18 12 36 40 31 31 35 25 7 36 5 6 24 36 31 35 31 31 35 36 31 7 35 31 36 36 31 35 8 40 9 40 31 39 35 25 5 31 31 35 39 40 31 6 31 31 25 36
split_gain=3.60527e+07 2.45005e+07 1.41324e+07 1.04864e+07 3.05841e+07 1.02011e+07 8.27545e+06 6.35916e+06 8.02197e+06 6.22303e+06 1.32271e+07 6.03653e+06 4.66129e+06 3.76203e+06 3.5383e+06 4.23423e+06 4.88116e+06 3.43717e+06 3.24703e+06 3.83887e+06 3.17001e+06 2.5789e+06 2.32703e+06 1.78722e+06 1.77282e+06 2.56897e+06 2.14927e+06 1.96796e+06 2.17386e+06 3.0193e+06 3.14341e+06 2.16435e+06 2.99883e+06 2.1115e+06 1.7489e+06 1.65551e+06 2.69821e+06 1.79101e+06 1.63159e+06 2.05545e+06 1.87334e+06 1.62417e+06 1.56383e+06 1.5405e+06 1.47324e+06 1.41853e+06 1.41524e+06 2.00059e+06 1.59957e+06 1.40916e+06 1.72894e+06 1.40856e+06 2.76474e+06 1.34092e+06 1.3065e+06 1.30358e+06 1.29753e+06 1.23583e+06 1.20239e+06 1.18601e+06 1.14252e+06 1.13791e+06
threshold=807.70000000000016 5.5000000000000009 5.5000000000000009 1.0000000180025095e-35 1.5000000000000002 4.5000000000000009 461.05000000000007 1.0000000180025095e-35 1211.5500000000002 1.0000000180025095e-35 1.5000000000000002 4.5000000000000009 1211.5500000000002 449.15000000000003 1.0000000180025095e-35 1.0000000180025095e-35 359.37500000000006 2.5000000000000004 348.55000000000007 218.35000000000005 509.85000000000008 1.0000000180025095e-35 1.0000000180025095e-35 303.53750000000008 1.0000000180025095e-35 1.0000000180025095e-35 1.0000000180025095e-35 272.71250000000003 401.25000000000006 969.95000000000016 451.55000000000007 234.35000000000005 906.45000000000005 264.71666666666675 143.65000000000001 1.0000000180025095e-35 1377.7500000000002 368.55000000000007 201.8333333333334 238.35416666666671 477.45000000000005 301.00000000000006 1.0000000180025095e-35 3.5000000000000004 1.0000000180025095e-35 3.5000000000000004 422.95000000000005 1.0000000180025095e-35 609.55000000000007 1.0000000180025095e-35 1.0000000180025095e-35 461.35000000000008 397.25000000000006 1045.6000000000001 1.0000000180025095e-35 2.5000000000000004 318.15000000000003 1.0000000180025095e-35 368.55000000000007 412.55000000000007 1.0000000180025095e-35 290.52500000000003
decision_type=2 2 2 2 2 2 2 2 2 2 2 2 2 2 2 2 2 2 2 2 2 2 2 2 2 2 2 2 2 2 2 2 2 2 2 2 2 2 2 2 2 2 2 2 2 2 2 2 2 2 2 2 2 2 2 2 2 2 2 2 2 2
left_child=2 3 9 -2 7 21 41 8 18 60 13 17 24 -11 15 16 35 -12 19 -5 34 22 55 -24 25 26 27 33 31 30 -30 -29 -33 42 -19 36 37 -14 -15 -40 46 -4 -3 -36 -7 -22 47 -41 -49 50 57 52 -23 56 -26 -6 -27 -8 -51 -59 -1 -28
right_child=1 12 6 4 5 44 49 -9 -10 10 11 -13 14 38 -16 -17 -18 20 -20 -21 45 51 23 -25 54 53 61 28 29 -31 -32 32 -34 -35 43 -37 -38 -39 39 40 -42 -43 -44 -45 -46 -47 -48 48 -50 58 -52 -53 -54 -55 -56 -57 -58 59 -60 -61 -62 -63
leaf_value=-5.8615350831160811 -3.2902442455299798 15.997401701487028 -2.1242841827040011 17.153237450641136 -2.3938537953694663 -3.062998853919995 2.599471144663891 0.50068191528320316 57.48560913749364 2.3814859301271571 -5.0980816691015178 -4.8727837509155645 28.320413033167526 2.7011347113586055 5.4879653143328291 4.3787106546862375 43.196840613683065 -4.4024205275748161 13.96721338876864 44.113466318192025 5.9176104442212596 11.271614812076956 4.1400604193551205 18.997496322790781 9.9111104577779781 -2.3141657079969131 -2.4337448315417518 12.864541006088258 17.776084479770144 23.156570667624475 -2.5682802053598262 10.820496466220954 -7.2379851715905339 30.125673675537112 1.6688762666677175 9.8850755078451975 37.901766252517703 8.8512294839929648 28.074090818925342 21.758493476443821 0.36729729175567627 0.75625604696006277 2.6477213060414351 -2.3495905804935853 3.1611636157546723 0.77765574603781062 24.827748342660758 14.547570197582246 -4.9899468508633706 6.7455682998611826 9.7124299367096114 1.7252497900099983 31.991349288395476 -7.4263388484716417 21.404186237208986 4.808476919351623 12.775803246991387 5.4147805823489676 18.554016034356479 17.787240866661072 -0.98179331912444201 8.6283732911814806
leaf_weight=1552 694 117 1060 23 75 629 871 20 23 284 434 1947 21 41 43 29 30 369 41 31 241 69 35 48 48 28 47 52 37 50 39 39 56 22 475 28 24 27 22 27 29 909 27 479 112 303 26 20 22 84 115 21 21 32 51 387 29 86 29 25 130 46
leaf_count=1552 694 117 1060 23 75 629 871 20 23 284 434 1947 21 41 43 29 30 369 41 31 241 69 35 48 48 28 47 52 37 50 39 39 56 22 475 28 24 27 22 27 29 909 27 479 112 303 26 20 22 84 115 21 21 32 51 387 29 86 29 25 130 46
internal_value=0.00628091 4.64572 -1.5197 1.81013 4.1161 1.89788 1.20535 26.5716 30.9904 -2.87307 -1.94232 -2.82376 11.501 6.00752 18.2129 21.6542 25.508 -1.08997 24.5758 32.6304 -0.158252 6.43889 5.02408 12.7323 9.61789 8.62727 9.94263 11.4054 8.7949 13.6141 7.33621 4.66414 0.175497 15.6985 -1.47939 20.2014 24.2133 17.369 11.5144 13.9894 11.4905 -0.794466 13.4943 -0.348782 -2.12223 3.05473 14.886 11.1399 4.31363 4.4596 3.91196 13.3855 16.1062 0.764706 15.8318 3.63927 5.36319 3.23268 9.77605 8.20137 -5.48439 3.03784
internal_weight=12731 3151 9580 2229 1535 1397 3179 138 118 6401 4719 4248 922 471 202 159 130 2301 95 54 1867 656 545 83 720 621 532 439 273 126 76 147 95 166 1323 100 72 48 187 146 124 1969 144 954 741 544 95 69 42 1210 1097 111 90 89 99 462 57 982 113 111 1682 93
internal_count=12731 3151 9580 2229 1535 1397 3179 138 118 6401 4719 4248 922 471 202 159 130 2301 95 54 1867 656 545 83 720 621 532 439 273 126 76 147 95 166 1323 100 72 48 187 146 124 1969 144 954 741 544 95 69 42 1210 1097 111 90 89 99 462 57 982 113 111 1682 93
is_linear=0
shrinkage=0.05


Tree=60
num_leaves=63
num_cat=0
split_feature=40 35 40 40 40 35 35 31 35 31 35 40 40 9 37 39 31 40 40 35 11 32 9 12 33 33 31 35 33 31 35 33 31 31 31 21 39 9 39 11 5 5 11 39 31 35 31 32 35 39 33 35 10 31 5 31 31 35 23 31 31 35
split_gain=2.89165e+07 2.48097e+07 1.2601e+07 2.58483e+07 1.23011e+07 1.16937e+07 1.09193e+07 6.65954e+06 5.12417e+06 4.93975e+06 4.50964e+06 4.22903e+06 3.05722e+06 2.95e+06 3.37922e+06 2.8536e+06 2.72816e+06 2.6797e+06 2.62689e+06 2.33502e+06 2.32496e+06 2.27476e+06 2.19226e+06 2.12924e+06 9.0417e+06 3.11405e+06 4.91024e+06 3.32592e+06 3.60233e+06 3.1517e+06 2.11896e+06 2.50665e+06 1.93712e+06 7.431e+06 4.54796e+06 3.41167e+06 1.75144e+06 1.68335e+06 1.58154e+06 2.75603e+06 1.66325e+06 1.50853e+06 1.50253e+06 1.49905e+06 1.56845e+06 1.43984e+06 1.42023e+06 1.40944e+06 1.35029e+06 1.32137e+06 1.98409e+06 1.95026e+06 1.75565e+06 2.55531e+06 1.64031e+06 1.99635e+06 1.67725e+06 1.66598e+06 1.83814e+06 1.73628e+06 1.61175e+06 1.78651e+06
threshold=5.5000000000000009 664.45000000000016 1.0000000180025095e-35 1.5000000000000002 4.5000000000000009 736.45000000000016 594.25000000000011 439.55000000000007 359.15000000000009 408.95000000000005 1067.0500000000002 2.5000000000000004 3.5000000000000004 1.0000000180025095e-35 4.5000000000000009 1.0000000180025095e-35 167.75000000000003 2.5000000000000004 3.5000000000000004 1377.7500000000002 1.0000000180025095e-35 211.45000000000002 1.0000000180025095e-35 1.0000000180025095e-35 327.85000000000008 427.75000000000006 209.75000000000003 1352.45 477.05000000000001 307.45000000000005 670.35000000000002 235.25000000000003 476.05000000000007 454.65000000000003 414.05000000000007 1.0000000180025095e-35 1.0000000180025095e-35 1.0000000180025095e-35 1.0000000180025095e-35 1.0000000180025095e-35 1.0000000180025095e-35 1.0000000180025095e-35 1.0000000180025095e-35 1.0000000180025095e-35 310.95000000000005 1309.4500000000003 103.65000000000002 94.15000000000002 1009.4000000000001 1.0000000180025095e-35 361.30000000000001 969.95000000000016 1.0000000180025095e-35 362.15000000000003 1.0000000180025095e-35 338.05000000000007 387.25000000000006 867.15000000000009 1.0000000180025095e-35 284.05000000000007 431.55000000000007 918.1500000000002
decision_type=2 2 2 2 2 2 2 2 2 2 2 2 2 2 2 2 2 2 2 2 2 2 2 2 2 2 2 2 2 2 2 2 2 2 2 2 2 2 2 2 2 2 2 2 2 2 2 2 2 2 2 2 2 2 2 2 2 2 2 2 2 2
left_child=2 8 36 6 5 17 16 9 -2 13 49 -7 19 14 21 -6 -4 -5 46 41 45 -8 38 25 -25 26 -12 28 -27 -28 -23 -32 33 34 35 -31 -1 -14 40 -40 -10 -13 -38 47 -45 -17 -19 -18 -33 50 51 -3 54 -54 56 -56 57 -51 59 -59 -58 -62
right_child=1 10 3 4 15 11 7 -9 22 -11 23 12 37 -15 -16 20 43 18 -20 -21 -22 30 -24 24 -26 27 29 -29 -30 32 31 48 -34 -35 -36 -37 42 -39 39 -41 -42 -43 -44 44 -46 -47 -48 -49 -50 52 -52 -53 53 -55 55 -57 60 58 -60 -61 61 -63
leaf_value=-5.8689415736461896 -1.5253176497310734 5.3839134588444342 -2.5345557499039284 -4.8476528370126166 -5.3525569593517162 -2.5677295253971431 23.329651881802469 39.820389709472664 0.13127325565847633 -9.0177838897705076 29.488898064108458 8.4455417210358217 3.0216750040282441 32.088681479862764 33.56154855728149 -1.2768640532533482 3.2082852485983135 -3.4740407182674469 -2.270547211074879 26.923667040738195 -6.2729497340417684 21.53211148001931 9.2527416452268749 29.201782469315965 -12.437731647491455 8.2906390485375425 -4.237081308622618 36.99215414770719 33.554957244509744 26.147771612594006 -7.0745830166724417 18.858112218746772 -1.6113665407354181 40.164379070116127 -6.2367333780316754 3.7963306873075426 -1.9478802937863535 12.014211890005297 6.2595746883794892 -3.0254885082244876 8.6613684008198408 19.202588676151478 -6.8032521606931375 5.5294672897883821 22.120175228447749 7.5601987235400152 2.4986903904465567 14.564137413352729 1.8116046542213078 8.2478781934727969 -2.4640975273830792 16.802525251252312 -7.2300199328242121 14.607098715645927 8.8192485891539487 27.712293978090642 -2.7892883113786286 17.289381507951386 27.703145958827093 0.10549471037728447 14.02365788558744 -1.2454507478078207
leaf_weight=1466 1345 341 111 422 1616 127 31 30 730 20 34 229 324 28 20 777 187 116 895 22 248 22 120 22 32 43 37 29 21 38 31 26 22 23 34 31 692 62 398 100 62 38 207 28 29 49 701 32 21 187 71 42 37 21 29 27 51 49 26 21 53 30
leaf_count=1466 1345 341 111 422 1616 127 31 30 730 20 34 229 324 28 20 777 187 116 895 22 248 22 120 22 32 43 37 29 21 38 31 26 22 23 34 31 692 62 398 100 62 38 207 28 29 49 701 32 21 187 71 42 37 21 29 27 51 49 26 21 53 30
internal_value=-0.048292 3.40422 -1.69533 -0.517717 -1.58239 0.655516 9.20603 17.86 0.682531 14.5494 8.95437 5.80281 7.37771 17.1826 14.4185 -4.02494 4.08521 -1.27894 -0.399268 11.2666 -2.02734 11.4959 2.7886 13.6934 4.52651 15.28 12.0248 22.9454 16.5805 8.8152 7.82749 3.96208 12.0783 14.4685 8.73061 16.1058 -4.80341 4.46607 2.18728 4.3951 0.799033 9.97651 -3.06586 6.74751 13.9704 -0.752632 1.65066 4.86759 11.2416 7.19347 5.21293 6.63608 8.88681 0.676523 9.89357 17.9284 8.81455 10.9966 16.3508 12.1342 4.20624 8.5047
internal_weight=12713 4106 8607 6242 5626 2936 616 229 2755 199 1351 802 675 179 151 2690 387 2134 1712 289 1074 131 1410 366 54 312 219 93 64 185 100 78 148 126 103 69 2365 386 1290 498 792 267 899 276 57 826 817 219 47 985 454 383 531 58 473 56 417 283 96 70 134 83
internal_count=12713 4106 8607 6242 5626 2936 616 229 2755 199 1351 802 675 179 151 2690 387 2134 1712 289 1074 131 1410 366 54 312 219 93 64 185 100 78 148 126 103 69 2365 386 1290 498 792 267 899 276 57 826 817 219 47 985 454 383 531 58 473 56 417 283 96 70 134 83
is_linear=0
shrinkage=0.05


Tree=61
num_leaves=63
num_cat=0
split_feature=40 35 9 25 2 5 35 23 36 36 40 40 40 36 35 35 32 36 35 40 24 34 21 34 6 23 32 34 35 34 36 23 36 40 11 32 38 32 32 35 35 34 35 40 40 9 40 40 32 36 40 40 35 25 40 36 7 34 25 8 5 34
split_gain=2.60971e+07 2.24207e+07 1.20603e+07 9.79696e+06 8.88974e+06 7.36764e+06 6.37227e+06 4.78617e+06 4.19511e+06 4.10113e+06 3.49045e+06 7.52797e+06 3.73899e+06 3.40247e+06 3.19747e+06 2.85547e+06 2.77683e+06 3.69157e+06 3.20738e+06 2.7478e+06 2.43116e+06 2.41999e+06 2.39905e+06 4.9359e+06 4.85036e+06 2.39357e+06 2.9138e+06 2.93032e+06 2.38826e+06 2.27857e+06 2.24331e+06 2.07247e+06 2.37872e+06 2.08243e+06 2.06574e+06 2.17985e+06 3.78949e+06 2.96229e+06 2.05408e+06 2.16174e+06 2.02225e+06 3.51504e+06 1.99163e+06 2.14176e+06 4.34942e+06 1.96621e+06 1.68095e+06 9.01388e+06 1.60189e+06 1.57851e+06 1.57328e+06 3.25588e+06 1.65947e+06 1.54543e+06 1.43589e+06 1.43472e+06 2.09405e+06 1.37496e+06 1.27112e+06 2.34227e+06 1.59528e+06 1.20362e+06
threshold=5.5000000000000009 490.15000000000009 1.0000000180025095e-35 1.0000000180025095e-35 1.0000000180025095e-35 1.0000000180025095e-35 960.80000000000007 1.0000000180025095e-35 377.65000000000009 422.01666666666671 1.0000000180025095e-35 1.5000000000000002 4.5000000000000009 330.47500000000008 598.75000000000011 1437.45 180.15000000000001 325.81666666666672 819.1500000000002 2.5000000000000004 1.0000000180025095e-35 304.50000000000006 1.0000000180025095e-35 429.35000000000008 1.0000000180025095e-35 1.0000000180025095e-35 464.15000000000003 60.000000000000007 219.55000000000004 333.35000000000008 230.82500000000005 1.0000000180025095e-35 428.75000000000006 1.5000000000000002 1.0000000180025095e-35 343.35000000000008 1.0000000180025095e-35 431.35000000000008 392.55000000000007 1099.0500000000002 1198.6500000000003 348.9500000000001 992.6500000000002 1.0000000180025095e-35 4.5000000000000009 1.0000000180025095e-35 1.0000000180025095e-35 1.5000000000000002 327.65000000000003 336.08750000000003 1.0000000180025095e-35 3.5000000000000004 706.35000000000014 1.0000000180025095e-35 3.5000000000000004 230.82500000000005 1.0000000180025095e-35 73.500000000000014 1.0000000180025095e-35 1.0000000180025095e-35 1.0000000180025095e-35 321.85000000000008
decision_type=2 2 2 2 2 2 2 2 2 2 2 2 2 2 2 2 2 2 2 2 2 2 2 2 2 2 2 2 2 2 2 2 2 2 2 2 2 2 2 2 2 2 2 2 2 2 2 2 2 2 2 2 2 2 2 2 2 2 2 2 2 2
left_child=2 28 3 4 5 7 58 10 30 20 -1 14 19 50 -12 55 -16 18 -18 -13 22 -15 34 24 25 26 27 -24 -2 -29 -4 32 -7 -33 35 61 37 57 39 -22 54 -42 -9 -44 48 53 -32 -48 -45 -36 -5 52 -52 -30 -21 -6 -57 -37 60 -60 -3 -8
right_child=1 6 8 13 15 31 9 42 -10 -11 11 12 -14 21 16 -17 17 -19 -20 40 38 -23 23 -25 -26 -27 -28 29 45 -31 46 33 -34 -35 49 36 -38 -39 -40 -41 41 -43 43 44 -46 -47 47 -49 -50 -51 51 -53 -54 -55 -56 56 -58 -59 59 -61 -62 -63
leaf_value=-6.4435254716882318 -2.8179779718774634 4.1289216457696725 -0.40798436132148713 -2.7213481774172155 -0.89107094718595592 0.072036820024687018 9.1266666051113248 -1.1103781657483844 14.840817803214577 33.40612291608538 0.63806206052251868 -6.7370857129815747 -6.0237126397652201 6.8314591859350147 -2.4458117828369144 20.4562801621177 23.366217432022097 34.974083480834963 -4.299588723616167 -0.30834795909419349 -1.6956687715318468 23.083820091022389 27.901295441527697 36.634845150434053 -3.9965368083029085 32.025723813927691 -2.5137898127237959 4.1090259505481255 -0.099467115846729959 24.69441635131836 -0.059525476281459516 22.163387540976206 12.557862077108245 1.5439247884750367 8.2443591072445823 -6.6651212865656078 33.516130812962849 22.337562337998421 -8.3042284409205127 17.964408328615388 -4.0906203893514776 23.064856929670682 -4.2275384411215784 31.647227459862123 -0.37231691505597986 7.5201358609631956 34.880316600093138 4.6104285340378253 12.117696689424061 -11.382959911823272 4.2527019819108451 -0.38769489054185935 14.949390862538264 6.6361379154435882 -3.560988324219212 3.0258182232057855 17.703156958176539 11.44884488105774 11.835368100830488 -6.4569856262207033 9.5070494257951079 -3.5746976265540491
leaf_weight=1466 644 1083 277 166 243 548 66 450 85 21 278 340 1633 151 25 22 20 20 22 621 27 27 43 26 33 23 21 41 1327 20 104 24 41 25 21 22 24 31 27 29 26 22 36 21 46 102 27 276 21 20 82 251 65 91 748 372 26 20 140 20 158 26
leaf_count=1466 644 1083 277 166 243 548 66 450 85 21 278 340 1633 151 25 22 20 20 22 621 27 27 43 26 33 23 21 41 1327 20 104 24 41 25 21 22 24 31 27 29 26 22 36 21 46 102 27 276 21 20 82 251 65 91 748 372 26 20 140 20 158 26
internal_value=-0.0458774 3.23401 -1.61056 -2.19681 -2.76843 -3.33657 7.13423 -3.89802 4.36478 11.7433 -4.37447 -3.56669 -4.30129 3.2698 3.25603 2.74418 11.6215 17.2938 8.8746 -2.70042 10.8684 9.2967 12.3584 16.2635 13.3372 17.2021 14.4746 17.9049 -0.266094 10.8583 3.06293 1.76312 0.941169 11.6433 8.84385 11.0509 16.2804 10.6138 3.02374 8.48544 -1.73185 8.35564 0.435671 6.04633 10.2493 0.815098 5.4252 7.30775 21.8825 -1.32994 1.36769 3.07317 8.98253 0.33279 -2.08554 2.13628 3.98464 1.96058 5.35442 9.54882 4.81365 5.53715
internal_weight=12713 4106 8607 7838 7096 6433 1942 5795 769 541 5221 3755 3390 742 365 663 87 62 42 1757 520 178 437 207 181 148 125 104 2164 61 684 638 589 49 230 189 97 73 83 56 1417 48 574 124 88 1520 407 303 42 41 564 398 147 1418 1369 641 398 42 1401 160 1241 92
internal_count=12713 4106 8607 7838 7096 6433 1942 5795 769 541 5221 3755 3390 742 365 663 87 62 42 1757 520 178 437 207 181 148 125 104 2164 61 684 638 589 49 230 189 97 73 83 56 1417 48 574 124 88 1520 407 303 42 41 564 398 147 1418 1369 641 398 42 1401 160 1241 92
is_linear=0
shrinkage=0.05


Tree=62
num_leaves=63
num_cat=0
split_feature=35 39 9 35 11 37 5 9 31 25 35 6 34 38 31 31 9 31 35 5 31 35 31 5 35 34 31 5 39 11 2 37 25 31 2 31 35 34 31 1 13 35 34 35 34 29 31 35 31 31 35 34 35 35 31 2 21 35 37 37 35 31
split_gain=2.31778e+07 1.09251e+07 7.0204e+06 6.28847e+06 5.34997e+06 5.33668e+06 4.85531e+06 3.86525e+06 3.70788e+06 3.43625e+06 3.20783e+06 3.09271e+06 3.04639e+06 3.20874e+06 3.9095e+06 2.8826e+06 2.79382e+06 2.53316e+06 2.23723e+06 2.20554e+06 1.89034e+06 1.88387e+06 1.8784e+06 2.58225e+06 2.1077e+06 1.85799e+06 2.67312e+06 1.68319e+06 1.65056e+06 2.42697e+06 1.4834e+06 1.47586e+06 1.44617e+06 1.42996e+06 1.37066e+06 1.36212e+06 1.29045e+06 1.27788e+06 1.20575e+06 1.13021e+06 1.16792e+06 1.89631e+06 1.10676e+06 1.12799e+06 1.04659e+06 1.67623e+06 1.67504e+06 1.47489e+06 1.43223e+06 1.5465e+06 1.03713e+06 1.55827e+06 1.01818e+06 1.15157e+06 2.14003e+06 1.45829e+06 1.01494e+06 989740 963545 940861 1.92746e+06 911206
threshold=446.95000000000005 1.0000000180025095e-35 1.0000000180025095e-35 1437.45 1.0000000180025095e-35 4.5000000000000009 1.0000000180025095e-35 1.0000000180025095e-35 379.65000000000003 1.0000000180025095e-35 1291.7500000000002 1.0000000180025095e-35 468.70000000000005 1.0000000180025095e-35 453.05000000000007 387.25000000000006 1.0000000180025095e-35 148.75000000000003 1309.4500000000003 1.0000000180025095e-35 162.45000000000002 926.15000000000009 390.80000000000001 1.0000000180025095e-35 837.70000000000016 393.95000000000005 338.05000000000007 1.0000000180025095e-35 1.0000000180025095e-35 1.0000000180025095e-35 1.0000000180025095e-35 2.5000000000000004 1.0000000180025095e-35 271.85000000000008 1.0000000180025095e-35 482.35000000000008 918.1500000000002 290.50000000000006 196.45000000000002 1.0000000180025095e-35 1.0000000180025095e-35 1099.0500000000002 393.95000000000005 594.25000000000011 148.55000000000004 1.0000000180025095e-35 287.55000000000007 546.85000000000002 243.95000000000002 205.95000000000002 1227.5000000000002 164.90000000000003 598.75000000000011 906.45000000000005 289.35000000000008 1.0000000180025095e-35 1.0000000180025095e-35 790.95000000000016 3.5000000000000004 2.5000000000000004 1055.3000000000004 137.35000000000005
decision_type=2 2 2 2 2 2 2 2 2 2 2 2 2 2 2 2 2 2 2 2 2 2 2 2 2 2 2 2 2 2 2 2 2 2 2 2 2 2 2 2 2 2 2 2 2 2 2 2 2 2 2 2 2 2 2 2 2 2 2 2 2 2
left_child=7 2 6 4 8 34 25 9 16 17 15 42 13 14 -5 -4 19 -1 22 39 -9 31 24 30 -10 37 56 28 -19 -30 32 -21 -24 -11 -6 -32 -13 -2 -7 40 44 -42 43 -8 45 47 48 -3 49 -46 51 -23 -49 -54 55 -55 -27 -47 -56 -17 -61 -33
right_child=1 3 10 12 5 38 11 20 18 33 -12 36 -14 -15 -16 59 -18 27 -20 21 -22 50 23 -25 -26 26 -28 -29 29 -31 35 61 -34 -35 -36 -37 -38 -39 -40 -41 41 -43 -44 -45 46 57 -48 52 -50 -51 -52 -53 53 54 58 -57 -58 -59 -60 60 -62 -63
leaf_value=-4.8438275620934084 -1.7657192225189755 -0.93040654427664615 1.7408322094780644 7.9121319704585602 -2.3203150610590502 23.284860153198242 6.1307214600545876 -1.6837039569249521 8.0458196060077576 -0.098176355025707152 20.708711025118831 8.0103038342102728 28.920164088956241 -2.5518681257963181 32.900800095001863 13.485160440720362 9.0668926812790254 -3.2692697228151624 17.087819018187346 14.308210706710817 6.1926390018800035 9.3243581771850597 1.6227725807949902 16.293581618070601 27.87833299636841 -7.1114501148462299 16.880716823041439 1.9010039203177951 1.0621740091140326 -5.2162692405036282 7.0978580072422162 8.6169304370880138 7.2552012560057779 7.1617830079335434 5.0582659390994484 19.303447091137922 24.94865429618142 -7.1131438606824631 8.7587809534072871 -7.4147716641426094 3.3967908819091286 16.702655624620842 13.942229840755463 0.15602499535919107 1.8210875646935571 -7.2431835861348395 -8.1302465435230378 9.1807390268643712 12.506985101600488 -9.765324828359816 5.0109218211401085 27.342126870155337 2.0759316252567634 7.4981040399808156 6.0633933007717138 21.341319761276246 5.5827558265578361 2.1631725867589315 -6.637307461670467 -2.2743632411956791 15.698071382595941 -3.4879287770685723
leaf_weight=1458 2477 175 328 45 624 20 111 130 37 195 32 23 29 32 24 87 182 2512 54 24 184 24 320 55 21 32 32 217 569 211 149 22 177 104 70 27 22 117 50 32 142 33 20 274 144 67 66 90 24 36 21 24 403 52 32 30 31 48 28 35 26 53
leaf_count=1458 2477 175 328 45 624 20 111 130 37 195 32 23 29 32 24 87 182 2512 54 24 184 24 320 55 21 32 32 217 569 211 149 22 177 104 70 27 22 117 50 32 142 33 20 274 144 67 66 90 24 36 21 24 403 52 32 30 31 48 28 35 26 53
internal_value=-0.0435835 1.84468 -0.0684403 3.84616 3.4282 -0.248903 -0.950949 -2.45738 4.51204 -2.77872 5.3847 3.85603 14.6361 10.5347 16.6038 4.35451 3.20259 -3.0921 7.24317 2.52278 2.93173 7.93651 6.56682 5.87689 15.2266 -1.75539 5.11244 -2.36425 -2.6454 -0.636225 5.0256 3.51626 3.62869 2.42703 -1.57608 8.97031 16.2913 -2.00691 12.9091 1.87406 2.09102 5.9059 2.47433 1.8786 1.53236 2.33179 -1.20646 3.13379 1.03359 -0.496195 14.2786 18.3332 4.25385 3.44023 7.31215 12.5627 -0.865095 -3.31705 0.1364 10.147 5.38602 0.0628299
internal_weight=12713 7133 3647 3486 3356 764 3139 5580 2592 5266 508 450 130 101 69 476 1752 4967 840 1570 314 168 786 728 58 2689 95 3509 3292 780 673 99 497 299 694 176 45 2594 70 1402 1370 175 405 385 1195 925 270 810 204 180 69 48 635 545 142 82 63 115 60 148 61 75
internal_count=12713 7133 3647 3486 3356 764 3139 5580 2592 5266 508 450 130 101 69 476 1752 4967 840 1570 314 168 786 728 58 2689 95 3509 3292 780 673 99 497 299 694 176 45 2594 70 1402 1370 175 405 385 1195 925 270 810 204 180 69 48 635 545 142 82 63 115 60 148 61 75
is_linear=0
shrinkage=0.05


Tree=63
num_leaves=63
num_cat=0
split_feature=40 33 40 40 40 32 36 32 36 9 37 24 21 36 40 9 32 36 10 32 39 25 37 33 32 36 36 36 5 32 39 36 11 33 33 32 33 36 32 40 40 37 25 36 11 39 36 33 36 33 33 33 32 36 33 33 9 40 40 36 36 32
split_gain=2.34275e+07 1.50644e+07 1.0571e+07 2.17101e+07 1.03534e+07 7.72617e+06 6.84747e+06 5.76824e+06 4.30912e+06 3.86934e+06 3.82282e+06 3.30371e+06 4.19474e+06 3.29512e+06 3.18275e+06 3.02603e+06 2.9946e+06 3.45825e+06 2.68319e+06 2.80197e+06 2.55566e+06 2.50404e+06 2.46171e+06 2.37813e+06 2.37623e+06 2.32546e+06 3.34844e+06 2.80702e+06 2.19384e+06 2.10068e+06 1.98881e+06 1.86478e+06 1.80267e+06 1.77692e+06 3.09116e+06 1.72593e+06 1.68479e+06 1.66145e+06 1.65925e+06 1.63938e+06 2.48172e+06 1.75211e+06 1.62271e+06 1.58968e+06 1.56589e+06 2.2985e+06 1.4938e+06 1.44827e+06 1.43937e+06 3.57967e+06 3.11235e+06 2.20934e+06 2.09495e+06 2.13785e+06 1.45487e+06 2.23683e+06 1.86507e+06 1.39878e+06 1.37375e+06 1.36373e+06 1.35196e+06 1.33154e+06
threshold=5.5000000000000009 80.250000000000014 1.0000000180025095e-35 1.5000000000000002 4.5000000000000009 75.050000000000011 384.55000000000007 278.85000000000008 409.21666666666675 1.0000000180025095e-35 4.5000000000000009 1.0000000180025095e-35 1.0000000180025095e-35 238.35416666666671 2.5000000000000004 1.0000000180025095e-35 154.85000000000005 201.8333333333334 1.0000000180025095e-35 218.05000000000004 1.0000000180025095e-35 1.0000000180025095e-35 3.5000000000000004 439.50000000000006 293.95000000000005 255.82916666666668 216.95833333333334 294.05000000000007 1.0000000180025095e-35 120.85000000000001 1.0000000180025095e-35 101.08333333333334 1.0000000180025095e-35 457.15000000000003 386.00000000000006 77.050000000000011 464.15000000000003 347.55833333333339 374.50000000000006 2.5000000000000004 3.5000000000000004 4.5000000000000009 1.0000000180025095e-35 312.83333333333337 1.0000000180025095e-35 1.0000000180025095e-35 73.125000000000014 142.95000000000002 224.02500000000003 222.70000000000002 196.00000000000003 315.85000000000008 303.10000000000008 330.47500000000008 332.75000000000006 374.75000000000006 1.0000000180025095e-35 3.5000000000000004 2.5000000000000004 294.05000000000007 322.91666666666674 341.65000000000003
decision_type=2 2 2 2 2 2 2 2 2 2 2 2 2 2 2 2 2 2 2 2 2 2 2 2 2 2 2 2 2 2 2 2 2 2 2 2 2 2 2 2 2 2 2 2 2 2 2 2 2 2 2 2 2 2 2 2 2 2 2 2 2 2
left_child=2 13 -1 5 7 37 9 14 11 10 16 12 29 46 -5 21 17 -7 19 -18 38 28 44 31 47 26 -21 -27 -15 35 -6 -16 -32 34 61 -3 -25 -4 -13 -24 41 59 57 -22 45 -9 -2 -14 -31 50 -50 52 -51 -54 -53 -56 -57 -33 -47 -41 -42 -26
right_child=1 8 3 4 30 6 -8 22 -10 -11 -12 20 24 15 23 -17 18 -19 -20 25 43 -23 39 36 33 27 -28 -29 -30 48 32 42 -34 -35 -36 -37 -38 -39 -40 40 60 -43 -44 -45 -46 58 -48 -49 49 51 -52 54 53 -55 55 56 -58 -59 -60 -61 -62 -63
leaf_value=-4.3706439025407109 -6.0767568101143015 7.4190507368607959 -0.14321485475166559 -4.7616178878553121 -4.7702258007448757 7.2954880169459759 41.349674224853516 0.3767834879961045 30.944275903701783 26.76646521216945 27.936428407522353 -1.0708263294661746 18.485490492172541 0.89927275681270746 -4.865590446402309 10.337861231410256 -4.4490883925022224 34.137022972106934 -9.9834095001220717 7.2822957869498968 11.067942740700461 9.4226280980639991 -1.0299055485498338 20.470019638538361 7.550931065877279 -8.665091403961183 31.613347991613239 12.149754640330439 7.8410666113503282 0.84374163527237744 -0.87178935275636338 1.6882608809195028 -5.7326597319495294 29.706772015311504 -2.9147691856731068 -7.2559846038327498 2.0988756106450008 7.9272805507559525 -17.453971598148346 7.0625978978474935 2.4564341773986818 27.748343187570573 6.5654653756925372 -5.0232169723510749 -5.6790679903967041 -1.1056637240619194 -0.1393678131831366 6.9218232142315674 11.412131214141846 9.7515467453002938 31.653850265502928 20.010453931490581 -15.868861157099406 3.0072646514574686 -3.4200653076171879 7.252558394769828 23.392845500599254 -1.541720143907459 9.0792543012735454 22.493485432579405 13.53539378141102 19.220552883726178
leaf_weight=2365 116 33 194 405 1616 28 21 311 20 38 26 68 32 1272 186 120 39 21 26 31 66 108 42 24 30 25 26 46 125 76 826 639 248 22 22 51 26 95 20 45 100 24 101 20 56 41 1221 176 79 30 25 24 30 30 40 96 22 705 172 21 38 132
leaf_count=2365 116 33 194 405 1616 28 21 311 20 38 26 68 32 1272 186 120 39 21 26 31 66 108 42 24 30 25 26 46 125 76 826 639 248 22 22 51 26 95 20 45 100 24 101 20 56 41 1221 176 79 30 25 24 30 30 40 96 22 705 172 21 38 132
internal_value=-0.0414043 3.0662 -1.5239 -0.445308 -1.42104 8.46616 13.7304 0.632057 7.93941 11.835 9.71782 7.53007 8.69019 1.18404 -0.782649 2.69674 7.76045 18.799 4.95791 7.2841 1.19612 2.08748 4.10391 0.175996 12.4706 10.8591 18.3807 4.82058 1.52041 5.77022 -3.66189 -0.153281 -1.99422 16.277 14.6713 -1.49079 10.917 2.50972 -4.79427 8.04768 9.71986 16.1793 0.453286 7.32581 2.26802 3.11733 -0.654504 8.70085 7.11961 8.38814 16.2779 5.37145 -1.03668 -6.4308 8.54031 6.79801 10.2618 -0.0060372 7.11878 11.9724 5.50716 17.0595
internal_weight=12713 4106 8607 6242 5626 616 327 2936 1144 306 268 1124 950 2962 2086 1625 242 49 193 167 174 1505 850 1681 414 128 57 71 1397 536 2690 1631 1074 206 184 84 50 289 88 270 228 90 1445 86 580 524 1337 208 452 376 104 272 90 60 182 158 118 1344 213 66 138 162
internal_count=12713 4106 8607 6242 5626 616 327 2936 1144 306 268 1124 950 2962 2086 1625 242 49 193 167 174 1505 850 1681 414 128 57 71 1397 536 2690 1631 1074 206 184 84 50 289 88 270 228 90 1445 86 580 524 1337 208 452 376 104 272 90 60 182 158 118 1344 213 66 138 162
is_linear=0
shrinkage=0.05


Tree=64
num_leaves=63
num_cat=0
split_feature=39 11 36 5 37 37 31 31 32 32 34 6 25 23 33 7 36 32 32 31 12 34 36 4 36 37 32 31 31 33 29 24 34 32 33 36 32 31 34 34 33 33 38 31 34 31 28 32 31 36 32 27 14 31 34 31 5 33 21 32 32 34
split_gain=1.72037e+07 8.56624e+06 9.16389e+06 6.41042e+06 5.88422e+06 4.55667e+06 3.71765e+06 3.07698e+06 2.98803e+06 2.95105e+06 3.84527e+06 2.76328e+06 2.65794e+06 2.03891e+06 1.99829e+06 2.68216e+06 1.91626e+06 1.95538e+06 1.80744e+06 3.00028e+06 1.72221e+06 3.22952e+06 1.6688e+06 1.6515e+06 1.56304e+06 1.53513e+06 1.51899e+06 1.71078e+06 2.26593e+06 1.62088e+06 1.60873e+06 1.52277e+06 1.68305e+06 2.45262e+06 1.49034e+06 1.65214e+06 1.47017e+06 1.45745e+06 1.42662e+06 1.41622e+06 1.69993e+06 1.30886e+06 1.49157e+06 1.61519e+06 1.31787e+06 1.75163e+06 1.26683e+06 1.44176e+06 1.73302e+06 1.70072e+06 1.33592e+06 1.21338e+06 1.18049e+06 1.17946e+06 1.16329e+06 1.14415e+06 1.1191e+06 1.07478e+06 1.36303e+06 1.05963e+06 1.02971e+06 981207
threshold=1.0000000180025095e-35 1.0000000180025095e-35 289.61666666666673 1.0000000180025095e-35 4.5000000000000009 4.5000000000000009 152.45000000000002 241.95000000000002 339.65000000000003 303.10000000000008 413.85000000000008 1.0000000180025095e-35 1.0000000180025095e-35 1.0000000180025095e-35 288.30000000000007 1.0000000180025095e-35 409.21666666666675 341.65000000000003 442.25000000000006 448.05000000000007 1.0000000180025095e-35 61.500000000000007 258.81250000000006 1.0000000180025095e-35 218.3366666666667 3.5000000000000004 429.25000000000006 266.65000000000003 236.25000000000003 417.65000000000003 1.0000000180025095e-35 1.0000000180025095e-35 214.10000000000005 242.65000000000001 258.85000000000008 198.32500000000005 469.55000000000007 388.75000000000006 393.95000000000005 335.00000000000006 394.35000000000008 320.95000000000005 1.0000000180025095e-35 321.95000000000005 218.95000000000002 173.35000000000005 1.0000000180025095e-35 123.35000000000001 454.65000000000003 339.34166666666675 174.95000000000002 1.0000000180025095e-35 1.0000000180025095e-35 482.35000000000008 246.10000000000005 437.35000000000008 1.0000000180025095e-35 440.95000000000005 1.0000000180025095e-35 462.05000000000007 332.15000000000003 393.95000000000005
decision_type=2 2 2 2 2 2 2 2 2 2 2 2 2 2 2 2 2 2 2 2 2 2 2 2 2 2 2 2 2 2 2 2 2 2 2 2 2 2 2 2 2 2 2 2 2 2 2 2 2 2 2 2 2 2 2 2 2 2 2 2 2 2
left_child=3 2 7 6 14 12 54 22 -6 37 51 24 18 16 20 41 38 -18 26 23 61 -22 36 59 34 -13 27 28 29 -4 31 32 53 -34 35 -5 -2 52 -14 40 -26 -16 44 -44 45 -43 47 -39 55 50 -50 57 -8 -29 -1 -49 -9 -11 -59 -20 -47 -3
right_child=1 4 5 11 8 -7 9 56 -10 10 -12 25 13 -15 15 -17 17 -19 19 -21 21 -23 -24 -25 39 -27 -28 30 -30 -31 -32 -33 33 -35 -36 -37 -38 46 -40 -41 -42 42 43 -45 -46 60 -48 48 49 -51 -52 -53 -54 -55 -56 -57 -58 58 -60 -61 -62 -63
leaf_value=-4.5053636419132728 -0.80032487013290476 -3.9493426038777155 -2.0845630645751956 -0.77798777008265785 3.4056544730003844 27.127926184580879 -2.4785677746299384 3.2197712194637873 23.034801851619378 0.37451854327436146 18.579252904256187 6.1157805830240255 5.6094648605585107 21.35259541020249 10.558628916740417 16.360033146540324 9.0913423358069529 25.740649137825802 10.237820247226749 27.427782564163209 -7.0277792051758459 20.092330233256021 4.7884021767495595 18.613051154063299 3.8167625463066872 22.651934162139895 -7.6928963337625778 3.1233862692506253 23.863289188345277 13.95749541559527 -5.1876834121404913 -6.1770778601510195 0.14933200152147383 22.428567670186361 10.334630746891101 -12.562973076105118 12.860734844207764 -0.98303509055366445 17.85336929834806 14.444133918625969 -6.7288405214037219 -13.151655245771634 -1.6660046101609867 -19.745954350062782 10.588190368243627 6.6771866007054106 -5.1838722444098932 2.3448739275724995 21.221440847103413 -4.0379100754147492 7.1995562932929218 -8.8653427602613686 -10.080233471210187 10.431843166663999 1.6514933068075299 -7.9797504840578357 9.8112539260728013 16.828184970565466 0.11840971799997183 1.5900141494942237 -5.303653404630464 -14.6602806633169
leaf_weight=1452 1288 761 32 171 47 26 2863 804 33 984 30 32 280 33 24 27 45 29 58 20 23 21 162 26 424 25 28 581 24 31 51 35 21 30 24 36 20 992 26 28 42 25 30 21 28 47 138 115 26 21 49 34 52 61 81 35 70 23 26 91 29 22
leaf_count=1452 1288 761 32 171 47 26 2863 804 33 984 30 32 280 33 24 27 45 29 58 20 23 21 162 26 424 25 28 581 24 31 51 35 21 30 24 36 20 992 26 28 42 25 30 21 28 47 138 115 26 21 49 34 52 61 81 35 70 23 26 91 29 22
internal_value=-0.0393341 2.24136 3.36222 -1.52269 -1.5723 6.37495 -2.00754 1.39829 11.5027 -1.38941 0.924894 2.76837 6.01571 9.43114 -2.56096 1.55057 8.39586 15.6161 4.72041 9.08195 -3.7094 5.91591 0.00144042 6.98528 1.93498 13.3685 3.76907 4.13966 10.7896 5.80915 3.39699 3.99839 4.5123 13.2548 -1.46005 -2.82755 -0.59144 -1.98106 6.6498 3.52253 2.8663 -0.409502 -1.87192 -9.11069 0.989921 -1.67099 -0.639852 -0.13333 3.29313 8.53895 12.0605 0.428521 -2.61417 3.8178 -4.18005 -0.0642051 3.74769 0.734417 7.96177 4.95627 2.10555 -4.25029
internal_weight=12713 5010 3872 7703 1138 1528 6921 2344 80 5388 1097 782 1502 413 1058 231 380 74 1089 195 827 44 1470 175 725 57 894 866 87 63 779 728 693 51 231 207 1308 4291 306 494 466 204 180 51 129 101 1376 1238 246 96 75 1067 2915 642 1533 150 874 1033 49 149 76 783
internal_count=12713 5010 3872 7703 1138 1528 6921 2344 80 5388 1097 782 1502 413 1058 231 380 74 1089 195 827 44 1470 175 725 57 894 866 87 63 779 728 693 51 231 207 1308 4291 306 494 466 204 180 51 129 101 1376 1238 246 96 75 1067 2915 642 1533 150 874 1033 49 149 76 783
is_linear=0
shrinkage=0.05


Tree=65
num_leaves=63
num_cat=0
split_feature=40 35 9 39 36 36 35 40 40 31 40 5 33 35 33 5 32 6 32 32 33 36 40 40 35 40 25 31 31 33 36 36 32 34 32 32 33 32 35 33 34 36 9 31 36 40 40 35 31 36 32 31 33 33 25 13 31 31 37 36 35 33
split_gain=2.18486e+07 1.97249e+07 1.06683e+07 9.31597e+06 5.15238e+06 4.93398e+06 4.72081e+06 3.37934e+06 1.11529e+07 8.36614e+06 3.64304e+06 3.21074e+06 2.99622e+06 5.11311e+06 2.8778e+06 2.80135e+06 4.08962e+06 3.43437e+06 3.6372e+06 4.41937e+06 3.03745e+06 4.42954e+06 2.54933e+06 6.66931e+06 4.25589e+06 2.46655e+06 2.34226e+06 2.25794e+06 2.61375e+06 2.15546e+06 2.09932e+06 2.06433e+06 1.84275e+06 1.75516e+06 1.76108e+06 2.06764e+06 1.69479e+06 2.05248e+06 1.68992e+06 2.37952e+06 3.07967e+06 1.9651e+06 1.63943e+06 1.60108e+06 1.65574e+06 1.56704e+06 5.21373e+06 1.56588e+06 3.08724e+06 1.53247e+06 2.1554e+06 1.71355e+06 2.01036e+06 1.74846e+06 1.53056e+06 1.50352e+06 1.4789e+06 1.54658e+06 1.3446e+06 1.28881e+06 1.27026e+06 1.24923e+06
threshold=5.5000000000000009 505.05000000000007 1.0000000180025095e-35 1.0000000180025095e-35 377.65000000000009 274.85833333333341 1000.2500000000001 1.0000000180025095e-35 1.5000000000000002 439.55000000000007 4.5000000000000009 1.0000000180025095e-35 350.85000000000008 701.45000000000016 104.65000000000002 1.0000000180025095e-35 485.65000000000003 1.0000000180025095e-35 457.45000000000005 431.35000000000008 384.15000000000003 308.02500000000003 1.0000000180025095e-35 1.5000000000000002 774.25000000000011 4.5000000000000009 1.0000000180025095e-35 238.05000000000004 249.25000000000003 276.2000000000001 428.75000000000006 230.82500000000005 300.05000000000007 189.85000000000005 472.25000000000006 450.50000000000006 350.85000000000008 166.35000000000005 906.45000000000005 290.25000000000006 235.10000000000005 288.28333333333336 1.0000000180025095e-35 158.40000000000003 268.44166666666678 1.0000000180025095e-35 1.5000000000000002 867.15000000000009 128.85000000000005 271.56250000000006 457.45000000000005 103.65000000000002 129.05000000000004 347.65000000000003 1.0000000180025095e-35 1.0000000180025095e-35 414.05000000000007 289.35000000000008 4.5000000000000009 272.71250000000003 350.55000000000007 447.90000000000003
decision_type=2 2 2 2 2 2 2 2 2 2 2 2 2 2 2 2 2 2 2 2 2 2 2 2 2 2 2 2 2 2 2 2 2 2 2 2 2 2 2 2 2 2 2 2 2 2 2 2 2 2 2 2 2 2 2 2 2 2 2 2 2 2
left_child=2 26 3 11 31 54 27 -7 9 12 33 22 13 -9 -8 16 17 18 19 29 21 -17 -1 24 -24 38 42 43 -29 -16 -13 -4 -19 34 35 -10 59 -38 -25 41 -41 -40 60 47 55 -33 -47 49 -49 50 51 -3 -53 -54 61 -45 57 -35 -56 -31 -2 -5
right_child=1 6 4 5 -6 7 14 8 10 -11 -12 30 -14 -15 15 20 -18 32 -20 -21 -22 -23 23 25 -26 -27 -28 28 -30 36 -32 45 -34 56 -36 -37 37 -39 39 40 -42 -43 -44 44 -46 46 -48 48 -50 -51 -52 52 53 -55 58 -57 -58 -59 -60 -61 -62 -63
leaf_value=-5.6625928420846954 -1.872805159807243 -1.3589528877560686 -0.53643330812672552 -2.6930819723339865 16.100201760268796 -1.6215735198182857 28.82802011316473 4.2655909402029861 3.9691006773266917 45.869048297405243 -1.0747489568122008 -0.41023547750425404 -4.7118450546264645 36.903484907604401 -0.58259675775965059 26.384801458275838 29.554565915194424 -15.195160705393011 -7.669200883592878 28.409279803073773 33.06869674829337 -5.7891607511043546 1.8083140370360127 -2.8233208050495029 19.680047140623394 -5.2886658768603834 6.1641345519231452 18.933666921216389 6.2987643877011488 9.0145408105850233 12.617741581887911 -0.1558668697548804 3.1725495371553638 16.021960487365725 16.256632608837553 -11.489974919609402 21.710237852732341 5.6467750458881776 24.20412618637085 4.1175039291381834 -18.28117735726493 2.9830292994777365 5.0705457240697882 -5.4170024194790214 5.2782095560973339 27.854704454210072 4.8552665087031137 25.25141885830806 -0.19797713106328793 -5.0997848801496559 21.086867451667786 -4.1656306085132417 21.350686876701587 3.3921237510183584 0.081928833915953292 8.1958343764146164 23.795788927078249 -0.17085571700129018 9.414172610016756 25.194479523599149 0.652574739945737 7.4689455509185798
leaf_weight=1226 1179 82 273 1238 82 374 22 28 363 24 432 491 20 21 48 23 22 22 28 33 26 20 270 1298 38 1334 142 43 851 20 33 107 36 30 27 23 24 116 20 57 21 24 126 131 88 27 282 26 22 41 20 21 33 23 377 24 20 29 43 32 862 31
leaf_count=1226 1179 82 273 1238 82 374 22 28 363 24 432 491 20 21 48 23 22 22 28 33 26 20 270 1298 38 1334 142 43 851 20 33 107 36 30 27 23 24 116 20 57 21 24 126 131 88 27 282 26 22 41 20 21 33 23 377 24 20 29 43 32 862 31
internal_value=0.0716029 3.03768 -1.36162 -1.91004 4.25208 0.237186 6.84445 2.44237 3.93687 20.4412 2.27573 -3.28441 11.5967 18.2533 11.1707 10.3075 8.62863 7.34626 9.49299 11.2532 19.5776 11.4202 -3.7359 -2.96447 4.01327 -3.74484 -0.056874 5.39107 6.90648 8.89425 0.410229 2.842 -3.79451 5.21761 3.91148 3.04796 11.2635 8.40051 -2.29451 3.33171 -1.91291 12.629 -0.464527 2.73985 -0.199362 5.0591 6.86493 5.40488 13.5871 3.61966 5.61685 3.67094 9.02745 13.9748 -1.57892 -3.30921 12.0458 8.06278 1.03737 18.9714 -0.806231 -2.44484
internal_weight=12849 4186 8663 7892 771 3080 1877 1391 1017 93 924 4812 69 49 472 450 381 359 301 273 69 43 4288 3062 308 2754 2309 1405 894 240 524 689 58 492 413 386 192 140 1420 122 78 44 2167 511 243 416 309 268 48 220 179 159 77 56 1689 155 79 59 420 52 2041 1269
internal_count=12849 4186 8663 7892 771 3080 1877 1391 1017 93 924 4812 69 49 472 450 381 359 301 273 69 43 4288 3062 308 2754 2309 1405 894 240 524 689 58 492 413 386 192 140 1420 122 78 44 2167 511 243 416 309 268 48 220 179 159 77 56 1689 155 79 59 420 52 2041 1269
is_linear=0
shrinkage=0.05


Tree=66
num_leaves=63
num_cat=0
split_feature=40 35 9 39 36 31 35 40 40 40 33 5 35 40 36 31 36 34 34 40 40 35 40 25 36 5 31 35 31 11 25 40 35 31 35 32 35 33 34 36 9 32 35 39 33 32 25 33 31 31 28 36 31 9 33 33 33 31 36 35 35 39
split_gain=1.97184e+07 1.78017e+07 9.62811e+06 8.40766e+06 4.69283e+06 4.47832e+06 4.3219e+06 4.18064e+06 7.93151e+06 9.59803e+06 4.95138e+06 2.8977e+06 2.71727e+06 2.5534e+06 2.45694e+06 4.31035e+06 7.34146e+06 2.45289e+06 2.43819e+06 2.30077e+06 6.01905e+06 3.86613e+06 2.22606e+06 2.11389e+06 1.89463e+06 1.85184e+06 1.82108e+06 1.73919e+06 2.16722e+06 1.68286e+06 1.72987e+06 1.53182e+06 3.06327e+06 3.42642e+06 2.06955e+06 2.08312e+06 1.52515e+06 2.14752e+06 2.7794e+06 1.7735e+06 1.47959e+06 1.4331e+06 1.79138e+06 1.63982e+06 1.47473e+06 1.41507e+06 1.40736e+06 1.54018e+06 1.37797e+06 3.47902e+06 1.2775e+06 1.26791e+06 1.65572e+06 1.22567e+06 2.79552e+06 1.41654e+06 1.22337e+06 1.2179e+06 1.96617e+06 2.35711e+06 3.09665e+06 2.76751e+06
threshold=5.5000000000000009 505.05000000000007 1.0000000180025095e-35 1.0000000180025095e-35 336.08750000000003 360.35000000000008 1211.5500000000002 4.5000000000000009 1.0000000180025095e-35 1.5000000000000002 98.950000000000017 1.0000000180025095e-35 1437.45 2.5000000000000004 314.11666666666673 368.55000000000007 406.92500000000001 356.75000000000006 343.10000000000008 1.0000000180025095e-35 1.5000000000000002 861.75000000000011 4.5000000000000009 1.0000000180025095e-35 428.75000000000006 1.0000000180025095e-35 381.95000000000005 837.70000000000016 445.15000000000003 1.0000000180025095e-35 1.0000000180025095e-35 3.5000000000000004 879.1500000000002 430.25000000000006 736.45000000000016 113.45000000000002 906.45000000000005 290.25000000000006 235.10000000000005 288.28333333333336 1.0000000180025095e-35 158.95000000000002 634.45000000000016 1.0000000180025095e-35 317.40000000000003 173.15000000000001 1.0000000180025095e-35 344.35000000000008 110.95000000000002 81.15000000000002 1.0000000180025095e-35 230.82500000000005 105.65000000000002 1.0000000180025095e-35 361.30000000000001 258.85000000000008 400.35000000000008 323.85000000000008 337.55000000000007 1009.4000000000001 1077.8500000000001 1.0000000180025095e-35
decision_type=2 2 2 2 2 2 2 2 2 2 2 2 2 2 2 2 2 2 2 2 2 2 2 2 2 2 2 2 2 2 2 2 2 2 2 2 2 2 2 2 2 2 2 2 2 2 2 2 2 2 2 2 2 2 2 2 2 2 2 2 2 2
left_child=2 23 3 11 51 12 27 8 -7 10 -10 19 25 -11 26 -16 18 -6 -17 -1 21 50 36 40 -13 29 -8 28 41 -5 -31 32 34 -34 35 -15 -22 39 56 -38 -2 42 43 -3 -44 -43 47 -33 49 -29 -21 -4 -53 57 55 -55 -39 58 59 -50 -61 -62
right_child=1 6 4 5 17 7 14 -9 9 13 -12 24 -14 31 15 16 -18 -19 -20 20 22 -23 -24 -25 -26 -27 -28 48 -30 30 -32 46 33 -35 -36 -37 37 38 -40 -41 -42 45 44 -45 -46 -47 -48 -49 53 -51 -52 52 -54 54 -56 -57 -58 -59 -60 60 61 -63
leaf_value=-5.3794632035716656 -0.76591963938299146 -3.0584206574492985 -0.50961165105985418 -0.87772056427079093 9.2795120220917919 -1.6321418687002733 13.126092738575407 -1.9427616336283027 17.015172089470759 -2.3036347666783121 47.123351983590567 -0.38972371459735633 14.150606635521198 4.4299738803575206 22.594862411022188 3.6049319020024053 26.880559218471703 27.974252447932958 -17.27439659381735 1.0412872872842376 -2.6821548266580275 21.188055429787472 -5.0242325827453538 5.8559278334950058 11.986854518543591 3.9996384368175941 29.143000651768279 3.8375404596328737 10.909916622596874 -5.2174524027611842 7.2154352823893237 4.9629266873356848 8.5402532870952896 33.747282239368985 -7.6925876593589777 23.642006865001861 22.993919410705569 -3.5430851561682566 -17.367118426731654 2.8338777338465055 4.8170184048395308 16.716541190769362 0.11144130282931858 11.565715743274225 -13.46578229500188 4.1208570294683513 13.05822303631367 -10.176201629638673 0.89924375023550673 28.20820676309091 13.865549010322207 15.499255778871735 2.9987817505529772 12.143058103322984 26.202162834314198 -3.8934223402114143 11.109283443977093 8.1607630802413169 -10.932273812727495 27.29739110417988 -8.5111628577822724 16.343381198247275
leaf_weight=1226 2041 36 273 1499 143 256 36 289 36 67 22 491 29 43 40 27 22 20 29 258 1298 29 1334 142 33 155 35 32 114 415 30 84 26 28 20 21 20 28 21 24 126 23 45 41 36 731 39 21 131 27 21 29 306 40 26 21 29 295 22 23 21 24
leaf_count=1226 2041 36 273 1499 143 256 36 289 36 67 22 491 29 43 40 27 22 20 29 258 1298 29 1334 142 33 155 35 32 114 415 30 84 26 28 20 21 20 28 21 24 126 23 45 41 36 731 39 21 131 27 21 29 306 40 26 21 29 295 22 23 21 24
internal_value=0.0680227 2.88579 -1.29354 -1.81454 4.03948 0.225326 6.50223 3.07582 5.2634 9.60064 28.4355 -3.12019 -1.04989 6.47049 13.6724 9.25036 2.40703 11.5733 -7.20758 -3.5491 -2.81624 3.8126 -3.5576 -0.0540303 0.389717 -1.2599 21.0218 5.69941 4.41023 -1.67926 -4.37928 8.55513 12.3195 21.6106 6.34666 10.7339 -2.17978 3.16512 -1.81726 11.9975 -0.4413 3.59777 -0.732039 4.72846 -5.92288 4.50508 4.94761 1.9351 7.69744 14.9902 2.00655 2.01971 4.08091 6.98388 12.4738 6.6223 3.91163 6.05826 3.25175 4.81984 12.3727 4.74459
internal_weight=12849 4186 8663 7892 771 3080 1877 952 663 407 58 4812 2128 349 189 118 78 163 56 4288 3062 308 2754 2309 524 2099 71 1688 1026 1944 445 282 138 54 84 64 1420 122 78 44 2167 912 158 77 81 754 144 105 662 59 279 608 335 603 87 61 57 516 221 199 68 45
internal_count=12849 4186 8663 7892 771 3080 1877 952 663 407 58 4812 2128 349 189 118 78 163 56 4288 3062 308 2754 2309 524 2099 71 1688 1026 1944 445 282 138 54 84 64 1420 122 78 44 2167 912 158 77 81 754 144 105 662 59 279 608 335 603 87 61 57 516 221 199 68 45
is_linear=0
shrinkage=0.05


Tree=67
num_leaves=63
num_cat=0
split_feature=40 35 40 40 35 40 35 36 36 36 35 40 31 40 35 31 32 6 32 31 36 31 33 31 31 35 32 36 17 35 35 31 33 33 35 5 37 11 39 31 11 31 35 31 31 31 31 35 33 4 13 33 24 36 36 33 33 31 34 31 36 35
split_gain=1.77958e+07 1.6066e+07 8.51241e+06 1.9183e+07 1.10038e+07 8.24481e+06 6.62246e+06 5.64731e+06 5.24585e+06 6.15899e+06 3.91199e+06 3.79194e+06 3.35079e+06 3.16525e+06 3.25489e+06 2.55174e+06 3.99552e+06 4.91491e+06 3.12898e+06 2.43645e+06 2.1696e+06 1.90175e+06 1.87274e+06 1.87147e+06 2.57864e+06 1.8676e+06 1.83403e+06 1.73032e+06 1.70261e+06 1.68501e+06 1.62918e+06 1.49523e+06 1.4781e+06 1.98627e+06 1.30145e+06 1.29991e+06 1.25783e+06 1.5324e+06 1.19457e+06 1.4495e+06 1.29092e+06 1.15446e+06 1.15219e+06 2.65678e+06 2.32353e+06 1.95591e+06 1.55612e+06 1.63537e+06 2.3842e+06 2.22023e+06 1.94601e+06 1.87224e+06 1.94426e+06 2.38888e+06 2.37956e+06 1.59102e+06 1.57782e+06 2.1088e+06 1.77811e+06 1.4468e+06 1.33774e+06 2.25776e+06
threshold=5.5000000000000009 505.05000000000007 1.0000000180025095e-35 1.5000000000000002 861.75000000000011 4.5000000000000009 526.80000000000007 361.21666666666675 318.41250000000008 288.28333333333336 1118.0500000000002 2.5000000000000004 451.55000000000007 3.5000000000000004 1352.45 279.05000000000007 431.35000000000008 1.0000000180025095e-35 389.15000000000003 227.65000000000001 332.91666666666669 425.05000000000007 301.35000000000008 89.950000000000017 171.55000000000004 230.95000000000002 470.95000000000005 460.35000000000008 1.0000000180025095e-35 906.45000000000005 356.40000000000003 280.75000000000006 425.80000000000007 350.85000000000008 1211.5500000000002 1.0000000180025095e-35 4.5000000000000009 1.0000000180025095e-35 1.0000000180025095e-35 462.85000000000008 1.0000000180025095e-35 412.55000000000007 837.70000000000016 128.85000000000005 81.15000000000002 445.15000000000003 140.85000000000005 1099.0500000000002 215.65000000000001 1.0000000180025095e-35 1.0000000180025095e-35 241.45000000000002 1.0000000180025095e-35 285.21250000000003 263.54166666666674 421.75000000000006 176.45000000000002 399.25000000000006 166.45000000000002 307.45000000000005 446.25000000000006 879.1500000000002
decision_type=2 2 2 2 2 2 2 2 2 2 2 2 2 2 2 2 2 2 2 2 2 2 2 2 2 2 2 2 2 2 2 2 2 2 2 2 2 2 2 2 2 2 2 2 2 2 2 2 2 2 2 2 2 2 2 2 2 2 2 2 2 2
left_child=2 30 -1 4 12 6 31 8 9 19 42 -8 21 14 23 18 17 32 -12 -6 -18 25 -22 -13 29 -4 36 -14 -15 -25 -2 -5 33 41 -34 -7 37 -26 -32 40 -40 -17 45 44 -44 -3 -45 48 49 50 56 -50 53 54 55 59 57 58 -48 -53 61 -59
right_child=1 10 3 5 7 35 11 -9 -10 -11 15 13 27 28 -16 16 20 -19 -20 -21 22 -23 -24 24 26 -27 -28 -29 -30 -31 38 -33 34 -35 -36 -37 -38 -39 39 -41 -42 -43 43 46 -46 -47 47 -49 51 -51 -52 52 -54 -55 -56 -57 -58 60 -60 -61 -62 -63
leaf_value=-3.7476967892117301 -1.1607756176323165 3.4178799844493994 -1.081232469324517 -2.6818847231639729 23.875045776367188 -3.5156011380438983 -2.7265740520057253 46.195478096008301 -3.8251025324282439 40.906911289691926 15.82609358756773 19.0912950713059 25.474865609628182 2.7151873918256695 27.435442771911621 22.817013903458914 37.251970843835316 -10.556743664026261 -4.7260439001995591 -0.23770267313176935 6.7214407610893252 -7.7415997695922858 27.437859837214155 2.7058389961719516 7.3191414521900873 6.4607860213518142 22.386781723499297 8.1613630479381936 -11.458520069989291 -13.994254667862604 0.38805039611555814 0.35527003148500308 29.712736384073896 -2.403152843475342 13.79016539255778 0.38475496690306399 18.060875453119692 -3.1852323246002197 4.6936753091942522 13.952830970988556 -4.5151543373757219 8.1044171571731578 5.4086297988891605 -7.8166243672370914 25.855145481138518 10.364420680518737 26.15293586620918 -6.2943708658218389 22.74117520650228 -12.838330574035645 -8.1680497283935551 6.9195267903059721 -1.8448999802271526 5.4321757157643642 31.409027789887929 1.0796758998524059 -5.8102067402430944 10.433011695316861 6.5914407173792533 24.400223366967566 14.35722021019977 -9.1542871705947384
leaf_weight=2418 1360 912 113 972 20 2453 212 20 23 30 31 29 27 574 20 24 22 25 46 22 20 35 24 44 263 300 20 31 22 23 668 695 21 25 33 234 23 40 200 34 47 30 24 20 33 114 26 24 27 20 25 20 36 99 21 22 21 28 21 29 23 31
leaf_count=2418 1360 912 113 972 20 2453 212 20 23 30 31 29 27 574 20 24 22 25 46 22 20 35 24 44 263 300 20 31 22 23 668 695 21 25 33 234 23 40 200 34 47 30 24 20 33 114 26 24 27 20 25 20 36 99 21 22 21 28 21 29 23 31
internal_value=0.0646216 2.7415 -1.22886 -0.253591 8.08589 -1.17443 0.656698 22.0471 16.9632 23.6039 6.17712 3.37685 4.91289 4.59985 7.70607 11.4003 14.0994 9.78346 3.54819 11.2446 24.4315 3.44889 18.0213 6.81334 5.95121 4.39723 7.68977 16.2211 2.192 -3.02703 -0.0513288 -1.41564 13.6068 9.24889 19.9823 -3.17593 6.78811 5.93243 1.53861 4.27373 2.94139 14.6433 5.17955 7.02604 17.2461 4.18972 5.84441 6.42204 7.10176 2.94345 4.74708 10.2942 8.81369 10.8226 16.6233 12.25 6.8996 8.96864 17.4127 17.2652 4.12875 0.14138
internal_weight=12849 4186 8663 6245 621 5624 2937 115 95 72 1877 1270 506 1058 462 301 224 158 77 42 66 448 44 442 413 413 346 58 596 67 2309 1667 133 79 54 2687 326 303 949 281 247 54 1576 550 57 1026 493 473 449 195 175 254 227 191 92 71 150 129 47 49 82 59
internal_count=12849 4186 8663 6245 621 5624 2937 115 95 72 1877 1270 506 1058 462 301 224 158 77 42 66 448 44 442 413 413 346 58 596 67 2309 1667 133 79 54 2687 326 303 949 281 247 54 1576 550 57 1026 493 473 449 195 175 254 227 191 92 71 150 129 47 49 82 59
is_linear=0
shrinkage=0.05


Tree=68
num_leaves=63
num_cat=0
split_feature=40 35 9 39 11 31 35 35 8 32 33 31 35 34 40 40 40 5 31 31 8 34 40 40 35 31 21 33 32 40 23 40 35 21 40 40 33 35 33 34 31 35 31 35 33 32 31 31 39 33 32 31 32 33 33 35 40 40 40 40 9 39
split_gain=1.60607e+07 1.45659e+07 8.61028e+06 7.40724e+06 4.06358e+06 4.41599e+06 3.39437e+06 2.78898e+06 3.01858e+06 3.65649e+06 4.0435e+06 3.10407e+06 2.7777e+06 2.76831e+06 2.56098e+06 6.08317e+06 5.3177e+06 2.47009e+06 2.4563e+06 2.41306e+06 2.3612e+06 1.89492e+06 1.85042e+06 4.83654e+06 3.17754e+06 1.8268e+06 1.79666e+06 1.94883e+06 1.93783e+06 1.77134e+06 1.60432e+06 1.90035e+06 1.4772e+06 2.22947e+06 1.38081e+06 2.6978e+06 1.36326e+06 1.32519e+06 1.91989e+06 2.45839e+06 1.25951e+06 1.25649e+06 1.52572e+06 1.6476e+06 1.47587e+06 1.23478e+06 1.69824e+06 1.58375e+06 3.84062e+06 1.23316e+06 1.18923e+06 1.17912e+06 1.13947e+06 1.12344e+06 1.09999e+06 1.0992e+06 1.08914e+06 1.21627e+06 1.07387e+06 2.16859e+06 1.03137e+06 1.60167e+06
threshold=5.5000000000000009 648.85000000000002 1.0000000180025095e-35 1.0000000180025095e-35 1.0000000180025095e-35 360.35000000000008 1437.45 1211.5500000000002 1.0000000180025095e-35 367.75000000000006 427.75000000000006 341.65000000000003 419.15000000000003 470.05000000000007 4.5000000000000009 1.0000000180025095e-35 1.5000000000000002 1.0000000180025095e-35 414.05000000000007 439.55000000000007 1.0000000180025095e-35 189.85000000000005 1.0000000180025095e-35 1.5000000000000002 774.25000000000011 223.55000000000004 1.0000000180025095e-35 198.05000000000004 373.00000000000006 4.5000000000000009 1.0000000180025095e-35 1.5000000000000002 1077.8500000000001 1.0000000180025095e-35 1.0000000180025095e-35 1.5000000000000002 276.2000000000001 906.45000000000005 290.25000000000006 235.10000000000005 403.15000000000003 1045.6000000000001 128.85000000000005 856.40000000000009 421.75000000000006 435.35000000000008 388.75000000000006 218.35000000000005 1.0000000180025095e-35 474.05000000000007 371.05000000000007 98.550000000000011 200.40000000000003 362.55000000000007 400.35000000000008 992.6500000000002 2.5000000000000004 3.5000000000000004 3.5000000000000004 1.0000000180025095e-35 1.0000000180025095e-35 1.0000000180025095e-35
decision_type=2 2 2 2 2 2 2 2 2 2 2 2 2 2 2 2 2 2 2 2 2 2 2 2 2 2 2 2 2 2 2 2 2 2 2 2 2 2 2 2 2 2 2 2 2 2 2 2 2 2 2 2 2 2 2 2 2 2 2 2 2 2
left_child=2 12 3 17 5 13 25 20 9 18 11 -11 -2 49 15 -7 19 22 -9 -17 41 -18 -1 24 -24 50 28 -28 40 37 55 -32 -19 -34 -27 -36 -13 56 -39 54 -22 42 43 51 -44 46 47 -43 -49 -5 -4 -3 -46 -48 -40 -6 -25 -58 59 -57 -14 -62
right_child=1 7 6 4 30 14 -8 8 -10 10 -12 36 60 -15 -16 16 21 32 -20 -21 26 -23 23 29 -26 34 27 -29 -30 -31 31 -33 33 -35 35 -37 -38 38 39 -41 -42 45 44 -45 52 -47 53 48 -50 -51 -52 -53 -54 -55 -56 58 57 -59 -60 -61 61 -63
leaf_value=-4.9231052043897883 -0.73250209588412285 -1.5369471740722656 -1.3301549245417119 -0.72039423379786416 -4.843651630456784 -0.24123864427707986 22.384579221407574 11.532560089656286 26.955522982279462 -6.1219137782142283 34.138162720721702 6.5412005162239071 2.0363061891463956 13.90636387844296 -0.049246910281245483 15.193599379062654 6.5422102979142629 -0.55413715359625781 -8.2130334695180256 37.857457434612769 -3.0118093511793349 20.088945586105876 1.4124831722455997 -5.5926634731675007 16.854970138951355 0.57004747707564551 18.659580682671589 -0.82968752589719053 -12.240256462097168 -4.5972408758026777 16.950975850082582 -2.5294072074274863 17.639084406556755 -2.5244369470156158 20.814184069633484 5.518989133875805 23.284809344814672 11.27353519472209 -3.4694965158190048 -16.412927663893928 11.817707152593705 14.35255744797843 5.9047736289740591 19.69853058874607 3.6839370933738915 18.833078776465523 8.6818063515883228 14.902872689870689 -10.036320937307259 8.6389369520048316 5.9578475479393793 14.334514648264104 -9.8252186673658883 23.683391944567362 10.424364895656192 -3.422316962794254 0.054693696055006472 -3.3533103736423193 -4.4451474129207549 14.397808985556328 4.0044353013444285 19.698006366548086
leaf_weight=1226 1719 25 240 1572 511 209 24 28 30 21 23 20 971 34 223 24 235 469 36 23 45 29 270 237 38 111 23 29 40 1334 21 31 29 26 32 291 31 44 28 21 21 28 727 40 37 36 26 26 38 36 73 22 27 24 29 38 470 591 63 31 72 21
leaf_count=1226 1719 25 240 1572 511 209 24 28 30 21 23 20 971 34 223 24 235 469 36 23 45 29 270 237 38 111 23 29 40 1334 21 31 29 26 32 291 31 44 28 21 21 28 727 40 37 36 26 26 38 36 73 22 27 24 29 38 470 591 63 31 72 21
internal_value=0.0613905 2.60443 -1.16742 -1.66011 0.254551 1.23494 3.87584 6.75843 12.4084 9.6636 15.8871 10.0568 0.510262 -0.212327 4.43333 6.35567 10.789 -2.88562 0.425664 26.2844 5.87883 8.0303 -3.28163 -2.62439 3.31773 3.28118 0.178099 7.79057 -3.55632 -3.28895 -3.10979 5.33767 0.354977 8.10724 5.381 7.0343 16.7187 -2.05989 2.92233 -1.7886 1.70667 6.73178 5.95521 12.24 5.26396 10.5623 8.46545 4.43441 0.0952265 -0.510857 0.369603 5.89225 -2.01524 15.8826 3.59931 -3.79295 -2.52817 -1.84364 0.274544 4.58383 2.51807 7.54814
internal_weight=12849 4186 8663 7892 3080 2385 771 1403 189 159 95 72 2783 1642 743 520 311 4812 64 47 1214 264 4288 3062 308 747 158 52 106 2754 695 52 524 55 434 323 51 1420 122 78 66 1056 878 87 791 178 142 92 64 1608 313 47 64 50 57 643 1298 1061 132 69 1064 93
internal_count=12849 4186 8663 7892 3080 2385 771 1403 189 159 95 72 2783 1642 743 520 311 4812 64 47 1214 264 4288 3062 308 747 158 52 106 2754 695 52 524 55 434 323 51 1420 122 78 66 1056 878 87 791 178 142 92 64 1608 313 47 64 50 57 643 1298 1061 132 69 1064 93
is_linear=0
shrinkage=0.05


Tree=69
num_leaves=63
num_cat=0
split_feature=40 32 9 25 40 40 33 36 40 34 36 33 40 40 32 33 2 34 36 8 33 34 10 32 33 5 25 33 33 32 9 36 8 40 40 40 2 32 5 33 34 9 33 33 28 36 32 18 28 36 40 40 32 36 32 32 36 32 36 38 33 36
split_gain=1.44948e+07 9.67286e+06 7.77078e+06 7.04115e+06 4.33743e+06 1.07818e+07 6.8001e+06 4.08149e+06 3.94825e+06 3.83666e+06 3.05871e+06 3.03971e+06 2.65584e+06 2.49507e+06 2.52951e+06 2.47967e+06 3.4059e+06 2.25391e+06 2.09445e+06 2.08587e+06 1.97529e+06 2.302e+06 1.92948e+06 1.65576e+06 2.09376e+06 1.64412e+06 1.61142e+06 1.59627e+06 2.12166e+06 1.62111e+06 1.57156e+06 1.48459e+06 1.42614e+06 1.481e+06 3.29404e+06 1.80435e+06 1.51134e+06 1.39679e+06 2.26418e+06 3.64555e+06 2.00495e+06 1.91726e+06 1.83173e+06 1.60823e+06 1.39266e+06 1.26801e+06 3.72494e+06 1.2521e+06 1.23741e+06 1.23211e+06 1.22909e+06 4.15615e+06 1.19376e+06 1.16681e+06 4.52899e+06 1.63432e+06 1.32211e+06 1.14168e+06 1.11539e+06 1.0353e+06 1.27428e+06 1.65568e+06
threshold=5.5000000000000009 51.95000000000001 1.0000000180025095e-35 1.0000000180025095e-35 1.0000000180025095e-35 1.5000000000000002 233.40000000000003 377.65000000000009 4.5000000000000009 183.65000000000003 218.3366666666667 416.50000000000006 2.5000000000000004 3.5000000000000004 424.65000000000003 452.65000000000003 1.0000000180025095e-35 381.90000000000003 168.58333333333334 1.0000000180025095e-35 471.30000000000001 157.80000000000004 1.0000000180025095e-35 209.55000000000004 208.50000000000003 1.0000000180025095e-35 1.0000000180025095e-35 417.65000000000003 233.40000000000003 450.50000000000006 1.0000000180025095e-35 230.82500000000005 1.0000000180025095e-35 1.0000000180025095e-35 4.5000000000000009 1.5000000000000002 1.0000000180025095e-35 427.95000000000005 1.0000000180025095e-35 261.4500000000001 227.45000000000002 1.0000000180025095e-35 431.30000000000001 95.300000000000026 1.0000000180025095e-35 303.53750000000008 333.85000000000008 1.0000000180025095e-35 1.0000000180025095e-35 124.42500000000003 1.0000000180025095e-35 1.5000000000000002 120.85000000000001 412.12500000000006 475.15000000000003 460.60000000000008 272.71250000000003 433.35000000000008 276.02500000000003 1.0000000180025095e-35 292.00000000000006 230.82500000000005
decision_type=2 2 2 2 2 2 2 2 2 2 2 2 2 2 2 2 2 2 2 2 2 2 2 2 2 2 2 2 2 2 2 2 2 2 2 2 2 2 2 2 2 2 2 2 2 2 2 2 2 2 2 2 2 2 2 2 2 2 2 2 2 2
left_child=2 26 3 4 -1 6 22 31 12 11 27 58 -7 14 59 17 20 19 -5 37 -17 -22 44 -19 -25 32 30 28 29 -3 -2 -4 33 -20 35 -35 -37 38 41 43 47 42 48 -40 49 -21 -47 53 -12 -6 -33 -52 -24 55 -55 -39 -57 -9 -8 60 -14 -62
right_child=1 10 7 18 5 8 9 57 -10 -11 15 -13 13 -15 -16 16 -18 23 25 45 21 -23 52 24 -26 -27 -28 -29 -30 -31 -32 50 -34 34 -36 36 -38 40 39 -41 -42 -43 -44 -45 -46 46 -48 -49 -50 -51 51 -53 -54 54 -56 56 -58 -59 -60 -61 61 -63
leaf_value=-4.0375487710071081 -1.0101789540993467 0.97964141610896949 -0.43799940930618037 -3.6191788450028137 -4.7354605053746424 -4.2376258848410737 11.885427947666335 10.876405561354852 -3.5717317569177141 37.445143985748295 3.9764564404760581 -2.7654493331909182 0.9788731083017933 -1.5183698483278043 12.059298385199854 18.030838234765191 29.087708312988283 2.066004827847848 -0.082409875438763547 -3.8429414694649839 10.73655172109604 -8.6044613571166995 0.97215426280384976 7.115683453877768 24.890686975943076 13.62141916269348 6.0828113717417569 -9.8910813075524793 8.7207450245988785 15.42885887145996 6.3477617818175966 -0.31131012629125721 -5.2771175178614529 18.528986397656528 0.27678569026247285 5.8837610094240924 20.376014394760134 9.2590497402662635 13.035132391452789 -1.0631272179739815 22.699976183020553 9.6712047494541515 -10.205840788947212 29.4069837474823 14.593590157607506 22.446184321812222 -2.801622945070267 17.93197395324707 -2.22385177193804 4.2997555390459956 24.64690693749322 4.1122001979367955 -16.096347436904907 -1.0179329404464135 29.806377207149161 9.7829986686706558 -3.5630798539353741 24.614848523139955 27.293988513946534 -8.4704766860375038 -4.5875565160404559 11.221424119863938
leaf_weight=2002 1608 660 273 103 43 424 23 62 2225 20 559 22 735 1065 59 35 25 26 156 105 40 25 21 30 37 42 93 27 116 20 76 107 44 44 169 179 20 89 60 42 23 110 27 20 29 21 48 25 94 308 27 282 20 26 22 25 72 20 24 26 22 67
leaf_count=2002 1608 660 273 103 43 424 23 62 2225 20 559 22 735 1065 59 35 25 26 156 105 40 25 21 30 37 42 93 27 116 20 76 107 44 44 169 179 20 89 60 42 23 110 27 20 29 21 48 25 94 308 27 282 20 26 22 25 72 20 24 26 22 67
internal_value=0.058321 2.47421 -1.10905 -1.57711 -2.06357 -1.29367 5.60566 3.68205 -2.05479 18.1627 4.53851 12.5736 -0.647277 0.123902 2.04802 5.82193 12.581 5.24364 3.00798 4.73159 8.4543 3.2977 2.95107 12.7757 16.9317 4.05171 -0.324275 2.06523 2.47079 1.40462 -0.67811 2.42703 3.39496 4.06674 5.63778 9.36621 7.34027 5.47691 4.52595 10.8655 8.55235 3.54693 2.55623 17.1281 4.06293 -0.382856 4.88249 7.29599 3.08392 3.19288 4.3072 5.90649 -7.35394 6.15967 13.1099 4.36607 -0.123369 14.2272 19.7536 1.35312 1.66308 7.31359
internal_weight=12849 4186 8663 7892 7135 5133 510 771 4623 89 2409 69 2398 1974 909 1586 125 1461 757 1368 100 65 421 93 67 654 1777 823 796 680 1684 689 612 568 412 243 199 1194 912 122 282 790 680 80 380 174 69 259 653 351 416 309 41 234 48 186 97 82 47 850 824 89
internal_count=12849 4186 8663 7892 7135 5133 510 771 4623 89 2409 69 2398 1974 909 1586 125 1461 757 1368 100 65 421 93 67 654 1777 823 796 680 1684 689 612 568 412 243 199 1194 912 122 282 790 680 80 380 174 69 259 653 351 416 309 41 234 48 186 97 82 47 850 824 89
is_linear=0
shrinkage=0.05


Tree=70
num_leaves=63
num_cat=0
split_feature=9 39 5 5 31 31 31 33 34 2 25 31 31 28 23 31 7 33 33 31 31 33 31 33 34 6 33 34 33 37 12 18 33 33 10 33 31 24 34 34 2 33 29 33 34 6 31 31 31 34 22 37 33 31 31 31 31 21 31 34 33 4
split_gain=1.23236e+07 1.12958e+07 4.63425e+06 4.54098e+06 4.00427e+06 3.11775e+06 3.51547e+06 4.25e+06 3.09112e+06 3.02612e+06 3.13026e+06 2.64664e+06 2.36157e+06 2.74715e+06 2.26383e+06 2.19936e+06 2.11852e+06 2.05413e+06 1.91679e+06 1.91371e+06 1.9061e+06 2.25063e+06 1.70355e+06 1.64268e+06 1.53608e+06 1.50938e+06 1.47573e+06 2.12206e+06 1.45515e+06 1.44951e+06 1.56496e+06 4.37585e+06 2.16812e+06 1.36155e+06 1.35263e+06 1.3284e+06 1.60194e+06 1.3187e+06 1.6492e+06 1.283e+06 1.20241e+06 1.11141e+06 1.09289e+06 1.07394e+06 1.72115e+06 1.06541e+06 1.2267e+06 1.06511e+06 1.19368e+06 2.09448e+06 1.20913e+06 1.06947e+06 1.05848e+06 1.05231e+06 1.86965e+06 1.44798e+06 1.00043e+06 1.0434e+06 1.0003e+06 994461 985517 985197
threshold=1.0000000180025095e-35 1.0000000180025095e-35 1.0000000180025095e-35 1.0000000180025095e-35 302.25000000000006 270.15000000000003 466.05000000000007 384.15000000000003 409.75000000000006 1.0000000180025095e-35 1.0000000180025095e-35 152.45000000000002 435.95000000000005 1.0000000180025095e-35 1.0000000180025095e-35 480.75000000000006 1.0000000180025095e-35 200.05000000000004 87.450000000000003 490.65000000000003 189.95000000000002 447.90000000000003 225.55000000000004 258.85000000000008 447.55000000000007 1.0000000180025095e-35 109.55000000000001 380.40000000000003 442.60000000000008 1.5000000000000002 1.0000000180025095e-35 1.0000000180025095e-35 369.25000000000006 447.90000000000003 1.0000000180025095e-35 210.15000000000001 232.35000000000005 1.0000000180025095e-35 91.40000000000002 432.90000000000003 1.0000000180025095e-35 477.05000000000001 1.0000000180025095e-35 301.35000000000008 237.80000000000004 1.0000000180025095e-35 401.25000000000006 484.15000000000003 412.55000000000007 348.9500000000001 1.0000000180025095e-35 3.5000000000000004 372.95000000000005 412.55000000000007 372.25000000000006 319.95000000000005 469.35000000000008 1.0000000180025095e-35 363.75000000000006 136.55000000000004 104.65000000000002 1.0000000180025095e-35
decision_type=2 2 2 2 2 2 2 2 2 2 2 2 2 2 2 2 2 2 2 2 2 2 2 2 2 2 2 2 2 2 2 2 2 2 2 2 2 2 2 2 2 2 2 2 2 2 2 2 2 2 2 2 2 2 2 2 2 2 2 2 2 2
left_child=1 2 11 9 39 28 7 23 33 10 14 -1 13 -12 16 18 43 -14 -11 35 -4 25 59 40 26 -22 -20 37 52 45 41 32 -32 -6 61 56 -37 42 -39 -2 -7 47 -28 -3 -45 -13 -47 48 50 -50 -31 -52 -5 54 55 -38 57 -16 -34 -18 -49 -24
right_child=4 3 20 5 8 6 -8 -9 -10 15 12 29 17 -15 19 -17 22 -19 24 -21 21 -23 34 -25 -26 -27 27 -29 -30 30 31 -33 58 -35 -36 36 53 38 -40 -41 -42 -43 -44 44 -46 46 -48 60 49 -51 51 -53 -54 -55 -56 -57 -58 -59 -60 -61 -62 -63
leaf_value=-4.0736992448325635 2.9315750608362645 -4.6156913861827134 -1.8920022640069689 2.0831180152775599 6.7983228095578703 18.460393372617784 -4.2310112444559733 32.907821009709288 23.779958884946765 0.94088661280665509 2.5852823123133652 -2.8074220603120699 4.5947704224176311 -7.9894104736064797 -0.8759690283220416 15.711432113647462 -1.8032597973341904 17.707001655752009 16.933562502653704 -12.863205851679263 2.3539335865527393 19.70515985581137 1.8360204505524711 2.4833382786774054 16.898343923356801 14.503775769692879 4.7756437140098518 -11.564151155380976 14.834579002857209 -1.8576492901416821 2.0369733292824965 16.932593288421632 -2.9417730887730915 19.039881187677384 -7.6912745782307219 0.45970484256744393 13.452752263914972 5.7630647252245648 23.27625089645386 -9.0869260456251055 5.6192476566021261 -10.801403834025066 -3.0022972903593823 -2.7231556801648624 11.689082679042111 -1.2901638859814972 7.9278389385768353 -3.3833998942199877 0.61602789056725926 16.771664851052421 -0.37801446833852997 10.293064783169674 -10.230494012832644 2.3247126993925677 24.684062285650345 -1.3884341548990322 9.520903607072503 5.2881050790846347 -17.884368998663767 -9.8824069796668166 -15.356435882526895 10.568921075548445
leaf_weight=1366 643 612 218 137 424 61 30 26 31 541 737 2134 93 67 484 35 248 44 23 23 480 21 418 41 27 27 276 21 20 1554 242 45 24 24 35 115 42 41 20 23 26 30 54 89 27 137 49 68 449 21 59 39 20 46 21 27 29 80 21 45 23 35
leaf_count=1366 643 612 218 137 424 61 30 26 31 541 737 2134 93 67 484 35 248 44 23 23 480 21 418 41 27 27 276 21 20 1554 242 45 24 24 35 115 42 41 20 23 26 30 54 89 27 137 49 68 449 21 59 39 20 46 21 27 29 80 21 45 23 35
internal_value=0.0730462 -0.410532 -1.68383 1.48132 5.02413 6.8702 11.4276 14.478 8.5107 1.03462 0.29732 -2.12768 2.73803 1.70406 -0.669307 3.39072 -1.83917 8.806 2.96078 1.36681 2.04134 3.66534 -0.0304002 10.7344 5.32607 3.00097 4.60779 3.9197 2.13259 -1.58463 -0.767934 2.43596 0.162973 7.45412 1.77905 1.7546 4.80357 4.75132 11.5051 2.51652 14.6228 -1.24216 3.50289 -3.77961 0.631417 -2.49109 1.13823 -1.11257 -0.885419 1.33788 -1.51795 3.86864 0.514505 8.47669 11.621 7.64533 0.464057 -0.00163228 -9.91498 -3.04408 -6.40955 2.51075
internal_weight=12868 11723 7007 4716 1145 361 184 154 479 4355 3317 6261 941 804 2376 1038 1509 137 1003 867 746 528 781 128 462 507 435 412 177 4895 2575 332 287 448 488 844 251 391 61 666 87 2243 330 728 116 2320 186 2213 2122 470 1652 98 157 136 90 69 593 564 45 293 91 453
internal_count=12868 11723 7007 4716 1145 361 184 154 479 4355 3317 6261 941 804 2376 1038 1509 137 1003 867 746 528 781 128 462 507 435 412 177 4895 2575 332 287 448 488 844 251 391 61 666 87 2243 330 728 116 2320 186 2213 2122 470 1652 98 157 136 90 69 593 564 45 293 91 453
is_linear=0
shrinkage=0.05


Tree=71
num_leaves=63
num_cat=0
split_feature=40 40 35 35 40 35 11 40 29 31 31 40 33 33 9 18 35 9 32 32 31 31 36 39 31 35 36 36 5 35 36 33 33 32 32 31 33 31 31 13 40 32 23 11 36 33 32 40 33 31 34 32 35 5 2 9 35 32 35 32 32 36
split_gain=1.36505e+07 1.8439e+07 1.5042e+07 1.13969e+07 1.14921e+07 8.92598e+06 6.60372e+06 5.86048e+06 4.42427e+06 3.28103e+06 4.44826e+06 3.20757e+06 2.83036e+06 6.22479e+06 2.63667e+06 4.79892e+06 3.02159e+06 2.62691e+06 2.33262e+06 2.22584e+06 2.17987e+06 2.11527e+06 1.95619e+06 1.92692e+06 1.77921e+06 1.71497e+06 2.46603e+06 2.3271e+06 1.68832e+06 2.71162e+06 1.59224e+06 1.53611e+06 3.34285e+06 1.90768e+06 3.02829e+06 1.68236e+06 1.52576e+06 1.56979e+06 1.93876e+06 1.59815e+06 1.70634e+06 1.42201e+06 1.37731e+06 1.31696e+06 1.21956e+06 1.09842e+06 1.08981e+06 1.08884e+06 1.06899e+06 1.0344e+06 1.15772e+06 1.01278e+06 963205 950147 920697 1.00886e+06 889654 2.71373e+06 4.7688e+06 3.25847e+06 2.59805e+06 3.10477e+06
threshold=1.0000000180025095e-35 1.5000000000000002 1377.7500000000002 541.75000000000011 5.5000000000000009 598.75000000000011 1.0000000180025095e-35 4.5000000000000009 1.0000000180025095e-35 451.55000000000007 348.55000000000007 2.5000000000000004 217.25000000000003 372.95000000000005 1.0000000180025095e-35 1.0000000180025095e-35 953.35000000000014 1.0000000180025095e-35 230.55000000000004 268.45000000000005 241.95000000000002 167.75000000000003 452.87500000000006 1.0000000180025095e-35 412.55000000000007 932.50000000000011 398.41666666666669 364.85833333333341 1.0000000180025095e-35 1291.7500000000002 244.52666666666667 54.250000000000007 106.25000000000001 120.85000000000001 364.15000000000003 338.05000000000007 437.50000000000006 154.35000000000005 89.950000000000017 1.0000000180025095e-35 3.5000000000000004 300.05000000000007 1.0000000180025095e-35 1.0000000180025095e-35 243.56250000000003 218.95000000000002 94.15000000000002 5.5000000000000009 315.85000000000008 350.15000000000003 249.75000000000003 1.0000000180025095e-35 75.350000000000009 1.0000000180025095e-35 1.0000000180025095e-35 1.0000000180025095e-35 1055.3000000000004 436.85000000000008 1437.45 457.45000000000005 387.35000000000008 304.74166666666673
decision_type=2 2 2 2 2 2 2 2 2 2 2 2 2 2 2 2 2 2 2 2 2 2 2 2 2 2 2 2 2 2 2 2 2 2 2 2 2 2 2 2 2 2 2 2 2 2 2 2 2 2 2 2 2 2 2 2 2 2 2 2 2 2
left_child=-1 2 5 17 7 21 8 11 9 10 12 -5 -7 -14 22 16 24 20 -18 -12 52 -2 28 47 -16 42 27 36 56 31 -19 35 -33 -34 -35 -30 37 38 -27 40 45 -38 54 -25 -44 -39 -23 53 -20 50 -42 -49 -3 -22 55 -13 -6 58 60 -59 61 -58
right_child=1 3 -4 4 14 6 -8 -9 -10 -11 19 25 13 -15 15 -17 18 30 48 -21 23 46 -24 43 -26 26 -28 -29 29 -31 -32 32 33 34 -36 -37 41 39 -40 -41 49 -43 44 -45 -46 -47 -48 51 -50 -51 -52 -53 -54 -55 -56 -57 57 59 -60 -61 -62 -63
leaf_value=-3.3031948143225875 -2.5731073180834456 -5.8467154702649049 51.81551870584488 -2.9912210318350025 3.0610760725209212 7.5034704262210488 37.466865370350504 -2.2825257778870776 -8.0066968233689035 34.394969625473024 13.245442276000979 -0.41849278859200889 42.816898715496066 8.8415886805607737 5.3100500583579056 -8.8872182254133545 6.3866153262910395 0.31638279022255811 18.133391757965089 -8.5940911906106141 -2.6985182320516983 4.0539184955959646 20.122786502838139 2.8233613445462353 19.27252532695902 10.150124409198762 19.625560154020789 -6.9170376830630831 3.9429003397623696 24.850200852103857 7.3986796433275401 -14.506982022240051 -5.3447943065477457 17.431491214462692 -3.4974618244171141 23.139670928955081 5.7608813737568108 27.106969035755505 -11.865572910308838 0.48293878194448114 22.561102066040039 -9.414244534419133 15.582140783830122 -2.493278477943107 3.2462807393541526 13.740429326599719 11.557750111720601 -0.56089575983925333 31.932471547464957 3.6918554652121758 5.9395941214127976 4.7758877230162673 -2.2220700771472415 3.1665523748228175 6.5935347098963604 6.2679807252150326 3.1724776148796083 29.256110824584962 -19.819785270690918 6.6510769854892393 -5.7117266454194722 18.31609896124764
leaf_weight=2433 108 199 20 217 1029 31 31 1277 23 20 20 427 28 26 107 29 21 199 25 28 1033 234 20 576 29 20 32 36 21 23 132 21 23 56 25 25 38 22 20 37 20 26 33 146 51 51 61 742 32 62 22 101 2321 74 70 65 88 25 20 44 38 55
leaf_count=2433 108 199 20 217 1029 31 31 1277 23 20 20 427 28 26 107 29 21 199 25 28 1033 234 20 576 29 20 32 36 21 23 132 21 23 56 25 25 38 22 20 37 20 26 33 146 51 51 61 742 32 62 22 101 2321 74 70 65 88 25 20 44 38 55
internal_value=0.0693938 0.855739 9.14747 0.32297 2.25896 7.74852 16.1877 0.099276 12.4397 15.5133 12.674 2.53447 19.5454 26.4584 5.36567 10.2002 12.7868 -1.17801 20.632 0.505714 -1.45334 3.41376 4.58921 -0.458393 8.28734 3.69637 6.33319 5.13162 4.38112 8.73195 3.14074 6.56399 3.6892 7.36343 10.9719 14.3759 6.49562 8.23411 -0.857724 9.93351 11.9091 -0.404014 2.12081 1.74825 8.09251 17.7687 5.60556 -1.27542 25.8802 7.79604 13.8546 0.0785053 -2.5083 -2.30645 1.22824 0.464883 3.73135 6.28582 3.34887 14.8413 5.90894 8.99695
internal_weight=12868 10435 630 9805 4282 610 207 2526 176 153 133 1249 85 54 1756 243 214 5523 78 48 5192 403 1513 2672 136 1032 386 354 1493 194 331 171 125 104 81 46 318 254 40 214 177 64 646 722 84 73 295 1950 57 104 42 843 2520 1107 562 492 1299 270 201 69 181 143
internal_count=12868 10435 630 9805 4282 610 207 2526 176 153 133 1249 85 54 1756 243 214 5523 78 48 5192 403 1513 2672 136 1032 386 354 1493 194 331 171 125 104 81 46 318 254 40 214 177 64 646 722 84 73 295 1950 57 104 42 843 2520 1107 562 492 1299 270 201 69 181 143
is_linear=0
shrinkage=0.05


Tree=72
num_leaves=63
num_cat=0
split_feature=40 40 35 35 40 35 11 40 29 31 31 40 9 18 35 9 31 31 36 36 5 35 31 36 39 35 11 34 31 34 39 35 36 36 31 31 31 29 36 36 29 31 31 36 35 36 35 31 31 39 11 35 34 34 35 36 31 12 36 39 11 31
split_gain=1.23195e+07 1.66412e+07 1.35754e+07 1.02857e+07 1.03716e+07 8.05569e+06 5.95985e+06 5.28908e+06 3.9929e+06 2.96113e+06 4.01455e+06 2.89483e+06 2.37959e+06 4.33103e+06 2.72698e+06 2.37079e+06 2.00427e+06 1.90903e+06 1.78768e+06 4.31617e+06 2.47417e+06 2.19826e+06 1.60574e+06 1.58917e+06 2.55044e+06 1.57212e+06 3.08041e+06 3.02674e+06 3.9094e+06 3.41992e+06 1.61265e+06 1.50849e+06 1.98172e+06 1.43764e+06 1.40079e+06 1.6504e+06 2.11483e+06 1.33839e+06 1.32143e+06 1.33791e+06 1.35169e+06 1.82493e+06 2.01787e+06 1.85332e+06 1.74508e+06 1.28948e+06 1.20133e+06 1.20079e+06 1.18512e+06 1.14804e+06 1.27382e+06 1.11153e+06 1.84605e+06 1.65732e+06 1.58752e+06 1.58048e+06 2.1389e+06 1.22326e+06 1.68584e+06 1.08868e+06 1.18096e+06 1.06264e+06
threshold=1.0000000180025095e-35 1.5000000000000002 1377.7500000000002 541.75000000000011 5.5000000000000009 598.75000000000011 1.0000000180025095e-35 4.5000000000000009 1.0000000180025095e-35 451.55000000000007 348.55000000000007 2.5000000000000004 1.0000000180025095e-35 1.0000000180025095e-35 953.35000000000014 1.0000000180025095e-35 287.55000000000007 167.75000000000003 220.71250000000001 215.85833333333338 1.0000000180025095e-35 1291.7500000000002 412.55000000000007 312.83333333333337 1.0000000180025095e-35 1211.5500000000002 1.0000000180025095e-35 279.9500000000001 360.35000000000008 144.15000000000003 1.0000000180025095e-35 932.50000000000011 303.53750000000008 241.60000000000005 348.55000000000007 414.05000000000007 477.45000000000005 1.0000000180025095e-35 234.04166666666669 241.60000000000005 1.0000000180025095e-35 482.35000000000008 466.05000000000007 248.28750000000005 786.30000000000007 309.27500000000003 912.95000000000016 456.35000000000008 323.85000000000008 1.0000000180025095e-35 1.0000000180025095e-35 1055.3000000000004 309.05000000000001 409.75000000000006 969.95000000000016 342.55000000000007 414.05000000000007 1.0000000180025095e-35 295.35833333333341 1.0000000180025095e-35 1.0000000180025095e-35 66.450000000000017
decision_type=2 2 2 2 2 2 2 2 2 2 2 2 2 2 2 2 2 2 2 2 2 2 2 2 2 2 2 2 2 2 2 2 2 2 2 2 2 2 2 2 2 2 2 2 2 2 2 2 2 2 2 2 2 2 2 2 2 2 2 2 2 2
left_child=-1 2 5 15 7 17 8 11 9 10 23 -5 18 14 22 16 59 -2 19 37 38 31 -14 24 -7 30 27 29 -29 -27 34 -22 -33 -17 -13 -36 47 -6 46 -40 41 42 43 -41 -42 48 -20 -37 -16 -18 -51 54 55 -54 57 56 -53 -45 -59 -3 61 -61
right_child=1 3 -4 4 12 6 -8 -9 -10 -11 -12 25 13 -15 45 33 49 -19 20 -21 21 -23 -24 -25 -26 26 -28 28 -30 -31 -32 32 -34 -35 35 36 -38 -39 39 40 44 -43 -44 51 -46 -47 -48 -49 -50 50 -52 52 53 -55 -56 -57 -58 58 -60 60 -62 -63
leaf_value=-3.1380350718209691 -2.4444518608627499 -2.8335691571256914 49.224744596481322 -2.8416599572528893 3.8000346001507581 35.178575227737433 35.593522253344133 -2.1683994888955946 -7.60636193441308 32.675221114158632 0.48042897780736288 2.8889701100095873 5.0445476539781167 -8.4428574134563572 22.151750198006631 0.23179868267896847 -0.90212019152276623 5.3252803523863781 6.8295879772731247 -20.812967609223865 12.669290906329488 24.96690457661947 18.308898873164736 7.9768258361816411 14.268825522831509 15.89305470466614 -9.4332584619522102 6.7197281943427187 30.361680000056239 -12.9968140738351 4.7573331859321275 11.080907699040004 -8.2868645272254948 6.9294547834817095 -8.213058712184429 0.33502640601916189 -11.474720198175183 -6.3269050275957266 -4.6713596333156939 14.206873754552895 0.16649314583958807 -6.5160815749057512 13.203598298345293 1.5951575012937669 13.223036971724177 27.516227869833671 20.852654030209496 13.769664678902462 6.268831161830736 2.9217911795831988 -2.9490982146098697 13.533998187383018 -8.1109924793243415 7.2420829234979101 -6.1842305555181989 19.405329510825023 -7.1879811096191411 -0.27483764561739837 18.371055398163971 -5.8277489424628373 -3.9354634985679469 0.72384495866770149
leaf_weight=2433 108 2103 20 217 276 25 31 1277 23 20 48 252 107 29 24 195 1529 295 56 21 86 24 29 25 35 20 20 36 34 21 478 28 25 136 80 39 23 37 44 37 37 43 56 372 83 31 21 29 23 454 116 33 32 39 59 35 20 22 27 68 233 689
leaf_count=2433 108 2103 20 217 276 25 31 1277 23 20 48 252 107 29 24 195 1529 295 56 21 86 24 29 25 35 20 20 36 34 21 478 28 25 136 80 39 23 37 44 37 37 43 56 372 83 31 21 29 23 454 116 33 32 39 59 35 20 22 27 68 233 689
internal_value=0.0659241 0.812952 8.6901 0.306822 2.14602 7.3611 15.3783 0.0943122 11.8177 14.7376 12.0403 2.40775 5.09739 9.69016 12.1474 -1.11911 -1.38067 3.24307 4.35975 1.13066 5.27452 10.993 7.87298 18.5682 22.9812 3.51155 8.62954 11.8841 18.203 1.0958 2.76742 8.58024 1.94517 2.98371 0.518779 -2.97413 1.63151 2.60292 4.35709 3.84072 4.25919 3.49459 4.08264 3.32706 9.19727 19.6004 10.6541 6.0645 14.3793 -0.188158 1.72701 2.69709 6.32037 0.322387 1.49688 11.1596 5.71438 2.57333 9.99943 -2.18995 -0.822748 0.135327
internal_weight=12868 10435 630 9805 4282 610 207 2526 176 153 133 1249 1756 243 214 5523 5192 403 1513 334 1179 163 136 85 60 1032 131 111 70 41 901 139 53 331 423 171 91 313 1016 939 895 775 732 676 120 78 77 68 47 2099 570 639 159 71 480 88 53 421 49 3093 990 757
internal_count=12868 10435 630 9805 4282 610 207 2526 176 153 133 1249 1756 243 214 5523 5192 403 1513 334 1179 163 136 85 60 1032 131 111 70 41 901 139 53 331 423 171 91 313 1016 939 895 775 732 676 120 78 77 68 47 2099 570 639 159 71 480 88 53 421 49 3093 990 757
is_linear=0
shrinkage=0.05


Tree=73
num_leaves=63
num_cat=0
split_feature=40 40 35 35 40 35 34 40 31 25 31 32 37 9 18 35 34 40 32 31 9 35 31 35 31 35 35 31 32 34 31 31 34 25 35 29 31 31 35 12 31 34 32 23 9 2 5 35 31 32 31 31 32 32 40 5 32 23 40 37 32 32
split_gain=1.11184e+07 1.50186e+07 1.22518e+07 9.28802e+06 9.36867e+06 7.27026e+06 4.93212e+06 4.78809e+06 3.90794e+06 3.32519e+06 3.19662e+06 3.11895e+06 2.64855e+06 2.53728e+06 3.95996e+06 2.6133e+06 2.50775e+06 2.47368e+06 2.04358e+06 2.00568e+06 2.01281e+06 1.90921e+06 1.7229e+06 1.57125e+06 2.07714e+06 2.87991e+06 2.18979e+06 4.09095e+06 1.90552e+06 1.83506e+06 1.82805e+06 2.22601e+06 2.47551e+06 1.49062e+06 1.28496e+06 1.67026e+06 1.24858e+06 1.23631e+06 1.19487e+06 2.54662e+06 2.16506e+06 2.001e+06 1.98313e+06 1.35069e+06 1.20519e+06 1.1945e+06 1.42253e+06 1.32532e+06 1.23757e+06 1.1945e+06 1.14813e+06 1.27295e+06 2.28206e+06 1.48128e+06 1.14037e+06 1.11841e+06 1.08605e+06 1.0458e+06 1.0001e+06 1.17693e+06 983551 972882
threshold=1.0000000180025095e-35 1.5000000000000002 1377.7500000000002 478.95000000000005 5.5000000000000009 598.75000000000011 326.7000000000001 4.5000000000000009 257.85000000000008 1.0000000180025095e-35 451.55000000000007 280.85000000000008 3.5000000000000004 1.0000000180025095e-35 1.0000000180025095e-35 953.35000000000014 281.55000000000007 2.5000000000000004 230.55000000000004 182.85000000000005 1.0000000180025095e-35 819.1500000000002 167.75000000000003 664.45000000000016 477.45000000000005 1162.6500000000003 1162.6500000000003 240.15000000000001 436.85000000000008 222.35000000000005 340.05000000000007 456.35000000000008 350.55000000000007 1.0000000180025095e-35 786.30000000000007 1.0000000180025095e-35 169.75000000000003 412.55000000000007 1211.5500000000002 1.0000000180025095e-35 445.15000000000003 416.00000000000006 433.35000000000008 1.0000000180025095e-35 1.0000000180025095e-35 1.0000000180025095e-35 1.0000000180025095e-35 807.70000000000016 296.75000000000006 174.95000000000002 421.15000000000003 355.45000000000005 247.80000000000004 413.85000000000008 3.5000000000000004 1.0000000180025095e-35 262.55000000000007 1.0000000180025095e-35 5.5000000000000009 2.5000000000000004 94.15000000000002 171.65000000000001
decision_type=2 2 2 2 2 2 2 2 2 2 2 2 2 2 2 2 2 2 2 2 2 2 2 2 2 2 2 2 2 2 2 2 2 2 2 2 2 2 2 2 2 2 2 2 2 2 2 2 2 2 2 2 2 2 2 2 2 2 2 2 2 2
left_child=-1 2 5 19 7 22 8 9 12 17 11 -10 36 23 15 37 56 -5 -17 -3 33 -13 -2 -6 26 -26 34 -28 30 -30 -29 32 -32 55 35 57 -7 -15 41 40 42 43 -40 44 45 46 50 -48 -47 -45 51 53 -53 -19 -51 58 -11 61 -21 -60 -24 -25
right_child=1 3 -4 4 13 6 -8 -9 10 16 -12 21 -14 14 -16 18 -18 38 -20 20 -22 -23 60 24 25 -27 27 28 29 -31 31 -33 -34 -35 -36 -37 -38 -39 39 -41 -42 -43 -44 49 -46 48 47 -49 -50 54 -52 52 -54 -55 -56 -57 -58 -59 59 -61 -62 -63
leaf_value=-2.9811333233348956 -2.3222292370688931 -2.5687249490589319 46.763505668640136 -3.6196411335938858 1.7188916998518753 10.692427445025672 -7.7714251778342502 -2.078475097230521 19.338077425956726 0.2888770806161981 28.163072387377426 12.327526612715289 39.855859067916867 5.047657449943264 -7.8822167796473357 5.2867713201613658 21.794367719518728 -3.5958919642540401 23.53271171670211 -2.1543605981738736 5.1364438323206025 -6.2723949174623232 3.5849585863642206 2.2133598792247287 2.7555505392686381 -19.511776962280276 -5.124717035558489 22.248890690181568 12.156145533808957 30.766921175443208 9.7581954193115248 20.992404425144198 -10.059711065659158 3.865116731677114 2.9463461459395015 -3.800113320350647 28.148432197570799 15.471778017121393 2.3150599771616411 23.155948719978333 -9.4569948859512802 -14.109262274205685 20.385348302667794 -3.0403551025390629 6.4080521923747469 10.439382503682918 0.51836044120788571 13.549353696405888 -0.88336795208066021 14.951457495274752 2.6192322203091214 -0.54822881023089098 -16.408074975013733 4.3674423137343075 4.1919289768866781 2.962015303896695 8.9851454759381486 -0.49339798609415686 -0.48152329771880659 8.2528979945182801 10.713598843480721 10.864202935756781
leaf_weight=2433 108 1819 20 228 634 21 22 1425 36 57 24 22 25 123 31 21 29 197 57 1467 152 37 234 39 53 20 36 23 27 26 40 20 26 164 586 32 20 37 49 20 24 20 22 25 94 55 50 32 43 46 126 48 43 83 53 164 97 30 1077 40 61 195
leaf_count=2433 108 1819 20 228 634 21 22 1425 36 57 24 22 25 123 31 21 29 197 57 1467 152 37 234 39 53 20 36 23 27 26 40 20 26 164 586 32 20 37 49 20 24 20 22 25 94 55 50 32 43 46 126 48 43 83 53 164 97 30 1077 40 61 195
internal_value=0.0626279 0.772304 8.2556 0.291481 1.82426 6.99304 14.6094 -0.0233524 17.2709 2.00895 11.8589 7.73998 27.0289 4.39978 8.92697 11.1164 8.30635 1.09288 18.6203 -1.25354 -0.472762 0.663169 3.08092 3.7183 4.81771 -3.34509 5.36945 10.1213 13.5093 21.286 9.72796 6.37934 1.95114 -0.76555 4.30271 6.98796 19.2076 7.45824 2.13603 6.93971 3.52577 1.53229 7.9143 1.88183 1.10286 0.366243 -0.497815 5.60363 5.47124 6.72525 -1.50449 -2.905 -8.04244 -1.23533 9.19131 -1.04191 5.7664 8.2956 -1.29603 -0.168742 5.05902 9.4224
internal_weight=12868 10435 630 9805 4922 610 207 2866 185 1441 119 95 66 2056 269 238 183 1258 78 4883 3064 59 403 1787 1153 73 1080 198 162 53 109 86 66 2912 882 296 41 160 1030 115 95 915 71 895 771 677 579 82 98 124 497 371 91 280 99 2748 154 264 2584 1117 295 234
internal_count=12868 10435 630 9805 4922 610 207 2866 185 1441 119 95 66 2056 269 238 183 1258 78 4883 3064 59 403 1787 1153 73 1080 198 162 53 109 86 66 2912 882 296 41 160 1030 115 95 915 71 895 771 677 579 82 98 124 497 371 91 280 99 2748 154 264 2584 1117 295 234
is_linear=0
shrinkage=0.05


Tree=74
num_leaves=63
num_cat=0
split_feature=40 40 35 35 40 35 11 40 29 31 31 33 33 40 25 9 25 9 31 32 32 32 36 32 34 36 40 31 31 32 36 36 25 32 32 33 31 35 35 32 36 34 34 10 31 39 35 36 31 33 33 31 32 35 33 36 33 33 33 36 29 36
split_gain=1.00343e+07 1.35543e+07 1.10573e+07 8.39531e+06 8.45789e+06 6.56141e+06 5.29865e+06 4.30671e+06 3.5242e+06 2.46573e+06 3.45267e+06 2.49553e+06 5.47738e+06 2.37926e+06 2.05506e+06 2.13392e+06 2.03637e+06 1.93977e+06 2.37113e+06 2.06259e+06 4.00477e+06 3.0453e+06 2.88311e+06 1.83808e+06 1.81614e+06 1.73213e+06 1.61634e+06 1.56057e+06 1.54045e+06 1.45341e+06 1.35298e+06 3.86853e+06 1.94269e+06 1.38762e+06 1.39796e+06 1.24142e+06 1.65332e+06 2.87775e+06 2.01919e+06 2.03713e+06 1.37575e+06 2.08113e+06 4.28834e+06 1.24619e+06 2.19581e+06 2.07813e+06 1.75242e+06 1.45015e+06 1.99891e+06 1.64135e+06 1.73703e+06 1.24087e+06 1.22764e+06 1.45073e+06 1.21953e+06 1.17127e+06 1.16826e+06 1.19002e+06 1.10969e+06 1.10887e+06 1.41629e+06 1.67391e+06
threshold=1.0000000180025095e-35 1.5000000000000002 1377.7500000000002 541.75000000000011 5.5000000000000009 598.75000000000011 1.0000000180025095e-35 4.5000000000000009 1.0000000180025095e-35 451.55000000000007 348.55000000000007 217.25000000000003 372.95000000000005 2.5000000000000004 1.0000000180025095e-35 1.0000000180025095e-35 1.0000000180025095e-35 1.0000000180025095e-35 469.35000000000008 360.55000000000007 450.50000000000006 318.05000000000007 316.95000000000005 268.45000000000005 281.55000000000007 452.87500000000006 5.5000000000000009 171.55000000000004 362.15000000000003 364.15000000000003 220.71250000000001 215.85833333333338 1.0000000180025095e-35 73.15000000000002 92.350000000000009 483.45000000000005 476.05000000000007 1107.4500000000003 1377.7500000000002 436.85000000000008 225.04166666666671 352.05000000000007 279.9500000000001 1.0000000180025095e-35 305.65000000000003 1.0000000180025095e-35 727.25000000000011 261.0750000000001 466.05000000000007 403.40000000000003 218.95000000000002 191.45000000000002 108.25000000000001 849.65000000000009 192.65000000000001 241.60000000000005 73.750000000000014 139.95000000000002 165.05000000000004 165.62500000000003 1.0000000180025095e-35 199.61000000000004
decision_type=2 2 2 2 2 2 2 2 2 2 2 2 2 2 2 2 2 2 2 2 2 2 2 2 2 2 2 2 2 2 2 2 2 2 2 2 2 2 2 2 2 2 2 2 2 2 2 2 2 2 2 2 2 2 2 2 2 2 2 2 2 2
left_child=-1 2 5 14 7 27 8 13 9 10 11 -7 -13 -5 15 26 -15 25 19 21 22 52 -21 -12 28 30 -3 -2 54 -30 31 32 59 -32 -35 36 38 -38 40 -40 -36 42 43 47 46 -46 -45 49 -49 50 56 -29 -19 -54 -18 -17 -42 -58 -34 -6 61 -61
right_child=1 3 -4 4 17 6 -8 -9 -10 -11 23 12 -14 16 -16 55 24 18 -20 20 -22 -23 -24 -25 -26 -27 -28 51 29 -31 33 -33 58 34 35 -37 37 -39 39 -41 41 -43 -44 44 45 -47 -48 48 -50 -51 -52 -53 53 -55 -56 -57 57 -59 -60 60 -62 -63
leaf_value=-2.8320766538406077 -2.0884314421032157 -2.3062633060663136 44.425331201553348 -2.5857344075007376 -5.3296655227398055 5.5500146496680474 32.939818351499497 -1.956055769774977 -7.7268303005591683 29.633306446075437 11.660018508434296 38.693516131809787 6.823107364773751 2.2977199576069234 2.8085252374500667 0.14970558801463232 10.01323395208879 -4.5432780456542972 24.809121268136163 10.759304570450503 -1.1761996153629188 -13.82737497849898 32.644198113900643 -8.1862343038831451 20.182987431117468 18.554640130996706 -0.46405026273321276 16.875840226411821 4.8827457734516697 22.056236581368879 16.987410822781651 -19.836485784394402 20.906790142059329 -8.1721233974803589 14.128480999610003 13.962881804213806 3.9913979613262676 -17.669604378161221 5.2042305060795382 25.055894692738853 16.558915474301294 -5.1987488415281655 20.708838917658881 1.580491370246524 11.364763127673756 -5.8754558694773706 -17.677828209488482 2.7648264981819901 15.436375958991773 -3.7628819227218631 19.924964481446803 3.9701702770711749 3.8298557888059062 17.048680332728797 -4.7094880366936707 6.2211143241988296 -6.8139895057678217 9.5492432069778452 4.4502572559175038 8.5562544248542007 -7.8091252738031844 -0.97278124600991434
leaf_weight=2433 112 2783 20 217 58 31 31 1277 23 20 20 28 26 893 331 193 22 20 21 34 33 22 27 28 28 20 2081 20 28 22 22 21 20 22 34 34 46 23 28 24 21 59 39 21 44 29 27 547 33 20 41 271 51 35 39 135 20 25 21 98 29 87
leaf_count=2433 112 2783 20 217 58 31 31 1277 23 20 20 28 26 893 331 193 22 20 21 34 33 22 27 28 28 20 2081 20 28 22 22 21 20 22 34 34 46 23 28 24 21 59 39 21 44 29 27 547 33 20 41 271 51 35 39 135 20 25 21 98 29 87
internal_value=0.0594965 0.733689 7.84282 0.276907 1.93852 6.64339 13.8789 0.0857384 10.5216 13.2648 10.8034 16.8573 23.3485 2.17331 -1.01134 -1.25487 3.17399 4.60373 8.75039 7.23132 12.8553 3.10124 20.4461 0.0830377 8.80359 3.93774 -1.5181 2.92687 5.93311 12.4391 3.74194 0.938086 2.33191 4.54995 4.30929 4.55556 4.25968 -3.22894 4.77027 14.3665 4.25047 3.88778 4.50612 3.74295 -0.945865 4.51591 -9.25231 4.54542 3.48579 9.38468 11.8422 4.85716 6.61473 9.20961 0.600346 2.64861 6.82104 2.2767 12.4778 0.802558 2.46456 4.07503
internal_weight=12868 10435 630 9805 4282 610 207 2526 176 153 133 85 54 1249 5523 5192 1032 1756 243 222 94 128 61 48 139 1513 4864 403 111 50 1493 334 313 1159 1137 1115 1081 69 1012 52 960 926 867 828 121 73 48 707 580 127 107 291 106 86 61 328 66 45 41 272 214 185
internal_count=12868 10435 630 9805 4282 610 207 2526 176 153 133 85 54 1249 5523 5192 1032 1756 243 222 94 128 61 48 139 1513 4864 403 111 50 1493 334 313 1159 1137 1115 1081 69 1012 52 960 926 867 828 121 73 48 707 580 127 107 291 106 86 61 328 66 45 41 272 214 185
is_linear=0
shrinkage=0.05


Tree=75
num_leaves=63
num_cat=0
split_feature=39 40 40 35 9 9 40 35 32 40 35 32 33 40 36 18 36 40 32 36 35 5 40 2 35 35 33 33 33 36 33 28 35 35 33 36 36 32 23 36 32 32 6 36 36 32 36 36 35 35 35 36 32 32 32 36 32 35 35 36 2 36
split_gain=9.07743e+06 5.45372e+06 6.19981e+06 6.39102e+06 4.94836e+06 4.63785e+06 3.73517e+06 3.26391e+06 2.5688e+06 2.49848e+06 2.51756e+06 5.36482e+06 2.54779e+06 2.37933e+06 2.37295e+06 2.27423e+06 3.02452e+06 2.11435e+06 2.37248e+06 2.04702e+06 1.84501e+06 1.60703e+06 1.54591e+06 1.69947e+06 1.5101e+06 2.12777e+06 1.5346e+06 2.84214e+06 2.3208e+06 1.89412e+06 2.83995e+06 1.74499e+06 1.94284e+06 1.71795e+06 1.5614e+06 2.40515e+06 1.45859e+06 1.32916e+06 1.31486e+06 1.96429e+06 1.30803e+06 2.13739e+06 1.29224e+06 1.27392e+06 1.54844e+06 1.23844e+06 1.16371e+06 1.44424e+06 1.29249e+06 1.35894e+06 1.15182e+06 1.14566e+06 1.10927e+06 2.71189e+06 1.10421e+06 1.10356e+06 1.05025e+06 2.63188e+06 1.03613e+06 1.02034e+06 986851 987383
threshold=1.0000000180025095e-35 1.0000000180025095e-35 1.5000000000000002 1018.5500000000001 1.0000000180025095e-35 1.0000000180025095e-35 5.5000000000000009 1291.7500000000002 392.55000000000007 5.5000000000000009 969.95000000000016 389.15000000000003 345.95000000000005 3.5000000000000004 334.51666666666671 1.0000000180025095e-35 386.78333333333336 2.5000000000000004 385.45000000000005 242.6166666666667 819.1500000000002 1.0000000180025095e-35 5.5000000000000009 1.0000000180025095e-35 1241.4000000000003 696.05000000000007 249.05000000000004 201.15000000000001 479.15000000000003 251.51250000000002 141.75000000000003 1.0000000180025095e-35 1186.7000000000003 926.15000000000009 292.00000000000006 236.23333333333338 271.56250000000006 487.45000000000005 1.0000000180025095e-35 238.35416666666671 266.25000000000006 321.25000000000006 1.0000000180025095e-35 154.68750000000003 331.58333333333343 480.35000000000008 292.81666666666672 187.82000000000002 727.25000000000011 515.45000000000016 1257.3500000000001 470.95000000000005 442.25000000000006 457.45000000000005 351.00000000000006 345.92500000000007 206.25000000000003 1026.7 932.50000000000011 339.34166666666675 1.0000000180025095e-35 336.08750000000003
decision_type=2 2 2 2 2 2 2 2 2 2 2 2 2 2 2 2 2 2 2 2 2 2 2 2 2 2 2 2 2 2 2 2 2 2 2 2 2 2 2 2 2 2 2 2 2 2 2 2 2 2 2 2 2 2 2 2 2 2 2 2 2 2
left_child=4 59 3 43 9 6 13 24 -9 21 45 19 -13 17 -6 16 22 -4 54 -12 -20 42 -7 56 25 51 27 29 31 38 -31 32 34 -29 -28 -36 -37 60 39 -27 -21 -42 -1 -3 46 52 47 -45 49 -49 -16 -8 -11 -54 -19 -23 -24 -58 -57 -2 -15 -62
right_child=1 2 5 -5 14 15 7 8 -10 10 11 12 -14 37 50 -17 -18 18 20 40 -22 55 23 -25 -26 26 28 33 -30 30 -32 -33 -34 -35 35 36 -38 -39 -40 -41 41 -43 -44 44 -46 -47 -48 48 -50 -51 -52 -53 53 -55 -56 58 57 -59 -60 -61 61 -63
leaf_value=-2.8147711935600608 -2.7311272666989619 -3.4329086409674754 -1.7530190719702305 29.072695888343613 1.0295708437568709 4.2114844162299718 1.2304423007542891 3.4951198947045117 23.130560048421227 -0.56241464122691354 -0.34857276053655717 4.02297484368989 -16.290841826077166 -2.0544479231085253 5.9577696451645217 -7.8601341065906345 25.432652504627523 3.6720415643615532 2.1842526912689211 26.371233034133912 19.562726538521904 -0.66578666032036338 0.95644196357045852 23.902808729807536 -8.5316785413643412 2.3718125965284265 -12.65591584373923 10.233699401219686 14.834830284118652 5.4740757766148906 -12.132084648697465 11.576827707598287 12.705771464651281 29.816090919857938 -15.268150594960089 10.256307587256799 -1.9061009106351368 8.6579693934496724 21.725916067759197 21.141241500377657 0.48284926187424432 21.75156716240777 -0.11775000495299193 20.938731230497361 -0.29292742252349852 8.8479947566986095 21.743337358747212 4.5632183949152632 -1.9295297414064407 21.080407674312593 18.084830770302904 12.53135579979938 -21.458733628012919 0.39673721313476568 -7.4184971421957018 2.6246327305451418 23.728057567889877 -0.39767638206481937 15.381017570495608 1.3731013210720739 -0.31205184309453265 6.6228532461019674
leaf_weight=3795 731 27 195 38 621 145 900 31 36 1903 21 33 29 1090 178 21 26 346 24 26 42 419 28 24 29 46 34 24 33 151 27 31 22 21 23 39 67 34 24 20 21 27 503 20 40 34 21 33 32 20 22 23 22 40 24 78 26 20 20 191 244 65
leaf_count=3795 731 27 195 38 621 145 900 31 36 1903 21 33 29 1090 178 21 26 346 24 26 42 419 28 24 29 46 34 24 33 151 27 31 22 21 23 39 67 34 24 20 21 27 503 20 40 34 21 33 32 20 22 23 22 40 24 78 26 20 20 191 244 65
internal_value=-0.0438889 1.59876 2.36886 10.3298 -1.1165 1.90152 1.41734 3.24614 14.0455 -1.54891 -0.134313 5.96234 -5.47865 0.0165057 2.55507 7.98716 9.2243 2.5748 4.51041 13.4291 13.2433 -2.18233 7.49008 12.3411 2.76823 2.9889 5.4144 7.74478 2.48505 5.79242 2.80348 0.598274 -1.24138 19.3721 -3.12381 -0.611475 2.56875 -1.11 11.7039 8.05952 17.339 12.4465 -2.49914 6.63953 8.27781 -0.61314 10.9987 8.84975 6.00529 10.7961 7.29175 1.51205 -0.776844 -7.35843 2.95266 0.451406 8.5913 13.2386 5.22798 -1.8809 -1.34739 1.14675
internal_weight=12880 5088 4166 231 7792 3935 3645 1581 67 6971 2156 157 62 2064 821 290 269 631 436 95 66 4815 243 98 1514 1485 562 313 249 268 178 216 185 45 163 129 106 1433 90 66 74 48 4298 193 166 1999 126 105 85 53 200 923 1965 62 370 517 74 46 98 922 1399 309
internal_count=12880 5088 4166 231 7792 3935 3645 1581 67 6971 2156 157 62 2064 821 290 269 631 436 95 66 4815 243 98 1514 1485 562 313 249 268 178 216 185 45 163 129 106 1433 90 66 74 48 4298 193 166 1999 126 105 85 53 200 923 1965 62 370 517 74 46 98 922 1399 309
is_linear=0
shrinkage=0.05


Tree=76
num_leaves=63
num_cat=0
split_feature=39 40 40 34 9 9 5 40 34 11 32 36 36 32 32 40 18 36 40 32 40 36 32 34 37 34 36 40 2 25 5 34 40 36 34 36 36 36 32 36 36 10 33 32 33 36 36 32 32 32 37 32 32 13 5 32 6 34 33 40 34 32
split_gain=8.19238e+06 4.92198e+06 5.59533e+06 8.07826e+06 4.46589e+06 4.18566e+06 3.52724e+06 2.81604e+06 2.74094e+06 2.72775e+06 2.20203e+06 3.64685e+06 2.14257e+06 2.13409e+06 3.17696e+06 2.10826e+06 2.0525e+06 2.72963e+06 2.02701e+06 2.10881e+06 1.65739e+06 1.67378e+06 1.77843e+06 1.53059e+06 1.50973e+06 2.64168e+06 1.43996e+06 1.39518e+06 1.53377e+06 1.30783e+06 1.25736e+06 1.21279e+06 1.02104e+06 1.10949e+06 2.44472e+06 1.0398e+06 991409 975020 949469 1.43177e+06 920853 894167 1.52163e+06 893178 885125 880947 935275 885896 3.56228e+06 1.89749e+06 1.32085e+06 2.04725e+06 1.89182e+06 1.10772e+06 874201 886868 864601 984714 861504 814369 813708 1.04561e+06
threshold=1.0000000180025095e-35 1.0000000180025095e-35 1.5000000000000002 183.65000000000003 1.0000000180025095e-35 1.0000000180025095e-35 1.0000000180025095e-35 5.5000000000000009 393.95000000000005 1.0000000180025095e-35 435.35000000000008 359.37500000000006 379.92500000000013 459.15000000000003 484.05000000000007 5.5000000000000009 1.0000000180025095e-35 386.78333333333336 4.5000000000000009 472.25000000000006 1.0000000180025095e-35 243.56250000000003 247.80000000000004 445.90000000000003 4.5000000000000009 367.15000000000003 200.57500000000002 5.5000000000000009 1.0000000180025095e-35 1.0000000180025095e-35 1.0000000180025095e-35 237.80000000000004 5.5000000000000009 308.02500000000003 115.55000000000001 361.21666666666675 470.95000000000005 242.6166666666667 221.85000000000005 297.71666666666675 339.34166666666675 1.0000000180025095e-35 479.15000000000003 478.45000000000005 237.55000000000004 171.15833333333333 470.95000000000005 442.25000000000006 457.45000000000005 431.35000000000008 2.5000000000000004 396.15000000000003 90.850000000000009 1.0000000180025095e-35 1.0000000180025095e-35 198.45000000000002 1.0000000180025095e-35 356.75000000000006 125.7 1.5000000000000002 61.500000000000007 351.00000000000006
decision_type=2 2 2 2 2 2 2 2 2 2 2 2 2 2 2 2 2 2 2 2 2 2 2 2 2 2 2 2 2 2 2 2 2 2 2 2 2 2 2 2 2 2 2 2 2 2 2 2 2 2 2 2 2 2 2 2 2 2 2 2 2 2
left_child=4 40 3 29 8 6 7 9 15 18 23 13 54 58 -15 30 17 27 19 -4 -10 -22 -23 24 25 36 -8 -7 38 44 56 -26 35 34 -34 37 41 -28 -29 -40 -2 42 -9 -13 -3 -17 47 49 -49 50 -47 52 -52 -54 60 -56 57 -1 -12 -14 -6 -62
right_child=1 2 5 -5 12 16 26 10 20 -11 11 43 59 14 -16 45 -18 -19 -20 -21 21 22 -24 -25 31 -27 32 28 -30 -31 -32 -33 33 -35 -36 -37 -38 -39 39 -41 -42 -43 -44 -45 -46 46 -48 48 -50 -51 51 -53 53 -55 55 -57 -58 -59 -60 -61 61 -63
leaf_value=-2.6573531117545435 -2.5945708880488918 1.3875870248545772 1.8952938104352794 31.223647362477074 1.6541282845017951 4.0009101354664773 0.070000303282387683 1.4829924307612368 -3.5330312639474872 -3.7378762636006928 3.9905850637526741 24.934379824276629 17.973983287215233 -13.96214095056057 11.441009073257447 -2.0221524312140517 -7.4671277091616677 24.161019842899762 -1.2487799036874836 14.294767644670276 -1.6552683042443317 24.078249975351188 6.8145869541168214 14.98825912475586 2.7621230520051103 -16.698173885345462 11.619619874159497 1.3027452397346497 22.707668526967367 13.309829178723422 0.18446117480974161 17.633720669379603 9.18318051633082 6.2587884675372729 30.440517098563063 14.671691958109538 11.904788058737051 -0.12541988678832552 21.857780187780207 3.8188641288063745 1.3044462389658884 -3.8603004201253257 13.288471344539099 11.574153899875554 10.468612662042892 -0.098176713285024114 -4.7665103368980937 -18.786567316384151 1.3105612008467966 15.522634098746559 -8.1651921828587852 -8.0222804372960876 4.9661355022651463 13.930447627249221 -0.4958993566036225 13.008919275960615 -0.4900972847689371 -12.069283665929524 18.490511741638183 6.8524834453418695 -6.9651509530727687 3.9631842237530339
leaf_weight=3710 731 115 722 37 559 145 63 1084 32 456 21 29 20 32 20 548 21 26 699 36 23 26 35 22 29 20 24 30 24 44 499 26 38 44 21 24 23 67 22 22 191 75 28 22 35 1062 86 29 92 22 24 33 192 42 20 31 488 28 20 93 65 33
leaf_count=3710 731 115 722 37 559 145 63 1084 32 456 21 29 20 32 20 548 21 26 699 36 23 26 35 22 29 20 24 30 24 44 499 26 38 44 21 24 23 67 22 22 191 75 28 22 35 1062 86 29 92 22 24 33 192 42 20 31 488 28 20 93 65 33
internal_value=-0.0416944 1.51882 2.25042 9.81334 -1.06068 1.80644 1.34647 0.896939 -1.47147 -0.362967 2.558 8.4262 2.42732 2.53381 -4.1917 -1.60044 7.5878 8.76309 0.693285 2.48419 6.15015 9.83897 14.1729 1.91147 1.68758 1.32517 6.7281 7.11557 11.724 5.72993 -2.18917 9.79233 8.65223 12.2679 16.7494 5.41381 1.62308 2.97217 8.16174 12.8383 -1.78686 1.42386 1.78025 19.1711 3.50649 -0.294454 0.304015 0.595503 -3.50611 0.956445 0.719596 3.70404 5.20392 6.57511 1.40687 7.71291 -2.46945 -2.72785 11.0637 8.82089 0.917364 -3.2852
internal_weight=12880 5088 4166 231 7792 3935 3645 3364 6971 1913 1451 144 821 93 52 6855 290 269 1457 758 116 84 61 1307 1285 1230 281 243 98 194 4725 55 218 103 59 115 1210 91 74 44 922 1187 1112 51 150 2130 1582 1496 121 1375 1353 291 258 234 708 51 4226 3738 41 113 657 98
internal_count=12880 5088 4166 231 7792 3935 3645 3364 6971 1913 1451 144 821 93 52 6855 290 269 1457 758 116 84 61 1307 1285 1230 281 243 98 194 4725 55 218 103 59 115 1210 91 74 44 922 1187 1112 51 150 2130 1582 1496 121 1375 1353 291 258 234 708 51 4226 3738 41 113 657 98
is_linear=0
shrinkage=0.05


Tree=77
num_leaves=63
num_cat=0
split_feature=39 40 40 34 9 9 5 40 34 31 11 31 40 18 40 31 31 18 33 34 34 31 37 31 31 34 4 31 31 31 31 33 33 25 33 31 34 33 5 13 34 34 31 33 33 28 31 25 2 7 33 31 29 31 34 11 31 31 23 34 33 33
split_gain=7.39362e+06 4.44209e+06 5.04978e+06 7.29063e+06 4.03047e+06 3.77756e+06 3.18334e+06 2.54148e+06 2.4737e+06 2.57625e+06 2.46179e+06 1.97513e+06 1.9027e+06 1.85238e+06 1.82937e+06 1.6336e+06 1.46442e+06 1.45773e+06 2.9653e+06 2.69529e+06 4.24204e+06 1.38357e+06 1.99078e+06 1.59006e+06 2.01903e+06 1.72623e+06 1.37024e+06 2.09111e+06 2.12928e+06 1.3206e+06 2.41934e+06 1.49557e+06 1.36309e+06 1.28562e+06 1.24298e+06 1.17788e+06 2.26466e+06 1.14909e+06 1.13477e+06 1.12886e+06 2.03227e+06 1.36247e+06 1.19525e+06 1.1438e+06 1.28345e+06 1.45185e+06 1.04392e+06 1.02641e+06 997885 960828 955786 942350 1.06717e+06 940124 939957 936775 1.43093e+06 916038 909512 901548 871619 1.40407e+06
threshold=1.0000000180025095e-35 1.0000000180025095e-35 1.5000000000000002 183.65000000000003 1.0000000180025095e-35 1.0000000180025095e-35 1.0000000180025095e-35 5.5000000000000009 393.95000000000005 338.05000000000007 1.0000000180025095e-35 448.05000000000007 5.5000000000000009 1.0000000180025095e-35 4.5000000000000009 223.55000000000004 214.85000000000005 1.0000000180025095e-35 292.00000000000006 447.55000000000007 389.7000000000001 286.05000000000007 2.5000000000000004 448.05000000000007 466.05000000000007 134.75000000000003 1.0000000180025095e-35 431.55000000000007 294.85000000000008 341.65000000000003 373.85000000000008 352.55000000000007 136.45000000000002 1.0000000180025095e-35 429.65000000000003 251.05000000000004 350.55000000000007 407.25000000000006 1.0000000180025095e-35 1.0000000180025095e-35 100.75000000000001 305.70000000000005 175.25000000000003 458.60000000000008 261.4500000000001 1.0000000180025095e-35 205.95000000000002 1.0000000180025095e-35 1.0000000180025095e-35 1.0000000180025095e-35 389.75000000000006 451.55000000000007 1.0000000180025095e-35 471.05000000000007 99.40000000000002 1.0000000180025095e-35 314.35000000000008 495.65000000000003 1.0000000180025095e-35 196.60000000000005 121.65000000000002 336.15000000000003
decision_type=2 2 2 2 2 2 2 2 2 2 2 2 2 2 2 2 2 2 2 2 2 2 2 2 2 2 2 2 2 2 2 2 2 2 2 2 2 2 2 2 2 2 2 2 2 2 2 2 2 2 2 2 2 2 2 2 2 2 2 2 2 2
left_child=4 -2 3 11 8 6 7 10 12 37 14 33 38 29 16 -6 50 19 -19 20 26 -14 57 25 -25 60 39 28 -28 -7 -31 32 -32 46 35 59 49 -10 51 41 42 43 -41 44 54 47 58 -46 55 -37 -4 52 -1 -17 -9 56 -48 -23 -3 -8 -24 -62
right_child=1 2 5 -5 15 13 34 17 9 -11 -12 -13 21 -15 -16 53 -18 18 -20 -21 -22 22 23 24 -26 -27 27 -29 -30 30 31 -33 -34 -35 -36 36 -38 -39 -40 40 -42 -43 -44 -45 45 -47 48 -49 -50 -51 -52 -53 -54 -55 -56 -57 -58 -59 -60 -61 61 -63
leaf_value=-2.3254985819182052 -1.6975140890518685 1.8268932945588057 -1.2988755012419742 29.662465167689973 -0.39401584200941409 5.3432874253545055 -1.0900634457623322 1.3908120072741355 -3.2373307164226262 16.113616973757743 -3.550982434132643 20.324260864257813 -1.5338764775427345 -7.0937711715698244 -1.1863409039970803 3.3823161024608832 4.0611100095532491 2.2376156603967821 19.733400401804182 18.945033911000127 -21.171789426803588 0.15331342176071505 0.69815050094358388 -13.574073094907016 5.8474658563733106 18.174995400828703 10.389633189714871 22.054616012573245 -5.8485247380805738 27.754309300013951 12.419976028319329 18.837118551466201 -2.0766844833598417 12.147731569078234 16.806057792443497 8.3747029918305422 -6.8944551369973599 10.724593614339829 0.17523816021864783 -8.1815344810485851 18.101387112481255 -11.510552615211125 6.5088923867543542 10.974855200449626 -10.481684232527211 6.520461155818059 6.2576269865036016 1.0522279967154775 -11.131207949464972 18.65200288414955 9.7857716469537657 -0.21998237853484423 -5.1168256223260427 10.435576497383838 10.111030423641205 9.8417804536365328 -12.656189537048341 -9.76138764222463 15.061362593514581 9.5644674154428326 13.895036827788061 0.42917337864637378
leaf_weight=3381 922 34 263 37 333 156 84 901 56 40 456 20 1082 21 699 435 474 74 36 23 20 795 62 23 32 31 52 20 33 21 31 27 34 36 26 94 21 20 499 20 28 21 45 30 62 26 20 28 22 30 21 464 381 53 32 21 20 24 21 26 49 32
leaf_count=3381 922 34 263 37 333 156 84 901 56 40 456 20 1082 21 699 435 474 74 36 23 20 795 62 23 32 31 52 20 33 21 31 27 34 36 26 94 21 20 499 20 28 21 45 30 62 26 20 28 22 30 21 464 381 53 32 21 20 24 21 26 49 32
internal_value=-0.0396097 1.44288 2.1379 9.32267 -1.00764 1.71612 1.27915 0.852092 -1.3979 5.84264 -0.344818 5.44343 -1.52042 7.20841 0.658621 2.30595 2.35998 2.4301 7.96351 1.9762 1.68009 -0.279731 1.0151 5.13631 -2.27427 7.47874 2.03219 7.50811 4.08541 8.32494 12.4412 8.94581 4.83711 3.73299 6.3917 5.32984 8.28965 0.43686 -2.07971 1.55024 6.83987 1.10303 1.98876 1.34852 1.07322 -3.88681 1.53784 -6.89336 -2.00217 10.8611 -0.479236 -2.34598 -2.60819 4.14835 1.6899 1.29026 -3.19928 -0.137227 6.88005 1.42828 5.15997 8.57519
internal_weight=12880 5088 4166 231 7792 3935 3645 3364 6971 116 1913 194 6855 290 1457 821 758 1451 110 1341 1318 2130 1048 229 55 174 1298 105 85 269 113 92 65 174 281 255 145 76 4725 1193 93 1100 65 1079 1049 116 138 90 83 124 284 4226 3762 488 933 61 40 819 55 110 143 81
internal_count=12880 5088 4166 231 7792 3935 3645 3364 6971 116 1913 194 6855 290 1457 821 758 1451 110 1341 1318 2130 1048 229 55 174 1298 105 85 269 113 92 65 174 281 255 145 76 4725 1193 93 1100 65 1079 1049 116 138 90 83 124 284 4226 3762 488 933 61 40 819 55 110 143 81
is_linear=0
shrinkage=0.05


Tree=78
num_leaves=63
num_cat=0
split_feature=35 40 40 25 40 33 35 9 40 12 36 31 31 32 36 32 29 32 5 36 33 32 31 31 36 36 35 31 35 2 23 35 40 36 31 31 36 10 35 36 34 7 32 28 40 32 35 40 36 35 32 5 32 35 32 31 21 35 31 34 40 35
split_gain=7.14505e+06 4.56123e+06 4.09386e+06 4.15282e+06 3.64661e+06 4.8601e+06 4.23225e+06 3.10943e+06 2.84776e+06 3.50155e+06 3.37861e+06 2.21626e+06 2.17976e+06 2.34215e+06 2.14352e+06 3.52681e+06 2.76835e+06 2.66944e+06 2.62788e+06 2.72206e+06 2.4253e+06 2.34295e+06 1.99498e+06 3.24219e+06 3.29308e+06 2.43475e+06 3.15523e+06 1.94492e+06 1.79273e+06 1.74434e+06 4.3736e+06 1.61524e+06 1.58859e+06 1.81642e+06 2.18292e+06 3.20285e+06 1.61255e+06 1.35417e+06 1.24748e+06 1.21593e+06 1.93172e+06 1.21519e+06 1.40926e+06 1.20023e+06 1.40965e+06 2.01911e+06 1.52552e+06 1.11529e+06 1.25484e+06 1.11289e+06 1.11209e+06 1.08914e+06 1.0828e+06 1.07609e+06 1.01918e+06 1.00904e+06 997571 992969 1.27015e+06 966594 931482 1.57548e+06
threshold=946.45000000000016 1.0000000180025095e-35 1.0000000180025095e-35 1.0000000180025095e-35 1.5000000000000002 343.05000000000007 1089.1000000000001 1.0000000180025095e-35 5.5000000000000009 1.0000000180025095e-35 324.15000000000009 216.75000000000003 238.05000000000004 492.35000000000008 415.47500000000008 462.05000000000007 1.0000000180025095e-35 275.60000000000008 1.0000000180025095e-35 303.53750000000008 206.35000000000005 436.85000000000008 456.35000000000008 416.15000000000003 327.25000000000006 304.74166666666673 1175.5000000000002 273.45000000000005 1186.7000000000003 1.0000000180025095e-35 1.0000000180025095e-35 831.35000000000025 3.5000000000000004 379.92500000000013 410.65000000000003 464.35000000000008 295.35833333333341 1.0000000180025095e-35 918.1500000000002 233.04166666666671 214.10000000000005 1.0000000180025095e-35 407.65000000000003 1.0000000180025095e-35 3.5000000000000004 186.75000000000003 831.35000000000025 1.5000000000000002 231.85000000000005 1009.4000000000001 332.15000000000003 1.0000000180025095e-35 389.15000000000003 721.20000000000016 394.45000000000005 81.15000000000002 1.0000000180025095e-35 763.75000000000011 326.95000000000005 257.90000000000003 1.5000000000000002 691.00000000000011
decision_type=2 2 2 2 2 2 2 2 2 2 2 2 2 2 2 2 2 2 2 2 2 2 2 2 2 2 2 2 2 2 2 2 2 2 2 2 2 2 2 2 2 2 2 2 2 2 2 2 2 2 2 2 2 2 2 2 2 2 2 2 2 2
left_child=2 -2 -1 7 5 6 -3 12 32 14 11 -11 13 51 15 16 18 -18 21 -20 -17 22 23 25 -25 39 -27 43 -7 37 -31 -29 33 34 36 -36 49 41 -33 -10 -41 -14 -43 44 45 -5 53 48 -9 -6 -51 55 -38 -46 -19 -4 -42 -39 -59 60 61 -57
right_child=1 4 3 27 8 28 -8 47 9 10 -12 -13 29 -15 -16 20 17 54 19 -21 -22 -23 -24 24 -26 26 -28 31 -30 30 -32 38 -34 -35 35 -37 52 57 -40 40 56 42 -44 -45 46 -47 -48 -49 -50 50 -52 -53 -54 -55 -56 59 -58 58 -60 -61 -62 -63
leaf_value=-2.6130078377841968 -1.7291156672038888 11.163470268249512 -4.2460171394291502 -0.73809726851327084 -3.7226099472045897 12.630103588104248 41.61120826176235 1.8056736564636233 14.468788795471193 -8.3619840139692485 -16.436263985787669 11.890204251153129 -0.25327079980983508 12.221592187086742 22.569695203200631 -17.607786502621391 -10.726253404564254 14.437413980410652 30.677246977488199 8.5735137095818157 3.2527345983605636 20.310497448895433 16.761771702056841 6.739131717681885 -21.609897322881793 6.928454726451152 30.511312235956609 4.8916489114924788 -7.8382444215857463 1.9838681637397355 25.035630928386343 19.664097502424912 0.45645822317172319 18.063000305175784 23.845509038652693 -1.6481812953948975 -11.477619258335659 -1.810624698873333 4.1649591445922853 9.8273772948128837 1.4308873139894926 1.7579657676152545 12.012913239629647 -8.348115762074789 0.46914795948049193 15.612379537849893 -10.681358071735929 2.2727303351665187 19.305408078148254 17.059440493583679 2.6193073590596518 1.1125291935248771 2.8836735044206896 11.2582248210907 -0.57576404571533202 4.5553571186775015 -12.557585773468018 -18.368278663808649 -4.1531456279754639 -9.1299179154773089 -1.8139861739492329 -10.280714107695081
leaf_weight=1968 458 25 463 35 25 20 21 20 20 22 31 35 3239 30 23 22 33 26 30 26 38 37 42 20 21 37 23 248 23 318 22 37 702 25 28 22 35 283 20 35 26 283 38 30 208 41 28 667 21 24 30 289 21 26 20 121 25 22 55 43 2253 21
leaf_count=1968 458 25 463 35 25 20 21 20 20 22 31 35 3239 30 23 22 33 26 30 26 38 37 42 20 21 37 23 248 23 318 22 37 702 25 28 22 35 283 20 35 26 283 38 30 208 41 28 667 21 24 30 289 21 26 20 121 25 22 55 43 2253 21
internal_value=-0.0376292 2.66836 -0.55014 -0.0919841 3.93267 13.7668 25.0635 -0.402311 3.35073 6.05117 -3.15149 4.07357 -0.70208 -1.68383 7.65798 6.94495 8.56125 0.125204 10.5099 20.4148 -4.39612 8.57052 6.82602 4.81007 -7.7811 7.91994 15.9686 3.68358 1.68192 0.0399936 3.47545 6.63606 1.59781 5.41319 3.70376 12.6283 0.398378 -0.25798 14.2258 3.36413 0.781647 0.0375424 2.97195 1.23655 2.08726 8.08255 0.348163 2.76474 10.769 4.99925 9.03714 -1.8146 -6.09213 1.66793 7.90995 -2.1062 -5.42621 -3.18037 -8.21461 -1.69983 -1.56643 2.36129
internal_weight=12880 2051 10829 8861 1593 89 46 8188 1504 592 88 57 7480 3220 504 481 421 79 342 56 60 286 249 207 41 166 60 673 43 4260 340 305 912 210 185 50 135 3920 57 106 86 3560 321 368 338 76 262 708 41 79 54 3190 56 234 46 2901 51 360 77 2438 2395 142
internal_count=12880 2051 10829 8861 1593 89 46 8188 1504 592 88 57 7480 3220 504 481 421 79 342 56 60 286 249 207 41 166 60 673 43 4260 340 305 912 210 185 50 135 3920 57 106 86 3560 321 368 338 76 262 708 41 79 54 3190 56 234 46 2901 51 360 77 2438 2395 142
is_linear=0
shrinkage=0.05


Tree=79
num_leaves=63
num_cat=0
split_feature=39 40 32 36 33 32 40 34 31 33 6 31 31 31 31 34 32 32 4 33 33 32 34 32 33 33 32 33 40 32 33 36 36 40 40 33 40 32 40 36 32 33 40 40 40 33 11 36 32 34 36 36 25 34 33 32 31 32 31 31 32 31
split_gain=6.26957e+06 3.68793e+06 3.31153e+06 3.15289e+06 2.94226e+06 6.19829e+06 2.70672e+06 3.05626e+06 3.88941e+06 2.44698e+06 2.39471e+06 2.85777e+06 3.1981e+06 2.28586e+06 2.14532e+06 2.06988e+06 1.74883e+06 1.53454e+06 1.47824e+06 1.3601e+06 1.3256e+06 1.37682e+06 1.68857e+06 3.92134e+06 2.20225e+06 1.58693e+06 1.27676e+06 1.27153e+06 1.20941e+06 2.43792e+06 4.58086e+06 4.47897e+06 1.69688e+06 1.61189e+06 1.29097e+06 1.55597e+06 1.31464e+06 1.23949e+06 1.18494e+06 1.14884e+06 1.13057e+06 1.8274e+06 1.17122e+06 2.69885e+06 3.29979e+06 2.67345e+06 1.39216e+06 1.27813e+06 1.15139e+06 1.7835e+06 1.91116e+06 1.17503e+06 1.15934e+06 1.14023e+06 1.12528e+06 1.22388e+06 979518 1.07258e+06 946798 1.11557e+06 905544 1.46977e+06
threshold=1.0000000180025095e-35 5.5000000000000009 492.35000000000008 327.25000000000006 334.15000000000003 402.15000000000003 1.0000000180025095e-35 413.85000000000008 249.25000000000003 352.55000000000007 1.0000000180025095e-35 296.75000000000006 200.55000000000004 241.95000000000002 148.75000000000003 475.30000000000001 322.65000000000003 303.10000000000008 1.0000000180025095e-35 421.75000000000006 324.60000000000008 476.65000000000003 171.50000000000003 329.05000000000007 280.95000000000005 215.65000000000001 244.65000000000001 171.75000000000003 1.5000000000000002 249.75000000000003 206.35000000000005 276.02500000000003 327.25000000000006 5.5000000000000009 4.5000000000000009 379.65000000000003 3.5000000000000004 405.75000000000006 2.5000000000000004 359.37500000000006 473.65000000000003 210.15000000000001 4.5000000000000009 1.0000000180025095e-35 1.5000000000000002 239.60000000000002 1.0000000180025095e-35 327.25000000000006 275.60000000000008 270.80000000000001 404.10000000000008 254.65000000000006 1.0000000180025095e-35 262.00000000000006 206.35000000000005 264.45000000000005 296.75000000000006 435.35000000000008 495.65000000000003 488.85000000000008 228.75000000000003 407.15000000000003
decision_type=2 2 2 2 2 2 2 2 2 2 2 2 2 2 2 2 2 2 2 2 2 2 2 2 2 2 2 2 2 2 2 2 2 2 2 2 2 2 2 2 2 2 2 2 2 2 2 2 2 2 2 2 2 2 2 2 2 2 2 2 2 2
left_child=6 2 13 -4 18 9 -1 14 17 -6 11 12 19 -2 -8 40 -13 -9 20 -11 21 22 24 27 25 56 -26 -24 29 30 -16 -31 -33 34 35 37 -37 38 -30 -7 42 -42 43 -15 45 47 48 -45 53 50 51 -50 -53 -46 -48 -56 -3 -58 59 60 -35 -62
right_child=1 4 3 -5 5 39 7 8 -10 10 -12 16 -14 15 28 -17 -18 -19 -20 -21 -22 -23 23 -25 26 -27 -28 -29 33 31 -32 32 -34 58 -36 36 -38 -39 -40 -41 41 -43 -44 44 46 -47 54 -49 49 -51 -52 52 -54 -55 55 -57 57 -59 -60 -61 61 -63
leaf_value=-2.8326226639209633 -1.2940320143634856 0.33418290843797283 1.4057702751159669 27.359034649892291 20.887145519256592 17.573138035044952 -2.3979198074434307 -11.683080587387085 20.007783779283852 12.823064895912452 -12.268114050229391 1.9303352671154475 24.305998374675884 -0.76474945617329548 2.8564284573240979 15.08742818683386 -15.178341970443725 7.668950703030541 8.284995709743697 -1.9361131925840636 -10.883308238983155 -7.2923704435950825 7.1688492873619341 17.376346699944857 0.93859817931428557 9.8718131810426719 -15.602015686035157 -6.9887675312587199 -4.1101168070211376 30.511620621454149 -19.212115528721078 -8.3072785949707022 12.042671675909133 0.064090689271412107 -2.2918527008878185 15.978481893186217 1.1016856123100627 4.4331342874454851 -0.14766690132095339 32.675436668395996 3.2123835899211741 -15.183485758746114 -0.54472703784704213 13.449974727339862 3.1334951003942524 25.150564874451739 1.3911478285571093 0.63222039970191757 18.665306772504533 21.461712808609008 -8.4217566444760283 2.600522873673258 14.289440041574938 -8.9332262493315202 -0.64727757573127753 -16.615214029947918 2.7492158440483943 11.836090168271745 -8.1941348634917173 9.7528633880615239 4.0072488697207707 -2.3785847164626817
leaf_weight=1504 1461 559 25 22 20 34 1307 20 41 27 24 59 29 471 246 27 20 21 97 37 20 38 29 58 20 64 28 35 234 21 26 20 21 1348 1257 27 33 119 974 20 27 27 558 41 289 29 131 37 21 20 21 79 29 21 28 21 450 35 29 35 392 117
leaf_count=1504 1461 559 25 22 20 34 1307 20 41 27 24 59 29 471 246 27 20 21 97 37 20 38 29 58 20 64 28 35 234 21 26 20 21 1348 1257 27 33 119 974 20 27 27 558 41 289 29 131 37 21 20 21 79 29 21 28 21 450 35 29 35 392 117
internal_value=-0.0357478 1.32941 0.374599 13.5541 3.22725 8.01514 -0.927163 -0.471404 9.11836 4.22728 2.52729 4.59176 10.5318 0.189028 -0.598114 1.3434 -2.40098 -1.77106 2.32513 4.29042 1.89242 2.08658 2.36545 7.95998 1.77503 2.22926 -8.71009 -0.573597 -0.117945 2.78641 0.746935 11.7338 2.11587 -0.330443 -1.13129 -0.0795078 7.79624 -0.435608 -0.915228 23.1666 1.14281 -5.98555 1.35714 2.21436 4.04377 12.1889 2.72328 7.36976 4.12951 7.43638 5.56633 7.84346 5.73921 2.31607 -1.02668 -7.49068 1.76075 3.40497 0.771818 0.909245 0.742564 2.53939
internal_weight=12880 5088 3385 47 1703 270 7792 6288 82 216 196 172 93 3338 6206 1877 79 41 1433 64 1336 1316 1278 122 1156 1108 48 64 4899 334 272 62 41 4565 2644 1387 60 1327 1208 54 1850 54 1796 1238 767 107 660 78 480 170 150 129 108 310 180 49 1044 485 1921 1892 1857 509
internal_count=12880 5088 3385 47 1703 270 7792 6288 82 216 196 172 93 3338 6206 1877 79 41 1433 64 1336 1316 1278 122 1156 1108 48 64 4899 334 272 62 41 4565 2644 1387 60 1327 1208 54 1850 54 1796 1238 767 107 660 78 480 170 150 129 108 310 180 49 1044 485 1921 1892 1857 509
is_linear=0
shrinkage=0.05


Tree=80
num_leaves=63
num_cat=0
split_feature=40 35 9 36 15 39 34 6 31 33 33 36 11 34 39 10 31 31 11 37 36 8 35 35 31 33 35 36 31 31 31 34 34 36 35 33 28 36 36 31 31 31 31 36 33 40 28 40 35 35 40 40 31 28 13 31 23 35 31 31 31 40
split_gain=7.0219e+06 4.0966e+06 3.90677e+06 2.3849e+06 2.36455e+06 2.29906e+06 2.08632e+06 4.19549e+06 1.9955e+06 1.83519e+06 2.3195e+06 1.82615e+06 1.57653e+06 1.48612e+06 1.06742e+06 1.76287e+06 2.75175e+06 1.56483e+06 1.52072e+06 2.18785e+06 2.71349e+06 1.58556e+06 1.57424e+06 1.51763e+06 2.46962e+06 2.0065e+06 5.6484e+06 1.54187e+06 1.49629e+06 1.89747e+06 1.69404e+06 1.88175e+06 2.70902e+06 1.6223e+06 1.44702e+06 1.88611e+06 1.35712e+06 1.30944e+06 1.24907e+06 1.56779e+06 1.52986e+06 1.39232e+06 1.20835e+06 1.11555e+06 1.06987e+06 1.05485e+06 1.61379e+06 1.99164e+06 2.61333e+06 1.48922e+06 1.03562e+06 1.81104e+06 1.03383e+06 1.05816e+06 1.022e+06 1.11608e+06 982044 975378 1.50752e+06 971824 990223 1.11854e+06
threshold=5.5000000000000009 431.10000000000008 1.0000000180025095e-35 379.92500000000013 1.0000000180025095e-35 1.0000000180025095e-35 368.40000000000003 1.0000000180025095e-35 254.15000000000001 322.25000000000006 442.60000000000008 425.18333333333339 1.0000000180025095e-35 436.30000000000001 1.0000000180025095e-35 1.0000000180025095e-35 357.15000000000003 200.55000000000004 1.0000000180025095e-35 3.5000000000000004 249.31250000000003 1.0000000180025095e-35 819.1500000000002 867.15000000000009 340.05000000000007 258.85000000000008 1274.3500000000001 263.54166666666674 130.75000000000003 64.950000000000017 143.65000000000001 237.80000000000004 131.25000000000003 255.82916666666668 716.85000000000002 233.40000000000003 1.0000000180025095e-35 253.75833333333335 437.15000000000003 456.35000000000008 441.45000000000005 430.25000000000006 279.05000000000007 310.41666666666674 243.75000000000003 3.5000000000000004 1.0000000180025095e-35 1.0000000180025095e-35 837.70000000000016 1036.0000000000002 1.0000000180025095e-35 4.5000000000000009 379.65000000000003 1.0000000180025095e-35 1.0000000180025095e-35 166.15000000000001 1.0000000180025095e-35 807.70000000000016 110.95000000000002 232.35000000000005 390.80000000000001 1.0000000180025095e-35
decision_type=2 2 2 2 2 2 2 2 2 2 2 2 2 2 2 2 2 2 2 2 2 2 2 2 2 2 2 2 2 2 2 2 2 2 2 2 2 2 2 2 2 2 2 2 2 2 2 2 2 2 2 2 2 2 2 2 2 2 2 2 2 2
left_child=2 -2 5 57 6 50 14 9 45 -8 -11 -5 13 52 28 18 17 -17 21 22 -21 23 42 -16 27 -26 -27 -25 29 -3 -30 32 36 -31 -23 -36 38 -38 39 40 41 54 -20 -18 -24 46 47 -7 -49 -50 -1 -52 53 -10 55 -32 -14 -4 -59 -60 61 -61
right_child=1 4 3 11 -6 8 7 -9 12 10 -12 -13 56 -15 15 16 43 -19 19 20 -22 34 44 24 25 26 -28 -29 30 33 31 -33 -34 -35 35 -37 37 -39 -40 -41 -42 -43 -44 -45 -46 -47 -48 48 49 -51 51 -53 -54 -55 -56 -57 -58 58 59 60 -62 -63
leaf_value=-2.9673238677773108 -0.12171963805664483 10.465423259735108 0.10389881929119144 17.930212559160733 -12.233080307960511 -2.0306794603780398 8.1883103349315594 -11.081737749917167 0.79973946805934759 32.722609832070091 9.1956527066230773 3.0961427857236163 -2.3947007928002666 11.06177682848864 4.8955718635366523 -0.84342736951075503 -0.73747826099395752 -16.480093353986742 -5.2654593487580623 15.751124867333306 -4.2987827159740304 7.2460860252380375 -18.601977193923226 8.1646117510114404 12.992294717302512 -8.6554751983055702 22.611239045858383 21.63740050086269 16.465711702619281 -2.9465857127507529 -8.4394861736297617 -9.8132472515106208 18.431743350395788 -18.387753602591427 -18.334915542602541 2.4553200244903568 -10.587061462904279 0.6853383406996727 -0.74880752824246888 10.260419428492169 -8.2877688901177766 13.294287392672372 5.2291174646466976 15.578465496410026 -2.443390703201294 -2.9229827669732971 -7.4946603486503385 1.1839541294004607 18.101189031252048 1.9755649209022523 -0.34744671841736863 -2.6551110493879482 3.0345859449830499 -6.5793215861860324 7.8529411320131093 2.4651758480631791 7.165830189195173 14.712613704286774 -2.2334206892384425 -0.5442665561040243 0.058683546160308409 10.816291997600825
leaf_weight=1366 1752 20 417 42 25 368 67 21 583 22 20 41 364 43 468 32 20 32 48 45 27 30 21 35 51 52 20 54 21 75 25 32 26 22 20 24 38 80 192 83 29 34 64 22 20 653 69 276 41 22 1973 1494 637 53 84 382 29 29 72 30 71 78
leaf_count=1366 1752 20 417 42 25 368 67 21 583 22 20 41 364 43 468 32 20 32 48 45 27 30 21 35 51 52 20 54 21 75 25 32 26 22 20 24 38 80 192 83 29 34 64 22 20 653 69 276 41 22 1973 1494 637 53 84 382 29 29 72 30 71 78
internal_value=0.015748 1.71372 -0.786571 2.59065 3.06314 -1.11705 3.22532 9.38239 -0.0632177 13.325 21.5193 10.6025 1.08974 1.91963 2.86606 3.98934 -2.13562 -8.66176 4.65252 1.04509 8.23241 5.729 -2.33718 6.48538 9.99494 5.40445 0.0297232 16.3391 1.79978 -3.5574 2.41068 2.117 2.50936 -6.44871 -1.22146 -6.99479 2.07221 -2.94476 2.78632 3.85186 2.89173 3.50926 0.731442 7.80897 -10.7197 -1.44209 -0.195927 0.516397 3.28136 12.47 -1.80129 -1.34187 1.61082 0.184818 2.83168 1.79536 -1.68922 1.63658 3.91917 2.67212 4.6453 7.66058
internal_weight=12886 4135 8751 780 2383 7971 2358 130 3138 109 42 83 1709 1316 2228 1085 106 64 979 225 72 754 153 680 212 123 72 89 1143 117 1026 1005 973 97 74 44 947 118 829 637 554 525 112 42 41 1429 776 707 339 63 4833 3467 1273 636 491 407 393 697 280 251 179 108
internal_count=12886 4135 8751 780 2383 7971 2358 130 3138 109 42 83 1709 1316 2228 1085 106 64 979 225 72 754 153 680 212 123 72 89 1143 117 1026 1005 973 97 74 44 947 118 829 637 554 525 112 42 41 1429 776 707 339 63 4833 3467 1273 636 491 407 393 697 280 251 179 108
is_linear=0
shrinkage=0.05


Tree=81
num_leaves=63
num_cat=0
split_feature=40 9 34 2 25 32 33 36 39 32 36 32 32 33 34 33 11 5 36 29 40 40 1 32 33 33 33 34 34 34 32 24 33 32 32 37 9 36 33 40 7 36 36 32 32 28 32 5 32 36 36 33 37 10 29 25 36 33 34 11 40 40
split_gain=6.33727e+06 3.52586e+06 2.94934e+06 2.80997e+06 2.1896e+06 2.1801e+06 4.24379e+06 2.15237e+06 2.04865e+06 1.86494e+06 1.6481e+06 1.6335e+06 1.61583e+06 4.48534e+06 3.87601e+06 3.49714e+06 2.09206e+06 1.56629e+06 1.46094e+06 1.38775e+06 1.64143e+06 3.16191e+06 1.90174e+06 1.54576e+06 2.80195e+06 3.23245e+06 2.27555e+06 1.303e+06 1.22395e+06 1.77942e+06 1.5289e+06 1.45997e+06 1.4856e+06 1.23046e+06 1.94401e+06 1.44002e+06 1.2566e+06 1.53645e+06 1.21292e+06 1.18255e+06 1.1717e+06 1.14642e+06 1.06262e+06 1.05871e+06 1.03501e+06 999002 994104 962537 1.48258e+06 962485 947580 1.03596e+06 1.48456e+06 1.04267e+06 1.10813e+06 1.01474e+06 1.05531e+06 941868 920889 912478 862082 1.28801e+06
threshold=5.5000000000000009 1.0000000180025095e-35 368.40000000000003 1.0000000180025095e-35 1.0000000180025095e-35 351.00000000000006 211.30000000000004 379.92500000000013 1.0000000180025095e-35 254.95000000000002 425.18333333333339 163.15000000000001 402.15000000000003 317.40000000000003 222.35000000000005 222.70000000000002 1.0000000180025095e-35 1.0000000180025095e-35 357.87500000000006 1.0000000180025095e-35 1.0000000180025095e-35 3.5000000000000004 1.0000000180025095e-35 260.95000000000005 446.75000000000006 296.75000000000006 146.90000000000003 325.25000000000006 218.95000000000002 131.25000000000003 492.35000000000008 1.0000000180025095e-35 379.65000000000003 305.05000000000007 443.85000000000008 3.5000000000000004 1.0000000180025095e-35 259.93333333333334 215.65000000000001 1.5000000000000002 1.0000000180025095e-35 415.47500000000008 237.37750000000003 196.15000000000001 438.45000000000005 1.0000000180025095e-35 478.45000000000005 1.0000000180025095e-35 270.45000000000005 244.52666666666667 91.737500000000011 417.65000000000003 3.5000000000000004 1.0000000180025095e-35 1.0000000180025095e-35 1.0000000180025095e-35 283.94500000000005 479.15000000000003 375.65000000000003 1.0000000180025095e-35 4.5000000000000009 1.0000000180025095e-35
decision_type=2 2 2 2 2 2 2 2 2 2 2 2 2 2 2 2 2 2 2 2 2 2 2 2 2 2 2 2 2 2 2 2 2 2 2 2 2 2 2 2 2 2 2 2 2 2 2 2 2 2 2 2 2 2 2 2 2 2 2 2 2 2
left_child=1 3 8 4 19 9 -7 40 28 11 -9 -4 27 14 15 16 46 41 -5 20 -1 22 23 58 25 26 59 50 29 30 31 33 38 36 35 42 47 -38 -33 -20 43 45 -35 -3 -15 -6 -14 48 -2 -28 -10 52 55 54 -54 -52 -57 -53 -22 -25 61 -45
right_child=2 7 5 18 17 6 -8 10 12 -11 -12 -13 13 44 -16 -17 -18 -19 39 -21 21 -23 -24 24 -26 -27 49 -29 -30 -31 -32 32 -34 34 -36 -37 37 -39 -40 -41 -42 -43 -44 60 -46 -47 -48 -49 -50 -51 51 57 53 -55 -56 56 -58 -59 -60 -61 -62 -63
leaf_value=-2.7379446194119827 -0.39478571798225726 -1.2831112992183749 1.8379581638284632 0.90609468744479205 0.74837579921621722 0.76044281005859382 31.661151428222656 17.033702001117526 -3.733289445696339 -8.2135783563960683 2.9413358912780518 18.012666960115787 8.8092610160100104 11.763453330993654 22.153611402710283 -17.91506879979914 -7.0780547309566195 9.5111101444120774 13.963948440849784 -3.9277810656722405 0.055621743941741367 -1.9149498342597433 -13.055472852786384 6.0864810981002506 -12.180324844360353 15.587944450925608 1.8857385873794557 -9.4569334513197347 -7.1170805454254156 12.538233953906644 13.910182924497697 -3.3703245854718347 -14.727678132974185 -1.594872158765793 -2.7184809159750891 13.962239540190925 0.24810816988659404 10.029734037924506 9.3466857637677876 3.4125473630688266 8.2344453990459439 8.7183702370015581 5.906277543703716 0.064379884526934675 26.770448946069788 -6.219121380856163 -2.2001992603907219 3.6107522128685696 -10.816875787462507 -12.183033263298775 1.3892536256014516 -5.668730003442338 10.089234042590391 -3.6072882270812991 -2.2220538743904661 2.4985441938042641 9.7912022902641773 4.8717355728149414 10.877822403907777 -4.4189826226752738 -0.70234580101638011 7.7113302693102099
leaf_weight=1671 1362 293 37 614 528 20 25 42 62 22 41 27 97 20 24 22 37 54 40 602 1146 2731 24 204 25 61 20 24 52 31 21 175 26 64 99 42 96 69 21 79 60 41 180 93 27 57 26 146 35 31 757 67 141 20 21 128 81 31 20 23 116 135
leaf_count=1671 1362 293 37 614 528 20 25 42 62 22 41 27 97 20 24 22 37 54 40 602 1146 2731 24 204 25 61 20 24 52 31 21 175 26 64 99 42 96 69 21 79 60 41 180 93 27 57 26 146 35 31 757 67 141 20 21 128 81 31 20 23 116 135
internal_value=0.0149606 -0.747243 1.62803 -1.0612 -1.35994 9.01058 17.9275 2.46112 1.38649 4.34474 10.0724 8.66166 2.7837 6.44676 3.2668 0.776229 3.34628 1.34074 1.8888 -1.63998 -1.40874 -0.890399 0.910148 1.12922 3.97363 5.16493 2.87786 2.08793 0.471004 0.637705 0.479778 0.357947 -3.4975 0.766887 3.32037 5.41074 0.191306 4.33861 -2.00779 6.95924 1.55475 0.635952 3.93876 0.925578 20.3845 0.0694915 6.48206 -0.252183 -0.655897 -6.66587 2.29977 2.59997 3.0212 7.16359 8.49333 2.24075 5.32489 -2.3345 0.241251 5.02205 2.80682 4.59218
internal_weight=12886 8751 4135 7971 7238 131 45 780 4004 86 83 64 1585 253 206 182 160 680 733 6558 5956 4285 1554 1530 364 339 278 1332 2419 2367 2336 2315 222 2093 385 286 1708 165 196 119 697 626 244 637 47 585 123 1543 1397 51 1308 1246 1148 182 162 966 209 98 1166 227 344 228
internal_count=12886 8751 4135 7971 7238 131 45 780 4004 86 83 64 1585 253 206 182 160 680 733 6558 5956 4285 1554 1530 364 339 278 1332 2419 2367 2336 2315 222 2093 385 286 1708 165 196 119 697 626 244 637 47 585 123 1543 1397 51 1308 1246 1148 182 162 966 209 98 1166 227 344 228
is_linear=0
shrinkage=0.05


Tree=82
num_leaves=63
num_cat=0
split_feature=40 35 35 40 40 35 28 35 33 34 6 15 33 40 33 33 6 36 32 36 39 33 12 33 39 21 32 34 36 34 34 34 34 35 32 32 32 35 36 24 35 35 33 4 33 35 32 40 40 4 32 36 37 8 35 32 32 35 33 21 40 35
split_gain=5.71938e+06 3.42756e+06 3.05204e+06 2.32927e+06 5.92833e+06 6.11501e+06 2.33392e+06 2.65062e+06 2.52534e+06 1.98886e+06 3.68096e+06 2.05345e+06 1.64505e+06 2.10973e+06 1.5729e+06 2.06664e+06 1.42399e+06 2.11479e+06 2.11198e+06 1.68782e+06 1.7638e+06 1.543e+06 1.66519e+06 1.56166e+06 1.34109e+06 1.56451e+06 2.75092e+06 3.15645e+06 1.92111e+06 1.29896e+06 1.55302e+06 1.33216e+06 1.08093e+06 1.13194e+06 1.05801e+06 1.5868e+06 1.04408e+06 1.03483e+06 1.00578e+06 993146 1.27733e+06 1.58105e+06 1.36716e+06 992949 1.46237e+06 1.25244e+06 1.34112e+06 984702 2.62688e+06 1.51032e+06 2.41634e+06 1.58614e+06 1.32771e+06 1.18189e+06 1.38e+06 2.4537e+06 1.39208e+06 1.09979e+06 936015 932349 908809 1.9907e+06
threshold=5.5000000000000009 356.40000000000003 1611.0000000000002 1.0000000180025095e-35 3.5000000000000004 1401.7500000000002 1.0000000180025095e-35 867.15000000000009 210.15000000000001 368.40000000000003 1.0000000180025095e-35 1.0000000180025095e-35 407.25000000000006 2.5000000000000004 322.25000000000006 442.60000000000008 1.0000000180025095e-35 255.82916666666668 338.25000000000006 267.12500000000006 1.0000000180025095e-35 425.80000000000007 1.0000000180025095e-35 330.95000000000005 1.0000000180025095e-35 1.0000000180025095e-35 347.05000000000007 196.60000000000005 158.12500000000003 321.85000000000008 274.90000000000003 183.65000000000003 99.40000000000002 953.35000000000014 206.25000000000003 330.65000000000003 336.25000000000006 84.15000000000002 168.58333333333334 1.0000000180025095e-35 1274.3500000000001 1045.6000000000001 343.05000000000007 1.0000000180025095e-35 196.00000000000003 1107.4500000000003 478.45000000000005 1.5000000000000002 2.5000000000000004 1.0000000180025095e-35 260.95000000000005 331.58333333333343 2.5000000000000004 1.0000000180025095e-35 452.25000000000006 214.65000000000001 75.050000000000011 428.65000000000009 447.90000000000003 1.0000000180025095e-35 4.5000000000000009 1352.45
decision_type=2 2 2 2 2 2 2 2 2 2 2 2 2 2 2 2 2 2 2 2 2 2 2 2 2 2 2 2 2 2 2 2 2 2 2 2 2 2 2 2 2 2 2 2 2 2 2 2 2 2 2 2 2 2 2 2 2 2 2 2 2 2
left_child=2 -2 3 -1 5 6 7 37 34 11 14 24 13 -10 36 -16 19 -18 -19 20 -9 22 23 -21 39 29 28 -28 -27 30 31 32 43 -34 -8 -36 -11 -5 -6 40 41 -3 -43 45 -45 46 58 49 -49 50 53 52 -52 54 57 56 -56 -39 -26 -41 61 -40
right_child=1 9 -4 4 38 -7 8 16 12 10 -12 -13 -14 -15 15 -17 17 18 -20 21 -22 -23 -24 -25 25 26 27 -29 -30 -31 -32 -33 33 -35 35 -37 -38 47 60 59 -42 42 -44 44 -46 -47 -48 48 -50 -51 51 -53 -54 -55 55 -57 -58 -59 -60 -61 -62 -63
leaf_value=-2.0938258961917691 -0.52783216436371383 1.6334776340514936 15.210689393679301 -4.883753860536129 -2.9879224366639536 23.447185322642326 -3.1977855361056058 1.9164029639107842 -26.151478765904905 2.0183378252347834 -10.622287432920366 -12.012985502481461 0.7130409018559889 -6.3311175116177267 30.404851705377752 8.1973193311691297 -0.39211948275566105 31.121515235900883 8.6716792800209745 2.2089684695437337 16.742200603890929 -6.9078028714656829 -8.9295576572418209 14.626101045608522 2.4782397117939863 12.935241635640464 8.5603699248514058 29.205418650309248 0.40645209332587018 -8.8714713752269745 16.692115631103515 -6.4320636627001635 19.037415172372544 3.1419504602750141 14.776440715789796 -1.3416418591061154 14.496140054066977 2.1917527581898044 0.60469686752755436 0.66020565158442457 -10.683138480186464 19.140517854690554 4.045465195178986 3.0373593725809238 19.016948856006969 -8.7014588135939377 -10.290166388750077 -2.5922564854126167 2.3257525829787276 -6.1326223774960171 22.33141454424177 1.1311699298711924 7.864385210234544 -8.1405120010375978 5.7425890922546392 -7.3209573936462409 19.463256118032668 -9.374921989440919 12.150207508527316 -6.7373468683046456 -1.6061364145247436 -12.264593249367131
leaf_weight=2392 1344 1160 30 67 824 32 87 35 25 38 21 25 22 29 22 20 20 20 22 69 47 40 20 40 660 39 81 24 142 24 20 39 21 24 26 37 30 193 980 114 20 24 40 41 22 26 20 404 828 38 35 26 29 25 38 20 36 23 26 68 2161 31
leaf_count=2392 1344 1160 30 67 824 32 87 35 25 38 21 25 22 29 22 20 20 20 22 69 47 40 20 40 660 39 81 24 142 24 20 39 21 24 26 37 30 193 980 114 20 24 40 41 22 26 20 404 828 38 35 26 29 25 38 20 36 23 26 68 2161 31
internal_value=0.0142126 1.54663 -0.70988 -0.764647 -0.262293 1.74044 1.43857 1.9641 -3.38656 2.54558 8.56005 2.24938 -10.8119 -15.5072 12.2221 19.8298 6.2041 12.9898 19.3621 4.52796 10.4141 1.67195 4.33234 6.76571 2.3847 3.60975 6.84095 13.2792 3.10603 2.60853 2.91501 2.60153 3.02095 10.5598 0.375596 5.31027 7.52325 1.21091 -1.43156 1.34606 1.85077 2.05558 9.70611 2.59422 8.61753 2.07582 2.47272 1.45182 0.713029 3.41768 4.27159 11.5453 15.776 2.31746 3.16084 8.21783 12.4175 0.960116 2.84482 -2.10372 -1.02726 0.21009
internal_weight=12886 4135 8751 8721 6329 2333 2301 2075 226 2791 131 2660 76 54 110 42 313 62 42 251 82 169 129 109 2635 1209 286 105 181 923 899 879 840 45 150 63 68 1762 3996 1426 1244 1224 64 795 63 732 706 1695 1232 463 425 90 64 335 310 94 74 216 686 182 3172 1011
internal_count=12886 4135 8751 8721 6329 2333 2301 2075 226 2791 131 2660 76 54 110 42 313 62 42 251 82 169 129 109 2635 1209 286 105 181 923 899 879 840 45 150 63 68 1762 3996 1426 1244 1224 64 795 63 732 706 1695 1232 463 425 90 64 335 310 94 74 216 686 182 3172 1011
is_linear=0
shrinkage=0.05


Tree=83
num_leaves=63
num_cat=0
split_feature=40 9 35 2 35 34 6 29 40 40 34 40 28 35 31 38 34 32 36 31 35 35 36 34 34 32 35 36 32 31 31 31 35 40 40 31 32 32 35 36 40 39 21 32 34 36 28 36 36 32 33 32 35 33 33 36 35 33 32 31 32 32
split_gain=5.16174e+06 3.14473e+06 3.13329e+06 2.4431e+06 2.01691e+06 1.66671e+06 3.32206e+06 1.5263e+06 1.54203e+06 3.34754e+06 2.67852e+06 1.64286e+06 2.34919e+06 2.1736e+06 3.20895e+06 1.62244e+06 1.45174e+06 1.4361e+06 1.48731e+06 1.81915e+06 1.93137e+06 1.43164e+06 2.75242e+06 1.99543e+06 1.42438e+06 1.37217e+06 1.33619e+06 1.30039e+06 1.26455e+06 2.03378e+06 1.89158e+06 1.25733e+06 1.78489e+06 1.09766e+06 1.04496e+06 1.45624e+06 983981 1.3186e+06 1.03458e+06 960574 948507 918835 1.79837e+06 2.77159e+06 3.76283e+06 1.43198e+06 1.16842e+06 1.25673e+06 2.60012e+06 1.14348e+06 3.66267e+06 2.09745e+06 1.54371e+06 1.2641e+06 2.23742e+06 1.56945e+06 1.26542e+06 1.8185e+06 1.17059e+06 1.67971e+06 1.18142e+06 1.16391e+06
threshold=5.5000000000000009 1.0000000180025095e-35 431.10000000000008 1.0000000180025095e-35 1309.4500000000003 368.40000000000003 1.0000000180025095e-35 1.0000000180025095e-35 1.0000000180025095e-35 1.5000000000000002 94.850000000000009 4.5000000000000009 1.0000000180025095e-35 960.80000000000007 152.45000000000002 1.0000000180025095e-35 409.75000000000006 475.15000000000003 359.37500000000006 394.15000000000003 1089.1000000000001 1274.3500000000001 356.22500000000008 422.30000000000007 343.10000000000008 426.65000000000003 1129.3500000000001 357.87500000000006 260.95000000000005 319.95000000000005 182.85000000000005 425.05000000000007 1291.7500000000002 3.5000000000000004 1.5000000000000002 422.95000000000005 214.65000000000001 120.85000000000001 490.15000000000009 269.52000000000004 2.5000000000000004 1.0000000180025095e-35 1.0000000180025095e-35 347.05000000000007 196.60000000000005 158.12500000000003 1.0000000180025095e-35 191.62500000000003 253.75833333333335 440.45000000000005 324.60000000000008 473.65000000000003 867.15000000000009 301.35000000000008 67.550000000000011 437.15000000000003 983.85000000000002 455.7000000000001 119.35000000000001 446.75000000000006 392.55000000000007 227.20000000000002
decision_type=2 2 2 2 2 2 2 2 2 2 2 2 2 2 2 2 2 2 2 2 2 2 2 2 2 2 2 2 2 2 2 2 2 2 2 2 2 2 2 2 2 2 2 2 2 2 2 2 2 2 2 2 2 2 2 2 2 2 2 2 2 2
left_child=1 3 -2 7 39 24 21 8 -1 10 15 12 13 40 -15 28 -6 18 19 20 -16 23 -23 -7 41 26 -14 -5 36 30 -30 32 -9 -21 35 -29 37 38 -10 -3 -11 46 -43 45 -45 -44 49 -48 -49 53 51 -51 -53 54 55 58 61 -58 -4 60 -60 -55
right_child=2 4 5 27 16 6 -8 31 9 11 -12 -13 25 14 17 -17 -18 -19 -20 33 -22 22 -24 -25 -26 -27 -28 34 29 -31 -32 -33 -34 -35 -36 -37 -38 -39 -40 -41 -42 42 43 44 -46 -47 47 48 -50 50 -52 52 -54 56 -56 -57 57 -59 59 -61 -62 -63
leaf_value=-2.2437457175264308 -0.13589594348840903 0.065605578872446835 10.931042183146758 0.85266493504763818 4.7489595999036522 14.557361295643975 -10.091173173700062 -3.9116616952191587 2.1934657470609396 -2.3938637913299536 18.496706077030726 -1.9956063956815742 -4.714832284239125 -12.857224582490467 12.371900701522828 -10.382599847213083 20.715127642949426 20.442038517445326 -2.3770276370801424 24.391755344556728 -4.608345968583051 27.816544969328522 3.705772247314453 -3.6493745945118095 -9.5377927780151364 -15.418191322913538 6.9367100630487712 3.6079546406865122 3.1447201057716652 -1.3262639445227546 20.361048690478007 1.3653800631562869 -17.590859507560733 9.1061474641164146 3.2295497994256928 22.688289256095885 -8.5346645761619921 12.002327620983124 -9.3979657967885331 3.7596875286493145 0.56530459310409076 2.338528973404665 13.117302861706964 8.3777687136828902 31.325351847773018 0.87127423074510357 8.9002983592805407 -14.430259447319564 0.38843738706488362 -5.9346603672115172 -21.408209269387385 1.5035537123680116 18.949959232693626 8.0121901750564586 -3.8705069685683533 -0.65869938227865443 18.992735579074957 1.0144399989734996 0.87585396460089526 12.435406635204952 9.048994328799072 -4.0792013673221366
leaf_weight=1854 1752 416 68 614 35 34 21 517 231 334 28 2059 203 21 33 23 24 20 38 23 34 29 20 27 25 26 28 20 27 37 39 108 25 24 79 20 22 32 21 305 1431 805 29 80 23 135 21 43 95 49 21 32 21 48 136 180 39 22 244 48 54 34
leaf_count=1854 1752 416 68 614 35 34 21 517 231 334 28 2059 203 21 33 23 24 20 38 23 34 29 20 27 25 26 28 20 27 37 39 108 25 24 79 20 22 32 21 305 1431 805 29 80 23 135 21 43 95 49 21 32 21 48 136 180 39 22 244 48 54 34
internal_value=0.013502 -0.674386 1.4693 -0.970886 2.35561 2.64945 8.13204 -1.24945 -1.02139 -0.542666 3.51015 -0.978861 -0.0337232 0.55621 5.59409 2.5388 11.2437 7.84686 6.1896 9.04515 3.75506 11.611 17.9754 6.49864 2.33052 -4.52823 -3.30252 1.7798 3.26543 8.05744 13.318 -3.56098 -4.54262 16.5863 6.56352 13.1481 1.65244 2.44158 1.22751 1.62829 0.00532599 2.46375 3.51795 7.07389 13.502 3.03673 1.48531 -2.49493 -4.22898 2.12071 -2.39275 1.5222 8.41628 2.75663 1.91453 3.23905 7.05543 12.5088 4.93373 3.75507 2.35689 2.99869
internal_weight=12886 8751 4135 7971 780 2383 131 7238 6588 4734 460 4274 2215 1958 193 432 59 172 152 114 67 110 49 61 2252 257 231 733 409 103 66 650 542 47 119 40 306 284 252 721 1765 2227 1072 267 103 164 1155 159 138 996 123 102 53 873 730 594 143 61 414 346 298 82
internal_count=12886 8751 4135 7971 780 2383 131 7238 6588 4734 460 4274 2215 1958 193 432 59 172 152 114 67 110 49 61 2252 257 231 733 409 103 66 650 542 47 119 40 306 284 252 721 1765 2227 1072 267 103 164 1155 159 138 996 123 102 53 873 730 594 143 61 414 346 298 82
is_linear=0
shrinkage=0.05


Tree=84
num_leaves=63
num_cat=0
split_feature=25 9 35 35 2 33 31 31 31 37 31 28 32 33 31 31 31 32 28 36 9 31 34 24 33 32 32 35 32 34 31 36 36 31 34 31 35 31 11 35 35 31 35 31 34 31 33 33 33 31 33 32 32 32 32 32 35 8 31 35 32 4
split_gain=3.55439e+06 3.30803e+06 3.4782e+06 2.81255e+06 2.5927e+06 2.3134e+06 2.20475e+06 2.06477e+06 1.98887e+06 1.90343e+06 1.89633e+06 2.21415e+06 1.55531e+06 1.32581e+06 1.22933e+06 1.0778e+06 1.57988e+06 1.05522e+06 1.02477e+06 1.05168e+06 1.46639e+06 993087 960653 952223 897641 1.09263e+06 1.0829e+06 1.48183e+06 891200 1.4256e+06 1.00819e+06 1.15966e+06 855242 2.64826e+06 2.3172e+06 3.34479e+06 1.28354e+06 1.68605e+06 1.69196e+06 1.30221e+06 1.28198e+06 1.63419e+06 1.64118e+06 1.20862e+06 1.09521e+06 1.10783e+06 1.04613e+06 1.16168e+06 1.16637e+06 1.04164e+06 1.11852e+06 1.01655e+06 2.22928e+06 845180 1.59579e+06 892505 810108 942121 911065 802703 1.71651e+06 1.60559e+06
threshold=1.0000000180025095e-35 1.0000000180025095e-35 1211.5500000000002 1309.4500000000003 1.0000000180025095e-35 409.85000000000008 425.05000000000007 379.65000000000003 457.95000000000005 5.5000000000000009 171.55000000000004 1.0000000180025095e-35 492.35000000000008 447.90000000000003 469.35000000000008 488.85000000000008 477.45000000000005 200.40000000000003 1.0000000180025095e-35 228.51250000000002 1.0000000180025095e-35 323.85000000000008 380.40000000000003 1.0000000180025095e-35 362.55000000000007 247.80000000000004 324.55000000000007 819.1500000000002 433.35000000000008 273.15000000000003 156.25000000000003 356.22500000000008 311.75833333333338 381.95000000000005 94.850000000000009 407.15000000000003 886.1500000000002 202.65000000000001 1.0000000180025095e-35 843.15000000000009 1352.45 449.65000000000003 1437.45 332.65000000000003 380.40000000000003 461.35000000000008 334.15000000000003 276.2000000000001 69.350000000000009 220.15000000000001 189.45000000000002 423.30000000000001 364.15000000000003 478.45000000000005 450.50000000000006 462.05000000000007 1118.0500000000002 1.0000000180025095e-35 334.45000000000005 763.75000000000011 360.55000000000007 1.0000000180025095e-35
decision_type=2 2 2 2 2 2 2 2 2 2 2 2 2 2 2 2 2 2 2 2 2 2 2 2 2 2 2 2 2 2 2 2 2 2 2 2 2 2 2 2 2 2 2 2 2 2 2 2 2 2 2 2 2 2 2 2 2 2 2 2 2 2
left_child=1 4 13 18 9 7 -5 -4 28 10 -1 12 32 14 22 16 -13 -15 19 24 -21 -20 23 56 25 -2 -27 -28 -6 30 -30 -32 33 36 46 -36 39 -38 49 -12 53 42 -42 -41 45 -37 47 48 -35 -39 -51 52 -52 54 59 -56 57 -3 -59 -34 61 -61
right_child=3 2 5 6 8 -7 -8 -9 -10 -11 11 15 -14 17 -16 -17 -18 -19 21 20 -22 -23 -24 -25 -26 26 27 -29 29 -31 31 -33 40 34 35 44 37 38 -40 43 41 -43 -44 -45 -46 -47 -48 -49 -50 50 51 -53 -54 -55 55 -57 -58 58 -60 60 -62 -63
leaf_value=-1.9961407025472615 -0.49871674585673542 1.544310445707938 27.575378908429826 4.7811231597610142 0.56540758597010032 2.0868316289706108 21.871166761592033 8.5398162743140915 8.7754065361775844 11.595940706806799 -0.53967922593375661 -3.0325974482837266 8.2713812770626767 1.1516115298867227 8.0152089684704944 5.9142832431942232 -16.655727490511808 16.427906781893508 -6.9683691735995019 2.9541264109818837 11.57177967561616 3.8627814321806939 -8.8500451894906842 -5.7171731892754059 -9.6604490552629745 11.796163324611944 -8.6296562639149759 9.9391048703874869 10.822868662221092 17.367961888313296 -5.453267833861438 7.4254355743013578 -0.37872599014899322 3.168371841291199 27.672397572653637 6.6852710752324631 11.547664930555555 -5.8900186192604806 -8.0110249587269724 -3.0926201453075763 -12.195720211664836 -17.573597297668456 3.6798526589463401 -17.520744341895693 15.082274297692559 -7.2728381520225902 -5.2603363305330282 12.174419764814706 -2.295450346300921 11.833694474117177 1.1116215059092938 -6.2858639396470171 16.43230130096962 -6.5233828499913216 10.29502297420891 1.5222112994798473 11.26583673477173 -0.25758026440938314 -13.781751594543458 -1.4043778321402414 -6.1856820536511288 11.491079063819988
leaf_weight=2504 288 726 28 46 794 39 32 29 95 31 2612 652 55 20 60 32 22 26 59 575 54 33 26 51 21 41 22 21 28 20 44 29 1878 423 21 44 45 31 43 47 27 25 41 21 22 21 48 29 127 37 131 29 29 60 49 71 20 33 20 175 196 28
leaf_count=2504 288 726 28 46 794 39 32 29 95 31 2612 652 55 20 60 32 22 26 59 575 54 33 26 51 21 41 22 21 28 20 44 29 1878 423 21 44 45 31 43 47 27 25 41 21 22 21 48 29 127 37 131 29 29 60 49 71 20 33 20 175 196 28
internal_value=0.0128269 -0.252298 2.38673 2.61381 -0.520278 11.4703 11.7924 17.8906 1.8895 -0.773647 -0.813695 -0.394965 -0.100294 1.49872 1.09144 -3.05159 -3.47727 9.78604 1.97114 2.42614 3.69396 -3.08328 0.617208 0.906794 0.396976 0.964734 5.98228 0.438808 1.17457 5.17185 2.75677 -0.337071 -0.173264 0.306111 2.99811 9.76253 -0.347978 2.5226 1.16884 -0.717512 -0.880109 -6.64248 -2.62368 -7.54836 5.43945 2.17573 1.83295 2.421 1.90673 2.70477 3.8837 2.32735 3.88849 -0.661997 -0.515279 5.10444 1.3296 1.0745 -5.36104 -0.811444 -2.84814 0.374306
internal_weight=12886 11694 1078 1192 10616 96 78 57 1010 9606 9575 7071 6365 982 936 706 674 46 1114 1022 629 92 876 850 393 372 84 43 915 121 101 73 6310 3760 735 108 3025 345 300 2680 2550 93 68 68 87 65 627 579 550 257 226 189 160 2457 2397 120 799 779 53 2277 399 203
internal_count=12886 11694 1078 1192 10616 96 78 57 1010 9606 9575 7071 6365 982 936 706 674 46 1114 1022 629 92 876 850 393 372 84 43 915 121 101 73 6310 3760 735 108 3025 345 300 2680 2550 93 68 68 87 65 627 579 550 257 226 189 160 2457 2397 120 799 779 53 2277 399 203
is_linear=0
shrinkage=0.05


Tree=85
num_leaves=63
num_cat=0
split_feature=40 40 32 40 40 33 40 31 33 32 34 24 32 29 32 39 9 36 40 32 32 33 33 36 31 34 31 31 31 31 31 31 36 10 33 36 37 32 32 31 31 36 32 36 34 32 32 36 24 33 33 32 31 31 34 24 34 31 32 31 31 33
split_gain=4.71076e+06 6.45858e+06 1.06845e+07 4.23624e+06 3.38243e+06 3.12574e+06 2.53412e+06 2.51001e+06 2.50346e+06 2.31093e+06 2.13839e+06 2.08199e+06 2.01542e+06 1.9853e+06 1.93931e+06 2.48163e+06 1.74203e+06 2.24735e+06 1.65539e+06 1.51146e+06 1.53246e+06 1.48137e+06 4.06537e+06 2.67627e+06 1.65067e+06 1.39491e+06 1.41031e+06 1.38057e+06 1.37558e+06 1.33708e+06 2.82809e+06 2.12938e+06 1.8996e+06 1.79635e+06 1.62667e+06 1.38799e+06 2.01383e+06 3.35922e+06 1.24761e+06 1.23984e+06 1.21606e+06 1.47409e+06 2.21523e+06 1.21396e+06 1.20829e+06 3.19923e+06 1.90063e+06 1.64224e+06 1.37989e+06 1.50912e+06 3.54318e+06 1.52428e+06 2.36836e+06 1.47441e+06 1.19434e+06 1.89365e+06 1.73256e+06 1.18899e+06 1.1506e+06 2.10168e+06 1.32932e+06 1.07905e+06
threshold=1.0000000180025095e-35 1.5000000000000002 389.15000000000003 5.5000000000000009 4.5000000000000009 69.350000000000009 2.5000000000000004 334.45000000000005 411.45000000000005 332.15000000000003 310.65000000000003 1.0000000180025095e-35 405.75000000000006 1.0000000180025095e-35 392.55000000000007 1.0000000180025095e-35 1.0000000180025095e-35 230.82500000000005 3.5000000000000004 347.05000000000007 120.85000000000001 403.40000000000003 416.50000000000006 245.32500000000002 103.65000000000002 78.250000000000014 238.05000000000004 431.55000000000007 410.65000000000003 360.35000000000008 407.15000000000003 336.25000000000006 321.17500000000001 1.0000000180025095e-35 286.30000000000001 296.61250000000007 3.5000000000000004 379.75000000000006 476.65000000000003 388.75000000000006 366.75000000000006 229.83333333333337 260.95000000000005 299.01666666666671 211.90000000000003 256.95000000000005 124.75000000000001 146.36500000000004 1.0000000180025095e-35 142.95000000000002 193.85000000000005 206.25000000000003 405.35000000000008 309.25000000000006 330.80000000000001 1.0000000180025095e-35 281.55000000000007 319.95000000000005 455.45000000000005 401.25000000000006 338.05000000000007 352.55000000000007
decision_type=2 2 2 2 2 2 2 2 2 2 2 2 2 2 2 2 2 2 2 2 2 2 2 2 2 2 2 2 2 2 2 2 2 2 2 2 2 2 2 2 2 2 2 2 2 2 2 2 2 2 2 2 2 2 2 2 2 2 2 2 2 2
left_child=-1 2 8 4 6 25 -3 -4 10 13 16 29 28 21 -13 -16 19 -18 38 20 -2 24 -23 -24 -7 26 -5 43 54 31 -31 33 -32 35 -34 36 -11 -38 -14 -20 41 42 -22 -25 47 46 -46 -26 49 -49 -51 52 57 -53 56 -56 -8 -52 -28 60 -60 -15
right_child=1 3 7 5 -6 9 12 -9 -10 11 -12 14 18 61 15 -17 17 -19 39 -21 40 22 23 27 44 -27 58 -29 -30 30 32 -33 34 -35 -36 -37 37 -39 -40 -41 -42 -43 -44 -45 45 -47 -48 48 -50 50 51 53 -54 -55 55 -57 -58 -59 59 -61 -62 -63
leaf_value=-1.907437504369305 0.93712261568025212 -2.5265663608047939 17.824930326562178 -0.65125874947911355 -1.9302403013041591 -6.4587206302989619 0.17760921329666102 39.046638679504397 17.658966853700836 -2.0791039336811412 -12.691845512390138 11.105304681687128 12.874940942315494 -0.6180009598855849 -20.003232034331276 2.9142724496346935 1.4343010122125799 24.034313132546167 -0.13992577641098589 -10.472000902349301 2.41946831780511 27.807601565406436 -6.8134590300229876 12.050621687282216 -5.4483026790618894 -11.175335071563723 1.3034445141898301 20.511251974105836 3.3463386569725779 23.071346586942674 17.131659406026206 -9.865857567787172 -7.6138979324927707 -1.0948461505082938 9.4731470266977951 16.170423993799421 25.705329781991466 4.5225170276204096 0.35869881556584288 9.9811999956766773 15.263608576191798 -2.854905638098717 23.073327426910403 -1.8464938000837963 -7.8780857971736369 -16.088116974666203 10.865096754776806 14.70640649600905 -2.263752931594849 -9.0678144332524901 4.2513786191525673 6.2531960911220983 -8.6795841888145162 20.466295878991886 -1.2066322318712872 -18.355679130554201 13.711238034566245 18.384029800241645 7.0511346480676114 -2.3079981709971573 23.928743801116944 -10.740978847742081
leaf_weight=2385 291 554 38 1179 2683 55 1614 22 29 44 22 21 85 77 21 27 22 22 135 22 37 21 39 33 40 25 1670 20 397 40 30 20 26 52 30 54 27 61 26 39 36 40 20 30 21 29 38 49 50 37 46 36 27 37 60 22 24 22 28 33 20 40
leaf_count=2385 291 554 38 1179 2683 55 1614 22 29 44 22 21 85 77 21 27 22 22 135 22 37 21 39 33 40 25 1670 20 397 40 30 20 26 52 30 54 27 61 26 39 36 40 20 30 21 29 38 49 50 37 46 36 27 37 60 22 24 22 28 33 20 40
internal_value=0.0966563 0.55647 5.58764 0.247737 -0.644879 1.45916 0.521773 25.6062 3.36746 3.61119 2.55798 6.42882 1.22484 1.90251 -1.5677 -7.11214 3.24267 12.7343 5.17219 2.30628 2.9693 3.01333 7.48766 3.98997 1.69952 0.585238 0.685584 9.06627 0.693436 7.8657 12.0876 5.80384 6.97887 7.12062 1.53988 9.41742 6.65482 11.0218 9.94321 2.1286 7.41564 4.503 9.66644 5.43295 2.73818 -2.49002 4.19379 4.07563 5.32878 6.82337 4.93913 8.024 3.84909 13.4571 0.0811094 -5.8076 0.375904 8.82371 1.58572 7.40547 14.0835 -4.07885
internal_weight=12780 10395 601 9794 5639 4155 2956 60 541 1200 512 453 2402 747 69 48 490 44 285 446 424 630 143 122 487 2955 2930 83 2117 384 126 258 86 238 56 186 132 88 111 174 133 97 57 63 432 88 59 344 304 254 205 168 95 73 1720 82 1638 68 1751 81 48 117
internal_count=12780 10395 601 9794 5639 4155 2956 60 541 1200 512 453 2402 747 69 48 490 44 285 446 424 630 143 122 487 2955 2930 83 2117 384 126 258 86 238 56 186 132 88 111 174 133 97 57 63 432 88 59 344 304 254 205 168 95 73 1720 82 1638 68 1751 81 48 117
is_linear=0
shrinkage=0.05


Tree=86
num_leaves=63
num_cat=0
split_feature=35 40 40 32 40 40 31 23 34 9 36 35 31 31 40 31 15 32 35 33 31 32 24 13 31 31 33 32 33 31 35 33 33 31 35 32 33 34 32 31 35 36 36 30 34 31 9 5 36 35 32 34 35 35 31 34 6 35 8 9 2 36
split_gain=4.39366e+06 5.0306e+06 7.48565e+06 6.9073e+06 4.2523e+06 2.91272e+06 2.26529e+06 2.21211e+06 3.45379e+06 3.47508e+06 2.30032e+06 5.48428e+06 1.87414e+06 1.85263e+06 1.80639e+06 1.71669e+06 1.65447e+06 1.61441e+06 1.41467e+06 3.14816e+06 2.51271e+06 4.39263e+06 1.53227e+06 3.19868e+06 1.5091e+06 1.49622e+06 1.63028e+06 1.98444e+06 2.11551e+06 2.34794e+06 1.84169e+06 1.78508e+06 2.6068e+06 1.48663e+06 2.18408e+06 1.43695e+06 1.41293e+06 1.34813e+06 2.8272e+06 1.96508e+06 1.9681e+06 1.28431e+06 2.59663e+06 1.27058e+06 1.70021e+06 1.15769e+06 985241 950894 929205 1.16339e+06 911900 1.06416e+06 1.26825e+06 1.53728e+06 1.06409e+06 1.51776e+06 856592 1.20169e+06 978656 850896 864222 916862
threshold=461.05000000000007 1.0000000180025095e-35 1.5000000000000002 389.15000000000003 5.5000000000000009 4.5000000000000009 334.45000000000005 1.0000000180025095e-35 310.65000000000003 1.0000000180025095e-35 271.56250000000006 774.25000000000011 304.15000000000003 122.10000000000001 2.5000000000000004 466.05000000000007 1.0000000180025095e-35 268.45000000000005 1291.7500000000002 457.15000000000003 385.35000000000008 438.45000000000005 1.0000000180025095e-35 1.0000000180025095e-35 145.25000000000003 84.450000000000017 193.85000000000005 202.45000000000002 477.05000000000001 434.35000000000008 849.65000000000009 479.15000000000003 421.75000000000006 388.75000000000006 926.15000000000009 258.95000000000005 180.40000000000003 121.35000000000001 336.25000000000006 263.25000000000006 1067.0500000000002 281.71250000000003 229.83333333333337 1.0000000180025095e-35 468.70000000000005 59.050000000000004 1.0000000180025095e-35 1.0000000180025095e-35 208.12500000000003 639.80000000000007 405.75000000000006 416.00000000000006 1018.5500000000001 983.85000000000002 276.75000000000006 185.30000000000004 1.0000000180025095e-35 594.25000000000011 1.0000000180025095e-35 1.0000000180025095e-35 1.0000000180025095e-35 359.37500000000006
decision_type=2 2 2 2 2 2 2 2 2 2 2 2 2 2 2 2 2 2 2 2 2 2 2 2 2 2 2 2 2 2 2 2 2 2 2 2 2 2 2 2 2 2 2 2 2 2 2 2 2 2 2 2 2 2 2 2 2 2 2 2 2 2
left_child=13 -2 3 7 5 14 -5 8 9 10 11 12 -3 -1 -4 17 18 -12 22 20 -20 -22 25 24 -24 45 36 28 29 30 48 32 35 34 -26 -29 -27 39 -39 41 -41 42 -37 44 50 -6 47 -15 49 -28 51 52 53 56 -52 -56 58 -58 -16 60 61 -54
right_child=1 2 4 6 16 -7 -8 -9 -10 -11 15 -13 -14 46 43 -17 -18 -19 19 -21 21 -23 23 -25 33 26 27 31 -30 -31 -32 -33 -34 -35 -36 37 -38 38 -40 40 -42 -43 -44 -45 -46 -47 -48 -49 -50 -51 54 -53 59 -55 55 -57 57 -59 -60 -61 -62 -63
leaf_value=-2.5914623185179875 -1.7413522441814473 -3.6457833853634924 -2.2265356025792578 16.933684258711967 6.9244729518890384 -1.6396461856198514 37.094306625019421 17.835846984386446 -13.357634272942176 25.25663498015631 1.6608222142509792 31.803783380417599 13.087895160251193 -0.79906008097713932 1.5739816295743829 5.7289663169442155 -10.798399335687812 -16.365851324575921 15.661953841315375 20.879598911830357 -13.169646593042323 15.461301558358329 5.6017756356749429 15.666383460851817 -3.0952837011248278 2.7256099859082052 3.9077164034689624 16.64785943301219 -12.726770505038175 -10.936216386159261 12.870821515180296 20.730448693495532 -2.2663761057456333 0.96275389807564871 -17.370829266593571 6.0919656753540039 -8.450881079147603 2.2646765518188476 28.850367951393128 16.171789236788481 1.6809753974278767 8.6530237770080571 -19.081470416841054 -8.8847036666870114 16.606244813828241 -6.9660900433858233 2.6351589400048665 2.3892012033731707 6.9163088162740074 -10.589186091423036 1.8664153242111206 -7.1682969135396624 12.813486379384996 -10.899834475150476 5.5062555501094232 19.455596109231315 -2.555788769040789 9.9241677514968387 -4.269351961554551 -2.0671821746826171 -1.2851171296834947 0.7121109247207642
leaf_weight=1284 1389 44 271 38 20 1475 22 32 26 21 23 21 27 4103 568 41 22 27 27 35 37 21 43 26 74 1136 31 53 22 24 59 26 60 70 42 20 29 20 20 53 42 20 21 25 21 60 246 248 48 25 145 34 72 26 104 24 28 62 82 25 20 20
leaf_count=1284 1389 44 271 38 20 1475 22 32 26 21 23 21 27 4103 568 41 22 27 27 35 37 21 43 26 74 1136 31 53 22 24 59 26 60 70 42 20 29 20 20 53 42 20 21 25 21 60 246 248 48 25 145 34 72 26 104 24 28 62 82 25 20 20
internal_value=0.0918235 0.947777 1.62567 9.0231 1.16654 -0.054982 24.3259 5.51864 3.80495 5.99233 3.78168 9.35694 2.71773 -0.912296 1.47572 -1.85485 2.84404 -8.07358 2.98273 8.25891 3.06215 -2.80327 2.67298 -0.953062 -2.83999 3.18982 3.50267 5.7626 1.9393 3.66471 5.81455 8.14788 7.08916 -4.79158 -8.26402 9.3435 2.4474 7.36834 15.5575 5.26856 9.76532 -1.73461 -6.80175 2.27453 2.50116 -3.49345 -0.443283 -0.617334 1.81147 -2.56412 2.25636 1.51546 1.84242 1.04997 4.79932 8.12176 1.46983 6.04151 0.836823 6.27322 8.13492 10.1828
internal_weight=12780 6899 5510 322 5188 3002 60 262 230 204 183 92 71 5881 1527 91 2186 50 2164 120 85 58 2044 255 229 1789 1709 544 209 187 163 335 309 186 116 249 1165 196 40 156 95 61 41 1256 1231 80 4597 4351 104 56 1210 937 903 766 273 128 740 90 650 137 112 92
internal_count=12780 6899 5510 322 5188 3002 60 262 230 204 183 92 71 5881 1527 91 2186 50 2164 120 85 58 2044 255 229 1789 1709 544 209 187 163 335 309 186 116 249 1165 196 40 156 95 61 41 1256 1231 80 4597 4351 104 56 1210 937 903 766 273 128 740 90 650 137 112 92
is_linear=0
shrinkage=0.05


Tree=87
num_leaves=63
num_cat=0
split_feature=5 2 9 40 32 35 33 36 34 35 36 36 35 32 32 32 36 35 33 33 34 33 31 33 36 36 32 35 31 31 40 40 31 32 29 7 35 36 37 32 35 32 31 33 32 40 40 32 33 40 32 32 33 35 37 33 32 33 35 35 33 40
split_gain=4.04676e+06 3.30644e+06 2.79781e+06 2.32875e+06 2.73392e+06 2.32527e+06 3.24637e+06 2.14328e+06 1.81749e+06 2.36917e+06 1.81662e+06 2.15981e+06 1.81005e+06 1.68133e+06 2.07007e+06 1.56753e+06 1.49462e+06 1.4918e+06 1.46996e+06 1.72822e+06 1.41983e+06 1.65261e+06 2.4702e+06 1.4837e+06 2.41586e+06 2.21654e+06 1.45092e+06 1.29821e+06 1.98049e+06 2.35722e+06 1.85354e+06 1.35033e+06 1.27678e+06 1.5937e+06 1.24961e+06 1.47756e+06 1.27689e+06 1.24506e+06 1.3496e+06 1.21829e+06 2.07719e+06 1.12654e+06 1.19513e+06 1.09805e+06 1.06059e+06 1.03917e+06 2.17201e+06 2.42673e+06 2.32872e+06 1.09689e+06 1.08737e+06 1.03485e+06 1.01538e+06 939104 2.01787e+06 1.246e+06 925660 901658 935937 1.50603e+06 928675 898454
threshold=1.0000000180025095e-35 1.0000000180025095e-35 1.0000000180025095e-35 5.5000000000000009 450.50000000000006 1274.3500000000001 384.15000000000003 204.23333333333338 457.05000000000007 1377.7500000000002 349.01666666666671 268.44166666666678 856.40000000000009 405.75000000000006 440.45000000000005 464.15000000000003 347.55833333333339 918.1500000000002 201.15000000000001 180.40000000000003 130.05000000000004 338.05000000000007 220.15000000000001 315.85000000000008 254.65000000000006 228.51250000000002 184.85000000000005 1377.7500000000002 388.75000000000006 287.55000000000007 5.5000000000000009 5.5000000000000009 471.05000000000007 475.15000000000003 1.0000000180025095e-35 1.0000000180025095e-35 1522.8500000000001 349.01666666666671 4.5000000000000009 385.45000000000005 654.95000000000016 239.05000000000004 221.95000000000002 222.70000000000002 484.05000000000007 3.5000000000000004 1.0000000180025095e-35 215.80000000000004 220.95000000000002 5.5000000000000009 136.15000000000001 289.75000000000006 442.60000000000008 1186.7000000000003 3.5000000000000004 222.70000000000002 442.25000000000006 447.90000000000003 1274.3500000000001 1162.6500000000003 372.95000000000005 5.5000000000000009
decision_type=2 2 2 2 2 2 2 2 2 2 2 2 2 2 2 2 2 2 2 2 2 2 2 2 2 2 2 2 2 2 2 2 2 2 2 2 2 2 2 2 2 2 2 2 2 2 2 2 2 2 2 2 2 2 2 2 2 2 2 2 2 2
left_child=1 2 3 34 8 37 -7 43 9 18 11 -6 -3 27 -15 -13 -8 -17 19 56 23 22 -22 39 25 -25 -26 28 29 31 -30 -14 33 45 35 36 57 38 -2 40 -20 -40 -43 -4 -16 46 -9 50 -49 -47 -48 -42 -23 54 55 -51 -5 60 59 -59 -1 -34
right_child=5 12 7 4 10 6 16 32 -10 -11 -12 15 13 14 44 17 -18 -19 20 -21 21 52 -24 24 26 -27 -28 -29 30 -31 -32 -33 61 -35 -36 -37 -38 -39 41 -41 51 42 -44 -45 -46 49 47 48 -50 53 -52 -53 -54 -55 -56 -57 -58 58 -60 -61 -62 -63
leaf_value=-1.3258055755860356 0.95149353467277253 0.96254738362641123 -0.61508202839899684 -0.15518141031829236 12.278360631730822 0.92644741058349611 28.444238410641749 0.86126309812068946 13.213524514035539 -16.798435792468844 13.268662095069885 8.5761773872375482 1.9286913822094602 19.60788514522406 1.6770449256896975 1.3291125365665981 10.607512142347254 -17.103114683731743 0.70172881807599752 -11.436974642617363 1.2110922942558924 9.7232881677561807 -22.581489105224609 -0.050757061166966211 -5.2714972475300668 -19.924583530426027 8.7690039302991778 -8.6520155386491258 5.7616023840964772 -6.7777573120026364 22.585210492394189 16.066755520304046 5.1577499735355374 -9.3611557985154477 -3.4210846182919292 1.3987447503310051 9.5464305595115384 6.0361129071977402 18.034247666313536 -2.4458000092279342 10.956634368067203 -4.9095065975189209 12.375809631347657 -10.495260512083769 14.097507789611818 -0.63964151111066625 9.0258045077323921 10.412059966496059 31.473071243649443 5.5580034829500153 -5.8359901571273802 23.287918859057957 -4.921020994186402 -5.9273040485382085 16.931763517856599 -4.868728828430176 -10.957156473398209 1.5640702964642492 -4.9224272636636615 15.666318965911865 -4.8178176771736503 16.835610280718125
leaf_weight=4956 832 717 232 2373 36 45 24 100 26 21 64 20 57 39 55 21 23 23 35 35 24 29 20 47 23 20 92 22 64 63 22 24 40 26 609 561 27 180 21 21 46 20 20 32 25 217 32 35 21 127 20 27 20 20 32 37 20 78 31 25 198 28
leaf_count=4956 832 717 232 2373 36 45 24 100 26 21 64 20 57 39 55 21 23 23 35 35 24 29 20 47 23 20 92 22 64 63 22 24 40 26 609 561 27 180 21 21 46 20 20 32 25 217 32 35 21 127 20 27 20 20 32 37 20 78 31 25 198 28
internal_value=0.0872323 -0.194549 -0.465757 -0.729699 0.411428 2.89658 10.5253 2.0516 0.0537331 -0.0661949 6.69072 2.48084 2.42954 5.26467 10.1629 -3.03026 19.7156 -8.30592 0.0578789 -0.406789 2.85048 -2.56999 -9.60372 4.4714 1.56388 -5.98324 5.9609 2.95163 4.06155 0.475964 10.0653 6.11775 3.43959 2.7742 -1.26516 -1.04171 -1.29931 2.24249 1.47781 8.57347 10.7161 8.65648 3.73315 -1.81268 5.55844 3.26643 6.1711 11.0876 18.3099 1.87111 3.30973 15.5175 3.74602 4.39349 5.44663 3.20563 -0.245461 -1.35468 2.69448 4.98695 -1.45996 9.96628
internal_weight=12780 11615 10527 9528 3043 1165 92 999 2879 2853 164 100 1088 371 119 64 47 44 2832 2428 404 93 44 311 182 67 115 252 230 144 86 81 735 667 6485 5876 5315 1073 893 129 108 61 40 264 80 641 208 108 56 433 52 73 49 216 196 164 2393 5288 134 103 5154 68
internal_count=12780 11615 10527 9528 3043 1165 92 999 2879 2853 164 100 1088 371 119 64 47 44 2832 2428 404 93 44 311 182 67 115 252 230 144 86 81 735 667 6485 5876 5315 1073 893 129 108 61 40 264 80 641 208 108 56 433 52 73 49 216 196 164 2393 5288 134 103 5154 68
is_linear=0
shrinkage=0.05


Tree=88
num_leaves=63
num_cat=0
split_feature=40 40 32 40 35 40 40 37 32 32 31 40 32 35 36 12 23 31 28 24 13 12 18 35 31 11 32 35 31 31 34 31 35 21 34 21 32 32 31 31 36 32 39 35 35 31 36 11 35 35 31 34 34 25 31 34 32 32 31 31 31 32
split_gain=3.79064e+06 5.34505e+06 8.52235e+06 3.24282e+06 3.2323e+06 2.80217e+06 2.15657e+06 2.01235e+06 2.32688e+06 2.02056e+06 1.98875e+06 1.90229e+06 2.55829e+06 2.40375e+06 1.70289e+06 1.51398e+06 2.35414e+06 2.02599e+06 1.49409e+06 1.12985e+06 2.47796e+06 1.46465e+06 4.40723e+06 2.49666e+06 3.3631e+06 2.82736e+06 2.72512e+06 2.33646e+06 2.3086e+06 2.29104e+06 1.90306e+06 1.79091e+06 1.78109e+06 1.82846e+06 1.76851e+06 1.7029e+06 1.39419e+06 2.07799e+06 2.03028e+06 1.086e+06 1.22364e+06 1.29645e+06 1.09151e+06 1.07008e+06 1.14621e+06 1.05691e+06 1.38067e+06 1.05444e+06 1.07939e+06 1.42605e+06 983765 1.55471e+06 2.96228e+06 929886 918531 905932 1.10462e+06 2.18748e+06 1.20971e+06 1.49139e+06 1.21517e+06 1.46442e+06
threshold=1.0000000180025095e-35 1.5000000000000002 389.15000000000003 5.5000000000000009 461.05000000000007 4.5000000000000009 2.5000000000000004 4.5000000000000009 343.35000000000008 316.55000000000007 334.45000000000005 3.5000000000000004 278.85000000000008 1152.0500000000002 336.08750000000003 1.0000000180025095e-35 1.0000000180025095e-35 93.350000000000009 1.0000000180025095e-35 1.0000000180025095e-35 1.0000000180025095e-35 1.0000000180025095e-35 1.0000000180025095e-35 1018.5500000000001 209.75000000000003 1.0000000180025095e-35 374.50000000000006 1026.7 434.35000000000008 148.75000000000003 214.10000000000005 330.95000000000005 1099.0500000000002 1.0000000180025095e-35 333.35000000000008 1.0000000180025095e-35 412.25000000000006 438.45000000000005 414.05000000000007 145.25000000000003 332.91666666666669 383.75000000000006 1.0000000180025095e-35 983.85000000000002 774.25000000000011 453.05000000000007 316.95000000000005 1.0000000180025095e-35 1036.0000000000002 886.1500000000002 360.35000000000008 325.25000000000006 194.40000000000003 1.0000000180025095e-35 352.05000000000007 148.55000000000004 455.45000000000005 443.85000000000008 240.15000000000001 251.05000000000004 214.85000000000005 333.85000000000008
decision_type=2 2 2 2 2 2 2 2 2 2 2 2 2 2 2 2 2 2 2 2 2 2 2 2 2 2 2 2 2 2 2 2 2 2 2 2 2 2 2 2 2 2 2 2 2 2 2 2 2 2 2 2 2 2 2 2 2 2 2 2 2 2
left_child=-1 2 7 5 -5 6 -3 8 9 15 -4 12 47 43 -15 16 17 -2 -19 21 39 23 27 30 29 26 31 45 -27 -25 55 -26 -33 -34 -29 -32 -28 -38 -39 42 41 -41 -21 44 -14 46 -23 48 49 -8 54 52 53 -52 -13 56 57 58 60 -60 -6 -62
right_child=1 3 10 4 19 -7 11 -9 -10 -11 -12 50 13 14 -16 -17 -18 18 -20 20 -22 22 -24 24 25 28 36 34 -30 -31 35 32 33 -35 -36 -37 37 38 -40 40 -42 -43 -44 -45 -46 -47 -48 -49 -50 -51 51 -53 -54 -55 -56 -57 -58 -59 59 -61 61 -63
leaf_value=-1.7148771573156432 -12.611602189324119 -2.3167175791651644 16.024635917262028 -0.19502347677533641 1.4100227336475359 -1.736416769259586 1.9121433372885761 17.242908128102624 -11.585626649856568 17.081603286743164 34.914666513963184 -0.80864635170199151 3.2071665531068336 27.210053149136634 7.9514075676600147 -8.5725341313871848 15.661259563991003 2.0907657726275546 13.901936099447054 -2.5985196070237593 12.953912556555963 -1.0282607706387838 17.790222712925502 6.9949534196120045 -8.4501911574396598 4.6421907078136098 24.365992993893833 -23.620734826001254 -18.53481167838687 26.711730205311497 -16.527203861872355 17.85856584440107 -6.7860117478804156 9.2054851712324677 -3.335188494409834 1.3415974299112956 -2.2047316095103389 7.885573085661858 28.318816184997559 -3.3076310039237811 2.5945704986309188 -14.226923200819227 13.338130437760126 -2.7731507539749147 10.847999639213086 -9.7067857265472419 12.747363958575511 -4.4676118708140145 12.453156446373981 -9.2222499338785813 0.5642233922462615 -11.031503755396063 19.274578475952151 8.7488492794525925 -10.174506574206882 12.40498482131958 7.1079189710150992 -10.198785129715416 15.248030429416232 3.2946089469911506 -14.418664050924367 2.6884888042103161
leaf_weight=2385 22 554 38 1969 257 2683 694 24 28 25 22 860 127 22 24 29 35 349 29 22 31 105 28 26 29 22 23 22 21 34 24 23 33 39 21 30 23 31 20 111 58 36 21 40 80 26 22 74 23 30 315 22 25 39 27 25 133 34 27 778 29 22
leaf_count=2385 22 554 38 1969 257 2683 694 24 28 25 22 860 127 22 24 29 35 349 29 22 31 105 28 26 29 22 23 22 21 34 24 23 33 39 21 30 23 31 20 111 58 36 21 40 80 26 22 74 23 30 315 22 25 39 27 25 133 34 27 778 29 22
internal_value=0.0828707 0.495341 5.0723 0.21448 1.27438 -0.566492 0.495384 3.08945 2.43242 3.23509 22.951 1.14397 2.65696 6.66785 17.1621 2.48905 3.22649 2.13845 2.99691 2.59793 -0.37393 3.03272 -0.765494 3.53825 7.48231 5.0538 7.33622 -3.41631 -6.67681 18.1678 2.59794 2.42554 5.7455 1.87605 -13.7138 -6.60009 13.6138 10.2719 15.8986 -2.03991 -3.55527 -5.98174 5.1845 4.71346 6.16015 -0.522234 1.35807 1.22555 1.78953 1.45077 -0.164628 1.89054 2.64063 1.46592 -1.09374 2.97855 2.79444 2.29427 2.67591 3.69553 0.0109784 -7.03911
internal_weight=12780 10395 601 9794 4155 5639 2956 541 517 489 60 2402 1114 293 46 464 435 400 378 2186 279 1907 224 1683 324 264 221 196 43 60 1359 124 95 72 43 54 97 74 51 248 205 147 43 247 207 153 127 821 747 724 1288 401 379 354 887 1305 1280 1147 1113 805 308 51
internal_count=12780 10395 601 9794 4155 5639 2956 541 517 489 60 2402 1114 293 46 464 435 400 378 2186 279 1907 224 1683 324 264 221 196 43 60 1359 124 95 72 43 54 97 74 51 248 205 147 43 247 207 153 127 821 747 724 1288 401 379 354 887 1305 1280 1147 1113 805 308 51
is_linear=0
shrinkage=0.05


Tree=89
num_leaves=63
num_cat=0
split_feature=5 2 9 31 33 31 40 32 36 31 31 32 32 34 31 32 18 40 40 29 32 33 33 36 10 37 40 40 32 40 40 33 33 33 33 34 33 33 33 8 33 34 36 31 36 36 31 32 10 32 31 34 33 33 40 24 40 23 32 34 31 32
split_gain=3.59891e+06 2.90342e+06 2.47482e+06 1.91716e+06 3.59652e+06 2.19811e+06 1.89681e+06 2.31002e+06 1.89294e+06 1.71605e+06 3.50452e+06 2.17194e+06 2.13808e+06 1.62345e+06 1.54584e+06 1.28208e+06 1.79955e+06 1.22498e+06 1.29494e+06 1.12777e+06 1.12092e+06 1.14213e+06 1.21153e+06 1.21833e+06 1.11259e+06 1.06546e+06 1.02397e+06 2.47657e+06 1.58858e+06 1.60272e+06 1.36782e+06 1.33863e+06 1.89377e+06 1.05845e+06 1.00682e+06 992060 1.62569e+06 2.19239e+06 1.5599e+06 1.07335e+06 1.09359e+06 1.57794e+06 1.51162e+06 2.50341e+06 2.17311e+06 1.49738e+06 2.71769e+06 1.43461e+06 1.24482e+06 1.54378e+06 1.04998e+06 980235 983850 1.04293e+06 1.83218e+06 975989 970294 993694 950260 946936 997998 1.41716e+06
threshold=1.0000000180025095e-35 1.0000000180025095e-35 1.0000000180025095e-35 316.15000000000003 384.15000000000003 454.65000000000003 5.5000000000000009 450.50000000000006 204.23333333333338 405.35000000000008 346.75000000000006 480.35000000000008 462.05000000000007 457.05000000000007 480.75000000000006 402.15000000000003 1.0000000180025095e-35 3.5000000000000004 1.0000000180025095e-35 1.0000000180025095e-35 473.65000000000003 474.05000000000007 446.75000000000006 368.12500000000006 1.0000000180025095e-35 4.5000000000000009 1.0000000180025095e-35 3.5000000000000004 385.45000000000005 1.5000000000000002 2.5000000000000004 447.90000000000003 397.45000000000005 362.55000000000007 222.70000000000002 287.05000000000007 201.15000000000001 180.40000000000003 349.35000000000008 1.0000000180025095e-35 361.30000000000001 56.050000000000004 345.92500000000007 370.35000000000008 254.65000000000006 312.83333333333337 373.85000000000008 228.75000000000003 1.0000000180025095e-35 305.05000000000007 220.15000000000001 310.65000000000003 322.25000000000006 85.65000000000002 1.5000000000000002 1.0000000180025095e-35 5.5000000000000009 1.0000000180025095e-35 309.95000000000005 356.75000000000006 388.75000000000006 288.45000000000005
decision_type=2 2 2 2 2 2 2 2 2 2 2 2 2 2 2 2 2 2 2 2 2 2 2 2 2 2 2 2 2 2 2 2 2 2 2 2 2 2 2 2 2 2 2 2 2 2 2 2 2 2 2 2 2 2 2 2 2 2 2 2 2 2
left_child=1 2 6 25 24 -6 19 13 34 10 11 12 -9 35 15 56 17 18 -17 26 21 22 23 -10 55 -2 -1 28 31 -30 -31 32 33 51 -4 36 37 -8 50 40 41 45 43 44 47 46 48 -42 49 -38 -37 52 53 -28 -55 -5 57 -3 -27 60 -58 -62
right_child=3 14 8 4 5 -7 7 9 20 -11 -12 -13 -14 -15 -16 16 -18 -19 -20 -21 -22 -23 -24 -25 -26 58 27 -29 29 30 -32 -33 -34 -35 -36 38 39 -39 -40 -41 42 -43 -44 -45 -46 -47 -48 -49 -50 -51 -52 -53 -54 54 -56 -57 59 -59 -60 -61 61 -63
leaf_value=-2.0109328282794285 0.49430315219367249 -0.74503259692010915 -0.55838281922684663 4.9314273690034263 24.733859505653385 4.5647535248236224 -0.24224702281946386 8.6863883137702942 2.5205813734304336 -2.6045375642322361 28.251120257377625 14.634174696604411 -9.7381256718789384 12.449175829153795 12.178919036764848 2.8285838784593524 19.062774831598457 0.6903330341391607 17.447812012263707 -3.2207710919595876 -5.9211590327322483 -5.2922654740950641 14.282406459535872 7.8380613914371411 -5.106360458626467 16.52919092655182 0.31457478653543697 -1.4470875936700907 14.709162158232468 -3.9025244279341269 7.5494531989097595 11.17495906106357 -14.23179726600647 11.975132541656494 -10.019189354777337 6.8528423728942869 4.2366977934743844 -14.073599093535851 -15.625735605680028 10.501461083238775 -0.050853646596272783 -5.91283295750618 9.1021868896484381 -19.126413683664232 7.6719116718211069 -5.2350795291718981 24.286534543832147 -16.860829479044135 -4.1198536148071296 20.62720238685608 -6.6454245567321779 -10.3303797858102 -9.0637836566338166 15.959016812642416 1.4192300209632287 -6.1534307161966959 1.0513279872380685 7.000405558480157 2.3622739594558193 13.918886337280274 2.7093169921483753 18.819979044369287
leaf_weight=1663 639 519 232 365 35 22 2376 32 504 42 20 39 31 26 38 33 22 109 28 609 32 34 28 137 34 20 1127 2713 39 44 64 29 22 20 32 25 51 29 26 44 30 28 30 21 47 21 24 22 25 20 34 21 26 30 78 21 214 45 29 20 39 21
leaf_count=1663 639 519 232 365 35 22 2376 32 504 42 20 39 31 26 38 33 22 109 28 609 32 34 28 137 34 20 1127 2713 39 44 64 29 22 20 32 25 51 29 26 44 30 28 30 21 47 21 24 22 25 20 34 21 26 30 78 21 214 45 29 20 39 21
internal_value=0.0787271 -0.187005 -0.441147 2.72806 5.16403 16.9493 -0.689387 0.34049 1.92645 6.11248 9.11342 5.36093 -0.379642 0.011693 2.27197 1.91343 5.60682 3.86546 9.53905 -1.17264 3.23086 3.64745 4.10179 3.65708 3.5646 1.03917 -0.960371 -0.545683 1.08466 6.02116 2.88383 0.54832 0.315561 0.561369 -1.70515 -0.101652 0.0617334 -0.409028 -5.42226 3.18069 2.17093 4.92899 -0.936487 -3.44616 -0.12004 7.08198 9.23747 -7.16277 5.4752 8.85374 -0.92582 0.383307 0.561727 0.764369 5.45806 4.32837 1.08694 -0.127046 8.14469 3.4158 2.64915 8.34805
internal_weight=12780 11615 10527 1165 477 57 9528 3043 999 164 122 102 63 2879 1088 1050 192 170 61 6485 735 703 669 641 420 688 5876 4213 1500 147 108 1353 1324 1302 264 2853 2768 2405 85 363 319 169 150 120 99 141 120 52 96 71 59 1282 1261 1235 108 386 858 564 49 294 274 60
internal_count=12780 11615 10527 1165 477 57 9528 3043 999 164 122 102 63 2879 1088 1050 192 170 61 6485 735 703 669 641 420 688 5876 4213 1500 147 108 1353 1324 1302 264 2853 2768 2405 85 363 319 169 150 120 99 141 120 52 96 71 59 1282 1261 1235 108 386 858 564 49 294 274 60
is_linear=0
shrinkage=0.05


Tree=90
num_leaves=63
num_cat=0
split_feature=9 18 5 6 21 31 40 40 31 32 36 4 36 34 21 29 33 33 32 31 31 36 39 36 11 36 32 31 37 36 36 32 37 34 34 32 7 31 10 33 32 31 32 33 36 34 34 36 34 32 31 36 29 31 36 40 32 37 31 36 32 32
split_gain=3.13463e+06 2.81683e+06 2.40257e+06 2.02289e+06 2.55295e+06 1.69272e+06 1.68847e+06 2.04268e+06 2.44259e+06 5.04748e+06 1.7992e+06 1.54734e+06 1.59612e+06 3.55931e+06 1.46257e+06 1.41103e+06 1.58067e+06 2.46548e+06 1.61276e+06 1.58558e+06 1.38924e+06 2.25885e+06 1.3697e+06 1.73629e+06 1.54598e+06 1.57127e+06 1.38554e+06 1.36113e+06 1.35239e+06 1.60282e+06 1.83676e+06 1.37642e+06 1.34668e+06 1.6195e+06 1.3442e+06 1.24964e+06 1.12924e+06 1.11326e+06 1.08811e+06 1.37308e+06 1.23532e+06 1.48995e+06 1.0723e+06 1.01523e+06 1.00835e+06 5.55637e+06 1.15515e+06 1.76918e+06 1.14896e+06 987788 972482 914400 912873 883129 1.28943e+06 862826 1.2964e+06 995555 1.10342e+06 1.48655e+06 860413 859392
threshold=1.0000000180025095e-35 1.0000000180025095e-35 1.0000000180025095e-35 1.0000000180025095e-35 1.0000000180025095e-35 471.05000000000007 1.0000000180025095e-35 1.5000000000000002 363.75000000000006 336.25000000000006 321.17500000000001 1.0000000180025095e-35 315.3250000000001 215.20000000000002 1.0000000180025095e-35 1.0000000180025095e-35 233.40000000000003 322.25000000000006 280.85000000000008 205.95000000000002 394.15000000000003 440.43333333333334 1.0000000180025095e-35 479.05000000000007 1.0000000180025095e-35 371.92500000000007 297.75000000000006 66.450000000000017 3.5000000000000004 336.08750000000003 216.95833333333334 431.35000000000008 4.5000000000000009 333.35000000000008 94.850000000000009 343.35000000000008 1.0000000180025095e-35 280.75000000000006 1.0000000180025095e-35 397.45000000000005 136.15000000000001 375.65000000000003 211.45000000000002 319.15000000000003 319.85000000000008 386.25000000000006 316.05000000000007 287.31000000000006 278.25000000000006 453.75000000000006 437.35000000000008 254.65000000000006 1.0000000180025095e-35 360.35000000000008 261.0750000000001 5.5000000000000009 99.800000000000026 3.5000000000000004 401.25000000000006 304.74166666666673 58.95000000000001 421.65000000000003
decision_type=2 2 2 2 2 2 2 2 2 2 2 2 2 2 2 2 2 2 2 2 2 2 2 2 2 2 2 2 2 2 2 2 2 2 2 2 2 2 2 2 2 2 2 2 2 2 2 2 2 2 2 2 2 2 2 2 2 2 2 2 2 2
left_child=2 5 6 37 35 44 -1 8 15 10 14 22 32 -14 -10 16 18 -18 60 -20 -12 -22 28 24 27 36 50 -24 43 30 52 53 33 49 51 -5 -26 -4 61 40 -40 -42 -7 -9 46 -46 48 -48 -2 -13 -27 -3 -30 -32 -55 -39 -57 58 59 -58 -8 -29
right_child=1 34 3 4 -6 42 7 11 9 -11 20 12 13 -15 -16 -17 17 -19 19 -21 21 -23 23 -25 25 26 -28 38 29 -31 31 -33 -34 -35 -36 -37 -38 55 39 -41 41 -43 -44 -45 45 -47 47 -49 -50 -51 -52 -53 -54 54 -56 56 57 -59 -60 -61 -62 -63
leaf_value=-1.8282092463069906 1.9241983294296536 -8.4086042835598906 -0.23139679660071744 -2.6480128428628369 23.737360846478008 4.6536887316327347 -0.2260450021062099 -1.3798681591770807 22.467169017791747 29.614733812083372 11.122294217889959 -0.33834534073227762 3.1720911549740154 24.040881140335749 4.8915004894651224 -9.1910852074623115 23.254233350753786 1.0064315911495325 0.95974679405872632 -16.339733434606483 -13.323075463694913 4.8641070303164033 -5.5105050109153577 11.936032965875441 -1.5488398858412795 -8.1094685424119231 -13.63133031463623 0.85031545971750566 0.23564749887393366 -12.348467535972595 0.42142163538696747 13.715684227943422 7.8384395678838095 -13.146661372979484 -13.751506479581199 13.148959300631569 7.237794753832695 1.5860080322659598 -9.8630738608042403 -12.225598400831224 -2.297446521711938 9.8128131988886249 16.783749591282437 -6.2552961163087328 2.9121843381931907 28.204740683237716 0.70060123179821265 -17.054758691787722 14.087209253311158 10.51285328431563 4.9090973744025597 5.8780059913794203 -8.7046535519191206 0.54333002982717582 14.137743257509696 -0.081799102247807023 1.9479508206248284 16.979195927778882 -1.468853735101634 19.369314174652104 6.7947439299689396 4.0063173914053403
leaf_weight=1992 665 21 530 31 23 38 142 3645 20 23 22 449 183 23 29 34 20 33 26 27 31 38 86 31 586 32 50 1860 155 20 101 40 54 24 36 21 39 328 30 32 81 37 35 110 228 24 47 20 20 22 26 24 35 33 37 57 24 30 29 25 63 244
leaf_count=1992 665 21 530 31 23 38 142 3645 20 23 22 449 183 23 29 34 20 33 26 27 31 38 86 31 586 32 50 1860 155 20 101 40 54 24 36 21 39 328 30 32 81 37 35 110 228 24 47 20 20 22 26 24 35 33 37 57 24 30 29 25 63 244
internal_value=-0.039206 2.44194 -0.285555 1.9405 9.86665 3.11823 -0.516905 -0.212214 2.86299 7.90704 4.34077 -0.405915 1.74908 5.5021 12.0652 0.479858 1.53713 9.40183 -0.0784841 -7.8532 0.181442 -3.30695 -0.62849 0.161561 0.0439301 -1.96286 -7.53179 0.664597 -1.22141 1.46582 2.15481 5.36596 0.340841 -0.477079 -6.55016 3.73153 -1.00055 1.3594 0.897109 -2.83406 -0.803455 1.49984 10.4695 -1.52269 2.58373 5.321 1.66645 -4.59951 2.27932 0.168505 -2.27356 -0.789079 -1.41125 3.41281 7.72895 3.0696 6.01879 9.23854 6.26137 10.8364 1.93156 1.21632
internal_weight=12821 1158 11663 1098 75 1077 10565 8573 508 163 140 8065 755 206 49 345 311 53 258 53 91 69 7310 3134 3103 733 108 2370 4176 421 401 211 549 495 81 52 625 1023 2284 180 148 118 73 3755 1004 252 752 67 685 471 58 45 190 171 70 493 165 108 78 49 205 2104
internal_count=12821 1158 11663 1098 75 1077 10565 8573 508 163 140 8065 755 206 49 345 311 53 258 53 91 69 7310 3134 3103 733 108 2370 4176 421 401 211 549 495 81 52 625 1023 2284 180 148 118 73 3755 1004 252 752 67 685 471 58 45 190 171 70 493 165 108 78 49 205 2104
is_linear=0
shrinkage=0.05


Tree=91
num_leaves=63
num_cat=0
split_feature=35 32 25 9 5 36 33 35 31 31 35 31 10 35 31 35 31 33 35 37 38 35 32 28 35 32 32 32 9 8 33 28 32 37 31 32 18 36 31 24 35 36 37 36 32 31 11 13 36 35 32 33 33 24 36 35 33 33 37 31 31 35
split_gain=3.15733e+06 4.85973e+06 2.98158e+06 2.40777e+06 2.02901e+06 1.97677e+06 1.94241e+06 1.55017e+06 1.80865e+06 1.37867e+06 2.54535e+06 1.32868e+06 1.4247e+06 1.34615e+06 1.31068e+06 1.36621e+06 1.22224e+06 1.63529e+06 1.39591e+06 1.21708e+06 1.19658e+06 1.17638e+06 1.17286e+06 1.16078e+06 1.19841e+06 2.35648e+06 1.09506e+06 1.2529e+06 1.0624e+06 1.02761e+06 1.07894e+06 1.00946e+06 1.00674e+06 906940 869146 1.94993e+06 868124 1.51222e+06 912022 2.2057e+06 2.68016e+06 859574 851963 848489 1.99616e+06 1.27636e+06 998446 881359 842589 784219 764858 757296 815852 743574 1.31942e+06 1.19186e+06 1.03334e+06 1.37815e+06 692032 710264 800356 689477
threshold=1611.0000000000002 423.30000000000001 1.0000000180025095e-35 1.0000000180025095e-35 1.0000000180025095e-35 334.51666666666671 429.65000000000003 1291.7500000000002 353.50000000000006 379.65000000000003 1175.5000000000002 166.15000000000001 1.0000000180025095e-35 899.20000000000016 100.25000000000001 892.35000000000002 484.15000000000003 350.85000000000008 747.65000000000009 4.5000000000000009 1.0000000180025095e-35 807.70000000000016 297.75000000000006 1.0000000180025095e-35 960.80000000000007 491.15000000000003 455.45000000000005 396.15000000000003 1.0000000180025095e-35 1.0000000180025095e-35 462.65000000000003 1.0000000180025095e-35 482.55000000000007 4.5000000000000009 479.05000000000007 309.95000000000005 1.0000000180025095e-35 269.52000000000004 268.45000000000005 1.0000000180025095e-35 1118.0500000000002 285.21250000000003 4.5000000000000009 256.62500000000006 332.15000000000003 169.75000000000003 1.0000000180025095e-35 1.0000000180025095e-35 231.85000000000005 983.85000000000002 183.65000000000001 134.50000000000003 67.550000000000011 1.0000000180025095e-35 265.81666666666672 1118.0500000000002 332.75000000000006 419.85000000000008 2.5000000000000004 416.15000000000003 435.95000000000005 1099.0500000000002
decision_type=2 2 2 2 2 2 2 2 2 2 2 2 2 2 2 2 2 2 2 2 2 2 2 2 2 2 2 2 2 2 2 2 2 2 2 2 2 2 2 2 2 2 2 2 2 2 2 2 2 2 2 2 2 2 2 2 2 2 2 2 2 2
left_child=2 -2 3 4 14 9 16 29 -9 10 28 13 19 -6 15 21 17 18 -7 48 33 -1 -21 24 34 43 27 -20 31 30 36 -4 42 -17 -16 -36 38 -38 61 40 41 50 53 44 46 -46 47 -26 -13 -44 -40 52 -11 55 -55 -25 -57 -58 59 -43 -61 -5
right_child=1 -3 5 7 11 6 -8 8 -10 51 -12 12 -14 -15 23 20 -18 -19 26 22 -22 -23 -24 32 25 -27 -28 -29 -30 -31 -32 -33 -34 -35 35 -37 37 -39 39 -41 -42 58 49 -45 45 -47 -48 -49 -50 -51 -52 -53 -54 54 -56 56 57 -59 -60 60 -62 -63
leaf_value=-2.6937162381304165 -3.7159059433710007 29.911177732727744 1.1280775714582998 1.4925884425921261 0.0013041849083760206 3.6682564023378732 17.694653937220576 20.411517858505249 2.3721218665440875 5.5890979879780822 -11.731653080916987 -0.59934843923594505 -4.925693577005152 -10.132925765137925 -0.73182116290419896 15.382186233520509 -6.9527709643046069 -7.1867826136675745 7.9960021558015244 20.172467703819276 -3.6922453809529543 -12.923278389305905 4.642084312438965 -1.9197292299957571 -4.7412937915619509 15.885441268814937 3.6911019245783487 23.745624516691482 8.3427287527855416 -4.0590136461250195 -9.2512373833429251 -6.0562995519278182 -13.395441703796388 1.6244849619658099 3.3380152875687177 -10.091442093054454 -10.609060319625971 6.5545037610190251 4.4847646853923804 -10.060336551666261 19.360946535295056 0.7727426211132068 -1.6855416695276899 0.0085206030947015138 -0.89769828319549561 13.75019451996376 9.0855598449707031 5.9982752399444585 3.7096215916513908 -14.916142972310386 12.912248511541458 2.6140860211702042 17.688060841777109 2.6188333678245548 -13.752092780172825 12.811776555501499 -9.5265391945838935 7.9315255559407749 -3.8223752706478806 15.365232048715866 4.1160351286642252 -7.585681500218131
leaf_weight=910 21 22 631 424 238 111 32 24 33 38 41 148 57 38 6439 25 21 22 23 20 32 29 31 682 81 27 24 28 47 77 21 53 20 23 273 30 33 21 75 25 31 107 21 660 20 58 24 25 486 24 42 81 22 20 32 26 20 26 39 21 64 22
leaf_count=910 21 22 631 424 238 111 32 24 33 38 41 148 57 38 6439 25 21 22 23 20 32 29 31 682 81 27 24 28 47 77 21 53 20 23 273 30 33 21 75 25 31 107 21 660 20 58 24 25 486 24 42 81 22 20 32 26 20 26 39 21 64 22
internal_value=-0.0372457 13.4886 -0.0827625 -0.325699 -0.553942 2.31846 6.15579 1.94704 9.96766 1.22148 0.391119 1.5678 2.66949 -1.39399 -0.780659 -2.47526 4.54337 5.70403 7.22876 3.3015 3.79707 -3.00965 10.7324 -0.577698 -0.380465 1.33861 12.4983 16.6429 1.07106 1.49078 1.95276 0.571393 -2.30705 8.78995 -0.608671 2.00837 2.21303 -3.93434 2.60357 4.32441 5.27327 4.01833 -2.04646 0.886113 3.67078 9.99432 -0.123342 -2.20838 2.70374 -8.74186 7.51002 5.76783 10.0254 -1.67264 -7.45558 -1.27382 4.84438 0.341063 2.24981 3.48323 6.89525 1.04478
internal_weight=12821 43 12778 11604 10545 1174 261 1059 57 913 772 1018 742 276 9527 1019 229 208 186 685 80 939 51 8508 7637 895 75 51 731 1002 925 684 871 48 6742 303 904 54 850 404 379 348 851 868 208 78 130 106 634 45 117 141 60 806 52 754 72 46 231 192 85 446
internal_count=12821 43 12778 11604 10545 1174 261 1059 57 913 772 1018 742 276 9527 1019 229 208 186 685 80 939 51 8508 7637 895 75 51 731 1002 925 684 871 48 6742 303 904 54 850 404 379 348 851 868 208 78 130 106 634 45 117 141 60 806 52 754 72 46 231 192 85 446
is_linear=0
shrinkage=0.05


Tree=92
num_leaves=63
num_cat=0
split_feature=35 25 4 40 34 33 35 34 36 36 32 40 29 33 40 40 34 33 35 4 35 34 23 34 28 5 34 40 28 36 33 32 36 32 32 32 32 35 33 33 35 32 32 35 32 35 36 32 32 35 35 33 32 32 21 35 35 21 35 12 32 32
split_gain=2.86423e+06 2.81931e+06 2.69482e+06 1.99278e+06 1.86221e+06 1.85451e+06 3.01245e+06 2.81057e+06 2.49925e+06 1.72547e+06 1.69223e+06 1.27349e+06 1.06209e+06 1.05307e+06 1.04746e+06 2.37554e+06 3.83658e+06 3.96153e+06 2.99565e+06 1.49675e+06 1.0593e+06 1.08898e+06 1.01594e+06 1.00395e+06 992888 973892 948304 976333 1.82546e+06 1.23145e+06 1.19916e+06 869316 1.97015e+06 1.87461e+06 1.33549e+06 1.29854e+06 1.65281e+06 1.12793e+06 1.3203e+06 1.42476e+06 2.15649e+06 1.27636e+06 1.36029e+06 1.16232e+06 1.59258e+06 1.56601e+06 1.1179e+06 1.06743e+06 865998 1.06244e+06 1.01633e+06 864461 3.39248e+06 1.37582e+06 1.07806e+06 891428 1.63192e+06 1.41995e+06 928435 861910 804650 936407
threshold=1401.7500000000002 1.0000000180025095e-35 1.0000000180025095e-35 5.5000000000000009 413.85000000000008 464.15000000000003 1611.0000000000002 399.55000000000007 369.95000000000005 334.51666666666671 209.55000000000004 2.5000000000000004 1.0000000180025095e-35 435.95000000000005 1.0000000180025095e-35 1.5000000000000002 210.75000000000003 416.50000000000006 861.75000000000011 1.0000000180025095e-35 953.35000000000014 320.15000000000003 1.0000000180025095e-35 333.35000000000008 1.0000000180025095e-35 1.0000000180025095e-35 279.9500000000001 3.5000000000000004 1.0000000180025095e-35 386.78333333333336 363.9500000000001 433.35000000000008 230.82500000000005 443.85000000000008 423.30000000000001 459.15000000000003 464.15000000000003 1257.3500000000001 371.65000000000003 412.95000000000005 906.45000000000005 396.15000000000003 385.45000000000005 1089.1000000000001 136.15000000000001 953.35000000000014 336.08750000000003 410.75000000000006 489.35000000000008 976.85000000000002 819.1500000000002 271.65000000000003 301.65000000000003 151.05000000000004 1.0000000180025095e-35 976.85000000000002 825.45000000000016 1.0000000180025095e-35 796.40000000000009 1.0000000180025095e-35 117.55000000000001 223.45000000000002
decision_type=2 2 2 2 2 2 2 2 2 2 2 2 2 2 2 2 2 2 2 2 2 2 2 2 2 2 2 2 2 2 2 2 2 2 2 2 2 2 2 2 2 2 2 2 2 2 2 2 2 2 2 2 2 2 2 2 2 2 2 2 2 2
left_child=1 3 5 12 25 6 7 8 23 24 -6 -9 14 -11 -1 16 17 18 19 -16 -17 22 26 -2 -3 31 27 28 30 -29 -22 34 -33 -34 37 -35 -37 38 41 40 -40 42 51 44 -41 -46 -36 -43 49 50 -38 55 53 -53 -55 56 58 -58 -5 60 -27 -62
right_child=2 9 -4 4 10 -7 -8 11 -10 13 -12 -13 -14 -15 15 20 -18 -19 -20 -21 21 -23 -24 -25 -26 59 -28 29 -30 -31 -32 32 33 35 46 36 48 -39 39 43 -42 47 -44 -45 45 -47 -48 -49 -50 -51 -52 52 -54 54 -56 -57 57 -59 -60 -61 61 -63
leaf_value=-1.6220884410067633 9.9107987761497505 1.7666653021841232 21.000256874084474 0.062837226520177272 0.11613794962565105 -5.8978853365270112 20.923815710203989 3.9876057168612116 -2.8205916223526 4.9801992899265848 19.369153251647951 -10.298215720592403 -2.6579412272725884 16.257739699405175 2.7568654375843766 -0.90862862765080166 21.342884063720703 -17.405842330932618 17.090416172402247 -8.1942952324362377 17.392084380558558 -2.2546099282997218 8.000282300371877 24.880652055286227 -4.1345908551644062 0.66057454364672874 11.861116722651891 0.53687414708760905 -7.3845976874941872 -10.783264753553603 3.7553546905517581 14.028429900578089 12.847364985148113 -7.5134861664772039 -1.467927096440242 15.183551378250122 4.3072648164298801 -11.452053978329614 -0.52128502238880514 7.3430259309965997 20.088495864868165 12.065285516396548 -11.031053345778894 8.9669450868879039 1.1164248796609733 -16.595269644260409 -16.978346779232933 0.57777647745041616 -6.954412319319589 11.839193254167384 -8.9760213931401562 -0.96440490517351363 10.011393976211549 -20.06280819574992 -6.8695886492729192 -7.8710989270891467 -0.43919587665134013 14.821932826723373 -9.4350975485948414 -7.0442483210563669 11.251043196591464 3.4682550006646373
leaf_weight=1960 24 827 25 2474 21 41 28 26 25 207 25 39 719 23 379 3994 27 25 35 34 28 152 74 21 78 131 21 218 21 27 38 35 30 50 26 20 36 21 22 29 30 39 29 35 26 24 21 42 35 22 24 36 32 30 32 35 27 35 26 20 55 130
leaf_count=1960 24 827 25 2474 21 41 28 26 25 207 25 39 719 23 379 3994 27 25 35 34 28 152 74 21 78 131 21 218 21 27 38 35 30 50 26 20 36 21 22 29 30 39 29 35 26 24 21 42 35 22 24 36 32 30 32 35 27 35 26 20 55 130
internal_value=-0.0353834 -0.136166 5.50631 -0.371647 0.582196 3.60754 5.99848 2.90285 9.85483 2.24085 10.5797 -4.58389 -0.827528 6.10795 -0.6404 -0.261116 3.01104 1.96462 3.04556 1.85532 -0.618886 1.37979 2.67354 16.8967 1.25805 0.456509 1.55688 0.905108 5.45523 -0.710651 9.54063 0.197122 3.02027 1.24476 -0.0345398 -0.616623 1.90048 0.0954496 0.176201 4.51035 11.369 -0.0774005 -0.259216 1.38185 -1.97863 -7.38519 -8.39811 6.1088 -0.37013 2.44024 -1.00605 -0.144664 -4.12358 -8.73908 -13.2534 0.054512 0.162785 8.17596 -0.0359413 3.02182 3.65891 5.78206
internal_weight=12821 12592 229 11457 3705 204 163 135 70 1135 46 65 7752 230 7033 5073 500 473 448 413 4573 579 427 45 905 3659 353 332 87 245 66 3323 252 217 3071 187 137 3024 3003 166 52 2837 2756 114 79 50 47 81 117 82 60 2727 130 98 62 2597 2562 62 2500 336 316 185
internal_count=12821 12592 229 11457 3705 204 163 135 70 1135 46 65 7752 230 7033 5073 500 473 448 413 4573 579 427 45 905 3659 353 332 87 245 66 3323 252 217 3071 187 137 3024 3003 166 52 2837 2756 114 79 50 47 81 117 82 60 2727 130 98 62 2597 2562 62 2500 336 316 185
is_linear=0
shrinkage=0.05


Tree=93
num_leaves=63
num_cat=0
split_feature=35 31 25 33 33 32 32 34 40 34 35 36 35 31 35 31 33 9 31 32 32 36 35 35 34 36 33 5 32 32 31 32 31 36 31 9 31 34 36 2 33 21 2 35 31 35 28 9 34 6 33 35 35 33 35 36 35 40 40 34 34 32
split_gain=2.63333e+06 3.10822e+06 2.53874e+06 2.51831e+06 3.57667e+06 2.58458e+06 2.46078e+06 2.45616e+06 2.04002e+06 1.68259e+06 2.50756e+06 1.61156e+06 1.36904e+06 1.24746e+06 1.88739e+06 1.14339e+06 1.21588e+06 1.07464e+06 1.05063e+06 1.04809e+06 2.54258e+06 1.63636e+06 1.1908e+06 1.08093e+06 1.27663e+06 1.96582e+06 1.24259e+06 1.22864e+06 1.11796e+06 1.09296e+06 1.04181e+06 1.25449e+06 1.13029e+06 1.08953e+06 997716 957769 975508 932768 911206 872896 1.20924e+06 1.40061e+06 870449 942820 943568 842537 827865 802184 1.08748e+06 910713 941558 2.1006e+06 1.31055e+06 2.0322e+06 809297 2.14061e+06 2.05206e+06 795244 1.60729e+06 2.01701e+06 1.90644e+06 1.627e+06
threshold=1437.45 310.95000000000005 1.0000000180025095e-35 472.7000000000001 384.15000000000003 336.25000000000006 467.75000000000006 356.75000000000006 5.5000000000000009 368.40000000000003 1274.3500000000001 334.51666666666671 1186.7000000000003 379.65000000000003 1175.5000000000002 98.550000000000011 483.45000000000005 1.0000000180025095e-35 95.100000000000009 433.35000000000008 443.85000000000008 237.37750000000003 1257.3500000000001 1118.0500000000002 214.10000000000005 210.33750000000003 374.75000000000006 1.0000000180025095e-35 99.800000000000026 423.30000000000001 484.15000000000003 275.60000000000008 338.05000000000007 362.92500000000007 485.85000000000008 1.0000000180025095e-35 350.15000000000003 377.95000000000005 412.12500000000006 1.0000000180025095e-35 57.500000000000007 1.0000000180025095e-35 1.0000000180025095e-35 1291.7500000000002 81.15000000000002 486.05000000000007 1.0000000180025095e-35 1.0000000180025095e-35 131.25000000000003 1.0000000180025095e-35 429.65000000000003 1009.4000000000001 918.1500000000002 344.35000000000008 837.70000000000016 281.71250000000003 796.40000000000009 4.5000000000000009 1.0000000180025095e-35 181.30000000000004 273.15000000000003 492.35000000000008
decision_type=2 2 2 2 2 2 2 2 2 2 2 2 2 2 2 2 2 2 2 2 2 2 2 2 2 2 2 2 2 2 2 2 2 2 2 2 2 2 2 2 2 2 2 2 2 2 2 2 2 2 2 2 2 2 2 2 2 2 2 2 2 2
left_child=2 -2 8 4 6 -6 -3 -7 17 15 12 13 -11 14 35 18 19 34 -10 22 -21 -22 23 24 27 -26 -25 29 45 47 31 -13 -33 -34 42 36 37 46 -35 40 -23 -42 43 44 -1 -29 -4 48 49 50 51 52 53 54 56 -56 -17 58 -46 61 -61 -60
right_child=1 3 11 -5 5 7 -8 -9 9 10 -12 30 -14 -15 -16 16 -18 -19 -20 20 21 39 -24 26 25 -27 -28 28 -30 -31 -32 32 33 38 -36 -37 -38 -39 -40 -41 41 -43 -44 -45 57 -47 -48 -49 -50 -51 -52 -53 -54 -55 55 -57 -58 -59 59 60 -62 -63
leaf_value=-3.5574516578748518 -9.094960377134127 -3.3227166040436082 1.0775093452518203 -7.341863305228097 34.035048723220825 2.3437059350013736 17.333724244435629 25.851927013397216 -1.34111652530375 8.3358097553253181 23.111253370344642 2.4879317712524665 -7.2632676818154085 5.5497955878575649 -10.477375230036285 -0.40671898591751693 12.214494593247124 1.0812610542842327 -10.690460446386627 16.058779981401234 13.792104734420775 2.0963710571378473 -10.240586640284612 0.074621111154556274 4.423331701755524 -15.952987217081006 14.12048651941361 2.2332102215433696 6.813318937846593 -8.9977484256029125 -4.5401595652103426 3.3576887607574464 23.75778133392334 6.0418264249475993 2.3830506581096023 7.8560926559123594 -7.0991760161519055 10.416620929718018 19.059585006237029 7.3808707351343976 -13.204012319776746 1.860846773783366 0.68595050861731699 -5.6776225550585444 -1.8546564921248518 -8.977480915614537 -5.9650900189081835 3.1660408544867833 10.616968798637391 3.1185505189331884 -8.404159246550666 15.119870489293881 -10.147633482428159 13.918230602264405 17.146770626565687 -3.1278077316284181 -14.824242881774902 -1.8978630759185102 -0.25994571701055336 15.326052661058378 1.8189427463544741 13.40439137545499
leaf_weight=392 29 46 574 21 21 25 21 20 336 39 20 92 22 138 38 1929 23 689 33 36 25 100 26 32 20 29 31 83 140 32 22 40 20 41 213 47 40 25 20 35 36 27 626 119 1591 21 45 223 24 203 36 22 34 25 23 30 25 1785 2226 41 72 22
leaf_count=392 29 46 574 21 21 25 21 20 336 39 20 92 22 138 38 1929 23 689 33 36 25 100 26 32 20 29 31 83 140 32 22 40 20 41 213 47 40 25 20 35 36 27 626 119 1591 21 45 223 24 203 36 22 34 25 23 30 25 1785 2226 41 72 22
internal_value=-0.0336143 5.9213 -0.119842 8.74903 11.2897 19.551 3.15169 12.7918 -0.343199 0.619788 7.74728 2.12859 2.70991 1.17252 0.387004 0.461138 0.758862 -0.803887 -2.17724 0.677717 3.7289 1.73842 0.41324 0.506758 0.365952 -7.63612 6.98608 0.503531 3.89629 0.185867 5.81862 6.88854 10.2345 13.6304 -0.987162 0.951773 0.477354 0.947945 10.3099 0.216495 -1.32187 -6.74764 -1.09159 -1.26969 -1.1841 -0.030487 0.565527 0.300038 0.0281885 -0.0810211 -0.386818 -0.248588 -0.412241 -0.249345 -0.425822 5.67059 -0.591181 -1.02194 -0.626308 0.201436 6.71975 -0.12622
internal_weight=12821 183 12638 154 133 66 67 45 11496 3720 81 1142 61 907 769 3639 3270 7776 369 3247 259 223 2988 2962 2899 49 63 2850 244 2606 235 213 121 81 7087 731 684 644 61 198 163 63 6874 6248 6129 104 619 2574 2351 2327 2124 2088 2066 2032 2007 53 1954 5737 3952 2361 113 2248
internal_count=12821 183 12638 154 133 66 67 45 11496 3720 81 1142 61 907 769 3639 3270 7776 369 3247 259 223 2988 2962 2899 49 63 2850 244 2606 235 213 121 81 7087 731 684 644 61 198 163 63 6874 6248 6129 104 619 2574 2351 2327 2124 2088 2066 2032 2007 53 1954 5737 3952 2361 113 2248
is_linear=0
shrinkage=0.05


Tree=94
num_leaves=63
num_cat=0
split_feature=35 31 33 33 32 40 9 35 2 5 31 35 28 31 31 35 6 32 31 37 39 33 35 35 33 36 4 35 40 18 36 40 40 35 35 35 35 35 11 39 8 37 35 35 33 33 33 33 36 36 36 36 35 7 36 31 37 35 32 31 35 33
split_gain=2.37658e+06 2.80517e+06 2.27277e+06 3.22795e+06 2.33258e+06 2.33202e+06 2.181e+06 2.15085e+06 1.92394e+06 1.92985e+06 1.52504e+06 1.34381e+06 1.26611e+06 1.17343e+06 1.16679e+06 1.15922e+06 1.14537e+06 1.71281e+06 977364 1.2468e+06 928038 1.00686e+06 1.42448e+06 1.87149e+06 944320 890323 1.0563e+06 877146 916002 858937 1.08101e+06 857802 1.19404e+06 1.6782e+06 5.17734e+06 1.74329e+06 805063 1.72953e+06 800569 1.23235e+06 1.16078e+06 1.65371e+06 1.12501e+06 876958 1.37774e+06 2.27187e+06 1.37635e+06 931936 1.19419e+06 1.68732e+06 889204 794077 952446 755127 1.35478e+06 908692 750592 1.49404e+06 1.47712e+06 1.20243e+06 1.12066e+06 1.35924e+06
threshold=1437.45 310.95000000000005 472.7000000000001 384.15000000000003 336.25000000000006 4.5000000000000009 1.0000000180025095e-35 1611.0000000000002 1.0000000180025095e-35 1.0000000180025095e-35 388.75000000000006 1241.4000000000003 1.0000000180025095e-35 471.05000000000007 166.15000000000001 825.45000000000016 1.0000000180025095e-35 343.35000000000008 81.15000000000002 5.5000000000000009 1.0000000180025095e-35 52.350000000000001 926.15000000000009 1211.5500000000002 349.35000000000008 375.67500000000001 1.0000000180025095e-35 873.05000000000007 5.5000000000000009 1.0000000180025095e-35 254.65000000000006 1.0000000180025095e-35 1.5000000000000002 1067.0500000000002 837.70000000000016 716.85000000000002 1291.7500000000002 1186.7000000000003 1.0000000180025095e-35 1.0000000180025095e-35 1.0000000180025095e-35 3.5000000000000004 1175.5000000000002 899.20000000000016 315.85000000000008 286.30000000000001 192.65000000000001 334.15000000000003 278.37500000000006 245.32500000000002 258.81250000000006 359.37500000000006 976.85000000000002 1.0000000180025095e-35 200.57500000000002 198.45000000000002 4.5000000000000009 856.40000000000009 218.05000000000004 323.85000000000008 1257.3500000000001 201.15000000000001
decision_type=2 2 2 2 2 2 2 2 2 2 2 2 2 2 2 2 2 2 2 2 2 2 2 2 2 2 2 2 2 2 2 2 2 2 2 2 2 2 2 2 2 2 2 2 2 2 2 2 2 2 2 2 2 2 2 2 2 2 2 2 2 2
left_child=6 -2 3 5 -5 -3 8 -6 9 12 11 53 18 29 -11 -14 20 -18 -1 31 24 -22 -23 -24 -16 26 -17 -12 -29 36 -31 -20 33 34 35 -33 37 -8 39 43 42 -42 -40 -34 45 46 50 -46 49 -49 -45 56 -53 -10 -55 -56 57 -41 -59 -58 61 -60
right_child=1 2 -4 4 7 -7 13 -9 10 14 27 -13 15 -15 16 25 17 -19 19 -21 21 22 23 -25 -26 -27 -28 28 -30 30 -32 32 38 -35 -36 -37 -38 -39 40 51 41 -43 -44 44 47 -47 -48 48 -50 -51 -52 52 -54 54 55 -57 59 58 60 -61 -62 -63
leaf_value=-2.6297790630906821 -8.6402124906408382 13.046489552336354 -6.9747699919201089 32.33329655329387 1.4612647004749464 -5.6621135830879217 2.1376783718292227 23.329115360433406 0.61495629154555032 -1.1489318042180279 2.4088720890234656 -8.7805627288917716 -1.3274005414784043 8.212515412921638 1.7348929793650321 -6.9574062133725754 1.9210156781332834 20.811106836228145 -1.5177467526108857 11.474342200972819 11.716131827036541 -3.6287124838147848 13.891638957370413 -2.4689978829745591 -5.5736088711388261 3.3784847361700878 4.4877423178065907 5.3741764407891495 15.110074808938164 -9.6625303725938547 2.5075670590003334 2.4337420083090615 -0.88448032049340675 -10.570132131161898 22.232780330831357 -12.143094227530741 9.6383148482351597 -8.6161501374764313 -2.1705919761835069 1.0496241044225918 -3.9624944925308228 15.424175557223235 -12.122837177912395 14.602752466996513 -11.32845949292183 19.4050866852204 -4.2905651737814372 -2.6813925921916963 -3.3094248285293584 13.555709046125413 3.2152333585421249 2.2325744536912668 10.601541413557836 -3.5750322381655373 19.091972029209138 4.9159064072829031 1.1576950348748101 -10.323779281254474 -6.6215196897586184 15.892184925079347 -11.68988454883749 3.5052694129052564
leaf_weight=530 29 31 21 21 23 36 905 22 719 284 134 36 681 71 451 241 28 21 1509 22 45 49 44 29 49 28 22 78 35 37 36 303 3525 23 33 22 33 39 531 959 22 22 30 24 20 24 46 32 100 32 60 265 39 24 20 26 45 58 48 20 22 107
leaf_count=530 29 31 21 21 23 36 905 22 719 284 134 36 681 71 451 241 28 21 1509 22 45 49 44 29 49 28 22 78 35 37 36 303 3525 23 33 22 33 39 531 959 22 22 30 24 20 24 46 32 100 32 60 265 39 24 20 26 45 58 48 20 22 107
internal_value=-0.0319336 5.62523 8.31158 10.7252 18.5735 2.99411 -0.11385 12.1522 -0.318774 -0.525807 1.69844 0.666552 -0.746951 1.99151 1.56291 -2.45614 2.63855 10.0168 -0.550878 -0.412163 2.09652 5.32365 2.96577 7.39221 1.01866 -5.09762 -6.00002 5.14505 8.38972 1.57085 -3.66084 -0.445176 -0.192758 2.5219 3.36301 1.447 1.96175 1.6934 -0.364253 -0.171894 -2.08944 5.73084 -2.7028 -0.651201 1.78166 5.27101 2.66165 -1.13877 0.103876 5.43716 6.46881 1.01273 3.30622 1.0976 6.05503 11.0794 0.458939 0.17409 -3.39883 5.69138 -1.12964 0.369231
internal_weight=12821 183 154 133 66 67 12638 45 11517 10445 1072 825 9445 1121 1000 972 716 49 8473 7943 667 167 122 73 500 291 263 247 113 1050 73 7921 6412 381 358 325 977 944 6031 5426 605 44 561 3863 338 154 130 184 164 64 84 1563 304 789 70 46 1259 1194 235 65 177 155
internal_count=12821 183 154 133 66 67 12638 45 11517 10445 1072 825 9445 1121 1000 972 716 49 8473 7943 667 167 122 73 500 291 263 247 113 1050 73 7921 6412 381 358 325 977 944 6031 5426 605 44 561 3863 338 154 130 184 164 64 84 1563 304 789 70 46 1259 1194 235 65 177 155
is_linear=0
shrinkage=0.05


Tree=95
num_leaves=63
num_cat=0
split_feature=40 40 34 33 35 25 34 38 2 36 23 33 36 37 23 33 36 40 40 40 32 28 7 34 32 32 36 33 36 9 32 35 32 32 14 32 32 34 34 12 37 36 32 35 37 37 6 36 35 37 34 35 35 35 36 36 35 35 32 32 35 36
split_gain=2.22076e+06 3.31521e+06 3.75464e+06 4.43071e+06 2.16136e+06 1.87585e+06 1.91755e+06 1.83239e+06 1.93237e+06 2.64392e+06 1.62917e+06 1.82938e+06 1.54646e+06 1.54113e+06 1.42135e+06 1.54169e+06 1.4656e+06 1.36981e+06 1.47513e+06 2.88731e+06 1.34509e+06 1.15773e+06 2.90742e+06 2.49249e+06 2.09246e+06 1.86282e+06 2.80699e+06 1.7837e+06 1.15448e+06 1.14226e+06 1.33446e+06 1.65235e+06 2.16688e+06 1.62302e+06 1.42554e+06 1.08181e+06 926571 2.95427e+06 1.57519e+06 1.26023e+06 905646 1.12218e+06 854305 1.65319e+06 844197 1.1525e+06 811074 2.11687e+06 1.02218e+06 1.84295e+06 1.01913e+06 1.86092e+06 2.04729e+06 2.48721e+06 1.63429e+06 1.46392e+06 1.46341e+06 1.33101e+06 1.23866e+06 1.88831e+06 1.17655e+06 1.41783e+06
threshold=1.0000000180025095e-35 1.5000000000000002 392.4500000000001 437.50000000000006 1611.0000000000002 1.0000000180025095e-35 375.65000000000003 1.0000000180025095e-35 1.0000000180025095e-35 258.81250000000006 1.0000000180025095e-35 67.550000000000011 237.37750000000003 2.5000000000000004 1.0000000180025095e-35 472.7000000000001 290.52500000000003 5.5000000000000009 3.5000000000000004 2.5000000000000004 280.85000000000008 1.0000000180025095e-35 1.0000000180025095e-35 61.500000000000007 457.45000000000005 383.75000000000006 242.6166666666667 474.05000000000007 190.465 1.0000000180025095e-35 485.65000000000003 1241.4000000000003 330.65000000000003 442.25000000000006 1.0000000180025095e-35 352.75000000000006 260.95000000000005 259.15000000000003 131.25000000000003 1.0000000180025095e-35 3.5000000000000004 191.62500000000003 465.85000000000008 1118.0500000000002 3.5000000000000004 4.5000000000000009 1.0000000180025095e-35 306.96250000000003 939.55000000000018 3.5000000000000004 104.20000000000002 796.40000000000009 837.70000000000016 856.40000000000009 204.23333333333338 305.71000000000004 1152.0500000000002 758.55000000000007 440.45000000000005 356.95000000000005 886.1500000000002 257.88000000000005
decision_type=2 2 2 2 2 2 2 2 2 2 2 2 2 2 2 2 2 2 2 2 2 2 2 2 2 2 2 2 2 2 2 2 2 2 2 2 2 2 2 2 2 2 2 2 2 2 2 2 2 2 2 2 2 2 2 2 2 2 2 2 2 2
left_child=-1 2 3 7 5 17 14 8 10 -10 11 13 28 -2 15 44 -16 18 19 -3 -12 27 23 24 -23 26 -25 29 -13 30 31 34 -33 -34 46 -8 37 40 39 -38 -21 -42 43 -31 -7 -46 50 48 49 -48 51 57 -53 -54 -52 60 -56 -19 59 -57 -55 -62
right_child=1 4 -4 -5 -6 6 35 -9 9 -11 20 12 -14 -15 16 -17 -18 21 -20 36 -22 22 -24 25 -26 -27 -28 -29 -30 42 -32 32 33 -35 -36 -37 38 -39 -40 -41 41 -43 -44 -45 45 -47 47 -49 -50 -51 54 52 53 55 56 58 -58 -59 -60 -61 61 -63
leaf_value=-1.3589187114083421 1.9496783077436892 -2.5709965076414178 23.684736782571548 26.242739105224612 12.334946493307751 2.3829516504567425 15.454011877571666 -8.3070017099380493 1.0965402852921258 26.498185648918152 17.744421879998569 -8.2441538583664666 -13.054358460452105 15.597538606145164 3.3741055576424852 -11.4509216884772 20.095975847244262 0.14148417084331474 -1.2319951604318575 1.3704641917709415 1.5530252643253493 -2.673880680342938 12.517413877671764 -17.334103997548421 12.825321412086488 -24.33073314485096 6.7258584889498625 10.332675925079657 7.3870578907154227 3.1841951837789995 8.1338383917375037 -19.119325180053711 8.5270740384640913 -10.468936462835833 12.593199507395427 2.2576359481811523 4.4852990639837165 -14.39966515179338 13.574345352536156 -6.7049960136413578 15.055733626229424 0.76935956566422081 -6.44440200150013 17.422513177178125 -3.7027676132943137 6.0238315099324939 -0.99506617157082811 9.4946476588529709 -9.0129348613597724 12.915973096058288 -3.1648636830158723 -12.856900796183835 13.983380196311257 -8.5643882592519116 14.783489570617675 -3.5412832037607829 -1.4715731620788575 8.2367611989235652 0.83531636047363289 -21.281590668360394 -2.4178605722658566 13.0317849194562
leaf_weight=2386 346 479 23 20 36 558 41 38 21 20 29 21 37 22 38 24 20 2157 3634 676 23 235 31 27 24 21 22 49 27 278 55 25 23 22 24 25 190 29 42 29 28 27 20 22 139 39 133 85 27 29 39 54 22 24 45 30 20 52 25 30 33 27
leaf_count=2386 346 479 23 20 36 558 41 38 21 20 29 21 37 22 38 24 20 2157 3634 676 23 235 31 27 24 21 22 49 27 278 55 25 23 22 24 25 190 29 42 29 28 27 20 22 139 39 133 85 27 29 39 54 22 24 45 30 20 52 25 30 33 27
internal_value=0.0167062 0.33258 3.85691 3.10188 0.106263 0.0610088 2.25713 2.30938 3.04825 13.4876 2.2007 1.23851 -5.3728 2.76558 1.59565 1.01988 9.14027 -0.158504 -0.687479 0.631703 10.5828 0.573507 -2.12087 -3.50016 -1.23766 -11.8714 -6.53167 0.863051 0.548403 0.722484 0.417748 0.272709 -7.31681 -0.759864 0.458726 10.4554 2.13424 1.25155 4.70454 3.00348 1.87246 8.04242 3.56129 4.22834 1.42654 -1.57166 0.355892 2.9413 -0.0059779 1.49518 0.0789565 -0.126498 -4.26089 -1.8306 4.92688 -3.88923 9.78193 0.332048 -8.51533 -12.4114 0.791946 4.53448
internal_weight=12777 10391 627 604 9764 9728 884 584 546 41 505 453 85 368 818 760 58 8844 5134 1500 52 3710 360 329 259 70 49 3350 48 3301 2981 2926 70 45 2856 66 1021 760 261 219 731 55 320 300 736 178 2832 274 189 162 2558 2454 245 191 104 169 65 2209 85 60 84 60
internal_count=12777 10391 627 604 9764 9728 884 584 546 41 505 453 85 368 818 760 58 8844 5134 1500 52 3710 360 329 259 70 49 3350 48 3301 2981 2926 70 45 2856 66 1021 760 261 219 731 55 320 300 736 178 2832 274 189 162 2558 2454 245 191 104 169 65 2209 85 60 84 60
is_linear=0
shrinkage=0.05


Tree=96
num_leaves=63
num_cat=0
split_feature=31 34 32 34 38 32 23 5 9 7 37 31 25 35 28 32 34 37 32 35 31 2 10 40 34 37 2 35 32 32 35 32 32 32 12 35 34 40 32 7 35 36 36 36 31 31 35 32 36 32 32 32 35 32 32 29 31 37 32 32 24 24
split_gain=2.12974e+06 1.79293e+06 1.95949e+06 2.94718e+06 2.18045e+06 2.42913e+06 1.90826e+06 1.84747e+06 1.49128e+06 2.19275e+06 3.18554e+06 1.47102e+06 1.9746e+06 1.5035e+06 1.42951e+06 1.67792e+06 1.18873e+06 1.14733e+06 1.09268e+06 1.38954e+06 1.29467e+06 2.05322e+06 1.06238e+06 1.05778e+06 973549 947187 1.09894e+06 1.25056e+06 908420 1.12998e+06 1.22952e+06 1.05643e+06 1.07224e+06 908302 849571 976293 1.69423e+06 849203 1.12864e+06 1.14861e+06 1.11226e+06 1.35499e+06 1.74207e+06 1.28874e+06 1.97218e+06 1.17087e+06 3.07518e+06 1.00966e+06 1.00205e+06 887579 851970 813571 788212 772826 760510 1.0333e+06 1.0031e+06 824857 1.26726e+06 1.01594e+06 743417 673720
threshold=238.05000000000004 444.2000000000001 137.45000000000002 459.30000000000007 1.0000000180025095e-35 338.25000000000006 1.0000000180025095e-35 1.0000000180025095e-35 1.0000000180025095e-35 1.0000000180025095e-35 3.5000000000000004 268.45000000000005 1.0000000180025095e-35 774.25000000000011 1.0000000180025095e-35 473.65000000000003 484.85000000000008 4.5000000000000009 389.15000000000003 1026.7 114.15000000000002 1.0000000180025095e-35 1.0000000180025095e-35 4.5000000000000009 324.45000000000005 4.5000000000000009 1.0000000180025095e-35 1009.4000000000001 442.25000000000006 397.75000000000006 918.1500000000002 358.65000000000003 330.65000000000003 300.05000000000007 1.0000000180025095e-35 1352.45 235.10000000000005 5.5000000000000009 491.15000000000003 1.0000000180025095e-35 932.50000000000011 324.15000000000009 239.38333333333335 273.75000000000006 430.25000000000006 328.65000000000003 1274.3500000000001 181.85000000000005 198.32500000000005 356.95000000000005 307.30000000000001 403.85000000000008 75.350000000000009 315.15000000000003 266.25000000000006 1.0000000180025095e-35 410.65000000000003 2.5000000000000004 123.35000000000001 206.25000000000003 1.0000000180025095e-35 1.0000000180025095e-35
decision_type=2 2 2 2 2 2 2 2 2 2 2 2 2 2 2 2 2 2 2 2 2 2 2 2 2 2 2 2 2 2 2 2 2 2 2 2 2 2 2 2 2 2 2 2 2 2 2 2 2 2 2 2 2 2 2 2 2 2 2 2 2 2
left_child=16 6 -3 -4 5 -5 8 11 14 17 -11 13 25 -8 37 22 18 34 19 52 53 24 28 -14 -22 26 -13 -28 29 31 -31 32 54 -9 35 36 60 38 39 47 48 42 -42 -44 -45 -43 49 -2 -39 -47 -41 -20 -1 -21 55 57 -56 -16 -59 -60 -10 -50
right_child=1 2 3 4 -6 -7 7 33 9 10 -12 12 23 -15 15 -17 -18 -19 51 20 21 -23 -24 -25 -26 -27 27 -29 -30 30 -32 -33 -34 -35 -36 -37 -38 40 -40 50 41 45 43 44 -46 46 -48 -49 61 -51 -52 -53 -54 -55 56 -57 -58 58 59 -61 -62 -63
leaf_value=-3.858237339090556 0.075337513341353496 -7.3200218027288262 24.525964522361758 8.7847085549281196 14.156326644950443 -13.04378172683716 2.4722396684415413 20.885324394702913 3.4574664399204802 0.72936516094207771 26.81665800484744 -0.66943237538436595 3.4012350463867187 18.224803481783187 -2.7665763325781327 -15.30529669125875 -11.854301869869232 -8.5603700711176938 5.683726763157618 18.330364255905153 4.1723954381169497 14.749020218849182 -9.4678914561158134 19.123783058446389 -6.1732521073292883 8.7162668522666475 16.84958607673645 -0.42551432522860444 8.0965599746704111 -0.77984007488597529 -17.313504552841188 10.309453287124635 -11.289909438903516 6.1627574227072976 -4.9084763795901569 13.052681151303378 -11.963890743255616 5.4603338740230392 8.3623858150682953 0.87053321588247623 -9.7268930895575174 4.00263281735507 11.819872771369086 -5.0251706609186142 12.250923671325047 4.5435994784037268 -24.081410121917727 -1.7343506650951193 1.5444049144001695 -7.8698412962878752 6.4615060022196822 0.47044183728298716 -0.99818826433555996 4.4304929637908934 -0.65725479498505601 -11.236424026580957 13.617017030715942 9.41686607783749 -6.3099087486664454 4.8742818664860081 -4.5654729781612273 -2.3050907472133639
leaf_weight=256 2145 22 24 26 36 25 33 20 421 25 22 434 20 28 215 24 24 26 84 20 37 22 42 23 59 34 20 22 25 22 23 20 26 22 39 22 20 153 38 229 29 22 36 53 24 24 24 1203 1253 36 97 686 4084 20 32 26 20 42 45 37 31 125
leaf_count=256 2145 22 24 26 36 25 33 20 421 25 22 434 20 28 215 24 24 26 84 20 37 22 42 23 59 34 20 22 25 22 23 20 26 22 39 22 20 153 38 229 29 22 36 53 24 24 24 1203 1253 36 97 686 4084 20 32 26 20 42 45 37 31 125
internal_value=0.0158709 0.558662 6.31217 9.01404 4.73489 -1.91553 0.454579 3.02818 0.202446 2.5679 12.9404 2.3342 1.52138 9.70292 -0.0329334 -2.35229 -0.751853 1.69579 -0.701272 -0.999212 3.60666 0.971485 -1.81164 11.811 -2.18587 0.653823 0.0779344 7.80072 -1.20834 -1.66625 -9.23038 -0.931081 -1.43855 13.1735 2.19609 2.75697 2.27709 0.22008 -0.210381 -0.299049 1.11827 -1.98807 1.2051 4.01065 0.359586 -6.2657 -8.95502 -0.574918 1.62145 -2.90446 2.5341 1.03916 -1.16689 11.3804 -0.824321 -1.63027 4.83285 -0.893519 2.35412 -1.26338 2.90722 1.19521
internal_weight=12777 7485 133 111 87 51 7352 656 6696 606 47 614 553 61 6090 599 5292 559 5268 4498 158 118 575 43 96 510 476 42 533 508 45 463 443 42 533 494 472 5491 3712 3674 1779 248 142 113 77 106 84 3348 1531 60 326 770 4340 40 417 365 52 339 124 82 452 1378
internal_count=12777 7485 133 111 87 51 7352 656 6696 606 47 614 553 61 6090 599 5292 559 5268 4498 158 118 575 43 96 510 476 42 533 508 45 463 443 42 533 494 472 5491 3712 3674 1779 248 142 113 77 106 84 3348 1531 60 326 770 4340 40 417 365 52 339 124 82 452 1378
is_linear=0
shrinkage=0.05


Tree=97
num_leaves=63
num_cat=0
split_feature=40 40 34 33 29 35 32 32 33 33 32 24 35 11 35 35 32 33 40 40 40 13 34 35 35 33 37 32 35 32 35 35 32 32 35 35 7 11 32 15 28 7 33 14 32 33 32 9 35 33 32 32 32 38 34 23 34 32 32 35 35 28
split_gain=1.98276e+06 2.98624e+06 3.27553e+06 3.95908e+06 2.06348e+06 1.93417e+06 1.62077e+06 2.52437e+06 3.93155e+06 3.27584e+06 1.93456e+06 1.48177e+06 1.52639e+06 1.57353e+06 1.42804e+06 1.23553e+06 1.09588e+06 1.51669e+06 1.08073e+06 1.52794e+06 2.49773e+06 1.06949e+06 1.2487e+06 1.9157e+06 2.04225e+06 1.05894e+06 988029 1.19488e+06 2.70428e+06 909470 1.14258e+06 1.36524e+06 1.00897e+06 909409 894896 2.52275e+06 868310 831670 825999 897538 890999 1.79332e+06 1.07299e+06 1.24734e+06 1.03277e+06 873414 1.3632e+06 857843 840674 1.16541e+06 1.19009e+06 823715 814033 1.13241e+06 2.13453e+06 1.97565e+06 1.41771e+06 1.35629e+06 1.35045e+06 930848 1.66915e+06 1.15825e+06
threshold=1.0000000180025095e-35 1.5000000000000002 392.4500000000001 437.50000000000006 1.0000000180025095e-35 1611.0000000000002 360.55000000000007 309.95000000000005 254.85000000000002 127.45000000000002 416.25000000000006 1.0000000180025095e-35 166.25000000000003 1.0000000180025095e-35 691.00000000000011 317.80000000000001 266.25000000000006 440.95000000000005 5.5000000000000009 3.5000000000000004 2.5000000000000004 1.0000000180025095e-35 367.15000000000003 1327.2000000000003 1175.5000000000002 379.65000000000003 3.5000000000000004 338.25000000000006 1077.8500000000001 473.65000000000003 1129.3500000000001 983.85000000000002 301.65000000000003 213.35000000000005 731.35000000000025 664.45000000000016 1.0000000180025095e-35 1.0000000180025095e-35 396.15000000000003 1.0000000180025095e-35 1.0000000180025095e-35 1.0000000180025095e-35 474.05000000000007 1.0000000180025095e-35 360.55000000000007 222.70000000000002 305.05000000000007 1.0000000180025095e-35 899.20000000000016 52.350000000000001 223.45000000000002 315.15000000000003 405.75000000000006 1.0000000180025095e-35 73.500000000000014 1.0000000180025095e-35 330.80000000000001 419.85000000000008 462.05000000000007 1045.6000000000001 918.1500000000002 1.0000000180025095e-35
decision_type=2 2 2 2 2 2 2 2 2 2 2 2 2 2 2 2 2 2 2 2 2 2 2 2 2 2 2 2 2 2 2 2 2 2 2 2 2 2 2 2 2 2 2 2 2 2 2 2 2 2 2 2 2 2 2 2 2 2 2 2 2 2
left_child=-1 2 3 4 6 11 7 8 9 15 -8 12 -3 18 -6 -2 17 36 19 20 -14 22 23 24 37 29 34 -28 -29 30 31 32 -22 -23 35 -18 -15 -13 39 40 42 -42 43 44 45 46 47 48 49 -20 -51 -48 -40 54 55 57 -56 -54 -55 60 61 -59
right_child=1 5 -4 -5 14 -7 10 -9 -10 -11 -12 21 13 16 -16 -17 26 -19 38 -21 25 33 -24 -25 -26 -27 27 28 -30 -31 -32 -33 -34 -35 -36 -37 -38 -39 52 -41 41 -43 -44 -45 -46 -47 51 -49 -50 50 -52 -53 53 58 56 -57 -58 59 -60 -61 -62 -63
leaf_value=-1.2847444243007009 -0.49386415094942659 -1.5548454766033346 22.178043403314508 24.827837409973146 -0.22441657611301968 11.666903409030702 20.697360497933847 -9.9649967491626743 19.482135580567753 -14.722473825727191 3.5428400637848037 -2.0850178397241264 -1.5674700342233072 -1.5345666531112887 -17.472827193850563 5.4366226811444873 -6.5004397473423872 10.257148543271152 1.3640467557863254 -0.432699764737347 2.2030394372271873 11.235881784227161 -9.4468505394869844 13.432414102554322 -13.388622623834856 9.5894251723443311 -8.2267133958878063 17.71922472248907 -2.8709923083965596 -7.7319013595581056 14.860821664333344 -8.9780874073505412 7.1122584259739288 -0.37132517920600044 -8.7811985274492681 13.513864688873293 7.5957739702292857 4.8636722792749829 11.423569285074869 -9.4438648259639741 -3.0732216051097292 12.228784234183175 9.7131891592954975 13.196516818350013 -3.4473753628986223 -1.3305672595452291 14.182336463247026 5.1487375492850944 11.306301059722902 -0.79862392699276963 -12.456459573109946 4.6507616978733486 -6.756074290805393 16.673404623667402 -13.256004120962963 16.462127360591182 2.9417929475957698 3.0069679029449059 0.56981995624044668 12.793455932617189 -6.8683623433113103 14.914419202009837
leaf_weight=2386 148 1030 23 20 28 36 27 40 34 28 42 674 391 372 21 216 74 33 1468 2861 537 27 58 20 39 62 31 23 52 20 20 24 130 45 118 20 28 46 30 20 217 21 39 22 112 245 28 144 20 81 30 119 36 30 35 27 22 137 23 25 38 24
leaf_count=2386 148 1030 23 20 28 36 27 40 34 28 42 674 391 372 21 216 74 33 1468 2861 537 27 58 20 39 62 31 23 52 20 20 24 130 45 118 20 28 46 30 20 217 21 39 22 112 245 28 144 20 81 30 119 36 30 35 27 22 137 23 25 38 24
internal_value=0.0150773 0.313545 3.65845 2.95323 2.2041 0.0987499 3.10357 2.0446 3.17226 1.75763 10.2555 0.0559402 0.254057 0.493262 -7.61659 3.02533 -1.6823 -0.0454763 0.725408 0.192445 1.70304 -1.86616 -2.36917 -1.84221 -2.2447 3.3156 -3.91105 0.0304005 3.44334 2.78349 3.07928 2.73828 3.15986 3.98138 -5.88178 -2.24208 -0.895443 -1.64107 1.4457 1.10686 1.18974 -1.72304 1.49011 1.34877 1.23277 1.47829 1.8424 1.45243 1.11955 0.990525 -3.94939 6.4663 3.4819 2.88178 1.8336 3.58884 -7.00422 2.252 9.68506 3.69973 2.5573 4.78199
internal_weight=12777 10391 627 604 584 9764 535 466 426 392 69 9728 8819 7789 49 364 751 433 7038 4045 1184 909 837 779 759 793 318 106 75 731 711 691 667 72 212 94 400 720 2993 2566 2546 238 2308 2269 2247 2135 1890 1743 1599 1579 111 147 427 397 344 287 57 260 53 224 199 161
internal_count=12777 10391 627 604 584 9764 535 466 426 392 69 9728 8819 7789 49 364 751 433 7038 4045 1184 909 837 779 759 793 318 106 75 731 711 691 667 72 212 94 400 720 2993 2566 2546 238 2308 2269 2247 2135 1890 1743 1599 1579 111 147 427 397 344 287 57 260 53 224 199 161
is_linear=0
shrinkage=0.05


Tree=98
num_leaves=63
num_cat=0
split_feature=31 40 40 34 37 36 39 35 36 5 35 31 35 25 35 35 31 31 34 31 31 33 40 31 35 36 35 5 34 32 34 31 35 36 24 37 36 33 31 34 40 35 33 32 40 32 32 24 32 36 34 32 35 35 33 21 36 36 32 35 36 35
split_gain=1.83044e+06 1.57966e+06 2.16198e+06 7.8082e+06 2.32536e+06 1.84027e+06 1.79023e+06 2.05641e+06 1.61939e+06 1.48711e+06 1.50801e+06 1.38984e+06 1.1397e+06 1.13036e+06 1.65409e+06 1.59949e+06 2.31865e+06 1.10577e+06 1.08294e+06 1.03115e+06 1.21206e+06 1.80668e+06 987701 1.26047e+06 1.85319e+06 960481 933788 989209 1.0765e+06 926602 1.04246e+06 924077 883832 1.10312e+06 856054 1.01308e+06 1.33826e+06 1.77389e+06 1.26552e+06 1.74575e+06 952993 846230 1.6848e+06 1.11766e+06 2.00629e+06 905404 838702 783967 1.15602e+06 1.0471e+06 2.06931e+06 1.73078e+06 1.79441e+06 2.20165e+06 1.0048e+06 988428 911037 897957 2.04036e+06 897817 1.75254e+06 2.82349e+06
threshold=238.05000000000004 1.0000000180025095e-35 1.5000000000000002 341.45000000000005 3.5000000000000004 253.75833333333335 1.0000000180025095e-35 763.75000000000011 347.55833333333339 1.0000000180025095e-35 1401.7500000000002 428.65000000000003 628.55000000000007 1.0000000180025095e-35 1611.0000000000002 1437.45 426.55000000000007 467.75000000000006 484.85000000000008 476.05000000000007 323.85000000000008 69.350000000000009 5.5000000000000009 252.55000000000004 505.05000000000007 195.71666666666673 1000.2500000000001 1.0000000180025095e-35 222.35000000000005 389.15000000000003 209.45000000000002 332.65000000000003 939.55000000000018 240.34333333333339 1.0000000180025095e-35 4.5000000000000009 237.37750000000003 322.25000000000006 189.95000000000002 281.55000000000007 5.5000000000000009 1309.4500000000003 294.05000000000007 251.65000000000001 5.5000000000000009 181.85000000000005 215.80000000000004 1.0000000180025095e-35 139.05000000000004 272.71250000000003 203.50000000000003 364.15000000000003 992.6500000000002 758.55000000000007 362.55000000000007 1.0000000180025095e-35 263.54166666666674 422.01666666666671 475.15000000000003 796.40000000000009 302.01666666666671 879.1500000000002
decision_type=2 2 2 2 2 2 2 2 2 2 2 2 2 2 2 2 2 2 2 2 2 2 2 2 2 2 2 2 2 2 2 2 2 2 2 2 2 2 2 2 2 2 2 2 2 2 2 2 2 2 2 2 2 2 2 2 2 2 2 2 2 2
left_child=18 -2 3 4 5 25 8 46 12 13 -11 -10 -7 14 15 22 -17 -13 26 20 21 -15 -4 24 -24 -3 29 34 -29 32 -31 -27 -1 -34 35 38 37 -37 39 -28 -41 42 43 45 -45 -22 -8 49 -49 51 57 52 53 56 -54 -55 -25 59 -59 -51 61 -61
right_child=1 2 9 -5 -6 6 7 -9 11 10 -12 17 -14 19 -16 16 -18 -19 -20 -21 41 -23 23 47 -26 31 27 28 -30 30 -32 -33 33 -35 -36 36 -38 -39 -40 40 -42 -43 -44 44 -46 -47 -48 48 -50 50 -52 -53 54 55 -56 -57 -58 58 -60 60 -62 -63
leaf_value=-0.9939584134445989 -1.026732553768035 2.8839457338506524 -0.44777463321173316 32.132047943274181 -9.7735686308320844 -1.8929795481124014 7.7343628536571165 20.108412433624267 9.2928544254302974 2.5884848528570195 15.425717759132386 -11.55379753112793 -14.673680855677681 4.1629911033586522 13.509877130259639 -0.83054434213882855 -21.437853785923551 4.6904683719981799 -11.294313088059425 -6.3139541522661844 4.9615618477914936 -7.0602016757746213 0.30061095754305522 0.60061929267872127 13.33424944114685 9.064537525177002 -4.389454827004788 -12.748243146616481 0.95699162232248414 0.65442385339380904 12.278346464633941 23.616779670715331 -13.129642840431018 -1.0778370929318806 -2.4694132438072796 -6.7849511373610731 -9.2087922803560893 12.438992783001492 10.985568815308648 4.2021374017542064 16.947410030364988 13.171946308530611 -3.9201732837236847 4.8365205537705194 19.907543232511074 -5.97314188791358 -5.0477959928058445 2.3059449860924168 -5.7743927618242665 -0.13943187468903978 11.512607415517172 12.256346063613892 -15.245986487648706 20.025197618657895 0.23888207793235783 7.0451371496373953 8.0967542897100042 0.9530891651891249 16.752846804532137 -6.3447089820072575 -6.8935772078854214 17.40933239338073
leaf_weight=4224 1356 22 2703 24 34 53 33 25 50 489 24 20 26 87 23 39 21 22 24 30 107 61 60 341 50 24 51 23 38 542 20 20 34 43 65 21 30 28 74 55 20 29 52 63 34 23 21 76 106 596 39 45 22 22 20 44 46 287 22 29 143 22
leaf_count=4224 1356 22 2703 24 34 53 33 25 50 489 24 20 26 87 23 39 21 22 24 30 107 61 60 341 50 24 51 23 38 542 20 20 34 43 65 21 30 28 74 55 20 29 52 63 34 23 21 76 106 596 39 45 22 22 20 44 46 287 22 29 143 22
internal_value=0.0143235 0.517531 0.859189 4.54292 2.6511 3.98793 2.02742 8.25241 -0.848459 0.619794 3.18906 3.6604 -6.09929 0.368358 0.133651 0.0686488 -8.0431 -3.0449 -0.697413 2.6652 3.25594 -0.462784 0.172801 1.02428 6.22499 11.4141 -0.649136 1.65759 -4.21056 -0.841244 1.06809 15.6792 -1.09073 -6.39941 2.69816 3.90208 -0.891847 4.20016 5.79568 2.74765 7.60088 5.04286 4.1979 6.05754 10.1191 3.02696 2.76352 0.716713 -2.40019 1.05478 0.194391 2.86797 2.01448 2.93113 -7.87224 11.3718 1.49163 -0.207257 2.07799 -1.10111 -4.05553 3.90213
internal_weight=12777 7485 6129 374 350 316 250 79 171 5755 513 92 79 5242 4756 4733 60 42 5292 486 456 148 4673 1970 110 66 5268 405 61 4863 562 44 4301 77 344 279 79 49 200 126 75 308 279 227 97 130 54 1860 182 1678 1138 540 495 453 42 66 387 1099 309 790 194 51
internal_count=12777 7485 6129 374 350 316 250 79 171 5755 513 92 79 5242 4756 4733 60 42 5292 486 456 148 4673 1970 110 66 5268 405 61 4863 562 44 4301 77 344 279 79 49 200 126 75 308 279 227 97 130 54 1860 182 1678 1138 540 495 453 42 66 387 1099 309 790 194 51
is_linear=0
shrinkage=0.05


Tree=99
num_leaves=63
num_cat=0
split_feature=25 40 40 23 33 32 2 29 31 31 31 33 32 36 31 32 31 33 11 33 32 36 32 31 32 2 33 29 32 32 36 23 31 32 36 28 32 28 31 6 36 32 32 31 36 32 32 36 15 31 33 32 32 31 31 32 31 36 37 36 33 22
split_gain=1.67e+06 1.49352e+06 2.51862e+06 3.51064e+06 4.09361e+06 2.6342e+06 2.18023e+06 1.68085e+06 1.68368e+06 2.07064e+06 1.82604e+06 1.83123e+06 1.62534e+06 1.31837e+06 1.29511e+06 1.2646e+06 1.2281e+06 1.13209e+06 1.35271e+06 1.4755e+06 2.03436e+06 1.04988e+06 921703 1.79423e+06 1.09552e+06 901449 881186 1.04142e+06 1.38906e+06 1.36621e+06 880871 847436 1.58958e+06 1.75484e+06 896940 795236 967590 789385 1.00908e+06 911182 1.01329e+06 2.34386e+06 1.67545e+06 1.02996e+06 767003 1.99488e+06 1.84819e+06 1.13565e+06 992772 1.04941e+06 883912 760420 739410 1.37035e+06 729004 706982 1.35499e+06 701497 693882 692630 1.22434e+06 1.30207e+06
threshold=1.0000000180025095e-35 1.0000000180025095e-35 1.5000000000000002 1.0000000180025095e-35 189.45000000000002 442.25000000000006 1.0000000180025095e-35 1.0000000180025095e-35 425.05000000000007 445.15000000000003 171.55000000000004 341.15000000000003 315.15000000000003 291.72500000000008 387.25000000000006 228.75000000000003 68.450000000000017 338.05000000000007 1.0000000180025095e-35 170.30000000000004 200.40000000000003 253.75833333333335 459.15000000000003 375.65000000000003 429.25000000000006 1.0000000180025095e-35 341.15000000000003 1.0000000180025095e-35 489.35000000000008 132.05000000000004 178.41250000000005 1.0000000180025095e-35 200.55000000000004 161.05000000000004 339.34166666666675 1.0000000180025095e-35 211.45000000000002 1.0000000180025095e-35 236.25000000000003 1.0000000180025095e-35 302.01666666666671 402.15000000000003 369.45000000000005 417.75000000000006 272.71250000000003 297.75000000000006 322.65000000000003 216.95833333333334 1.0000000180025095e-35 249.25000000000003 148.65000000000001 389.15000000000003 278.85000000000008 336.25000000000006 345.15000000000003 416.25000000000006 229.15000000000001 246.32500000000005 4.5000000000000009 310.41666666666674 401.75000000000006 1.0000000180025095e-35
decision_type=2 2 2 2 2 2 2 2 2 2 2 2 2 2 2 2 2 2 2 2 2 2 2 2 2 2 2 2 2 2 2 2 2 2 2 2 2 2 2 2 2 2 2 2 2 2 2 2 2 2 2 2 2 2 2 2 2 2 2 2 2 2
left_child=1 -1 3 5 -5 6 7 8 10 -10 -3 12 14 35 15 30 -4 18 37 25 -21 -22 24 -24 -15 55 -19 28 31 -29 -12 59 -33 -34 -35 -2 -37 38 58 40 41 -39 -42 -44 45 -40 -47 -48 49 -46 51 -49 57 -54 -53 -20 -57 -31 -18 60 -28 -62
right_child=13 2 16 4 -6 -7 -8 -9 9 -11 11 -13 -14 22 -16 -17 17 26 19 20 21 -23 23 -25 -26 -27 27 29 -30 52 -32 32 33 34 -36 36 -38 39 44 -41 42 -43 43 -45 48 46 47 50 -50 -51 -52 54 53 -55 -56 56 -58 -59 -60 -61 61 -63
leaf_value=-1.3564456526072062 0.99670908783030299 -3.796267012851994 -3.0032886202157902 3.5768769909353817 30.229480468750001 17.819229565620425 12.21162572604854 -9.6158047533035287 -18.512755931507456 -0.31486253561796967 9.9286900656563901 18.936681312890283 14.783036402293616 3.9054989183081426 11.885047016824995 -10.905362950671803 -0.47427773382578586 11.33391837063043 -1.0611597073371293 1.1657602892680603 -2.8333044415428525 -15.975105473778465 5.0400297382899701 -13.182186742262409 12.545390565802412 7.1784189377228422 -0.92505678455034901 7.6260155405317036 14.868314251445589 -1.1412470626831055 0.087502416992975673 -3.8807227134704592 -2.7372129937876828 18.940932711432961 7.1814549569160704 1.4356613286336264 -11.160529567349343 -2.527625291608274 0.88909153237058691 4.7097465593081251 -2.2568614008186532 -16.837515981158901 3.0685210374685434 17.024480085372925 10.060364041505037 17.414962875843049 -4.1754171296954157 -1.3276916779577732 -10.411696137623354 0.14946127649730401 13.10856223515102 14.610848065939818 4.8259102054685359 -9.9189645180335422 1.5867368658383689 2.6325911218469797 -13.292449824950275 -12.710091416459335 -5.5619296191395193 -0.93283942867173519 3.7072984278857057 17.147711582183838
leaf_weight=2155 672 82 351 34 25 25 41 40 22 54 28 21 28 349 28 22 2333 23 427 44 21 55 35 22 41 30 150 28 21 20 121 32 23 34 31 30 31 372 1202 52 139 31 39 20 27 32 32 40 22 2478 35 22 40 26 21 22 34 38 69 253 182 20
leaf_count=2155 672 82 351 34 25 25 41 40 22 54 28 21 28 349 28 22 2333 23 427 44 21 55 35 22 41 30 150 28 21 20 121 32 23 34 31 30 31 372 1202 52 139 31 39 20 27 32 32 40 22 2478 35 22 40 26 21 22 34 38 69 253 182 20
internal_value=0.0136073 -0.168733 0.102345 3.3211 14.8704 1.99023 1.17765 0.163319 1.12678 -5.58267 2.67199 4.81068 3.50387 1.80564 1.91686 0.284638 -0.104836 0.0145718 -0.18608 -2.39909 -7.39031 -12.3438 3.9458 -1.99311 4.8138 -1.23156 1.67011 1.4226 2.19119 -2.34958 1.93685 1.82399 5.66231 9.13251 13.3326 0.500521 -4.96568 0.0150166 0.1862 -1.63993 -2.18932 -3.62839 0.739688 7.79935 0.681601 1.62775 6.50614 4.17893 0.16341 0.256285 6.44451 3.63437 -4.60214 -0.982677 8.25024 -1.75392 -7.03618 -8.72083 -0.620426 1.06267 2.49694 5.03803
internal_weight=12777 11597 9442 571 59 512 487 446 406 76 330 248 227 1180 199 171 8871 8520 7599 633 120 76 447 57 390 513 921 898 746 152 149 725 120 88 65 733 61 6966 6313 653 601 403 198 59 3911 1384 182 150 2527 2505 118 83 124 66 43 483 56 58 2402 605 352 202
internal_count=12777 11597 9442 571 59 512 487 446 406 76 330 248 227 1180 199 171 8871 8520 7599 633 120 76 447 57 390 513 921 898 746 152 149 725 120 88 65 733 61 6966 6313 653 601 403 198 59 3911 1384 182 150 2527 2505 118 83 124 66 43 483 56 58 2402 605 352 202
is_linear=0
shrinkage=0.05


Tree=100
num_leaves=63
num_cat=0
split_feature=2 34 33 9 18 31 29 40 34 31 34 21 31 31 40 39 35 31 7 35 35 33 35 34 35 25 35 33 34 33 35 31 34 10 31 32 33 24 35 40 33 33 21 33 34 35 33 24 35 32 32 35 33 35 35 35 33 23 35 11 23 35
split_gain=1.99386e+06 2.27689e+06 3.08347e+06 1.28097e+06 1.56336e+06 1.2712e+06 1.26087e+06 1.18064e+06 1.01299e+06 1.02648e+06 998817 1.85556e+06 3.65808e+06 2.25671e+06 4.98858e+06 1.93296e+06 1.32819e+06 2.06254e+06 1.21069e+06 1.26241e+06 1.17679e+06 989157 934938 2.3189e+06 1.24604e+06 904506 866949 811787 808969 844576 795338 852791 781132 763705 826090 758309 797044 684104 683113 705080 1.28527e+06 1.58121e+06 2.40183e+06 3.29872e+06 2.31392e+06 1.56448e+06 1.50539e+06 1.26523e+06 1.16841e+06 1.03693e+06 2.92274e+06 1.0463e+06 872361 1.41246e+06 838679 1.11405e+06 1.11853e+06 820853 755376 752212 2.06097e+06 873407
threshold=1.0000000180025095e-35 436.30000000000001 320.95000000000005 1.0000000180025095e-35 1.0000000180025095e-35 405.35000000000008 1.0000000180025095e-35 5.5000000000000009 395.35000000000008 394.15000000000003 333.35000000000008 1.0000000180025095e-35 377.55000000000007 140.85000000000005 5.5000000000000009 1.0000000180025095e-35 1352.45 449.65000000000003 1.0000000180025095e-35 1309.4500000000003 1474.1500000000003 313.95000000000005 1291.7500000000002 409.75000000000006 1186.7000000000003 1.0000000180025095e-35 1099.0500000000002 136.45000000000002 363.95000000000005 477.05000000000001 1241.4000000000003 307.45000000000005 419.55000000000007 1.0000000180025095e-35 309.25000000000006 470.95000000000005 173.30000000000004 1.0000000180025095e-35 75.350000000000009 5.5000000000000009 59.300000000000004 378.25000000000006 1.0000000180025095e-35 294.05000000000007 56.050000000000004 879.1500000000002 131.25000000000003 1.0000000180025095e-35 686.45000000000016 396.15000000000003 438.45000000000005 779.25000000000011 292.00000000000006 813.45000000000016 796.40000000000009 1009.4000000000001 434.45000000000005 1.0000000180025095e-35 644.05000000000018 1.0000000180025095e-35 1.0000000180025095e-35 721.20000000000016
decision_type=2 2 2 2 2 2 2 2 2 2 2 2 2 2 2 2 2 2 2 2 2 2 2 2 2 2 2 2 2 2 2 2 2 2 2 2 2 2 2 2 2 2 2 2 2 2 2 2 2 2 2 2 2 2 2 2 2 2 2 2 2 2
left_child=3 5 -3 6 22 8 10 21 9 28 16 13 -13 32 20 -14 18 -18 19 26 37 -6 24 -24 25 -5 38 -27 29 -2 31 -20 -12 35 -35 -8 -37 -15 -1 59 45 42 44 47 46 49 48 58 -42 51 -51 57 53 -48 -43 56 -56 -41 -44 -40 61 -61
right_child=1 2 -4 4 7 -7 33 -9 -10 -11 11 12 15 14 -16 -17 17 -19 30 -21 -22 -23 23 -25 -26 27 -28 -29 -30 -31 -32 -33 -34 34 -36 36 -38 -39 39 40 41 54 43 -45 -46 -47 52 -49 -50 50 -52 -53 -54 -55 55 -57 -58 -59 -60 60 -62 -63
leaf_value=-3.2626480930759794 0.54246876948832468 24.697840332031252 -0.39283480445543928 1.4867062213763811 -6.0521562403440479 4.5761355959267984 -2.0763889842493195 -14.239748025894166 -10.580663945674898 -10.404464387893677 16.512267920970917 1.4669203007662739 7.4349228492149937 0.71960323222658851 -21.395947599411013 26.715042143601636 0.24068414171536767 -16.608833774924278 0.31920233416495863 10.943077674135566 11.763635864257814 7.1473311662673957 1.2751270460527997 21.882951118946078 -7.2244860710241854 14.984277081489564 -3.4165440837229335 2.9738073079025042 10.746695418584915 9.8692761840820324 -8.3979795944690707 3.5262686710825286 2.7052653903052923 -11.76966345368362 -1.389937304125892 -0.89977943420410156 11.986288585662843 -8.5115413647431595 -0.50959021525885417 -0.50020913856865423 2.7052103685296101 5.4563711734045128 -0.49741254719820893 23.898359076182047 -15.601473393440248 -12.367320064397958 1.4625279618634117 -5.7694279352823896 19.229500865936281 11.742571692033248 -2.9235036953857971 -10.28639196249155 4.5810592055320738 -14.399860100124194 -19.263937759399415 3.6677184867858887 -3.0962304737256923 3.2865478965716486 9.9641211755573753 -2.1094051033700816 8.7676612471406532 -6.9827996172646225
leaf_weight=210 834 25 24 836 40 249 875 25 20 20 20 135 26 88 32 26 42 32 485 24 20 22 43 20 39 24 254 34 21 25 20 362 21 41 36 30 20 26 4749 1732 23 21 22 30 20 26 36 21 20 66 70 26 44 23 20 20 23 156 80 320 37 129
leaf_count=210 834 25 24 836 40 249 875 25 20 20 20 135 26 88 32 26 42 32 485 24 20 22 43 20 39 24 254 34 21 25 20 362 21 41 36 30 20 26 4749 1732 23 21 22 30 20 26 36 21 20 66 70 26 44 23 20 20 23 156 80 320 37 129
internal_value=-0.075218 1.84943 12.4085 -0.276923 1.36059 1.40683 -0.445196 -5.06711 0.549053 0.79638 -0.267927 2.197 5.80713 -1.06433 -3.65887 17.075 -0.374148 -7.04559 -0.319711 -0.507537 0.576849 -1.36847 1.92204 7.81729 1.52397 1.90561 -0.541142 7.94366 1.05094 0.813913 1.45717 1.68987 9.44039 -2.13244 -6.9168 -1.73417 4.25465 -1.38575 -0.448972 -0.372375 0.322281 2.90627 4.51342 9.03255 0.3482 -0.179332 2.53309 5.40674 10.3909 -0.0247524 4.19386 -0.324507 -0.747371 -4.72111 -3.19707 -6.08155 -10.6161 -0.18732 7.70771 -0.701324 -2.57487 -3.50956
internal_weight=12840 1218 49 11622 1083 1169 10539 87 920 900 9537 394 187 207 166 52 9143 74 9069 8202 134 62 996 63 933 894 8178 58 880 859 867 847 41 1002 77 925 50 114 7924 7714 2479 403 319 153 166 2076 146 123 43 2050 136 1914 103 59 84 63 43 1888 102 5235 486 449
internal_count=12840 1218 49 11622 1083 1169 10539 87 920 900 9537 394 187 207 166 52 9143 74 9069 8202 134 62 996 63 933 894 8178 58 880 859 867 847 41 1002 77 925 50 114 7924 7714 2479 403 319 153 166 2076 146 123 43 2050 136 1914 103 59 84 63 43 1888 102 5235 486 449
is_linear=0
shrinkage=0.05


Tree=101
num_leaves=63
num_cat=0
split_feature=5 29 33 40 39 35 37 40 9 32 36 35 33 36 36 32 32 32 33 36 12 33 35 33 36 6 32 35 17 33 40 33 31 36 32 35 40 32 9 32 36 36 35 28 35 35 38 32 31 21 31 9 35 35 32 40 33 38 36 32 36 21
split_gain=2.12961e+06 1.12684e+06 2.12895e+06 1.31054e+06 1.04013e+06 1.17736e+06 914274 1.46091e+06 896117 1.61287e+06 1.5563e+06 1.33623e+06 952397 950432 977331 846071 1.46899e+06 1.40868e+06 1.14073e+06 823276 951723 823271 1.71534e+06 1.1284e+06 822847 744427 1.06462e+06 849640 764613 1.17817e+06 1.14046e+06 737356 1.45523e+06 2.06135e+06 712891 1.86517e+06 3.00368e+06 2.60476e+06 1.30388e+06 1.13203e+06 1.75396e+06 993746 1.46293e+06 704784 1.17598e+06 1.44277e+06 1.177e+06 1.13762e+06 933129 1.5396e+06 747442 1.06574e+06 902542 1.70475e+06 711040 707860 1.28671e+06 790076 676233 1.37385e+06 664889 660861
threshold=1.0000000180025095e-35 1.0000000180025095e-35 467.05000000000007 5.5000000000000009 1.0000000180025095e-35 1522.8500000000001 4.5000000000000009 1.0000000180025095e-35 1.0000000180025095e-35 445.35000000000008 339.34166666666675 1291.7500000000002 439.50000000000006 316.95000000000005 321.17500000000001 315.15000000000003 354.00000000000006 303.10000000000008 462.65000000000003 231.85000000000005 1.0000000180025095e-35 397.45000000000005 1437.45 427.75000000000006 312.83333333333337 1.0000000180025095e-35 470.95000000000005 1274.3500000000001 1.0000000180025095e-35 227.40000000000003 3.5000000000000004 211.30000000000004 357.15000000000003 270.65833333333336 303.10000000000008 807.70000000000016 5.5000000000000009 416.25000000000006 1.0000000180025095e-35 234.05000000000004 324.15000000000009 311.75833333333338 1162.6500000000003 1.0000000180025095e-35 1352.45 1211.5500000000002 1.0000000180025095e-35 329.05000000000007 229.15000000000001 1.0000000180025095e-35 143.65000000000001 1.0000000180025095e-35 899.20000000000016 918.1500000000002 484.05000000000007 5.5000000000000009 374.75000000000006 1.0000000180025095e-35 280.54166666666674 460.60000000000008 371.92500000000007 1.0000000180025095e-35
decision_type=2 2 2 2 2 2 2 2 2 2 2 2 2 2 2 2 2 2 2 2 2 2 2 2 2 2 2 2 2 2 2 2 2 2 2 2 2 2 2 2 2 2 2 2 2 2 2 2 2 2 2 2 2 2 2 2 2 2 2 2 2 2
left_child=1 4 34 -4 5 25 19 -8 13 11 -11 12 -10 24 -15 17 60 -16 21 -2 -21 22 -18 -23 -6 28 27 31 43 -30 -31 -27 33 -33 39 61 38 -38 41 -3 -41 42 -37 44 45 50 -47 -45 -49 -50 58 52 54 -54 -52 57 -57 -55 59 -1 -17 -36
right_child=6 2 3 -5 8 -7 7 -9 9 10 -12 -13 -14 14 15 16 18 -19 -20 20 -22 23 -24 -25 -26 26 -28 -29 29 30 -32 32 -34 -35 35 36 37 -39 -40 40 -42 -43 -44 47 -46 46 -48 48 49 -51 51 -53 53 55 -56 56 -58 -59 -60 -61 -62 -63
leaf_value=-1.8616617755655722 -0.36478282005883939 -1.3472600107234649 -4.6889032914088329 -21.482675462677367 -0.10722987459396481 10.763675461644713 -3.6581801109313967 10.449348084131877 2.2131697195096756 3.5982653522491455 -16.126700100898741 14.26178259388093 13.373770191555932 7.5201230457850876 1.8765097988891268 -2.399262544087001 -0.074341910155778082 15.351317560672761 9.5155111014842984 3.1011184379966688 -3.6942104620592939 -13.834597374995552 14.4053664857691 0.50758695751428606 -6.7102438699764511 0.89426105106502074 -10.410017609596252 -7.9477899312973026 -0.31278896801399464 -2.378122224410375 -17.231555824194636 2.451762501716614 -4.8632643039409933 18.862278207655876 -2.1732016666566287 -3.1950398744538777 23.201274878184002 2.8446268833044805 10.20620983028412 -3.962994912028313 -20.183180074691776 -6.2168334555952525 12.427653109509013 -1.1800480569500154 -11.74733735167462 15.979744040966034 1.0108040119039603 -1.2086877586794835 -5.170980187182157 -20.435227068265281 -0.64009814445136126 2.1752752201004899 16.212433252448129 4.8464259595743258 -9.46415199611498 11.916450130939484 -4.066365423202515 -3.4735211599408915 -9.7255037995485161 10.516945337212604 -11.591740456142942 -10.303733123432508
leaf_weight=881 367 601 26 21 2768 23 25 69 213 20 20 31 21 63 642 42 291 20 34 645 56 24 22 32 48 553 20 24 66 24 28 50 26 31 103 43 30 33 25 100 20 73 23 508 23 24 29 51 53 24 3081 422 21 42 23 34 20 89 26 23 37 33
leaf_count=881 367 601 26 21 2768 23 25 69 213 20 20 31 21 63 642 42 291 20 34 645 56 24 22 32 48 553 20 24 66 24 28 50 26 31 103 43 30 33 25 100 20 73 23 508 23 24 29 51 53 24 3081 422 21 42 23 34 20 89 26 23 37 33
internal_value=-0.0714571 -0.274579 -1.77444 -12.1925 -0.113742 -0.527964 1.9699 6.69735 0.481463 3.09443 -6.26422 4.50706 3.21476 0.283363 1.45723 1.12334 -0.470205 2.2836 0.751922 1.55381 2.55827 -0.0555637 0.943401 -5.63906 -0.219781 -0.56988 0.960871 1.29335 -0.766101 -4.74748 -10.3761 1.62939 5.42873 8.73233 -1.32273 0.484363 3.25853 12.5383 -0.306246 -2.23255 -6.66636 -2.19698 2.24923 -0.67868 -0.468892 -0.413875 7.78919 -2.24153 -6.4543 -9.92867 -0.507132 -0.191091 -0.492785 2.71213 -0.705483 1.17967 5.99689 -0.806057 -1.77537 -1.54672 -6.7046 -4.14605
internal_weight=12840 11678 1131 47 10547 6219 1162 94 4328 305 40 265 234 4023 1207 1144 482 662 403 1068 701 369 313 56 2816 6196 704 684 5492 118 52 660 107 81 1084 363 227 63 164 721 120 139 66 5374 4738 4715 53 636 128 77 4662 3732 3310 206 3104 185 54 131 930 904 79 136
internal_count=12840 11678 1131 47 10547 6219 1162 94 4328 305 40 265 234 4023 1207 1144 482 662 403 1068 701 369 313 56 2816 6196 704 684 5492 118 52 660 107 81 1084 363 227 63 164 721 120 139 66 5374 4738 4715 53 636 128 77 4662 3732 3310 206 3104 185 54 131 930 904 79 136
is_linear=0
shrinkage=0.05


Tree=102
num_leaves=63
num_cat=0
split_feature=5 2 34 33 4 36 35 33 37 32 36 40 34 34 36 31 33 32 23 24 35 31 33 33 35 38 36 36 40 31 31 31 32 33 32 32 31 33 35 31 6 33 35 31 36 32 31 40 37 34 34 33 33 33 10 32 32 36 32 35 35 32
split_gain=1.92197e+06 1.89658e+06 1.73873e+06 2.42892e+06 1.31979e+06 2.20004e+06 2.8077e+06 1.54396e+06 1.48499e+06 1.45729e+06 1.6323e+06 1.80326e+06 1.24396e+06 1.12581e+06 1.47421e+06 1.02308e+06 1.42978e+06 1.00456e+06 964115 937305 1.53649e+06 1.29298e+06 1.1431e+06 1.79977e+06 1.48003e+06 1.78746e+06 1.5679e+06 1.2765e+06 1.24221e+06 1.03723e+06 1.12529e+06 925451 921866 918355 904096 901661 1.34467e+06 896796 1.45197e+06 842269 809947 1.68e+06 1.22781e+06 2.58206e+06 894793 1.15767e+06 1.40413e+06 809605 3.66659e+06 808126 1.41777e+06 768007 1.30929e+06 1.17424e+06 971620 1.00109e+06 753254 752495 1.49498e+06 1.34378e+06 1.12989e+06 729360
threshold=1.0000000180025095e-35 1.0000000180025095e-35 436.30000000000001 320.95000000000005 1.0000000180025095e-35 327.25000000000006 1327.2000000000003 474.05000000000007 5.5000000000000009 409.15000000000003 250.32500000000002 5.5000000000000009 304.50000000000006 110.10000000000001 294.05000000000007 457.95000000000005 356.10000000000008 487.45000000000005 1.0000000180025095e-35 1.0000000180025095e-35 1611.0000000000002 498.65000000000003 427.75000000000006 378.25000000000006 1274.3500000000001 1.0000000180025095e-35 235.01250000000002 364.85833333333341 2.5000000000000004 114.15000000000002 154.35000000000005 482.35000000000008 234.05000000000004 439.50000000000006 311.50000000000006 169.65000000000001 259.55000000000007 411.45000000000005 1327.2000000000003 284.05000000000007 1.0000000180025095e-35 263.55000000000007 763.75000000000011 412.55000000000007 339.34166666666675 355.75000000000006 365.45000000000005 5.5000000000000009 3.5000000000000004 379.10000000000008 329.55000000000007 417.65000000000003 446.75000000000006 379.65000000000003 1.0000000180025095e-35 352.75000000000006 358.65000000000003 406.92500000000001 275.60000000000008 790.95000000000016 819.1500000000002 467.75000000000006
decision_type=2 2 2 2 2 2 2 2 2 2 2 2 2 2 2 2 2 2 2 2 2 2 2 2 2 2 2 2 2 2 2 2 2 2 2 2 2 2 2 2 2 2 2 2 2 2 2 2 2 2 2 2 2 2 2 2 2 2 2 2 2 2
left_child=1 4 15 -4 7 9 57 8 19 56 -11 -12 17 14 -9 18 32 51 49 20 21 22 23 40 26 -26 -25 28 -28 -24 -31 33 -17 -21 -15 -20 -37 38 -14 -30 -1 42 43 -42 45 46 -44 -32 -49 50 -3 53 -53 54 61 -56 -6 58 -7 -60 -59 -2
right_child=12 2 3 -5 5 6 -8 13 -10 10 11 -13 37 34 -16 16 -18 -19 35 31 -22 -23 29 24 25 -27 27 -29 39 30 47 -33 -34 -35 -36 36 -38 -39 -40 -41 41 -43 44 -45 -46 -47 -48 48 -50 -51 -52 52 -54 -55 55 -57 -58 60 59 -61 -62 -63
leaf_value=-0.57911914028414457 1.8038908285059769 0.27881813199173716 23.703945316587177 -0.069363618980754507 0.31266000198364258 -0.78019962585439873 19.528675851514265 -9.6664947561315593 11.360595692121066 2.9360914899456887 -4.450858023061472 -23.371734161376953 7.9269295235714283 -5.8514443129301075 3.6760806804007675 4.9796120717170389 -5.1027585788206622 11.602308634053108 13.811954641342163 -1.4656559220094274 13.401203699111939 -11.827908473968506 12.274285391524986 -11.539406969489121 -23.254649153622715 -3.0992338744076817 -5.4945040784231054 -12.100504105091096 10.319516499340535 -9.1156712214152034 0.96351085300445571 -10.219286884279812 16.198239981532097 -9.313736534118652 -18.689245051145555 -6.0714793895681707 10.846831546659056 15.112403440475465 -4.7549024658818402 -0.075397471848287087 -0.16181201792928138 7.1995287324443016 0.82413926586028075 9.437221653541414 -11.921436119079591 4.6206009149551397 -14.772263844807945 -3.7119736441544129 23.230851546577785 -9.5694559419155123 13.129229060086338 -12.636671498969749 1.0269806299209596 10.416420596667699 -10.876751847700639 2.7120366930961612 7.308598258727935 4.1495165610799987 3.3083391789027625 16.887415660055062 -8.3024350149878146 -5.8940107624977829
leaf_weight=7192 801 881 21 22 625 51 31 37 26 31 34 20 83 32 47 47 22 23 26 843 20 25 27 41 22 22 41 20 40 21 125 34 30 39 24 24 23 24 31 38 481 99 31 82 29 40 27 28 23 20 22 27 50 35 33 23 41 49 35 38 29 32
leaf_count=7192 801 881 21 22 625 51 31 37 26 31 34 20 83 32 47 47 22 23 26 843 20 25 27 41 22 22 41 20 40 21 125 34 30 39 24 24 23 24 31 38 481 99 31 82 29 40 27 28 23 20 22 27 50 35 33 23 41 49 35 38 29 32
internal_value=-0.0678843 -0.26085 1.67834 11.5409 -0.470223 1.27336 5.51789 -0.649764 -0.572267 -0.0435153 -6.20876 -11.4586 1.8714 -5.86195 -2.20101 1.29104 6.13867 1.27084 0.809202 -0.605308 -0.441067 -0.473815 -0.440139 -0.536346 -4.95656 -13.1769 -2.94714 -0.412728 1.5516 3.08388 1.82428 -2.12472 9.35051 -1.81268 -11.3534 6.34072 2.20769 6.32776 4.47836 5.25533 -0.412286 1.10846 0.234522 1.23627 -4.2063 -1.92325 -6.43626 3.12962 8.43871 0.371715 0.591896 1.03345 -3.76417 1.43325 1.07959 -5.29564 0.743341 3.36772 5.78809 10.3769 -0.480055 1.50817
internal_weight=12840 11678 1138 43 10540 984 233 9556 9416 751 85 54 1162 140 84 1095 99 1024 996 9390 8474 8454 8429 8205 224 44 180 139 119 224 197 916 77 882 56 73 47 138 114 78 7981 789 690 563 127 98 58 176 51 923 903 1001 77 924 889 56 666 202 124 73 78 833
internal_count=12840 11678 1138 43 10540 984 233 9556 9416 751 85 54 1162 140 84 1095 99 1024 996 9390 8474 8454 8429 8205 224 44 180 139 119 224 197 916 77 882 56 73 47 138 114 78 7981 789 690 563 127 98 58 176 51 923 903 1001 77 924 889 56 666 202 124 73 78 833
is_linear=0
shrinkage=0.05


Tree=103
num_leaves=63
num_cat=0
split_feature=5 34 25 32 33 36 34 34 34 32 7 34 34 10 35 9 33 32 33 36 34 35 9 35 32 32 31 36 34 31 31 24 37 32 34 31 32 7 33 31 35 22 33 33 6 31 31 7 32 33 8 35 21 11 35 33 33 33 32 31 36 34
split_gain=1.73458e+06 1.12267e+06 1.01667e+06 1.16129e+06 2.13931e+06 2.97478e+06 1.05878e+06 1.6533e+06 1.69997e+06 2.5966e+06 1.03785e+06 1.16057e+06 1.4113e+06 1.32759e+06 1.00303e+06 1.00078e+06 994839 906620 809359 1.33264e+06 804509 1.22769e+06 798507 1.2133e+06 2.07484e+06 1.16868e+06 895321 1.16932e+06 1.37503e+06 911041 844080 859239 1.05962e+06 1.38093e+06 1.39479e+06 1.51964e+06 842221 865714 2.14169e+06 1.72521e+06 836070 1.15672e+06 1.21689e+06 3.00421e+06 1.67946e+06 1.34138e+06 962341 835043 1.00606e+06 822527 777341 937408 766859 694900 938253 693126 1.18164e+06 1.0847e+06 690125 664608 634332 789494
threshold=1.0000000180025095e-35 304.50000000000006 1.0000000180025095e-35 491.15000000000003 141.75000000000003 325.81666666666672 490.75000000000006 483.50000000000006 468.70000000000005 278.85000000000008 1.0000000180025095e-35 457.05000000000007 384.80000000000007 1.0000000180025095e-35 1227.5000000000002 1.0000000180025095e-35 324.60000000000008 487.45000000000005 411.45000000000005 236.23333333333338 429.35000000000008 1309.4500000000003 1.0000000180025095e-35 1291.7500000000002 258.95000000000005 313.35000000000008 466.05000000000007 330.47500000000008 314.75000000000006 387.25000000000006 120.25000000000001 1.0000000180025095e-35 3.5000000000000004 431.35000000000008 204.45000000000002 309.25000000000006 473.65000000000003 1.0000000180025095e-35 204.40000000000003 276.75000000000006 831.35000000000025 1.0000000180025095e-35 230.25000000000003 176.45000000000002 1.0000000180025095e-35 348.55000000000007 388.75000000000006 1.0000000180025095e-35 407.65000000000003 454.35000000000008 1.0000000180025095e-35 1227.5000000000002 1.0000000180025095e-35 1.0000000180025095e-35 939.55000000000018 417.65000000000003 446.75000000000006 393.00000000000006 293.95000000000005 451.55000000000007 213.81666666666669 1.0000000180025095e-35
decision_type=2 2 2 2 2 2 2 2 2 2 2 2 2 2 2 2 2 2 2 2 2 2 2 2 2 2 2 2 2 2 2 2 2 2 2 2 2 2 2 2 2 2 2 2 2 2 2 2 2 2 2 2 2 2 2 2 2 2 2 2 2 2
left_child=2 17 3 6 -5 -6 7 8 22 -10 11 12 13 15 -14 50 -15 55 19 -3 21 -21 23 30 -25 -26 27 29 -29 -27 -1 32 40 -34 35 -35 37 -24 -39 -40 47 42 43 53 46 -46 -44 -32 58 -48 51 52 -4 54 59 57 -57 -2 -49 -42 61 -54
right_child=1 18 10 4 5 -7 -8 -9 9 -11 -12 -13 14 16 -16 -17 -18 -19 -20 20 -22 -23 36 24 25 26 -28 28 -30 -31 31 -33 33 34 -36 -37 -38 38 39 -41 41 -43 44 -45 45 -47 49 48 -50 -51 -52 -53 60 -55 -56 56 -58 -59 -60 -61 -62 -63
leaf_value=-1.6758608470789047 1.1067802183494895 12.053079499425117 1.6155799705689855 -0.67700941137472792 1.61450301361084 27.485850032567978 11.040698663294316 -14.48976921808152 -2.212836937904358 21.065895578135617 6.3553593499130674 -10.353212248760721 1.6763708662986756 -1.9349485816025151 16.986650608415189 7.4504635288797578 -15.317554619198754 11.022193029652472 14.356783420840898 12.097553775787354 -6.447892157236736 -3.5721275215148931 0.66042405520296854 -16.066111263632774 8.5339619349349629 -1.8627058148384095 -10.709441169102988 0.97250143869503125 -12.568896836356114 11.024309066931409 -0.39559041479841761 -1.9434145400618874 0.88857173258843636 10.863042406112918 19.365214786529542 -6.5571013768513993 -8.5864734939906917 -3.7275673535562337 4.1737134974935781 24.252936291694642 0.51545601142080211 -10.807345009977753 -4.0789416412935191 -17.109666222792406 16.22461683485243 0.60513477836336405 0.010571646248852765 1.9008286941013386 9.174619780835652 11.114915584098725 -4.5923906043859635 11.78841549396515 -3.0003475047074835 -9.3179264144897456 8.7253674012919262 -12.004838198202627 0.97563167381286631 12.87906344383955 -3.6809617768801175 -7.6557149229822929 -6.2849371320297642 7.811951948404313
leaf_weight=1395 904 37 578 75 25 20 20 21 25 23 90 23 20 41 23 58 21 23 24 25 27 25 883 32 22 32 36 37 38 24 5215 755 736 31 20 21 23 31 23 20 76 37 141 39 27 28 81 374 42 21 65 20 52 25 24 27 50 20 65 37 62 25
leaf_count=1395 904 37 578 75 25 20 20 21 25 23 90 23 20 41 23 58 21 23 24 25 27 25 883 32 22 32 36 37 38 24 5215 755 736 31 20 21 23 31 23 20 76 37 141 39 27 28 81 374 42 21 65 20 52 25 24 27 50 20 65 37 62 25
internal_value=-0.06449 1.77783 -0.247807 -0.396583 4.4942 13.1129 -0.452584 -0.47456 -0.446366 8.94156 1.21511 0.746867 1.01143 0.59849 9.86559 1.10792 -6.46777 1.2073 6.01137 4.25444 0.507046 4.26271 -0.489732 -0.631173 -4.29216 -2.29868 -3.72574 -1.80655 -5.88847 3.6603 -0.543134 -0.340421 -0.168509 1.53508 8.14388 3.82798 0.868536 1.09577 6.29053 13.5129 -0.389385 -2.27729 -1.6448 -4.65126 0.383044 8.27288 -1.40272 -0.211731 1.78167 2.29676 0.64923 1.11152 0.813696 -1.65201 -0.253124 0.98178 -3.57596 1.36159 1.07437 -2.16006 -2.52076 0.510139
internal_weight=12840 1162 11678 10600 120 45 10480 10460 10439 48 1078 988 965 922 43 860 62 1024 138 114 77 50 10391 9411 221 189 167 131 75 56 9190 7795 7040 808 72 52 980 957 74 43 6232 536 499 201 298 55 243 5696 481 102 802 737 717 162 137 1001 77 924 439 113 139 77
internal_count=12840 1162 11678 10600 120 45 10480 10460 10439 48 1078 988 965 922 43 860 62 1024 138 114 77 50 10391 9411 221 189 167 131 75 56 9190 7795 7040 808 72 52 980 957 74 43 6232 536 499 201 298 55 243 5696 481 102 802 737 717 162 137 1001 77 924 439 113 139 77
is_linear=0
shrinkage=0.05


end of trees

feature_importances:
raw_weight_total=1142
cooking_method_enc=1117
raw_weight_mean=701
raw_weight_1=680
raw_weight_2=608
raw_weight_3=468
raw_weight_4=317
ing_egg=202
ing_shrimp=176
n_ingredients=152
has_meat=133
ing_carrot=115
ing_beef=67
ing_fish=64
ing_pork=49
ing_potato=49
ing_chicken=44
ing_tofu=43
ing_pepper=40
has_fruit=39
ing_cauliflower=35
ing_tomato=30
ing_eggplant=28
ing_cucumber=27
ing_garlic=26
ing_onion=24
ing_ginger=18
ing_cabbage=17
ing_pineapple=9
ing_kiwi=6
ing_grape=5
ing_lemon=4
ing_watermelon=3
ing_apple=2
ing_banana=2
ing_orange=2
ing_peach=2
ing_kumquat=1
ing_strawberry=1

parameters:
[boosting: gbdt]
[objective: regression]
[metric: rmse]
[tree_learner: serial]
[device_type: cpu]
[data_sample_strategy: bagging]
[data: ]
[valid: ]
[num_iterations: 1000]
[learning_rate: 0.05]
[num_leaves: 63]
[num_threads: 0]
[seed: 42]
[deterministic: 0]
[force_col_wise: 0]
[force_row_wise: 0]
[histogram_pool_size: -1]
[max_depth: -1]
[min_data_in_leaf: 20]
[min_sum_hessian_in_leaf: 0.001]
[bagging_fraction: 0.8]
[pos_bagging_fraction: 1]
[neg_bagging_fraction: 1]
[bagging_freq: 5]
[bagging_seed: 400]
[bagging_by_query: 0]
[feature_fraction: 0.8]
[feature_fraction_bynode: 1]
[feature_fraction_seed: 30056]
[extra_trees: 0]
[extra_seed: 12879]
[early_stopping_round: 0]
[early_stopping_min_delta: 0]
[first_metric_only: 0]
[max_delta_step: 0]
[lambda_l1: 0]
[lambda_l2: 0]
[linear_lambda: 0]
[min_gain_to_split: 0]
[drop_rate: 0.1]
[max_drop: 50]
[skip_drop: 0.5]
[xgboost_dart_mode: 0]
[uniform_drop: 0]
[drop_seed: 17869]
[top_rate: 0.2]
[other_rate: 0.1]
[min_data_per_group: 100]
[max_cat_threshold: 32]
[cat_l2: 10]
[cat_smooth: 10]
[max_cat_to_onehot: 4]
[top_k: 20]
[monotone_constraints: ]
[monotone_constraints_method: basic]
[monotone_penalty: 0]
[feature_contri: ]
[forcedsplits_filename: ]
[refit_decay_rate: 0.9]
[cegb_tradeoff: 1]
[cegb_penalty_split: 0]
[cegb_penalty_feature_lazy: ]
[cegb_penalty_feature_coupled: ]
[path_smooth: 0]
[interaction_constraints: ]
[verbosity: -1]
[saved_feature_importance_type: 0]
[use_quantized_grad: 0]
[num_grad_quant_bins: 4]
[quant_train_renew_leaf: 0]
[stochastic_rounding: 1]
[linear_tree: 0]
[max_bin: 255]
[max_bin_by_feature: ]
[min_data_in_bin: 3]
[bin_construct_sample_cnt: 200000]
[data_random_seed: 175]
[is_enable_sparse: 1]
[enable_bundle: 1]
[use_missing: 1]
[zero_as_missing: 0]
[feature_pre_filter: 1]
[pre_partition: 0]
[two_round: 0]
[header: 0]
[label_column: ]
[weight_column: ]
[group_column: ]
[ignore_column: ]
[categorical_feature: ]
[forcedbins_filename: ]
[precise_float_parser: 0]
[parser_config_file: ]
[objective_seed: 16083]
[num_class: 1]
[is_unbalance: 0]
[scale_pos_weight: 1]
[sigmoid: 1]
[boost_from_average: 1]
[reg_sqrt: 0]
[alpha: 0.9]
[fair_c: 1]
[poisson_max_delta_step: 0.7]
[tweedie_variance_power: 1.5]
[lambdarank_truncation_level: 30]
[lambdarank_norm: 1]
[label_gain: ]
[lambdarank_position_bias_regularization: 0]
[eval_at: ]
[multi_error_top_k: 1]
[auc_mu_weights: ]
[num_machines: 1]
[local_listen_port: 12400]
[time_out: 120]
[machine_list_filename: ]
[machines: ]
[gpu_platform_id: -1]
[gpu_device_id: -1]
[gpu_use_dp: 0]
[num_gpu: 1]

end of parameters

pandas_categorical:[]
